# Vectary OBJ Export units=mm
mtllib Arrow.mtl
o 000_Box
g Box
usemtl Poetic Charm
v 48.309 2.691 48.309
v 47.912 2.053 47.912
v 48.550 2.450 47.732
v 47.732 2.450 48.550
v 47.275 1.798 48.031
v 47.155 2.292 48.708
v 46.637 1.655 48.099
v 46.577 2.201 48.799
v 46.000 1.609 48.121
v 46.000 2.172 48.828
v -46.000 1.609 48.121
v -46.000 2.172 48.828
v -46.637 1.655 48.099
v -46.577 2.201 48.799
v -47.275 1.798 48.031
v -47.155 2.292 48.708
v -47.912 2.053 47.912
v -47.732 2.450 48.550
v -48.550 2.450 47.732
v -48.309 2.691 48.309
v 48.031 1.798 47.275
v 48.708 2.292 47.155
v 47.354 1.488 47.354
v 46.677 1.314 47.399
v 46.000 1.258 47.414
v -46.000 1.258 47.414
v -46.677 1.314 47.399
v -47.354 1.488 47.354
v -48.031 1.798 47.275
v -48.708 2.292 47.155
v 48.099 1.655 46.637
v 48.799 2.201 46.577
v 47.399 1.314 46.677
v 46.700 1.124 46.700
v 46.000 1.063 46.707
v -46.000 1.063 46.707
v -46.700 1.124 46.700
v -47.399 1.314 46.677
v -48.099 1.655 46.637
v -48.799 2.201 46.577
v 48.121 1.609 46.000
v 48.828 2.172 46.000
v 47.414 1.258 46.000
v 46.707 1.063 46.000
v 46.000 1.000 46.000
v -46.000 1.000 46.000
v -46.707 1.063 46.000
v -47.414 1.258 46.000
v -48.121 1.609 46.000
v -48.828 2.172 46.000
v 48.121 1.609 -46.000
v 48.828 2.172 -46.000
v 47.414 1.258 -46.000
v 46.707 1.063 -46.000
v 46.000 1.000 -46.000
v -46.000 1.000 -46.000
v -46.707 1.063 -46.000
v -47.414 1.258 -46.000
v -48.121 1.609 -46.000
v -48.828 2.172 -46.000
v 48.099 1.655 -46.637
v 48.799 2.201 -46.577
v 47.399 1.314 -46.677
v 46.700 1.124 -46.700
v 46.000 1.063 -46.707
v -46.000 1.063 -46.707
v -46.700 1.124 -46.700
v -47.399 1.314 -46.677
v -48.099 1.655 -46.637
v -48.799 2.201 -46.577
v 48.031 1.798 -47.275
v 48.708 2.292 -47.155
v 47.354 1.488 -47.354
v 46.677 1.314 -47.399
v 46.000 1.258 -47.414
v -46.000 1.258 -47.414
v -46.677 1.314 -47.399
v -47.354 1.488 -47.354
v -48.031 1.798 -47.275
v -48.708 2.292 -47.155
v 47.912 2.053 -47.912
v 48.550 2.450 -47.732
v 47.275 1.798 -48.031
v 46.637 1.655 -48.099
v 46.000 1.609 -48.121
v -46.000 1.609 -48.121
v -46.637 1.655 -48.099
v -47.275 1.798 -48.031
v -47.912 2.053 -47.912
v -48.550 2.450 -47.732
v 47.732 2.450 -48.550
v 48.309 2.691 -48.309
v 47.155 2.292 -48.708
v 46.577 2.201 -48.799
v 46.000 2.172 -48.828
v -46.000 2.172 -48.828
v -46.577 2.201 -48.799
v -47.155 2.292 -48.708
v -47.732 2.450 -48.550
v -48.309 2.691 -48.309
v -48.947 3.088 -47.912
v -48.550 3.268 -48.550
v -49.202 2.969 -47.275
v -49.345 2.901 -46.637
v -49.391 2.879 -46.000
v -49.391 2.879 46.000
v -49.345 2.901 46.637
v -49.202 2.969 47.275
v -48.947 3.088 47.912
v -48.550 3.268 48.550
v -49.202 3.725 -48.031
v -48.708 3.845 -48.708
v -49.512 3.646 -47.354
v -49.686 3.601 -46.677
v -49.742 3.586 -46.000
v -49.742 3.586 46.000
v -49.686 3.601 46.677
v -49.512 3.646 47.354
v -49.202 3.725 48.031
v -48.708 3.845 48.708
v -49.345 4.363 -48.099
v -48.799 4.423 -48.799
v -49.686 4.323 -47.399
v -49.876 4.300 -46.700
v -49.937 4.293 -46.000
v -49.937 4.293 46.000
v -49.876 4.300 46.700
v -49.686 4.323 47.399
v -49.345 4.363 48.099
v -48.799 4.423 48.799
v -49.391 5.000 -48.121
v -48.828 5.000 -48.828
v -49.742 5.000 -47.414
v -49.937 5.000 -46.707
v -50.000 5.000 -46.000
v -50.000 5.000 46.000
v -49.937 5.000 46.707
v -49.742 5.000 47.414
v -49.391 5.000 48.121
v -48.828 5.000 48.828
v -49.391 97.000 -48.121
v -48.828 97.000 -48.828
v -49.742 97.000 -47.414
v -49.937 97.000 -46.707
v -50.000 97.000 -46.000
v -50.000 97.000 46.000
v -49.937 97.000 46.707
v -49.742 97.000 47.414
v -49.391 97.000 48.121
v -48.828 97.000 48.828
v -49.345 97.637 -48.099
v -48.799 97.577 -48.799
v -49.686 97.677 -47.399
v -49.876 97.700 -46.700
v -49.937 97.707 -46.000
v -49.937 97.707 46.000
v -49.876 97.700 46.700
v -49.686 97.677 47.399
v -49.345 97.637 48.099
v -48.799 97.577 48.799
v -49.202 98.275 -48.031
v -48.708 98.155 -48.708
v -49.512 98.354 -47.354
v -49.686 98.399 -46.677
v -49.742 98.414 -46.000
v -49.742 98.414 46.000
v -49.686 98.399 46.677
v -49.512 98.354 47.354
v -49.202 98.275 48.031
v -48.708 98.155 48.708
v -48.947 98.912 -47.912
v -48.550 98.732 -48.550
v -49.202 99.031 -47.275
v -49.345 99.099 -46.637
v -49.391 99.121 -46.000
v -49.391 99.121 46.000
v -49.345 99.099 46.637
v -49.202 99.031 47.275
v -48.947 98.912 47.912
v -48.550 98.732 48.550
v -48.550 99.550 -47.732
v -48.309 99.309 -48.309
v -48.708 99.708 -47.155
v -48.799 99.799 -46.577
v -48.828 99.828 -46.000
v -48.828 99.828 46.000
v -48.799 99.799 46.577
v -48.708 99.708 47.155
v -48.550 99.550 47.732
v -48.309 99.309 48.309
v -47.912 3.088 48.947
v -47.275 2.969 49.202
v -46.637 2.901 49.345
v -46.000 2.879 49.391
v 46.000 2.879 49.391
v 46.637 2.901 49.345
v 47.275 2.969 49.202
v 47.912 3.088 48.947
v 48.550 3.268 48.550
v -48.031 3.725 49.202
v -47.354 3.646 49.512
v -46.677 3.601 49.686
v -46.000 3.586 49.742
v 46.000 3.586 49.742
v 46.677 3.601 49.686
v 47.354 3.646 49.512
v 48.031 3.725 49.202
v 48.708 3.845 48.708
v -48.099 4.363 49.345
v -47.399 4.323 49.686
v -46.700 4.300 49.876
v -46.000 4.293 49.937
v 46.000 4.293 49.937
v 46.700 4.300 49.876
v 47.399 4.323 49.686
v 48.099 4.363 49.345
v 48.799 4.423 48.799
v -48.121 5.000 49.391
v -47.414 5.000 49.742
v -46.707 5.000 49.937
v -46.000 5.000 50.000
v 46.000 5.000 50.000
v 46.707 5.000 49.937
v 47.414 5.000 49.742
v 48.121 5.000 49.391
v 48.828 5.000 48.828
v -48.121 97.000 49.391
v -47.414 97.000 49.742
v -46.707 97.000 49.937
v -46.000 97.000 50.000
v 46.000 97.000 50.000
v 46.707 97.000 49.937
v 47.414 97.000 49.742
v 48.121 97.000 49.391
v 48.828 97.000 48.828
v -48.099 97.637 49.345
v -47.399 97.677 49.686
v -46.700 97.700 49.876
v -46.000 97.707 49.937
v 46.000 97.707 49.937
v 46.700 97.700 49.876
v 47.399 97.677 49.686
v 48.099 97.637 49.345
v 48.799 97.577 48.799
v -48.031 98.275 49.202
v -47.354 98.354 49.512
v -46.677 98.399 49.686
v -46.000 98.414 49.742
v 46.000 98.414 49.742
v 46.677 98.399 49.686
v 47.354 98.354 49.512
v 48.031 98.275 49.202
v 48.708 98.155 48.708
v -47.912 98.912 48.947
v -47.275 99.031 49.202
v -46.637 99.099 49.345
v -46.000 99.121 49.391
v 46.000 99.121 49.391
v 46.637 99.099 49.345
v 47.275 99.031 49.202
v 47.912 98.912 48.947
v 48.550 98.732 48.550
v -47.732 99.550 48.550
v -47.155 99.708 48.708
v -46.577 99.799 48.799
v -46.000 99.828 48.828
v 46.000 99.828 48.828
v 46.577 99.799 48.799
v 47.155 99.708 48.708
v 47.732 99.550 48.550
v 48.309 99.309 48.309
v 47.912 3.088 -48.947
v 48.550 3.268 -48.550
v 47.275 2.969 -49.202
v 46.637 2.901 -49.345
v 46.000 2.879 -49.391
v -46.000 2.879 -49.391
v -46.637 2.901 -49.345
v -47.275 2.969 -49.202
v -47.912 3.088 -48.947
v 48.031 3.725 -49.202
v 48.708 3.845 -48.708
v 47.354 3.646 -49.512
v 46.677 3.601 -49.686
v 46.000 3.586 -49.742
v -46.000 3.586 -49.742
v -46.677 3.601 -49.686
v -47.354 3.646 -49.512
v -48.031 3.725 -49.202
v 48.099 4.363 -49.345
v 48.799 4.423 -48.799
v 47.399 4.323 -49.686
v 46.700 4.300 -49.876
v 46.000 4.293 -49.937
v -46.000 4.293 -49.937
v -46.700 4.300 -49.876
v -47.399 4.323 -49.686
v -48.099 4.363 -49.345
v 48.121 5.000 -49.391
v 48.828 5.000 -48.828
v 47.414 5.000 -49.742
v 46.707 5.000 -49.937
v 46.000 5.000 -50.000
v -46.000 5.000 -50.000
v -46.707 5.000 -49.937
v -47.414 5.000 -49.742
v -48.121 5.000 -49.391
v 48.121 97.000 -49.391
v 48.828 97.000 -48.828
v 47.414 97.000 -49.742
v 46.707 97.000 -49.937
v 46.000 97.000 -50.000
v -46.000 97.000 -50.000
v -46.707 97.000 -49.937
v -47.414 97.000 -49.742
v -48.121 97.000 -49.391
v 48.099 97.637 -49.345
v 48.799 97.577 -48.799
v 47.399 97.677 -49.686
v 46.700 97.700 -49.876
v 46.000 97.707 -49.937
v -46.000 97.707 -49.937
v -46.700 97.700 -49.876
v -47.399 97.677 -49.686
v -48.099 97.637 -49.345
v 48.031 98.275 -49.202
v 48.708 98.155 -48.708
v 47.354 98.354 -49.512
v 46.677 98.399 -49.686
v 46.000 98.414 -49.742
v -46.000 98.414 -49.742
v -46.677 98.399 -49.686
v -47.354 98.354 -49.512
v -48.031 98.275 -49.202
v 47.912 98.912 -48.947
v 48.550 98.732 -48.550
v 47.275 99.031 -49.202
v 46.637 99.099 -49.345
v 46.000 99.121 -49.391
v -46.000 99.121 -49.391
v -46.637 99.099 -49.345
v -47.275 99.031 -49.202
v -47.912 98.912 -48.947
v 47.732 99.550 -48.550
v 48.309 99.309 -48.309
v 47.155 99.708 -48.708
v 46.577 99.799 -48.799
v 46.000 99.828 -48.828
v -46.000 99.828 -48.828
v -46.577 99.799 -48.799
v -47.155 99.708 -48.708
v -47.732 99.550 -48.550
v 48.947 3.088 47.912
v 49.202 2.969 47.275
v 49.345 2.901 46.637
v 49.391 2.879 46.000
v 49.391 2.879 -46.000
v 49.345 2.901 -46.637
v 49.202 2.969 -47.275
v 48.947 3.088 -47.912
v 49.202 3.725 48.031
v 49.512 3.646 47.354
v 49.686 3.601 46.677
v 49.742 3.586 46.000
v 49.742 3.586 -46.000
v 49.686 3.601 -46.677
v 49.512 3.646 -47.354
v 49.202 3.725 -48.031
v 49.345 4.363 48.099
v 49.686 4.323 47.399
v 49.876 4.300 46.700
v 49.937 4.293 46.000
v 49.937 4.293 -46.000
v 49.876 4.300 -46.700
v 49.686 4.323 -47.399
v 49.345 4.363 -48.099
v 49.391 5.000 48.121
v 49.742 5.000 47.414
v 49.937 5.000 46.707
v 50.000 5.000 46.000
v 50.000 5.000 -46.000
v 49.937 5.000 -46.707
v 49.742 5.000 -47.414
v 49.391 5.000 -48.121
v 49.391 97.000 48.121
v 49.742 97.000 47.414
v 49.937 97.000 46.707
v 50.000 97.000 46.000
v 50.000 97.000 -46.000
v 49.937 97.000 -46.707
v 49.742 97.000 -47.414
v 49.391 97.000 -48.121
v 49.345 97.637 48.099
v 49.686 97.677 47.399
v 49.876 97.700 46.700
v 49.937 97.707 46.000
v 49.937 97.707 -46.000
v 49.876 97.700 -46.700
v 49.686 97.677 -47.399
v 49.345 97.637 -48.099
v 49.202 98.275 48.031
v 49.512 98.354 47.354
v 49.686 98.399 46.677
v 49.742 98.414 46.000
v 49.742 98.414 -46.000
v 49.686 98.399 -46.677
v 49.512 98.354 -47.354
v 49.202 98.275 -48.031
v 48.947 98.912 47.912
v 49.202 99.031 47.275
v 49.345 99.099 46.637
v 49.391 99.121 46.000
v 49.391 99.121 -46.000
v 49.345 99.099 -46.637
v 49.202 99.031 -47.275
v 48.947 98.912 -47.912
v 48.550 99.550 47.732
v 48.708 99.708 47.155
v 48.799 99.799 46.577
v 48.828 99.828 46.000
v 48.828 99.828 -46.000
v 48.799 99.799 -46.577
v 48.708 99.708 -47.155
v 48.550 99.550 -47.732
v -47.912 99.947 47.912
v -47.275 100.202 48.031
v -46.637 100.345 48.099
v -46.000 100.391 48.121
v 46.000 100.391 48.121
v 46.637 100.345 48.099
v 47.275 100.202 48.031
v 47.912 99.947 47.912
v -48.031 100.202 47.275
v -47.354 100.512 47.354
v -46.677 100.686 47.399
v -46.000 100.742 47.414
v 46.000 100.742 47.414
v 46.677 100.686 47.399
v 47.354 100.512 47.354
v 48.031 100.202 47.275
v -48.099 100.345 46.637
v -47.399 100.686 46.677
v -46.700 100.876 46.700
v -46.000 100.937 46.707
v 46.000 100.937 46.707
v 46.700 100.876 46.700
v 47.399 100.686 46.677
v 48.099 100.345 46.637
v -48.121 100.391 46.000
v -47.414 100.742 46.000
v -46.707 100.937 46.000
v -46.000 101.000 46.000
v 46.000 101.000 46.000
v 46.707 100.937 46.000
v 47.414 100.742 46.000
v 48.121 100.391 46.000
v -48.121 100.391 -46.000
v -47.414 100.742 -46.000
v -46.707 100.937 -46.000
v -46.000 101.000 -46.000
v 46.000 101.000 -46.000
v 46.707 100.937 -46.000
v 47.414 100.742 -46.000
v 48.121 100.391 -46.000
v -48.099 100.345 -46.637
v -47.399 100.686 -46.677
v -46.700 100.876 -46.700
v -46.000 100.937 -46.707
v 46.000 100.937 -46.707
v 46.700 100.876 -46.700
v 47.399 100.686 -46.677
v 48.099 100.345 -46.637
v -48.031 100.202 -47.275
v -47.354 100.512 -47.354
v -46.677 100.686 -47.399
v -46.000 100.742 -47.414
v 46.000 100.742 -47.414
v 46.677 100.686 -47.399
v 47.354 100.512 -47.354
v 48.031 100.202 -47.275
v -47.912 99.947 -47.912
v -47.275 100.202 -48.031
v -46.637 100.345 -48.099
v -46.000 100.391 -48.121
v 46.000 100.391 -48.121
v 46.637 100.345 -48.099
v 47.275 100.202 -48.031
v 47.912 99.947 -47.912
vt 0.97362 0.02638
vt 0.96973 0.03027
vt 0.97598 0.03204
vt 0.96796 0.02402
vt 0.96348 0.02911
vt 0.96230 0.02247
vt 0.95723 0.02844
vt 0.95664 0.02158
vt 0.95098 0.02822
vt 0.95098 0.02129
vt 0.04902 0.02822
vt 0.04902 0.02129
vt 0.04277 0.02844
vt 0.04336 0.02158
vt 0.03652 0.02911
vt 0.03770 0.02247
vt 0.03027 0.03027
vt 0.03204 0.02402
vt 0.02402 0.03204
vt 0.02638 0.02638
vt 0.97089 0.03652
vt 0.97753 0.03770
vt 0.96425 0.03575
vt 0.95762 0.03530
vt 0.95098 0.03515
vt 0.04902 0.03515
vt 0.04238 0.03530
vt 0.03575 0.03575
vt 0.02911 0.03652
vt 0.02247 0.03770
vt 0.97156 0.04277
vt 0.97842 0.04336
vt 0.96470 0.04238
vt 0.95784 0.04216
vt 0.95098 0.04209
vt 0.04902 0.04209
vt 0.04216 0.04216
vt 0.03530 0.04238
vt 0.02844 0.04277
vt 0.02158 0.04336
vt 0.97178 0.04902
vt 0.97871 0.04902
vt 0.96485 0.04902
vt 0.95791 0.04902
vt 0.95098 0.04902
vt 0.04902 0.04902
vt 0.04209 0.04902
vt 0.03515 0.04902
vt 0.02822 0.04902
vt 0.02129 0.04902
vt 0.97178 0.95098
vt 0.97871 0.95098
vt 0.96485 0.95098
vt 0.95791 0.95098
vt 0.95098 0.95098
vt 0.04902 0.95098
vt 0.04209 0.95098
vt 0.03515 0.95098
vt 0.02822 0.95098
vt 0.02129 0.95098
vt 0.97156 0.95723
vt 0.97842 0.95664
vt 0.96470 0.95762
vt 0.95784 0.95784
vt 0.95098 0.95791
vt 0.04902 0.95791
vt 0.04216 0.95784
vt 0.03530 0.95762
vt 0.02844 0.95723
vt 0.02158 0.95664
vt 0.97089 0.96348
vt 0.97753 0.96230
vt 0.96425 0.96425
vt 0.95762 0.96470
vt 0.95098 0.96485
vt 0.04902 0.96485
vt 0.04238 0.96470
vt 0.03575 0.96425
vt 0.02911 0.96348
vt 0.02247 0.96230
vt 0.96973 0.96973
vt 0.97598 0.96796
vt 0.96348 0.97089
vt 0.95723 0.97156
vt 0.95098 0.97178
vt 0.04902 0.97178
vt 0.04277 0.97156
vt 0.03652 0.97089
vt 0.03027 0.96973
vt 0.02402 0.96796
vt 0.96796 0.97598
vt 0.97362 0.97362
vt 0.96230 0.97753
vt 0.95664 0.97842
vt 0.95098 0.97871
vt 0.04902 0.97871
vt 0.04336 0.97842
vt 0.03770 0.97753
vt 0.03204 0.97598
vt 0.02638 0.97362
vt 0.02012 0.96973
vt 0.02402 0.97598
vt 0.01763 0.96348
vt 0.01623 0.95723
vt 0.01577 0.95098
vt 0.01577 0.04902
vt 0.01623 0.04277
vt 0.01763 0.03652
vt 0.02012 0.03027
vt 0.02402 0.02402
vt 0.01763 0.97089
vt 0.02247 0.97753
vt 0.01459 0.96425
vt 0.01289 0.95762
vt 0.01234 0.95098
vt 0.01234 0.04902
vt 0.01289 0.04238
vt 0.01459 0.03575
vt 0.01763 0.02911
vt 0.02247 0.02247
vt 0.01623 0.97156
vt 0.02158 0.97842
vt 0.01289 0.96470
vt 0.01102 0.95784
vt 0.01042 0.95098
vt 0.01042 0.04902
vt 0.01102 0.04216
vt 0.01289 0.03530
vt 0.01623 0.02844
vt 0.02158 0.02158
vt 0.01577 0.97178
vt 0.02129 0.97871
vt 0.01234 0.96485
vt 0.01042 0.95791
vt 0.00980 0.95098
vt 0.00980 0.04902
vt 0.01042 0.04209
vt 0.01234 0.03515
vt 0.01577 0.02822
vt 0.02129 0.02129
vt 0.01577 0.97178
vt 0.02129 0.97871
vt 0.01234 0.96485
vt 0.01042 0.95791
vt 0.00980 0.95098
vt 0.00980 0.04902
vt 0.01042 0.04209
vt 0.01234 0.03515
vt 0.01577 0.02822
vt 0.02129 0.02129
vt 0.01623 0.97156
vt 0.02158 0.97842
vt 0.01289 0.96470
vt 0.01102 0.95784
vt 0.01042 0.95098
vt 0.01042 0.04902
vt 0.01102 0.04216
vt 0.01289 0.03530
vt 0.01623 0.02844
vt 0.02158 0.02158
vt 0.01763 0.97089
vt 0.02247 0.97753
vt 0.01459 0.96425
vt 0.01289 0.95762
vt 0.01234 0.95098
vt 0.01234 0.04902
vt 0.01289 0.04238
vt 0.01459 0.03575
vt 0.01763 0.02911
vt 0.02247 0.02247
vt 0.02012 0.96973
vt 0.02402 0.97598
vt 0.01763 0.96348
vt 0.01623 0.95723
vt 0.01577 0.95098
vt 0.01577 0.04902
vt 0.01623 0.04277
vt 0.01763 0.03652
vt 0.02012 0.03027
vt 0.02402 0.02402
vt 0.02402 0.96796
vt 0.02638 0.97362
vt 0.02247 0.96230
vt 0.02158 0.95664
vt 0.02129 0.95098
vt 0.02129 0.04902
vt 0.02158 0.04336
vt 0.02247 0.03770
vt 0.02402 0.03204
vt 0.02638 0.02638
vt 0.03027 0.02012
vt 0.03652 0.01763
vt 0.04277 0.01623
vt 0.04902 0.01577
vt 0.95098 0.01577
vt 0.95723 0.01623
vt 0.96348 0.01763
vt 0.96973 0.02012
vt 0.97598 0.02402
vt 0.02911 0.01763
vt 0.03575 0.01459
vt 0.04238 0.01289
vt 0.04902 0.01234
vt 0.95098 0.01234
vt 0.95762 0.01289
vt 0.96425 0.01459
vt 0.97089 0.01763
vt 0.97753 0.02247
vt 0.02844 0.01623
vt 0.03530 0.01289
vt 0.04216 0.01102
vt 0.04902 0.01042
vt 0.95098 0.01042
vt 0.95784 0.01102
vt 0.96470 0.01289
vt 0.97156 0.01623
vt 0.97842 0.02158
vt 0.02822 0.01577
vt 0.03515 0.01234
vt 0.04209 0.01042
vt 0.04902 0.00980
vt 0.95098 0.00980
vt 0.95791 0.01042
vt 0.96485 0.01234
vt 0.97178 0.01577
vt 0.97871 0.02129
vt 0.02822 0.01577
vt 0.03515 0.01234
vt 0.04209 0.01042
vt 0.04902 0.00980
vt 0.95098 0.00980
vt 0.95791 0.01042
vt 0.96485 0.01234
vt 0.97178 0.01577
vt 0.97871 0.02129
vt 0.02844 0.01623
vt 0.03530 0.01289
vt 0.04216 0.01102
vt 0.04902 0.01042
vt 0.95098 0.01042
vt 0.95784 0.01102
vt 0.96470 0.01289
vt 0.97156 0.01623
vt 0.97842 0.02158
vt 0.02911 0.01763
vt 0.03575 0.01459
vt 0.04238 0.01289
vt 0.04902 0.01234
vt 0.95098 0.01234
vt 0.95762 0.01289
vt 0.96425 0.01459
vt 0.97089 0.01763
vt 0.97753 0.02247
vt 0.03027 0.02012
vt 0.03652 0.01763
vt 0.04277 0.01623
vt 0.04902 0.01577
vt 0.95098 0.01577
vt 0.95723 0.01623
vt 0.96348 0.01763
vt 0.96973 0.02012
vt 0.97598 0.02402
vt 0.03204 0.02402
vt 0.03770 0.02247
vt 0.04336 0.02158
vt 0.04902 0.02129
vt 0.95098 0.02129
vt 0.95664 0.02158
vt 0.96230 0.02247
vt 0.96796 0.02402
vt 0.97362 0.02638
vt 0.96973 0.97988
vt 0.97598 0.97598
vt 0.96348 0.98237
vt 0.95723 0.98377
vt 0.95098 0.98423
vt 0.04902 0.98423
vt 0.04277 0.98377
vt 0.03652 0.98237
vt 0.03027 0.97988
vt 0.97089 0.98237
vt 0.97753 0.97753
vt 0.96425 0.98541
vt 0.95762 0.98711
vt 0.95098 0.98766
vt 0.04902 0.98766
vt 0.04238 0.98711
vt 0.03575 0.98541
vt 0.02911 0.98237
vt 0.97156 0.98377
vt 0.97842 0.97842
vt 0.96470 0.98711
vt 0.95784 0.98898
vt 0.95098 0.98958
vt 0.04902 0.98958
vt 0.04216 0.98898
vt 0.03530 0.98711
vt 0.02844 0.98377
vt 0.97178 0.98423
vt 0.97871 0.97871
vt 0.96485 0.98766
vt 0.95791 0.98958
vt 0.95098 0.99020
vt 0.04902 0.99020
vt 0.04209 0.98958
vt 0.03515 0.98766
vt 0.02822 0.98423
vt 0.97178 0.98423
vt 0.97871 0.97871
vt 0.96485 0.98766
vt 0.95791 0.98958
vt 0.95098 0.99020
vt 0.04902 0.99020
vt 0.04209 0.98958
vt 0.03515 0.98766
vt 0.02822 0.98423
vt 0.97156 0.98377
vt 0.97842 0.97842
vt 0.96470 0.98711
vt 0.95784 0.98898
vt 0.95098 0.98958
vt 0.04902 0.98958
vt 0.04216 0.98898
vt 0.03530 0.98711
vt 0.02844 0.98377
vt 0.97089 0.98237
vt 0.97753 0.97753
vt 0.96425 0.98541
vt 0.95762 0.98711
vt 0.95098 0.98766
vt 0.04902 0.98766
vt 0.04238 0.98711
vt 0.03575 0.98541
vt 0.02911 0.98237
vt 0.96973 0.97988
vt 0.97598 0.97598
vt 0.96348 0.98237
vt 0.95723 0.98377
vt 0.95098 0.98423
vt 0.04902 0.98423
vt 0.04277 0.98377
vt 0.03652 0.98237
vt 0.03027 0.97988
vt 0.96796 0.97598
vt 0.97362 0.97362
vt 0.96230 0.97753
vt 0.95664 0.97842
vt 0.95098 0.97871
vt 0.04902 0.97871
vt 0.04336 0.97842
vt 0.03770 0.97753
vt 0.03204 0.97598
vt 0.97988 0.03027
vt 0.98237 0.03652
vt 0.98377 0.04277
vt 0.98423 0.04902
vt 0.98423 0.95098
vt 0.98377 0.95723
vt 0.98237 0.96348
vt 0.97988 0.96973
vt 0.98237 0.02911
vt 0.98541 0.03575
vt 0.98711 0.04238
vt 0.98766 0.04902
vt 0.98766 0.95098
vt 0.98711 0.95762
vt 0.98541 0.96425
vt 0.98237 0.97089
vt 0.98377 0.02844
vt 0.98711 0.03530
vt 0.98898 0.04216
vt 0.98958 0.04902
vt 0.98958 0.95098
vt 0.98898 0.95784
vt 0.98711 0.96470
vt 0.98377 0.97156
vt 0.98423 0.02822
vt 0.98766 0.03515
vt 0.98958 0.04209
vt 0.99020 0.04902
vt 0.99020 0.95098
vt 0.98958 0.95791
vt 0.98766 0.96485
vt 0.98423 0.97178
vt 0.98423 0.02822
vt 0.98766 0.03515
vt 0.98958 0.04209
vt 0.99020 0.04902
vt 0.99020 0.95098
vt 0.98958 0.95791
vt 0.98766 0.96485
vt 0.98423 0.97178
vt 0.98377 0.02844
vt 0.98711 0.03530
vt 0.98898 0.04216
vt 0.98958 0.04902
vt 0.98958 0.95098
vt 0.98898 0.95784
vt 0.98711 0.96470
vt 0.98377 0.97156
vt 0.98237 0.02911
vt 0.98541 0.03575
vt 0.98711 0.04238
vt 0.98766 0.04902
vt 0.98766 0.95098
vt 0.98711 0.95762
vt 0.98541 0.96425
vt 0.98237 0.97089
vt 0.97988 0.03027
vt 0.98237 0.03652
vt 0.98377 0.04277
vt 0.98423 0.04902
vt 0.98423 0.95098
vt 0.98377 0.95723
vt 0.98237 0.96348
vt 0.97988 0.96973
vt 0.97598 0.03204
vt 0.97753 0.03770
vt 0.97842 0.04336
vt 0.97871 0.04902
vt 0.97871 0.95098
vt 0.97842 0.95664
vt 0.97753 0.96230
vt 0.97598 0.96796
vt 0.03027 0.03027
vt 0.03652 0.02911
vt 0.04277 0.02844
vt 0.04902 0.02822
vt 0.95098 0.02822
vt 0.95723 0.02844
vt 0.96348 0.02911
vt 0.96973 0.03027
vt 0.02911 0.03652
vt 0.03575 0.03575
vt 0.04238 0.03530
vt 0.04902 0.03515
vt 0.95098 0.03515
vt 0.95762 0.03530
vt 0.96425 0.03575
vt 0.97089 0.03652
vt 0.02844 0.04277
vt 0.03530 0.04238
vt 0.04216 0.04216
vt 0.04902 0.04209
vt 0.95098 0.04209
vt 0.95784 0.04216
vt 0.96470 0.04238
vt 0.97156 0.04277
vt 0.02822 0.04902
vt 0.03515 0.04902
vt 0.04209 0.04902
vt 0.04902 0.04902
vt 0.95098 0.04902
vt 0.95791 0.04902
vt 0.96485 0.04902
vt 0.97178 0.04902
vt 0.02822 0.95098
vt 0.03515 0.95098
vt 0.04209 0.95098
vt 0.04902 0.95098
vt 0.95098 0.95098
vt 0.95791 0.95098
vt 0.96485 0.95098
vt 0.97178 0.95098
vt 0.02844 0.95723
vt 0.03530 0.95762
vt 0.04216 0.95784
vt 0.04902 0.95791
vt 0.95098 0.95791
vt 0.95784 0.95784
vt 0.96470 0.95762
vt 0.97156 0.95723
vt 0.02911 0.96348
vt 0.03575 0.96425
vt 0.04238 0.96470
vt 0.04902 0.96485
vt 0.95098 0.96485
vt 0.95762 0.96470
vt 0.96425 0.96425
vt 0.97089 0.96348
vt 0.03027 0.96973
vt 0.03652 0.97089
vt 0.04277 0.97156
vt 0.04902 0.97178
vt 0.95098 0.97178
vt 0.95723 0.97156
vt 0.96348 0.97089
vt 0.96973 0.96973
vn 0.57735 -0.57735 0.57735
vn 0.47803 -0.73686 0.47803
vn 0.63738 -0.63738 0.43301
vn 0.43301 -0.63738 0.63738
vn 0.43301 -0.63738 0.63738
vn 0.31869 -0.80039 0.50775
vn 0.47803 -0.73686 0.47803
vn 0.28868 -0.67700 0.67700
vn 0.28868 -0.67700 0.67700
vn 0.15934 -0.83619 0.52478
vn 0.31869 -0.80039 0.50775
vn 0.14434 -0.69970 0.69970
vn 0.14434 -0.69970 0.69970
vn 0.00000 -0.84779 0.53033
vn 0.15934 -0.83619 0.52478
vn 0.00000 -0.70711 0.70711
vn 0.00000 -0.70711 0.70711
vn 0.00000 -0.84779 0.53033
vn 0.00000 -0.84779 0.53033
vn 0.00000 -0.70711 0.70711
vn 0.00000 -0.70711 0.70711
vn -0.15934 -0.83619 0.52478
vn 0.00000 -0.84779 0.53033
vn -0.14434 -0.69970 0.69970
vn -0.14434 -0.69970 0.69970
vn -0.31869 -0.80039 0.50775
vn -0.15934 -0.83619 0.52478
vn -0.28868 -0.67700 0.67700
vn -0.28868 -0.67700 0.67700
vn -0.47803 -0.73686 0.47803
vn -0.31869 -0.80039 0.50775
vn -0.43301 -0.63738 0.63738
vn -0.43301 -0.63738 0.63738
vn -0.63738 -0.63738 0.43301
vn -0.47803 -0.73686 0.47803
vn -0.57735 -0.57735 0.57735
vn 0.63738 -0.63738 0.43301
vn 0.50775 -0.80039 0.31869
vn 0.67700 -0.67700 0.28868
vn 0.47803 -0.73686 0.47803
vn 0.47803 -0.73686 0.47803
vn 0.33850 -0.87797 0.33850
vn 0.50775 -0.80039 0.31869
vn 0.31869 -0.80039 0.50775
vn 0.31869 -0.80039 0.50775
vn 0.16925 -0.92139 0.34985
vn 0.33850 -0.87797 0.33850
vn 0.15934 -0.83619 0.52478
vn 0.15934 -0.83619 0.52478
vn 0.00000 -0.93541 0.35355
vn 0.16925 -0.92139 0.34985
vn 0.00000 -0.84779 0.53033
vn 0.00000 -0.84779 0.53033
vn 0.00000 -0.93541 0.35355
vn 0.00000 -0.93541 0.35355
vn 0.00000 -0.84779 0.53033
vn 0.00000 -0.84779 0.53033
vn -0.16925 -0.92139 0.34985
vn 0.00000 -0.93541 0.35355
vn -0.15934 -0.83619 0.52478
vn -0.15934 -0.83619 0.52478
vn -0.33850 -0.87797 0.33850
vn -0.16925 -0.92139 0.34985
vn -0.31869 -0.80039 0.50775
vn -0.31869 -0.80039 0.50775
vn -0.50775 -0.80039 0.31869
vn -0.33850 -0.87797 0.33850
vn -0.47803 -0.73686 0.47803
vn -0.47803 -0.73686 0.47803
vn -0.67700 -0.67700 0.28868
vn -0.50775 -0.80039 0.31869
vn -0.63738 -0.63738 0.43301
vn 0.67700 -0.67700 0.28868
vn 0.52478 -0.83619 0.15934
vn 0.69970 -0.69970 0.14434
vn 0.50775 -0.80039 0.31869
vn 0.50775 -0.80039 0.31869
vn 0.34985 -0.92139 0.16925
vn 0.52478 -0.83619 0.15934
vn 0.33850 -0.87797 0.33850
vn 0.33850 -0.87797 0.33850
vn 0.17493 -0.96892 0.17493
vn 0.34985 -0.92139 0.16925
vn 0.16925 -0.92139 0.34985
vn 0.16925 -0.92139 0.34985
vn 0.00000 -0.98425 0.17678
vn 0.17493 -0.96892 0.17493
vn 0.00000 -0.93541 0.35355
vn 0.00000 -0.93541 0.35355
vn 0.00000 -0.98425 0.17678
vn 0.00000 -0.98425 0.17678
vn 0.00000 -0.93541 0.35355
vn 0.00000 -0.93541 0.35355
vn -0.17493 -0.96892 0.17493
vn 0.00000 -0.98425 0.17678
vn -0.16925 -0.92139 0.34985
vn -0.16925 -0.92139 0.34985
vn -0.34985 -0.92139 0.16925
vn -0.17493 -0.96892 0.17493
vn -0.33850 -0.87797 0.33850
vn -0.33850 -0.87797 0.33850
vn -0.52478 -0.83619 0.15934
vn -0.34985 -0.92139 0.16925
vn -0.50775 -0.80039 0.31869
vn -0.50775 -0.80039 0.31869
vn -0.69970 -0.69970 0.14434
vn -0.52478 -0.83619 0.15934
vn -0.67700 -0.67700 0.28868
vn 0.69970 -0.69970 0.14434
vn 0.53033 -0.84779 -0.00000
vn 0.70711 -0.70711 -0.00000
vn 0.52478 -0.83619 0.15934
vn 0.52478 -0.83619 0.15934
vn 0.35355 -0.93541 -0.00000
vn 0.53033 -0.84779 -0.00000
vn 0.34985 -0.92139 0.16925
vn 0.34985 -0.92139 0.16925
vn 0.17678 -0.98425 -0.00000
vn 0.35355 -0.93541 -0.00000
vn 0.17493 -0.96892 0.17493
vn 0.17493 -0.96892 0.17493
vn 0.00000 -1.00000 -0.00000
vn 0.17678 -0.98425 -0.00000
vn 0.00000 -0.98425 0.17678
vn 0.00000 -0.98425 0.17678
vn 0.00000 -1.00000 -0.00000
vn 0.00000 -1.00000 -0.00000
vn 0.00000 -0.98425 0.17678
vn 0.00000 -0.98425 0.17678
vn -0.17678 -0.98425 -0.00000
vn 0.00000 -1.00000 -0.00000
vn -0.17493 -0.96892 0.17493
vn -0.17493 -0.96892 0.17493
vn -0.35355 -0.93541 -0.00000
vn -0.17678 -0.98425 -0.00000
vn -0.34985 -0.92139 0.16925
vn -0.34985 -0.92139 0.16925
vn -0.53033 -0.84779 -0.00000
vn -0.35355 -0.93541 -0.00000
vn -0.52478 -0.83619 0.15934
vn -0.52478 -0.83619 0.15934
vn -0.70711 -0.70711 -0.00000
vn -0.53033 -0.84779 -0.00000
vn -0.69970 -0.69970 0.14434
vn 0.70711 -0.70711 -0.00000
vn 0.53033 -0.84779 -0.00000
vn 0.70711 -0.70711 -0.00000
vn 0.53033 -0.84779 -0.00000
vn 0.53033 -0.84779 -0.00000
vn 0.35355 -0.93541 -0.00000
vn 0.53033 -0.84779 -0.00000
vn 0.35355 -0.93541 -0.00000
vn 0.35355 -0.93541 -0.00000
vn 0.17678 -0.98425 -0.00000
vn 0.35355 -0.93541 -0.00000
vn 0.17678 -0.98425 -0.00000
vn 0.17678 -0.98425 -0.00000
vn 0.00000 -1.00000 -0.00000
vn 0.17678 -0.98425 -0.00000
vn 0.00000 -1.00000 -0.00000
vn 0.00000 -1.00000 -0.00000
vn 0.00000 -1.00000 -0.00000
vn 0.00000 -1.00000 -0.00000
vn 0.00000 -1.00000 -0.00000
vn 0.00000 -1.00000 -0.00000
vn -0.17678 -0.98425 -0.00000
vn 0.00000 -1.00000 -0.00000
vn -0.17678 -0.98425 -0.00000
vn -0.17678 -0.98425 -0.00000
vn -0.35355 -0.93541 -0.00000
vn -0.17678 -0.98425 -0.00000
vn -0.35355 -0.93541 -0.00000
vn -0.35355 -0.93541 -0.00000
vn -0.53033 -0.84779 -0.00000
vn -0.35355 -0.93541 -0.00000
vn -0.53033 -0.84779 -0.00000
vn -0.53033 -0.84779 -0.00000
vn -0.70711 -0.70711 -0.00000
vn -0.53033 -0.84779 -0.00000
vn -0.70711 -0.70711 -0.00000
vn 0.70711 -0.70711 -0.00000
vn 0.52478 -0.83619 -0.15934
vn 0.69970 -0.69970 -0.14434
vn 0.53033 -0.84779 -0.00000
vn 0.53033 -0.84779 -0.00000
vn 0.34985 -0.92139 -0.16925
vn 0.52478 -0.83619 -0.15934
vn 0.35355 -0.93541 -0.00000
vn 0.35355 -0.93541 -0.00000
vn 0.17493 -0.96892 -0.17493
vn 0.34985 -0.92139 -0.16925
vn 0.17678 -0.98425 -0.00000
vn 0.17678 -0.98425 -0.00000
vn 0.00000 -0.98425 -0.17678
vn 0.17493 -0.96892 -0.17493
vn 0.00000 -1.00000 -0.00000
vn 0.00000 -1.00000 -0.00000
vn 0.00000 -0.98425 -0.17678
vn 0.00000 -0.98425 -0.17678
vn 0.00000 -1.00000 -0.00000
vn 0.00000 -1.00000 -0.00000
vn -0.17493 -0.96892 -0.17493
vn 0.00000 -0.98425 -0.17678
vn -0.17678 -0.98425 -0.00000
vn -0.17678 -0.98425 -0.00000
vn -0.34985 -0.92139 -0.16925
vn -0.17493 -0.96892 -0.17493
vn -0.35355 -0.93541 -0.00000
vn -0.35355 -0.93541 -0.00000
vn -0.52478 -0.83619 -0.15934
vn -0.34985 -0.92139 -0.16925
vn -0.53033 -0.84779 -0.00000
vn -0.53033 -0.84779 -0.00000
vn -0.69970 -0.69970 -0.14434
vn -0.52478 -0.83619 -0.15934
vn -0.70711 -0.70711 -0.00000
vn 0.69970 -0.69970 -0.14434
vn 0.50775 -0.80039 -0.31869
vn 0.67700 -0.67700 -0.28868
vn 0.52478 -0.83619 -0.15934
vn 0.52478 -0.83619 -0.15934
vn 0.33850 -0.87797 -0.33850
vn 0.50775 -0.80039 -0.31869
vn 0.34985 -0.92139 -0.16925
vn 0.34985 -0.92139 -0.16925
vn 0.16925 -0.92139 -0.34985
vn 0.33850 -0.87797 -0.33850
vn 0.17493 -0.96892 -0.17493
vn 0.17493 -0.96892 -0.17493
vn 0.00000 -0.93541 -0.35355
vn 0.16925 -0.92139 -0.34985
vn 0.00000 -0.98425 -0.17678
vn 0.00000 -0.98425 -0.17678
vn 0.00000 -0.93541 -0.35355
vn 0.00000 -0.93541 -0.35355
vn 0.00000 -0.98425 -0.17678
vn 0.00000 -0.98425 -0.17678
vn -0.16925 -0.92139 -0.34985
vn 0.00000 -0.93541 -0.35355
vn -0.17493 -0.96892 -0.17493
vn -0.17493 -0.96892 -0.17493
vn -0.33850 -0.87797 -0.33850
vn -0.16925 -0.92139 -0.34985
vn -0.34985 -0.92139 -0.16925
vn -0.34985 -0.92139 -0.16925
vn -0.50775 -0.80039 -0.31869
vn -0.33850 -0.87797 -0.33850
vn -0.52478 -0.83619 -0.15934
vn -0.52478 -0.83619 -0.15934
vn -0.67700 -0.67700 -0.28868
vn -0.50775 -0.80039 -0.31869
vn -0.69970 -0.69970 -0.14434
vn 0.67700 -0.67700 -0.28868
vn 0.47803 -0.73686 -0.47803
vn 0.63738 -0.63738 -0.43301
vn 0.50775 -0.80039 -0.31869
vn 0.50775 -0.80039 -0.31869
vn 0.31869 -0.80039 -0.50775
vn 0.47803 -0.73686 -0.47803
vn 0.33850 -0.87797 -0.33850
vn 0.33850 -0.87797 -0.33850
vn 0.15934 -0.83619 -0.52478
vn 0.31869 -0.80039 -0.50775
vn 0.16925 -0.92139 -0.34985
vn 0.16925 -0.92139 -0.34985
vn 0.00000 -0.84779 -0.53033
vn 0.15934 -0.83619 -0.52478
vn 0.00000 -0.93541 -0.35355
vn 0.00000 -0.93541 -0.35355
vn 0.00000 -0.84779 -0.53033
vn 0.00000 -0.84779 -0.53033
vn 0.00000 -0.93541 -0.35355
vn 0.00000 -0.93541 -0.35355
vn -0.15934 -0.83619 -0.52478
vn 0.00000 -0.84779 -0.53033
vn -0.16925 -0.92139 -0.34985
vn -0.16925 -0.92139 -0.34985
vn -0.31869 -0.80039 -0.50775
vn -0.15934 -0.83619 -0.52478
vn -0.33850 -0.87797 -0.33850
vn -0.33850 -0.87797 -0.33850
vn -0.47803 -0.73686 -0.47803
vn -0.31869 -0.80039 -0.50775
vn -0.50775 -0.80039 -0.31869
vn -0.50775 -0.80039 -0.31869
vn -0.63738 -0.63738 -0.43301
vn -0.47803 -0.73686 -0.47803
vn -0.67700 -0.67700 -0.28868
vn 0.63738 -0.63738 -0.43301
vn 0.43301 -0.63738 -0.63738
vn 0.57735 -0.57735 -0.57735
vn 0.47803 -0.73686 -0.47803
vn 0.47803 -0.73686 -0.47803
vn 0.28868 -0.67700 -0.67700
vn 0.43301 -0.63738 -0.63738
vn 0.31869 -0.80039 -0.50775
vn 0.31869 -0.80039 -0.50775
vn 0.14434 -0.69970 -0.69970
vn 0.28868 -0.67700 -0.67700
vn 0.15934 -0.83619 -0.52478
vn 0.15934 -0.83619 -0.52478
vn 0.00000 -0.70711 -0.70711
vn 0.14434 -0.69970 -0.69970
vn 0.00000 -0.84779 -0.53033
vn 0.00000 -0.84779 -0.53033
vn 0.00000 -0.70711 -0.70711
vn 0.00000 -0.70711 -0.70711
vn 0.00000 -0.84779 -0.53033
vn 0.00000 -0.84779 -0.53033
vn -0.14434 -0.69970 -0.69970
vn 0.00000 -0.70711 -0.70711
vn -0.15934 -0.83619 -0.52478
vn -0.15934 -0.83619 -0.52478
vn -0.28868 -0.67700 -0.67700
vn -0.14434 -0.69970 -0.69970
vn -0.31869 -0.80039 -0.50775
vn -0.31869 -0.80039 -0.50775
vn -0.43301 -0.63738 -0.63738
vn -0.28868 -0.67700 -0.67700
vn -0.47803 -0.73686 -0.47803
vn -0.47803 -0.73686 -0.47803
vn -0.57735 -0.57735 -0.57735
vn -0.43301 -0.63738 -0.63738
vn -0.63738 -0.63738 -0.43301
vn -0.57735 -0.57735 -0.57735
vn -0.73686 -0.47803 -0.47803
vn -0.63738 -0.43301 -0.63738
vn -0.63738 -0.63738 -0.43301
vn -0.63738 -0.63738 -0.43301
vn -0.80039 -0.50775 -0.31869
vn -0.73686 -0.47803 -0.47803
vn -0.67700 -0.67700 -0.28868
vn -0.67700 -0.67700 -0.28868
vn -0.83619 -0.52478 -0.15934
vn -0.80039 -0.50775 -0.31869
vn -0.69970 -0.69970 -0.14434
vn -0.69970 -0.69970 -0.14434
vn -0.84779 -0.53033 -0.00000
vn -0.83619 -0.52478 -0.15934
vn -0.70711 -0.70711 -0.00000
vn -0.70711 -0.70711 -0.00000
vn -0.84779 -0.53033 -0.00000
vn -0.84779 -0.53033 -0.00000
vn -0.70711 -0.70711 -0.00000
vn -0.70711 -0.70711 -0.00000
vn -0.83619 -0.52478 0.15934
vn -0.84779 -0.53033 -0.00000
vn -0.69970 -0.69970 0.14434
vn -0.69970 -0.69970 0.14434
vn -0.80039 -0.50775 0.31869
vn -0.83619 -0.52478 0.15934
vn -0.67700 -0.67700 0.28868
vn -0.67700 -0.67700 0.28868
vn -0.73686 -0.47803 0.47803
vn -0.80039 -0.50775 0.31869
vn -0.63738 -0.63738 0.43301
vn -0.63738 -0.63738 0.43301
vn -0.63738 -0.43301 0.63738
vn -0.73686 -0.47803 0.47803
vn -0.57735 -0.57735 0.57735
vn -0.63738 -0.43301 -0.63738
vn -0.80039 -0.31869 -0.50775
vn -0.67700 -0.28868 -0.67700
vn -0.73686 -0.47803 -0.47803
vn -0.73686 -0.47803 -0.47803
vn -0.87797 -0.33850 -0.33850
vn -0.80039 -0.31869 -0.50775
vn -0.80039 -0.50775 -0.31869
vn -0.80039 -0.50775 -0.31869
vn -0.92139 -0.34985 -0.16925
vn -0.87797 -0.33850 -0.33850
vn -0.83619 -0.52478 -0.15934
vn -0.83619 -0.52478 -0.15934
vn -0.93541 -0.35355 -0.00000
vn -0.92139 -0.34985 -0.16925
vn -0.84779 -0.53033 -0.00000
vn -0.84779 -0.53033 -0.00000
vn -0.93541 -0.35355 -0.00000
vn -0.93541 -0.35355 -0.00000
vn -0.84779 -0.53033 -0.00000
vn -0.84779 -0.53033 -0.00000
vn -0.92139 -0.34985 0.16925
vn -0.93541 -0.35355 -0.00000
vn -0.83619 -0.52478 0.15934
vn -0.83619 -0.52478 0.15934
vn -0.87797 -0.33850 0.33850
vn -0.92139 -0.34985 0.16925
vn -0.80039 -0.50775 0.31869
vn -0.80039 -0.50775 0.31869
vn -0.80039 -0.31869 0.50775
vn -0.87797 -0.33850 0.33850
vn -0.73686 -0.47803 0.47803
vn -0.73686 -0.47803 0.47803
vn -0.67700 -0.28868 0.67700
vn -0.80039 -0.31869 0.50775
vn -0.63738 -0.43301 0.63738
vn -0.67700 -0.28868 -0.67700
vn -0.83619 -0.15934 -0.52478
vn -0.69970 -0.14434 -0.69970
vn -0.80039 -0.31869 -0.50775
vn -0.80039 -0.31869 -0.50775
vn -0.92139 -0.16925 -0.34985
vn -0.83619 -0.15934 -0.52478
vn -0.87797 -0.33850 -0.33850
vn -0.87797 -0.33850 -0.33850
vn -0.96892 -0.17493 -0.17493
vn -0.92139 -0.16925 -0.34985
vn -0.92139 -0.34985 -0.16925
vn -0.92139 -0.34985 -0.16925
vn -0.98425 -0.17678 -0.00000
vn -0.96892 -0.17493 -0.17493
vn -0.93541 -0.35355 -0.00000
vn -0.93541 -0.35355 -0.00000
vn -0.98425 -0.17678 -0.00000
vn -0.98425 -0.17678 -0.00000
vn -0.93541 -0.35355 -0.00000
vn -0.93541 -0.35355 -0.00000
vn -0.96892 -0.17493 0.17493
vn -0.98425 -0.17678 -0.00000
vn -0.92139 -0.34985 0.16925
vn -0.92139 -0.34985 0.16925
vn -0.92139 -0.16925 0.34985
vn -0.96892 -0.17493 0.17493
vn -0.87797 -0.33850 0.33850
vn -0.87797 -0.33850 0.33850
vn -0.83619 -0.15934 0.52478
vn -0.92139 -0.16925 0.34985
vn -0.80039 -0.31869 0.50775
vn -0.80039 -0.31869 0.50775
vn -0.69970 -0.14434 0.69970
vn -0.83619 -0.15934 0.52478
vn -0.67700 -0.28868 0.67700
vn -0.69970 -0.14434 -0.69970
vn -0.84779 0.00000 -0.53033
vn -0.70711 0.00000 -0.70711
vn -0.83619 -0.15934 -0.52478
vn -0.83619 -0.15934 -0.52478
vn -0.93541 0.00000 -0.35355
vn -0.84779 0.00000 -0.53033
vn -0.92139 -0.16925 -0.34985
vn -0.92139 -0.16925 -0.34985
vn -0.98425 0.00000 -0.17678
vn -0.93541 0.00000 -0.35355
vn -0.96892 -0.17493 -0.17493
vn -0.96892 -0.17493 -0.17493
vn -1.00000 0.00000 0.00000
vn -0.98425 0.00000 -0.17678
vn -0.98425 -0.17678 -0.00000
vn -0.98425 -0.17678 -0.00000
vn -1.00000 0.00000 0.00000
vn -1.00000 0.00000 0.00000
vn -0.98425 -0.17678 -0.00000
vn -0.98425 -0.17678 -0.00000
vn -0.98425 -0.00000 0.17678
vn -1.00000 0.00000 0.00000
vn -0.96892 -0.17493 0.17493
vn -0.96892 -0.17493 0.17493
vn -0.93541 -0.00000 0.35355
vn -0.98425 -0.00000 0.17678
vn -0.92139 -0.16925 0.34985
vn -0.92139 -0.16925 0.34985
vn -0.84779 -0.00000 0.53033
vn -0.93541 -0.00000 0.35355
vn -0.83619 -0.15934 0.52478
vn -0.83619 -0.15934 0.52478
vn -0.70711 -0.00000 0.70711
vn -0.84779 -0.00000 0.53033
vn -0.69970 -0.14434 0.69970
vn -0.70711 0.00000 -0.70711
vn -0.84779 0.00000 -0.53033
vn -0.70711 0.00000 -0.70711
vn -0.84779 0.00000 -0.53033
vn -0.84779 0.00000 -0.53033
vn -0.93541 0.00000 -0.35355
vn -0.84779 0.00000 -0.53033
vn -0.93541 0.00000 -0.35355
vn -0.93541 0.00000 -0.35355
vn -0.98425 0.00000 -0.17678
vn -0.93541 0.00000 -0.35355
vn -0.98425 0.00000 -0.17678
vn -0.98425 0.00000 -0.17678
vn -1.00000 0.00000 0.00000
vn -0.98425 0.00000 -0.17678
vn -1.00000 0.00000 0.00000
vn -1.00000 0.00000 0.00000
vn -1.00000 0.00000 0.00000
vn -1.00000 0.00000 0.00000
vn -1.00000 0.00000 0.00000
vn -1.00000 0.00000 0.00000
vn -0.98425 -0.00000 0.17678
vn -1.00000 0.00000 0.00000
vn -0.98425 -0.00000 0.17678
vn -0.98425 -0.00000 0.17678
vn -0.93541 -0.00000 0.35355
vn -0.98425 -0.00000 0.17678
vn -0.93541 -0.00000 0.35355
vn -0.93541 -0.00000 0.35355
vn -0.84779 -0.00000 0.53033
vn -0.93541 -0.00000 0.35355
vn -0.84779 -0.00000 0.53033
vn -0.84779 -0.00000 0.53033
vn -0.70711 -0.00000 0.70711
vn -0.84779 -0.00000 0.53033
vn -0.70711 -0.00000 0.70711
vn -0.70711 0.00000 -0.70711
vn -0.83619 0.15934 -0.52478
vn -0.69970 0.14434 -0.69970
vn -0.84779 0.00000 -0.53033
vn -0.84779 0.00000 -0.53033
vn -0.92139 0.16925 -0.34985
vn -0.83619 0.15934 -0.52478
vn -0.93541 0.00000 -0.35355
vn -0.93541 0.00000 -0.35355
vn -0.96892 0.17493 -0.17493
vn -0.92139 0.16925 -0.34985
vn -0.98425 0.00000 -0.17678
vn -0.98425 0.00000 -0.17678
vn -0.98425 0.17678 0.00000
vn -0.96892 0.17493 -0.17493
vn -1.00000 0.00000 0.00000
vn -1.00000 0.00000 0.00000
vn -0.98425 0.17678 0.00000
vn -0.98425 0.17678 0.00000
vn -1.00000 0.00000 0.00000
vn -1.00000 0.00000 0.00000
vn -0.96892 0.17493 0.17493
vn -0.98425 0.17678 0.00000
vn -0.98425 -0.00000 0.17678
vn -0.98425 -0.00000 0.17678
vn -0.92139 0.16925 0.34985
vn -0.96892 0.17493 0.17493
vn -0.93541 -0.00000 0.35355
vn -0.93541 -0.00000 0.35355
vn -0.83619 0.15934 0.52478
vn -0.92139 0.16925 0.34985
vn -0.84779 -0.00000 0.53033
vn -0.84779 -0.00000 0.53033
vn -0.69970 0.14434 0.69970
vn -0.83619 0.15934 0.52478
vn -0.70711 -0.00000 0.70711
vn -0.69970 0.14434 -0.69970
vn -0.80039 0.31869 -0.50775
vn -0.67700 0.28868 -0.67700
vn -0.83619 0.15934 -0.52478
vn -0.83619 0.15934 -0.52478
vn -0.87797 0.33850 -0.33850
vn -0.80039 0.31869 -0.50775
vn -0.92139 0.16925 -0.34985
vn -0.92139 0.16925 -0.34985
vn -0.92139 0.34985 -0.16925
vn -0.87797 0.33850 -0.33850
vn -0.96892 0.17493 -0.17493
vn -0.96892 0.17493 -0.17493
vn -0.93541 0.35355 0.00000
vn -0.92139 0.34985 -0.16925
vn -0.98425 0.17678 0.00000
vn -0.98425 0.17678 0.00000
vn -0.93541 0.35355 0.00000
vn -0.93541 0.35355 0.00000
vn -0.98425 0.17678 0.00000
vn -0.98425 0.17678 0.00000
vn -0.92139 0.34985 0.16925
vn -0.93541 0.35355 0.00000
vn -0.96892 0.17493 0.17493
vn -0.96892 0.17493 0.17493
vn -0.87797 0.33850 0.33850
vn -0.92139 0.34985 0.16925
vn -0.92139 0.16925 0.34985
vn -0.92139 0.16925 0.34985
vn -0.80039 0.31869 0.50775
vn -0.87797 0.33850 0.33850
vn -0.83619 0.15934 0.52478
vn -0.83619 0.15934 0.52478
vn -0.67700 0.28868 0.67700
vn -0.80039 0.31869 0.50775
vn -0.69970 0.14434 0.69970
vn -0.67700 0.28868 -0.67700
vn -0.73686 0.47803 -0.47803
vn -0.63738 0.43301 -0.63738
vn -0.80039 0.31869 -0.50775
vn -0.80039 0.31869 -0.50775
vn -0.80039 0.50775 -0.31869
vn -0.73686 0.47803 -0.47803
vn -0.87797 0.33850 -0.33850
vn -0.87797 0.33850 -0.33850
vn -0.83619 0.52478 -0.15934
vn -0.80039 0.50775 -0.31869
vn -0.92139 0.34985 -0.16925
vn -0.92139 0.34985 -0.16925
vn -0.84779 0.53033 0.00000
vn -0.83619 0.52478 -0.15934
vn -0.93541 0.35355 0.00000
vn -0.93541 0.35355 0.00000
vn -0.84779 0.53033 0.00000
vn -0.84779 0.53033 0.00000
vn -0.93541 0.35355 0.00000
vn -0.93541 0.35355 0.00000
vn -0.83619 0.52478 0.15934
vn -0.84779 0.53033 0.00000
vn -0.92139 0.34985 0.16925
vn -0.92139 0.34985 0.16925
vn -0.80039 0.50775 0.31869
vn -0.83619 0.52478 0.15934
vn -0.87797 0.33850 0.33850
vn -0.87797 0.33850 0.33850
vn -0.73686 0.47803 0.47803
vn -0.80039 0.50775 0.31869
vn -0.80039 0.31869 0.50775
vn -0.80039 0.31869 0.50775
vn -0.63738 0.43301 0.63738
vn -0.73686 0.47803 0.47803
vn -0.67700 0.28868 0.67700
vn -0.63738 0.43301 -0.63738
vn -0.63738 0.63738 -0.43301
vn -0.57735 0.57735 -0.57735
vn -0.73686 0.47803 -0.47803
vn -0.73686 0.47803 -0.47803
vn -0.67700 0.67700 -0.28868
vn -0.63738 0.63738 -0.43301
vn -0.80039 0.50775 -0.31869
vn -0.80039 0.50775 -0.31869
vn -0.69970 0.69970 -0.14434
vn -0.67700 0.67700 -0.28868
vn -0.83619 0.52478 -0.15934
vn -0.83619 0.52478 -0.15934
vn -0.70711 0.70711 0.00000
vn -0.69970 0.69970 -0.14434
vn -0.84779 0.53033 0.00000
vn -0.84779 0.53033 0.00000
vn -0.70711 0.70711 0.00000
vn -0.70711 0.70711 0.00000
vn -0.84779 0.53033 0.00000
vn -0.84779 0.53033 0.00000
vn -0.69970 0.69970 0.14434
vn -0.70711 0.70711 0.00000
vn -0.83619 0.52478 0.15934
vn -0.83619 0.52478 0.15934
vn -0.67700 0.67700 0.28868
vn -0.69970 0.69970 0.14434
vn -0.80039 0.50775 0.31869
vn -0.80039 0.50775 0.31869
vn -0.63738 0.63738 0.43301
vn -0.67700 0.67700 0.28868
vn -0.73686 0.47803 0.47803
vn -0.73686 0.47803 0.47803
vn -0.57735 0.57735 0.57735
vn -0.63738 0.63738 0.43301
vn -0.63738 0.43301 0.63738
vn -0.57735 -0.57735 0.57735
vn -0.47803 -0.47803 0.73686
vn -0.63738 -0.43301 0.63738
vn -0.43301 -0.63738 0.63738
vn -0.43301 -0.63738 0.63738
vn -0.31869 -0.50775 0.80039
vn -0.47803 -0.47803 0.73686
vn -0.28868 -0.67700 0.67700
vn -0.28868 -0.67700 0.67700
vn -0.15934 -0.52478 0.83619
vn -0.31869 -0.50775 0.80039
vn -0.14434 -0.69970 0.69970
vn -0.14434 -0.69970 0.69970
vn 0.00000 -0.53033 0.84779
vn -0.15934 -0.52478 0.83619
vn 0.00000 -0.70711 0.70711
vn 0.00000 -0.70711 0.70711
vn 0.00000 -0.53033 0.84779
vn 0.00000 -0.53033 0.84779
vn 0.00000 -0.70711 0.70711
vn 0.00000 -0.70711 0.70711
vn 0.15934 -0.52478 0.83619
vn 0.00000 -0.53033 0.84779
vn 0.14434 -0.69970 0.69970
vn 0.14434 -0.69970 0.69970
vn 0.31869 -0.50775 0.80039
vn 0.15934 -0.52478 0.83619
vn 0.28868 -0.67700 0.67700
vn 0.28868 -0.67700 0.67700
vn 0.47803 -0.47803 0.73686
vn 0.31869 -0.50775 0.80039
vn 0.43301 -0.63738 0.63738
vn 0.43301 -0.63738 0.63738
vn 0.63738 -0.43301 0.63738
vn 0.47803 -0.47803 0.73686
vn 0.57735 -0.57735 0.57735
vn -0.63738 -0.43301 0.63738
vn -0.50775 -0.31869 0.80039
vn -0.67700 -0.28868 0.67700
vn -0.47803 -0.47803 0.73686
vn -0.47803 -0.47803 0.73686
vn -0.33850 -0.33850 0.87797
vn -0.50775 -0.31869 0.80039
vn -0.31869 -0.50775 0.80039
vn -0.31869 -0.50775 0.80039
vn -0.16925 -0.34985 0.92139
vn -0.33850 -0.33850 0.87797
vn -0.15934 -0.52478 0.83619
vn -0.15934 -0.52478 0.83619
vn 0.00000 -0.35355 0.93541
vn -0.16925 -0.34985 0.92139
vn 0.00000 -0.53033 0.84779
vn 0.00000 -0.53033 0.84779
vn 0.00000 -0.35355 0.93541
vn 0.00000 -0.35355 0.93541
vn 0.00000 -0.53033 0.84779
vn 0.00000 -0.53033 0.84779
vn 0.16925 -0.34985 0.92139
vn 0.00000 -0.35355 0.93541
vn 0.15934 -0.52478 0.83619
vn 0.15934 -0.52478 0.83619
vn 0.33850 -0.33850 0.87797
vn 0.16925 -0.34985 0.92139
vn 0.31869 -0.50775 0.80039
vn 0.31869 -0.50775 0.80039
vn 0.50775 -0.31869 0.80039
vn 0.33850 -0.33850 0.87797
vn 0.47803 -0.47803 0.73686
vn 0.47803 -0.47803 0.73686
vn 0.67700 -0.28868 0.67700
vn 0.50775 -0.31869 0.80039
vn 0.63738 -0.43301 0.63738
vn -0.67700 -0.28868 0.67700
vn -0.52478 -0.15934 0.83619
vn -0.69970 -0.14434 0.69970
vn -0.50775 -0.31869 0.80039
vn -0.50775 -0.31869 0.80039
vn -0.34985 -0.16925 0.92139
vn -0.52478 -0.15934 0.83619
vn -0.33850 -0.33850 0.87797
vn -0.33850 -0.33850 0.87797
vn -0.17493 -0.17493 0.96892
vn -0.34985 -0.16925 0.92139
vn -0.16925 -0.34985 0.92139
vn -0.16925 -0.34985 0.92139
vn 0.00000 -0.17678 0.98425
vn -0.17493 -0.17493 0.96892
vn 0.00000 -0.35355 0.93541
vn 0.00000 -0.35355 0.93541
vn 0.00000 -0.17678 0.98425
vn 0.00000 -0.17678 0.98425
vn 0.00000 -0.35355 0.93541
vn 0.00000 -0.35355 0.93541
vn 0.17493 -0.17493 0.96892
vn 0.00000 -0.17678 0.98425
vn 0.16925 -0.34985 0.92139
vn 0.16925 -0.34985 0.92139
vn 0.34985 -0.16925 0.92139
vn 0.17493 -0.17493 0.96892
vn 0.33850 -0.33850 0.87797
vn 0.33850 -0.33850 0.87797
vn 0.52478 -0.15934 0.83619
vn 0.34985 -0.16925 0.92139
vn 0.50775 -0.31869 0.80039
vn 0.50775 -0.31869 0.80039
vn 0.69970 -0.14434 0.69970
vn 0.52478 -0.15934 0.83619
vn 0.67700 -0.28868 0.67700
vn -0.69970 -0.14434 0.69970
vn -0.53033 -0.00000 0.84779
vn -0.70711 -0.00000 0.70711
vn -0.52478 -0.15934 0.83619
vn -0.52478 -0.15934 0.83619
vn -0.35355 -0.00000 0.93541
vn -0.53033 -0.00000 0.84779
vn -0.34985 -0.16925 0.92139
vn -0.34985 -0.16925 0.92139
vn -0.17678 -0.00000 0.98425
vn -0.35355 -0.00000 0.93541
vn -0.17493 -0.17493 0.96892
vn -0.17493 -0.17493 0.96892
vn 0.00000 -0.00000 1.00000
vn -0.17678 -0.00000 0.98425
vn 0.00000 -0.17678 0.98425
vn 0.00000 -0.17678 0.98425
vn 0.00000 -0.00000 1.00000
vn 0.00000 -0.00000 1.00000
vn 0.00000 -0.17678 0.98425
vn 0.00000 -0.17678 0.98425
vn 0.17678 -0.00000 0.98425
vn 0.00000 -0.00000 1.00000
vn 0.17493 -0.17493 0.96892
vn 0.17493 -0.17493 0.96892
vn 0.35355 -0.00000 0.93541
vn 0.17678 -0.00000 0.98425
vn 0.34985 -0.16925 0.92139
vn 0.34985 -0.16925 0.92139
vn 0.53033 -0.00000 0.84779
vn 0.35355 -0.00000 0.93541
vn 0.52478 -0.15934 0.83619
vn 0.52478 -0.15934 0.83619
vn 0.70711 -0.00000 0.70711
vn 0.53033 -0.00000 0.84779
vn 0.69970 -0.14434 0.69970
vn -0.70711 -0.00000 0.70711
vn -0.53033 -0.00000 0.84779
vn -0.70711 -0.00000 0.70711
vn -0.53033 -0.00000 0.84779
vn -0.53033 -0.00000 0.84779
vn -0.35355 -0.00000 0.93541
vn -0.53033 -0.00000 0.84779
vn -0.35355 -0.00000 0.93541
vn -0.35355 -0.00000 0.93541
vn -0.17678 -0.00000 0.98425
vn -0.35355 -0.00000 0.93541
vn -0.17678 -0.00000 0.98425
vn -0.17678 -0.00000 0.98425
vn 0.00000 -0.00000 1.00000
vn -0.17678 -0.00000 0.98425
vn 0.00000 -0.00000 1.00000
vn 0.00000 -0.00000 1.00000
vn 0.00000 -0.00000 1.00000
vn 0.00000 -0.00000 1.00000
vn 0.00000 -0.00000 1.00000
vn 0.00000 -0.00000 1.00000
vn 0.17678 -0.00000 0.98425
vn 0.00000 -0.00000 1.00000
vn 0.17678 -0.00000 0.98425
vn 0.17678 -0.00000 0.98425
vn 0.35355 -0.00000 0.93541
vn 0.17678 -0.00000 0.98425
vn 0.35355 -0.00000 0.93541
vn 0.35355 -0.00000 0.93541
vn 0.53033 -0.00000 0.84779
vn 0.35355 -0.00000 0.93541
vn 0.53033 -0.00000 0.84779
vn 0.53033 -0.00000 0.84779
vn 0.70711 -0.00000 0.70711
vn 0.53033 -0.00000 0.84779
vn 0.70711 -0.00000 0.70711
vn -0.70711 -0.00000 0.70711
vn -0.52478 0.15934 0.83619
vn -0.69970 0.14434 0.69970
vn -0.53033 -0.00000 0.84779
vn -0.53033 -0.00000 0.84779
vn -0.34985 0.16925 0.92139
vn -0.52478 0.15934 0.83619
vn -0.35355 -0.00000 0.93541
vn -0.35355 -0.00000 0.93541
vn -0.17493 0.17493 0.96892
vn -0.34985 0.16925 0.92139
vn -0.17678 -0.00000 0.98425
vn -0.17678 -0.00000 0.98425
vn 0.00000 0.17678 0.98425
vn -0.17493 0.17493 0.96892
vn 0.00000 -0.00000 1.00000
vn 0.00000 -0.00000 1.00000
vn 0.00000 0.17678 0.98425
vn 0.00000 0.17678 0.98425
vn 0.00000 -0.00000 1.00000
vn 0.00000 -0.00000 1.00000
vn 0.17493 0.17493 0.96892
vn 0.00000 0.17678 0.98425
vn 0.17678 -0.00000 0.98425
vn 0.17678 -0.00000 0.98425
vn 0.34985 0.16925 0.92139
vn 0.17493 0.17493 0.96892
vn 0.35355 -0.00000 0.93541
vn 0.35355 -0.00000 0.93541
vn 0.52478 0.15934 0.83619
vn 0.34985 0.16925 0.92139
vn 0.53033 -0.00000 0.84779
vn 0.53033 -0.00000 0.84779
vn 0.69970 0.14434 0.69970
vn 0.52478 0.15934 0.83619
vn 0.70711 -0.00000 0.70711
vn -0.69970 0.14434 0.69970
vn -0.50775 0.31869 0.80039
vn -0.67700 0.28868 0.67700
vn -0.52478 0.15934 0.83619
vn -0.52478 0.15934 0.83619
vn -0.33850 0.33850 0.87797
vn -0.50775 0.31869 0.80039
vn -0.34985 0.16925 0.92139
vn -0.34985 0.16925 0.92139
vn -0.16925 0.34985 0.92139
vn -0.33850 0.33850 0.87797
vn -0.17493 0.17493 0.96892
vn -0.17493 0.17493 0.96892
vn 0.00000 0.35355 0.93541
vn -0.16925 0.34985 0.92139
vn 0.00000 0.17678 0.98425
vn 0.00000 0.17678 0.98425
vn 0.00000 0.35355 0.93541
vn 0.00000 0.35355 0.93541
vn 0.00000 0.17678 0.98425
vn 0.00000 0.17678 0.98425
vn 0.16925 0.34985 0.92139
vn 0.00000 0.35355 0.93541
vn 0.17493 0.17493 0.96892
vn 0.17493 0.17493 0.96892
vn 0.33850 0.33850 0.87797
vn 0.16925 0.34985 0.92139
vn 0.34985 0.16925 0.92139
vn 0.34985 0.16925 0.92139
vn 0.50775 0.31869 0.80039
vn 0.33850 0.33850 0.87797
vn 0.52478 0.15934 0.83619
vn 0.52478 0.15934 0.83619
vn 0.67700 0.28868 0.67700
vn 0.50775 0.31869 0.80039
vn 0.69970 0.14434 0.69970
vn -0.67700 0.28868 0.67700
vn -0.47803 0.47803 0.73686
vn -0.63738 0.43301 0.63738
vn -0.50775 0.31869 0.80039
vn -0.50775 0.31869 0.80039
vn -0.31869 0.50775 0.80039
vn -0.47803 0.47803 0.73686
vn -0.33850 0.33850 0.87797
vn -0.33850 0.33850 0.87797
vn -0.15934 0.52478 0.83619
vn -0.31869 0.50775 0.80039
vn -0.16925 0.34985 0.92139
vn -0.16925 0.34985 0.92139
vn 0.00000 0.53033 0.84779
vn -0.15934 0.52478 0.83619
vn 0.00000 0.35355 0.93541
vn 0.00000 0.35355 0.93541
vn 0.00000 0.53033 0.84779
vn 0.00000 0.53033 0.84779
vn 0.00000 0.35355 0.93541
vn 0.00000 0.35355 0.93541
vn 0.15934 0.52478 0.83619
vn 0.00000 0.53033 0.84779
vn 0.16925 0.34985 0.92139
vn 0.16925 0.34985 0.92139
vn 0.31869 0.50775 0.80039
vn 0.15934 0.52478 0.83619
vn 0.33850 0.33850 0.87797
vn 0.33850 0.33850 0.87797
vn 0.47803 0.47803 0.73686
vn 0.31869 0.50775 0.80039
vn 0.50775 0.31869 0.80039
vn 0.50775 0.31869 0.80039
vn 0.63738 0.43301 0.63738
vn 0.47803 0.47803 0.73686
vn 0.67700 0.28868 0.67700
vn -0.63738 0.43301 0.63738
vn -0.43301 0.63738 0.63738
vn -0.57735 0.57735 0.57735
vn -0.47803 0.47803 0.73686
vn -0.47803 0.47803 0.73686
vn -0.28868 0.67700 0.67700
vn -0.43301 0.63738 0.63738
vn -0.31869 0.50775 0.80039
vn -0.31869 0.50775 0.80039
vn -0.14434 0.69970 0.69970
vn -0.28868 0.67700 0.67700
vn -0.15934 0.52478 0.83619
vn -0.15934 0.52478 0.83619
vn 0.00000 0.70711 0.70711
vn -0.14434 0.69970 0.69970
vn 0.00000 0.53033 0.84779
vn 0.00000 0.53033 0.84779
vn 0.00000 0.70711 0.70711
vn 0.00000 0.70711 0.70711
vn 0.00000 0.53033 0.84779
vn 0.00000 0.53033 0.84779
vn 0.14434 0.69970 0.69970
vn 0.00000 0.70711 0.70711
vn 0.15934 0.52478 0.83619
vn 0.15934 0.52478 0.83619
vn 0.28868 0.67700 0.67700
vn 0.14434 0.69970 0.69970
vn 0.31869 0.50775 0.80039
vn 0.31869 0.50775 0.80039
vn 0.43301 0.63738 0.63738
vn 0.28868 0.67700 0.67700
vn 0.47803 0.47803 0.73686
vn 0.47803 0.47803 0.73686
vn 0.57735 0.57735 0.57735
vn 0.43301 0.63738 0.63738
vn 0.63738 0.43301 0.63738
vn 0.57735 -0.57735 -0.57735
vn 0.47803 -0.47803 -0.73686
vn 0.63738 -0.43301 -0.63738
vn 0.43301 -0.63738 -0.63738
vn 0.43301 -0.63738 -0.63738
vn 0.31869 -0.50775 -0.80039
vn 0.47803 -0.47803 -0.73686
vn 0.28868 -0.67700 -0.67700
vn 0.28868 -0.67700 -0.67700
vn 0.15934 -0.52478 -0.83619
vn 0.31869 -0.50775 -0.80039
vn 0.14434 -0.69970 -0.69970
vn 0.14434 -0.69970 -0.69970
vn 0.00000 -0.53033 -0.84779
vn 0.15934 -0.52478 -0.83619
vn 0.00000 -0.70711 -0.70711
vn 0.00000 -0.70711 -0.70711
vn 0.00000 -0.53033 -0.84779
vn 0.00000 -0.53033 -0.84779
vn 0.00000 -0.70711 -0.70711
vn 0.00000 -0.70711 -0.70711
vn -0.15934 -0.52478 -0.83619
vn 0.00000 -0.53033 -0.84779
vn -0.14434 -0.69970 -0.69970
vn -0.14434 -0.69970 -0.69970
vn -0.31869 -0.50775 -0.80039
vn -0.15934 -0.52478 -0.83619
vn -0.28868 -0.67700 -0.67700
vn -0.28868 -0.67700 -0.67700
vn -0.47803 -0.47803 -0.73686
vn -0.31869 -0.50775 -0.80039
vn -0.43301 -0.63738 -0.63738
vn -0.43301 -0.63738 -0.63738
vn -0.63738 -0.43301 -0.63738
vn -0.47803 -0.47803 -0.73686
vn -0.57735 -0.57735 -0.57735
vn 0.63738 -0.43301 -0.63738
vn 0.50775 -0.31869 -0.80039
vn 0.67700 -0.28868 -0.67700
vn 0.47803 -0.47803 -0.73686
vn 0.47803 -0.47803 -0.73686
vn 0.33850 -0.33850 -0.87797
vn 0.50775 -0.31869 -0.80039
vn 0.31869 -0.50775 -0.80039
vn 0.31869 -0.50775 -0.80039
vn 0.16925 -0.34985 -0.92139
vn 0.33850 -0.33850 -0.87797
vn 0.15934 -0.52478 -0.83619
vn 0.15934 -0.52478 -0.83619
vn 0.00000 -0.35355 -0.93541
vn 0.16925 -0.34985 -0.92139
vn 0.00000 -0.53033 -0.84779
vn 0.00000 -0.53033 -0.84779
vn 0.00000 -0.35355 -0.93541
vn 0.00000 -0.35355 -0.93541
vn 0.00000 -0.53033 -0.84779
vn 0.00000 -0.53033 -0.84779
vn -0.16925 -0.34985 -0.92139
vn 0.00000 -0.35355 -0.93541
vn -0.15934 -0.52478 -0.83619
vn -0.15934 -0.52478 -0.83619
vn -0.33850 -0.33850 -0.87797
vn -0.16925 -0.34985 -0.92139
vn -0.31869 -0.50775 -0.80039
vn -0.31869 -0.50775 -0.80039
vn -0.50775 -0.31869 -0.80039
vn -0.33850 -0.33850 -0.87797
vn -0.47803 -0.47803 -0.73686
vn -0.47803 -0.47803 -0.73686
vn -0.67700 -0.28868 -0.67700
vn -0.50775 -0.31869 -0.80039
vn -0.63738 -0.43301 -0.63738
vn 0.67700 -0.28868 -0.67700
vn 0.52478 -0.15934 -0.83619
vn 0.69970 -0.14434 -0.69970
vn 0.50775 -0.31869 -0.80039
vn 0.50775 -0.31869 -0.80039
vn 0.34985 -0.16925 -0.92139
vn 0.52478 -0.15934 -0.83619
vn 0.33850 -0.33850 -0.87797
vn 0.33850 -0.33850 -0.87797
vn 0.17493 -0.17493 -0.96892
vn 0.34985 -0.16925 -0.92139
vn 0.16925 -0.34985 -0.92139
vn 0.16925 -0.34985 -0.92139
vn 0.00000 -0.17678 -0.98425
vn 0.17493 -0.17493 -0.96892
vn 0.00000 -0.35355 -0.93541
vn 0.00000 -0.35355 -0.93541
vn 0.00000 -0.17678 -0.98425
vn 0.00000 -0.17678 -0.98425
vn 0.00000 -0.35355 -0.93541
vn 0.00000 -0.35355 -0.93541
vn -0.17493 -0.17493 -0.96892
vn 0.00000 -0.17678 -0.98425
vn -0.16925 -0.34985 -0.92139
vn -0.16925 -0.34985 -0.92139
vn -0.34985 -0.16925 -0.92139
vn -0.17493 -0.17493 -0.96892
vn -0.33850 -0.33850 -0.87797
vn -0.33850 -0.33850 -0.87797
vn -0.52478 -0.15934 -0.83619
vn -0.34985 -0.16925 -0.92139
vn -0.50775 -0.31869 -0.80039
vn -0.50775 -0.31869 -0.80039
vn -0.69970 -0.14434 -0.69970
vn -0.52478 -0.15934 -0.83619
vn -0.67700 -0.28868 -0.67700
vn 0.69970 -0.14434 -0.69970
vn 0.53033 0.00000 -0.84779
vn 0.70711 0.00000 -0.70711
vn 0.52478 -0.15934 -0.83619
vn 0.52478 -0.15934 -0.83619
vn 0.35355 0.00000 -0.93541
vn 0.53033 0.00000 -0.84779
vn 0.34985 -0.16925 -0.92139
vn 0.34985 -0.16925 -0.92139
vn 0.17678 0.00000 -0.98425
vn 0.35355 0.00000 -0.93541
vn 0.17493 -0.17493 -0.96892
vn 0.17493 -0.17493 -0.96892
vn 0.00000 0.00000 -1.00000
vn 0.17678 0.00000 -0.98425
vn 0.00000 -0.17678 -0.98425
vn 0.00000 -0.17678 -0.98425
vn 0.00000 0.00000 -1.00000
vn 0.00000 0.00000 -1.00000
vn 0.00000 -0.17678 -0.98425
vn 0.00000 -0.17678 -0.98425
vn -0.17678 0.00000 -0.98425
vn 0.00000 0.00000 -1.00000
vn -0.17493 -0.17493 -0.96892
vn -0.17493 -0.17493 -0.96892
vn -0.35355 0.00000 -0.93541
vn -0.17678 0.00000 -0.98425
vn -0.34985 -0.16925 -0.92139
vn -0.34985 -0.16925 -0.92139
vn -0.53033 0.00000 -0.84779
vn -0.35355 0.00000 -0.93541
vn -0.52478 -0.15934 -0.83619
vn -0.52478 -0.15934 -0.83619
vn -0.70711 0.00000 -0.70711
vn -0.53033 0.00000 -0.84779
vn -0.69970 -0.14434 -0.69970
vn 0.70711 0.00000 -0.70711
vn 0.53033 0.00000 -0.84779
vn 0.70711 0.00000 -0.70711
vn 0.53033 0.00000 -0.84779
vn 0.53033 0.00000 -0.84779
vn 0.35355 0.00000 -0.93541
vn 0.53033 0.00000 -0.84779
vn 0.35355 0.00000 -0.93541
vn 0.35355 0.00000 -0.93541
vn 0.17678 0.00000 -0.98425
vn 0.35355 0.00000 -0.93541
vn 0.17678 0.00000 -0.98425
vn 0.17678 0.00000 -0.98425
vn 0.00000 0.00000 -1.00000
vn 0.17678 0.00000 -0.98425
vn 0.00000 0.00000 -1.00000
vn 0.00000 0.00000 -1.00000
vn 0.00000 0.00000 -1.00000
vn 0.00000 0.00000 -1.00000
vn 0.00000 0.00000 -1.00000
vn 0.00000 0.00000 -1.00000
vn -0.17678 0.00000 -0.98425
vn 0.00000 0.00000 -1.00000
vn -0.17678 0.00000 -0.98425
vn -0.17678 0.00000 -0.98425
vn -0.35355 0.00000 -0.93541
vn -0.17678 0.00000 -0.98425
vn -0.35355 0.00000 -0.93541
vn -0.35355 0.00000 -0.93541
vn -0.53033 0.00000 -0.84779
vn -0.35355 0.00000 -0.93541
vn -0.53033 0.00000 -0.84779
vn -0.53033 0.00000 -0.84779
vn -0.70711 0.00000 -0.70711
vn -0.53033 0.00000 -0.84779
vn -0.70711 0.00000 -0.70711
vn 0.70711 0.00000 -0.70711
vn 0.52478 0.15934 -0.83619
vn 0.69970 0.14434 -0.69970
vn 0.53033 0.00000 -0.84779
vn 0.53033 0.00000 -0.84779
vn 0.34985 0.16925 -0.92139
vn 0.52478 0.15934 -0.83619
vn 0.35355 0.00000 -0.93541
vn 0.35355 0.00000 -0.93541
vn 0.17493 0.17493 -0.96892
vn 0.34985 0.16925 -0.92139
vn 0.17678 0.00000 -0.98425
vn 0.17678 0.00000 -0.98425
vn 0.00000 0.17678 -0.98425
vn 0.17493 0.17493 -0.96892
vn 0.00000 0.00000 -1.00000
vn 0.00000 0.00000 -1.00000
vn 0.00000 0.17678 -0.98425
vn 0.00000 0.17678 -0.98425
vn 0.00000 0.00000 -1.00000
vn 0.00000 0.00000 -1.00000
vn -0.17493 0.17493 -0.96892
vn 0.00000 0.17678 -0.98425
vn -0.17678 0.00000 -0.98425
vn -0.17678 0.00000 -0.98425
vn -0.34985 0.16925 -0.92139
vn -0.17493 0.17493 -0.96892
vn -0.35355 0.00000 -0.93541
vn -0.35355 0.00000 -0.93541
vn -0.52478 0.15934 -0.83619
vn -0.34985 0.16925 -0.92139
vn -0.53033 0.00000 -0.84779
vn -0.53033 0.00000 -0.84779
vn -0.69970 0.14434 -0.69970
vn -0.52478 0.15934 -0.83619
vn -0.70711 0.00000 -0.70711
vn 0.69970 0.14434 -0.69970
vn 0.50775 0.31869 -0.80039
vn 0.67700 0.28868 -0.67700
vn 0.52478 0.15934 -0.83619
vn 0.52478 0.15934 -0.83619
vn 0.33850 0.33850 -0.87797
vn 0.50775 0.31869 -0.80039
vn 0.34985 0.16925 -0.92139
vn 0.34985 0.16925 -0.92139
vn 0.16925 0.34985 -0.92139
vn 0.33850 0.33850 -0.87797
vn 0.17493 0.17493 -0.96892
vn 0.17493 0.17493 -0.96892
vn 0.00000 0.35355 -0.93541
vn 0.16925 0.34985 -0.92139
vn 0.00000 0.17678 -0.98425
vn 0.00000 0.17678 -0.98425
vn 0.00000 0.35355 -0.93541
vn 0.00000 0.35355 -0.93541
vn 0.00000 0.17678 -0.98425
vn 0.00000 0.17678 -0.98425
vn -0.16925 0.34985 -0.92139
vn 0.00000 0.35355 -0.93541
vn -0.17493 0.17493 -0.96892
vn -0.17493 0.17493 -0.96892
vn -0.33850 0.33850 -0.87797
vn -0.16925 0.34985 -0.92139
vn -0.34985 0.16925 -0.92139
vn -0.34985 0.16925 -0.92139
vn -0.50775 0.31869 -0.80039
vn -0.33850 0.33850 -0.87797
vn -0.52478 0.15934 -0.83619
vn -0.52478 0.15934 -0.83619
vn -0.67700 0.28868 -0.67700
vn -0.50775 0.31869 -0.80039
vn -0.69970 0.14434 -0.69970
vn 0.67700 0.28868 -0.67700
vn 0.47803 0.47803 -0.73686
vn 0.63738 0.43301 -0.63738
vn 0.50775 0.31869 -0.80039
vn 0.50775 0.31869 -0.80039
vn 0.31869 0.50775 -0.80039
vn 0.47803 0.47803 -0.73686
vn 0.33850 0.33850 -0.87797
vn 0.33850 0.33850 -0.87797
vn 0.15934 0.52478 -0.83619
vn 0.31869 0.50775 -0.80039
vn 0.16925 0.34985 -0.92139
vn 0.16925 0.34985 -0.92139
vn 0.00000 0.53033 -0.84779
vn 0.15934 0.52478 -0.83619
vn 0.00000 0.35355 -0.93541
vn 0.00000 0.35355 -0.93541
vn 0.00000 0.53033 -0.84779
vn 0.00000 0.53033 -0.84779
vn 0.00000 0.35355 -0.93541
vn 0.00000 0.35355 -0.93541
vn -0.15934 0.52478 -0.83619
vn 0.00000 0.53033 -0.84779
vn -0.16925 0.34985 -0.92139
vn -0.16925 0.34985 -0.92139
vn -0.31869 0.50775 -0.80039
vn -0.15934 0.52478 -0.83619
vn -0.33850 0.33850 -0.87797
vn -0.33850 0.33850 -0.87797
vn -0.47803 0.47803 -0.73686
vn -0.31869 0.50775 -0.80039
vn -0.50775 0.31869 -0.80039
vn -0.50775 0.31869 -0.80039
vn -0.63738 0.43301 -0.63738
vn -0.47803 0.47803 -0.73686
vn -0.67700 0.28868 -0.67700
vn 0.63738 0.43301 -0.63738
vn 0.43301 0.63738 -0.63738
vn 0.57735 0.57735 -0.57735
vn 0.47803 0.47803 -0.73686
vn 0.47803 0.47803 -0.73686
vn 0.28868 0.67700 -0.67700
vn 0.43301 0.63738 -0.63738
vn 0.31869 0.50775 -0.80039
vn 0.31869 0.50775 -0.80039
vn 0.14434 0.69970 -0.69970
vn 0.28868 0.67700 -0.67700
vn 0.15934 0.52478 -0.83619
vn 0.15934 0.52478 -0.83619
vn 0.00000 0.70711 -0.70711
vn 0.14434 0.69970 -0.69970
vn 0.00000 0.53033 -0.84779
vn 0.00000 0.53033 -0.84779
vn 0.00000 0.70711 -0.70711
vn 0.00000 0.70711 -0.70711
vn 0.00000 0.53033 -0.84779
vn 0.00000 0.53033 -0.84779
vn -0.14434 0.69970 -0.69970
vn 0.00000 0.70711 -0.70711
vn -0.15934 0.52478 -0.83619
vn -0.15934 0.52478 -0.83619
vn -0.28868 0.67700 -0.67700
vn -0.14434 0.69970 -0.69970
vn -0.31869 0.50775 -0.80039
vn -0.31869 0.50775 -0.80039
vn -0.43301 0.63738 -0.63738
vn -0.28868 0.67700 -0.67700
vn -0.47803 0.47803 -0.73686
vn -0.47803 0.47803 -0.73686
vn -0.57735 0.57735 -0.57735
vn -0.43301 0.63738 -0.63738
vn -0.63738 0.43301 -0.63738
vn 0.57735 -0.57735 0.57735
vn 0.73686 -0.47803 0.47803
vn 0.63738 -0.43301 0.63738
vn 0.63738 -0.63738 0.43301
vn 0.63738 -0.63738 0.43301
vn 0.80039 -0.50775 0.31869
vn 0.73686 -0.47803 0.47803
vn 0.67700 -0.67700 0.28868
vn 0.67700 -0.67700 0.28868
vn 0.83619 -0.52478 0.15934
vn 0.80039 -0.50775 0.31869
vn 0.69970 -0.69970 0.14434
vn 0.69970 -0.69970 0.14434
vn 0.84779 -0.53033 -0.00000
vn 0.83619 -0.52478 0.15934
vn 0.70711 -0.70711 -0.00000
vn 0.70711 -0.70711 -0.00000
vn 0.84779 -0.53033 -0.00000
vn 0.84779 -0.53033 -0.00000
vn 0.70711 -0.70711 -0.00000
vn 0.70711 -0.70711 -0.00000
vn 0.83619 -0.52478 -0.15934
vn 0.84779 -0.53033 -0.00000
vn 0.69970 -0.69970 -0.14434
vn 0.69970 -0.69970 -0.14434
vn 0.80039 -0.50775 -0.31869
vn 0.83619 -0.52478 -0.15934
vn 0.67700 -0.67700 -0.28868
vn 0.67700 -0.67700 -0.28868
vn 0.73686 -0.47803 -0.47803
vn 0.80039 -0.50775 -0.31869
vn 0.63738 -0.63738 -0.43301
vn 0.63738 -0.63738 -0.43301
vn 0.63738 -0.43301 -0.63738
vn 0.73686 -0.47803 -0.47803
vn 0.57735 -0.57735 -0.57735
vn 0.63738 -0.43301 0.63738
vn 0.80039 -0.31869 0.50775
vn 0.67700 -0.28868 0.67700
vn 0.73686 -0.47803 0.47803
vn 0.73686 -0.47803 0.47803
vn 0.87797 -0.33850 0.33850
vn 0.80039 -0.31869 0.50775
vn 0.80039 -0.50775 0.31869
vn 0.80039 -0.50775 0.31869
vn 0.92139 -0.34985 0.16925
vn 0.87797 -0.33850 0.33850
vn 0.83619 -0.52478 0.15934
vn 0.83619 -0.52478 0.15934
vn 0.93541 -0.35355 -0.00000
vn 0.92139 -0.34985 0.16925
vn 0.84779 -0.53033 -0.00000
vn 0.84779 -0.53033 -0.00000
vn 0.93541 -0.35355 -0.00000
vn 0.93541 -0.35355 -0.00000
vn 0.84779 -0.53033 -0.00000
vn 0.84779 -0.53033 -0.00000
vn 0.92139 -0.34985 -0.16925
vn 0.93541 -0.35355 -0.00000
vn 0.83619 -0.52478 -0.15934
vn 0.83619 -0.52478 -0.15934
vn 0.87797 -0.33850 -0.33850
vn 0.92139 -0.34985 -0.16925
vn 0.80039 -0.50775 -0.31869
vn 0.80039 -0.50775 -0.31869
vn 0.80039 -0.31869 -0.50775
vn 0.87797 -0.33850 -0.33850
vn 0.73686 -0.47803 -0.47803
vn 0.73686 -0.47803 -0.47803
vn 0.67700 -0.28868 -0.67700
vn 0.80039 -0.31869 -0.50775
vn 0.63738 -0.43301 -0.63738
vn 0.67700 -0.28868 0.67700
vn 0.83619 -0.15934 0.52478
vn 0.69970 -0.14434 0.69970
vn 0.80039 -0.31869 0.50775
vn 0.80039 -0.31869 0.50775
vn 0.92139 -0.16925 0.34985
vn 0.83619 -0.15934 0.52478
vn 0.87797 -0.33850 0.33850
vn 0.87797 -0.33850 0.33850
vn 0.96892 -0.17493 0.17493
vn 0.92139 -0.16925 0.34985
vn 0.92139 -0.34985 0.16925
vn 0.92139 -0.34985 0.16925
vn 0.98425 -0.17678 -0.00000
vn 0.96892 -0.17493 0.17493
vn 0.93541 -0.35355 -0.00000
vn 0.93541 -0.35355 -0.00000
vn 0.98425 -0.17678 -0.00000
vn 0.98425 -0.17678 -0.00000
vn 0.93541 -0.35355 -0.00000
vn 0.93541 -0.35355 -0.00000
vn 0.96892 -0.17493 -0.17493
vn 0.98425 -0.17678 -0.00000
vn 0.92139 -0.34985 -0.16925
vn 0.92139 -0.34985 -0.16925
vn 0.92139 -0.16925 -0.34985
vn 0.96892 -0.17493 -0.17493
vn 0.87797 -0.33850 -0.33850
vn 0.87797 -0.33850 -0.33850
vn 0.83619 -0.15934 -0.52478
vn 0.92139 -0.16925 -0.34985
vn 0.80039 -0.31869 -0.50775
vn 0.80039 -0.31869 -0.50775
vn 0.69970 -0.14434 -0.69970
vn 0.83619 -0.15934 -0.52478
vn 0.67700 -0.28868 -0.67700
vn 0.69970 -0.14434 0.69970
vn 0.84779 -0.00000 0.53033
vn 0.70711 -0.00000 0.70711
vn 0.83619 -0.15934 0.52478
vn 0.83619 -0.15934 0.52478
vn 0.93541 -0.00000 0.35355
vn 0.84779 -0.00000 0.53033
vn 0.92139 -0.16925 0.34985
vn 0.92139 -0.16925 0.34985
vn 0.98425 -0.00000 0.17678
vn 0.93541 -0.00000 0.35355
vn 0.96892 -0.17493 0.17493
vn 0.96892 -0.17493 0.17493
vn 1.00000 0.00000 0.00000
vn 0.98425 -0.00000 0.17678
vn 0.98425 -0.17678 -0.00000
vn 0.98425 -0.17678 -0.00000
vn 1.00000 0.00000 0.00000
vn 1.00000 0.00000 0.00000
vn 0.98425 -0.17678 -0.00000
vn 0.98425 -0.17678 -0.00000
vn 0.98425 0.00000 -0.17678
vn 1.00000 0.00000 0.00000
vn 0.96892 -0.17493 -0.17493
vn 0.96892 -0.17493 -0.17493
vn 0.93541 0.00000 -0.35355
vn 0.98425 0.00000 -0.17678
vn 0.92139 -0.16925 -0.34985
vn 0.92139 -0.16925 -0.34985
vn 0.84779 0.00000 -0.53033
vn 0.93541 0.00000 -0.35355
vn 0.83619 -0.15934 -0.52478
vn 0.83619 -0.15934 -0.52478
vn 0.70711 0.00000 -0.70711
vn 0.84779 0.00000 -0.53033
vn 0.69970 -0.14434 -0.69970
vn 0.70711 -0.00000 0.70711
vn 0.84779 -0.00000 0.53033
vn 0.70711 -0.00000 0.70711
vn 0.84779 -0.00000 0.53033
vn 0.84779 -0.00000 0.53033
vn 0.93541 -0.00000 0.35355
vn 0.84779 -0.00000 0.53033
vn 0.93541 -0.00000 0.35355
vn 0.93541 -0.00000 0.35355
vn 0.98425 -0.00000 0.17678
vn 0.93541 -0.00000 0.35355
vn 0.98425 -0.00000 0.17678
vn 0.98425 -0.00000 0.17678
vn 1.00000 0.00000 0.00000
vn 0.98425 -0.00000 0.17678
vn 1.00000 0.00000 0.00000
vn 1.00000 0.00000 0.00000
vn 1.00000 0.00000 0.00000
vn 1.00000 0.00000 0.00000
vn 1.00000 0.00000 0.00000
vn 1.00000 0.00000 0.00000
vn 0.98425 0.00000 -0.17678
vn 1.00000 0.00000 0.00000
vn 0.98425 0.00000 -0.17678
vn 0.98425 0.00000 -0.17678
vn 0.93541 0.00000 -0.35355
vn 0.98425 0.00000 -0.17678
vn 0.93541 0.00000 -0.35355
vn 0.93541 0.00000 -0.35355
vn 0.84779 0.00000 -0.53033
vn 0.93541 0.00000 -0.35355
vn 0.84779 0.00000 -0.53033
vn 0.84779 0.00000 -0.53033
vn 0.70711 0.00000 -0.70711
vn 0.84779 0.00000 -0.53033
vn 0.70711 0.00000 -0.70711
vn 0.70711 -0.00000 0.70711
vn 0.83619 0.15934 0.52478
vn 0.69970 0.14434 0.69970
vn 0.84779 -0.00000 0.53033
vn 0.84779 -0.00000 0.53033
vn 0.92139 0.16925 0.34985
vn 0.83619 0.15934 0.52478
vn 0.93541 -0.00000 0.35355
vn 0.93541 -0.00000 0.35355
vn 0.96892 0.17493 0.17493
vn 0.92139 0.16925 0.34985
vn 0.98425 -0.00000 0.17678
vn 0.98425 -0.00000 0.17678
vn 0.98425 0.17678 0.00000
vn 0.96892 0.17493 0.17493
vn 1.00000 0.00000 0.00000
vn 1.00000 0.00000 0.00000
vn 0.98425 0.17678 0.00000
vn 0.98425 0.17678 0.00000
vn 1.00000 0.00000 0.00000
vn 1.00000 0.00000 0.00000
vn 0.96892 0.17493 -0.17493
vn 0.98425 0.17678 0.00000
vn 0.98425 0.00000 -0.17678
vn 0.98425 0.00000 -0.17678
vn 0.92139 0.16925 -0.34985
vn 0.96892 0.17493 -0.17493
vn 0.93541 0.00000 -0.35355
vn 0.93541 0.00000 -0.35355
vn 0.83619 0.15934 -0.52478
vn 0.92139 0.16925 -0.34985
vn 0.84779 0.00000 -0.53033
vn 0.84779 0.00000 -0.53033
vn 0.69970 0.14434 -0.69970
vn 0.83619 0.15934 -0.52478
vn 0.70711 0.00000 -0.70711
vn 0.69970 0.14434 0.69970
vn 0.80039 0.31869 0.50775
vn 0.67700 0.28868 0.67700
vn 0.83619 0.15934 0.52478
vn 0.83619 0.15934 0.52478
vn 0.87797 0.33850 0.33850
vn 0.80039 0.31869 0.50775
vn 0.92139 0.16925 0.34985
vn 0.92139 0.16925 0.34985
vn 0.92139 0.34985 0.16925
vn 0.87797 0.33850 0.33850
vn 0.96892 0.17493 0.17493
vn 0.96892 0.17493 0.17493
vn 0.93541 0.35355 0.00000
vn 0.92139 0.34985 0.16925
vn 0.98425 0.17678 0.00000
vn 0.98425 0.17678 0.00000
vn 0.93541 0.35355 0.00000
vn 0.93541 0.35355 0.00000
vn 0.98425 0.17678 0.00000
vn 0.98425 0.17678 0.00000
vn 0.92139 0.34985 -0.16925
vn 0.93541 0.35355 0.00000
vn 0.96892 0.17493 -0.17493
vn 0.96892 0.17493 -0.17493
vn 0.87797 0.33850 -0.33850
vn 0.92139 0.34985 -0.16925
vn 0.92139 0.16925 -0.34985
vn 0.92139 0.16925 -0.34985
vn 0.80039 0.31869 -0.50775
vn 0.87797 0.33850 -0.33850
vn 0.83619 0.15934 -0.52478
vn 0.83619 0.15934 -0.52478
vn 0.67700 0.28868 -0.67700
vn 0.80039 0.31869 -0.50775
vn 0.69970 0.14434 -0.69970
vn 0.67700 0.28868 0.67700
vn 0.73686 0.47803 0.47803
vn 0.63738 0.43301 0.63738
vn 0.80039 0.31869 0.50775
vn 0.80039 0.31869 0.50775
vn 0.80039 0.50775 0.31869
vn 0.73686 0.47803 0.47803
vn 0.87797 0.33850 0.33850
vn 0.87797 0.33850 0.33850
vn 0.83619 0.52478 0.15934
vn 0.80039 0.50775 0.31869
vn 0.92139 0.34985 0.16925
vn 0.92139 0.34985 0.16925
vn 0.84779 0.53033 0.00000
vn 0.83619 0.52478 0.15934
vn 0.93541 0.35355 0.00000
vn 0.93541 0.35355 0.00000
vn 0.84779 0.53033 0.00000
vn 0.84779 0.53033 0.00000
vn 0.93541 0.35355 0.00000
vn 0.93541 0.35355 0.00000
vn 0.83619 0.52478 -0.15934
vn 0.84779 0.53033 0.00000
vn 0.92139 0.34985 -0.16925
vn 0.92139 0.34985 -0.16925
vn 0.80039 0.50775 -0.31869
vn 0.83619 0.52478 -0.15934
vn 0.87797 0.33850 -0.33850
vn 0.87797 0.33850 -0.33850
vn 0.73686 0.47803 -0.47803
vn 0.80039 0.50775 -0.31869
vn 0.80039 0.31869 -0.50775
vn 0.80039 0.31869 -0.50775
vn 0.63738 0.43301 -0.63738
vn 0.73686 0.47803 -0.47803
vn 0.67700 0.28868 -0.67700
vn 0.63738 0.43301 0.63738
vn 0.63738 0.63738 0.43301
vn 0.57735 0.57735 0.57735
vn 0.73686 0.47803 0.47803
vn 0.73686 0.47803 0.47803
vn 0.67700 0.67700 0.28868
vn 0.63738 0.63738 0.43301
vn 0.80039 0.50775 0.31869
vn 0.80039 0.50775 0.31869
vn 0.69970 0.69970 0.14434
vn 0.67700 0.67700 0.28868
vn 0.83619 0.52478 0.15934
vn 0.83619 0.52478 0.15934
vn 0.70711 0.70711 0.00000
vn 0.69970 0.69970 0.14434
vn 0.84779 0.53033 0.00000
vn 0.84779 0.53033 0.00000
vn 0.70711 0.70711 0.00000
vn 0.70711 0.70711 0.00000
vn 0.84779 0.53033 0.00000
vn 0.84779 0.53033 0.00000
vn 0.69970 0.69970 -0.14434
vn 0.70711 0.70711 0.00000
vn 0.83619 0.52478 -0.15934
vn 0.83619 0.52478 -0.15934
vn 0.67700 0.67700 -0.28868
vn 0.69970 0.69970 -0.14434
vn 0.80039 0.50775 -0.31869
vn 0.80039 0.50775 -0.31869
vn 0.63738 0.63738 -0.43301
vn 0.67700 0.67700 -0.28868
vn 0.73686 0.47803 -0.47803
vn 0.73686 0.47803 -0.47803
vn 0.57735 0.57735 -0.57735
vn 0.63738 0.63738 -0.43301
vn 0.63738 0.43301 -0.63738
vn -0.57735 0.57735 0.57735
vn -0.47803 0.73686 0.47803
vn -0.63738 0.63738 0.43301
vn -0.43301 0.63738 0.63738
vn -0.43301 0.63738 0.63738
vn -0.31869 0.80039 0.50775
vn -0.47803 0.73686 0.47803
vn -0.28868 0.67700 0.67700
vn -0.28868 0.67700 0.67700
vn -0.15934 0.83619 0.52478
vn -0.31869 0.80039 0.50775
vn -0.14434 0.69970 0.69970
vn -0.14434 0.69970 0.69970
vn 0.00000 0.84779 0.53033
vn -0.15934 0.83619 0.52478
vn 0.00000 0.70711 0.70711
vn 0.00000 0.70711 0.70711
vn 0.00000 0.84779 0.53033
vn 0.00000 0.84779 0.53033
vn 0.00000 0.70711 0.70711
vn 0.00000 0.70711 0.70711
vn 0.15934 0.83619 0.52478
vn 0.00000 0.84779 0.53033
vn 0.14434 0.69970 0.69970
vn 0.14434 0.69970 0.69970
vn 0.31869 0.80039 0.50775
vn 0.15934 0.83619 0.52478
vn 0.28868 0.67700 0.67700
vn 0.28868 0.67700 0.67700
vn 0.47803 0.73686 0.47803
vn 0.31869 0.80039 0.50775
vn 0.43301 0.63738 0.63738
vn 0.43301 0.63738 0.63738
vn 0.63738 0.63738 0.43301
vn 0.47803 0.73686 0.47803
vn 0.57735 0.57735 0.57735
vn -0.63738 0.63738 0.43301
vn -0.50775 0.80039 0.31869
vn -0.67700 0.67700 0.28868
vn -0.47803 0.73686 0.47803
vn -0.47803 0.73686 0.47803
vn -0.33850 0.87797 0.33850
vn -0.50775 0.80039 0.31869
vn -0.31869 0.80039 0.50775
vn -0.31869 0.80039 0.50775
vn -0.16925 0.92139 0.34985
vn -0.33850 0.87797 0.33850
vn -0.15934 0.83619 0.52478
vn -0.15934 0.83619 0.52478
vn 0.00000 0.93541 0.35355
vn -0.16925 0.92139 0.34985
vn 0.00000 0.84779 0.53033
vn 0.00000 0.84779 0.53033
vn 0.00000 0.93541 0.35355
vn 0.00000 0.93541 0.35355
vn 0.00000 0.84779 0.53033
vn 0.00000 0.84779 0.53033
vn 0.16925 0.92139 0.34985
vn 0.00000 0.93541 0.35355
vn 0.15934 0.83619 0.52478
vn 0.15934 0.83619 0.52478
vn 0.33850 0.87797 0.33850
vn 0.16925 0.92139 0.34985
vn 0.31869 0.80039 0.50775
vn 0.31869 0.80039 0.50775
vn 0.50775 0.80039 0.31869
vn 0.33850 0.87797 0.33850
vn 0.47803 0.73686 0.47803
vn 0.47803 0.73686 0.47803
vn 0.67700 0.67700 0.28868
vn 0.50775 0.80039 0.31869
vn 0.63738 0.63738 0.43301
vn -0.67700 0.67700 0.28868
vn -0.52478 0.83619 0.15934
vn -0.69970 0.69970 0.14434
vn -0.50775 0.80039 0.31869
vn -0.50775 0.80039 0.31869
vn -0.34985 0.92139 0.16925
vn -0.52478 0.83619 0.15934
vn -0.33850 0.87797 0.33850
vn -0.33850 0.87797 0.33850
vn -0.17493 0.96892 0.17493
vn -0.34985 0.92139 0.16925
vn -0.16925 0.92139 0.34985
vn -0.16925 0.92139 0.34985
vn 0.00000 0.98425 0.17678
vn -0.17493 0.96892 0.17493
vn 0.00000 0.93541 0.35355
vn 0.00000 0.93541 0.35355
vn 0.00000 0.98425 0.17678
vn 0.00000 0.98425 0.17678
vn 0.00000 0.93541 0.35355
vn 0.00000 0.93541 0.35355
vn 0.17493 0.96892 0.17493
vn 0.00000 0.98425 0.17678
vn 0.16925 0.92139 0.34985
vn 0.16925 0.92139 0.34985
vn 0.34985 0.92139 0.16925
vn 0.17493 0.96892 0.17493
vn 0.33850 0.87797 0.33850
vn 0.33850 0.87797 0.33850
vn 0.52478 0.83619 0.15934
vn 0.34985 0.92139 0.16925
vn 0.50775 0.80039 0.31869
vn 0.50775 0.80039 0.31869
vn 0.69970 0.69970 0.14434
vn 0.52478 0.83619 0.15934
vn 0.67700 0.67700 0.28868
vn -0.69970 0.69970 0.14434
vn -0.53033 0.84779 0.00000
vn -0.70711 0.70711 0.00000
vn -0.52478 0.83619 0.15934
vn -0.52478 0.83619 0.15934
vn -0.35355 0.93541 0.00000
vn -0.53033 0.84779 0.00000
vn -0.34985 0.92139 0.16925
vn -0.34985 0.92139 0.16925
vn -0.17678 0.98425 0.00000
vn -0.35355 0.93541 0.00000
vn -0.17493 0.96892 0.17493
vn -0.17493 0.96892 0.17493
vn 0.00000 1.00000 0.00000
vn -0.17678 0.98425 0.00000
vn 0.00000 0.98425 0.17678
vn 0.00000 0.98425 0.17678
vn 0.00000 1.00000 0.00000
vn 0.00000 1.00000 0.00000
vn 0.00000 0.98425 0.17678
vn 0.00000 0.98425 0.17678
vn 0.17678 0.98425 0.00000
vn 0.00000 1.00000 0.00000
vn 0.17493 0.96892 0.17493
vn 0.17493 0.96892 0.17493
vn 0.35355 0.93541 0.00000
vn 0.17678 0.98425 0.00000
vn 0.34985 0.92139 0.16925
vn 0.34985 0.92139 0.16925
vn 0.53033 0.84779 0.00000
vn 0.35355 0.93541 0.00000
vn 0.52478 0.83619 0.15934
vn 0.52478 0.83619 0.15934
vn 0.70711 0.70711 0.00000
vn 0.53033 0.84779 0.00000
vn 0.69970 0.69970 0.14434
vn -0.70711 0.70711 0.00000
vn -0.53033 0.84779 0.00000
vn -0.70711 0.70711 0.00000
vn -0.53033 0.84779 0.00000
vn -0.53033 0.84779 0.00000
vn -0.35355 0.93541 0.00000
vn -0.53033 0.84779 0.00000
vn -0.35355 0.93541 0.00000
vn -0.35355 0.93541 0.00000
vn -0.17678 0.98425 0.00000
vn -0.35355 0.93541 0.00000
vn -0.17678 0.98425 0.00000
vn -0.17678 0.98425 0.00000
vn 0.00000 1.00000 0.00000
vn -0.17678 0.98425 0.00000
vn 0.00000 1.00000 0.00000
vn 0.00000 1.00000 0.00000
vn 0.00000 1.00000 0.00000
vn 0.00000 1.00000 0.00000
vn 0.00000 1.00000 0.00000
vn 0.00000 1.00000 0.00000
vn 0.17678 0.98425 0.00000
vn 0.00000 1.00000 0.00000
vn 0.17678 0.98425 0.00000
vn 0.17678 0.98425 0.00000
vn 0.35355 0.93541 0.00000
vn 0.17678 0.98425 0.00000
vn 0.35355 0.93541 0.00000
vn 0.35355 0.93541 0.00000
vn 0.53033 0.84779 0.00000
vn 0.35355 0.93541 0.00000
vn 0.53033 0.84779 0.00000
vn 0.53033 0.84779 0.00000
vn 0.70711 0.70711 0.00000
vn 0.53033 0.84779 0.00000
vn 0.70711 0.70711 0.00000
vn -0.70711 0.70711 0.00000
vn -0.52478 0.83619 -0.15934
vn -0.69970 0.69970 -0.14434
vn -0.53033 0.84779 0.00000
vn -0.53033 0.84779 0.00000
vn -0.34985 0.92139 -0.16925
vn -0.52478 0.83619 -0.15934
vn -0.35355 0.93541 0.00000
vn -0.35355 0.93541 0.00000
vn -0.17493 0.96892 -0.17493
vn -0.34985 0.92139 -0.16925
vn -0.17678 0.98425 0.00000
vn -0.17678 0.98425 0.00000
vn 0.00000 0.98425 -0.17678
vn -0.17493 0.96892 -0.17493
vn 0.00000 1.00000 0.00000
vn 0.00000 1.00000 0.00000
vn 0.00000 0.98425 -0.17678
vn 0.00000 0.98425 -0.17678
vn 0.00000 1.00000 0.00000
vn 0.00000 1.00000 0.00000
vn 0.17493 0.96892 -0.17493
vn 0.00000 0.98425 -0.17678
vn 0.17678 0.98425 0.00000
vn 0.17678 0.98425 0.00000
vn 0.34985 0.92139 -0.16925
vn 0.17493 0.96892 -0.17493
vn 0.35355 0.93541 0.00000
vn 0.35355 0.93541 0.00000
vn 0.52478 0.83619 -0.15934
vn 0.34985 0.92139 -0.16925
vn 0.53033 0.84779 0.00000
vn 0.53033 0.84779 0.00000
vn 0.69970 0.69970 -0.14434
vn 0.52478 0.83619 -0.15934
vn 0.70711 0.70711 0.00000
vn -0.69970 0.69970 -0.14434
vn -0.50775 0.80039 -0.31869
vn -0.67700 0.67700 -0.28868
vn -0.52478 0.83619 -0.15934
vn -0.52478 0.83619 -0.15934
vn -0.33850 0.87797 -0.33850
vn -0.50775 0.80039 -0.31869
vn -0.34985 0.92139 -0.16925
vn -0.34985 0.92139 -0.16925
vn -0.16925 0.92139 -0.34985
vn -0.33850 0.87797 -0.33850
vn -0.17493 0.96892 -0.17493
vn -0.17493 0.96892 -0.17493
vn 0.00000 0.93541 -0.35355
vn -0.16925 0.92139 -0.34985
vn 0.00000 0.98425 -0.17678
vn 0.00000 0.98425 -0.17678
vn 0.00000 0.93541 -0.35355
vn 0.00000 0.93541 -0.35355
vn 0.00000 0.98425 -0.17678
vn 0.00000 0.98425 -0.17678
vn 0.16925 0.92139 -0.34985
vn 0.00000 0.93541 -0.35355
vn 0.17493 0.96892 -0.17493
vn 0.17493 0.96892 -0.17493
vn 0.33850 0.87797 -0.33850
vn 0.16925 0.92139 -0.34985
vn 0.34985 0.92139 -0.16925
vn 0.34985 0.92139 -0.16925
vn 0.50775 0.80039 -0.31869
vn 0.33850 0.87797 -0.33850
vn 0.52478 0.83619 -0.15934
vn 0.52478 0.83619 -0.15934
vn 0.67700 0.67700 -0.28868
vn 0.50775 0.80039 -0.31869
vn 0.69970 0.69970 -0.14434
vn -0.67700 0.67700 -0.28868
vn -0.47803 0.73686 -0.47803
vn -0.63738 0.63738 -0.43301
vn -0.50775 0.80039 -0.31869
vn -0.50775 0.80039 -0.31869
vn -0.31869 0.80039 -0.50775
vn -0.47803 0.73686 -0.47803
vn -0.33850 0.87797 -0.33850
vn -0.33850 0.87797 -0.33850
vn -0.15934 0.83619 -0.52478
vn -0.31869 0.80039 -0.50775
vn -0.16925 0.92139 -0.34985
vn -0.16925 0.92139 -0.34985
vn 0.00000 0.84779 -0.53033
vn -0.15934 0.83619 -0.52478
vn 0.00000 0.93541 -0.35355
vn 0.00000 0.93541 -0.35355
vn 0.00000 0.84779 -0.53033
vn 0.00000 0.84779 -0.53033
vn 0.00000 0.93541 -0.35355
vn 0.00000 0.93541 -0.35355
vn 0.15934 0.83619 -0.52478
vn 0.00000 0.84779 -0.53033
vn 0.16925 0.92139 -0.34985
vn 0.16925 0.92139 -0.34985
vn 0.31869 0.80039 -0.50775
vn 0.15934 0.83619 -0.52478
vn 0.33850 0.87797 -0.33850
vn 0.33850 0.87797 -0.33850
vn 0.47803 0.73686 -0.47803
vn 0.31869 0.80039 -0.50775
vn 0.50775 0.80039 -0.31869
vn 0.50775 0.80039 -0.31869
vn 0.63738 0.63738 -0.43301
vn 0.47803 0.73686 -0.47803
vn 0.67700 0.67700 -0.28868
vn -0.63738 0.63738 -0.43301
vn -0.43301 0.63738 -0.63738
vn -0.57735 0.57735 -0.57735
vn -0.47803 0.73686 -0.47803
vn -0.47803 0.73686 -0.47803
vn -0.28868 0.67700 -0.67700
vn -0.43301 0.63738 -0.63738
vn -0.31869 0.80039 -0.50775
vn -0.31869 0.80039 -0.50775
vn -0.14434 0.69970 -0.69970
vn -0.28868 0.67700 -0.67700
vn -0.15934 0.83619 -0.52478
vn -0.15934 0.83619 -0.52478
vn 0.00000 0.70711 -0.70711
vn -0.14434 0.69970 -0.69970
vn 0.00000 0.84779 -0.53033
vn 0.00000 0.84779 -0.53033
vn 0.00000 0.70711 -0.70711
vn 0.00000 0.70711 -0.70711
vn 0.00000 0.84779 -0.53033
vn 0.00000 0.84779 -0.53033
vn 0.14434 0.69970 -0.69970
vn 0.00000 0.70711 -0.70711
vn 0.15934 0.83619 -0.52478
vn 0.15934 0.83619 -0.52478
vn 0.28868 0.67700 -0.67700
vn 0.14434 0.69970 -0.69970
vn 0.31869 0.80039 -0.50775
vn 0.31869 0.80039 -0.50775
vn 0.43301 0.63738 -0.63738
vn 0.28868 0.67700 -0.67700
vn 0.47803 0.73686 -0.47803
vn 0.47803 0.73686 -0.47803
vn 0.57735 0.57735 -0.57735
vn 0.43301 0.63738 -0.63738
vn 0.63738 0.63738 -0.43301
f 2/2/2 3/3/3 1/1/1 4/4/4 
f 5/5/6 2/2/7 4/4/5 6/6/8 
f 7/7/10 5/5/11 6/6/9 8/8/12 
f 9/9/14 7/7/15 8/8/13 10/10/16 
f 11/11/18 9/9/19 10/10/17 12/12/20 
f 13/13/22 11/11/23 12/12/21 14/14/24 
f 15/15/26 13/13/27 14/14/25 16/16/28 
f 17/17/30 15/15/31 16/16/29 18/18/32 
f 19/19/34 17/17/35 18/18/33 20/20/36 
f 21/21/38 22/22/39 3/3/37 2/2/40 
f 23/23/42 21/21/43 2/2/41 5/5/44 
f 24/24/46 23/23/47 5/5/45 7/7/48 
f 25/25/50 24/24/51 7/7/49 9/9/52 
f 26/26/54 25/25/55 9/9/53 11/11/56 
f 27/27/58 26/26/59 11/11/57 13/13/60 
f 28/28/62 27/27/63 13/13/61 15/15/64 
f 29/29/66 28/28/67 15/15/65 17/17/68 
f 30/30/70 29/29/71 17/17/69 19/19/72 
f 31/31/74 32/32/75 22/22/73 21/21/76 
f 33/33/78 31/31/79 21/21/77 23/23/80 
f 34/34/82 33/33/83 23/23/81 24/24/84 
f 35/35/86 34/34/87 24/24/85 25/25/88 
f 36/36/90 35/35/91 25/25/89 26/26/92 
f 37/37/94 36/36/95 26/26/93 27/27/96 
f 38/38/98 37/37/99 27/27/97 28/28/100 
f 39/39/102 38/38/103 28/28/101 29/29/104 
f 40/40/106 39/39/107 29/29/105 30/30/108 
f 41/41/110 42/42/111 32/32/109 31/31/112 
f 43/43/114 41/41/115 31/31/113 33/33/116 
f 44/44/118 43/43/119 33/33/117 34/34/120 
f 45/45/122 44/44/123 34/34/121 35/35/124 
f 46/46/126 45/45/127 35/35/125 36/36/128 
f 47/47/130 46/46/131 36/36/129 37/37/132 
f 48/48/134 47/47/135 37/37/133 38/38/136 
f 49/49/138 48/48/139 38/38/137 39/39/140 
f 50/50/142 49/49/143 39/39/141 40/40/144 
f 51/51/146 52/52/147 42/42/145 41/41/148 
f 53/53/150 51/51/151 41/41/149 43/43/152 
f 54/54/154 53/53/155 43/43/153 44/44/156 
f 55/55/158 54/54/159 44/44/157 45/45/160 
f 56/56/162 55/55/163 45/45/161 46/46/164 
f 57/57/166 56/56/167 46/46/165 47/47/168 
f 58/58/170 57/57/171 47/47/169 48/48/172 
f 59/59/174 58/58/175 48/48/173 49/49/176 
f 60/60/178 59/59/179 49/49/177 50/50/180 
f 61/61/182 62/62/183 52/52/181 51/51/184 
f 63/63/186 61/61/187 51/51/185 53/53/188 
f 64/64/190 63/63/191 53/53/189 54/54/192 
f 65/65/194 64/64/195 54/54/193 55/55/196 
f 66/66/198 65/65/199 55/55/197 56/56/200 
f 67/67/202 66/66/203 56/56/201 57/57/204 
f 68/68/206 67/67/207 57/57/205 58/58/208 
f 69/69/210 68/68/211 58/58/209 59/59/212 
f 70/70/214 69/69/215 59/59/213 60/60/216 
f 71/71/218 72/72/219 62/62/217 61/61/220 
f 73/73/222 71/71/223 61/61/221 63/63/224 
f 74/74/226 73/73/227 63/63/225 64/64/228 
f 75/75/230 74/74/231 64/64/229 65/65/232 
f 76/76/234 75/75/235 65/65/233 66/66/236 
f 77/77/238 76/76/239 66/66/237 67/67/240 
f 78/78/242 77/77/243 67/67/241 68/68/244 
f 79/79/246 78/78/247 68/68/245 69/69/248 
f 80/80/250 79/79/251 69/69/249 70/70/252 
f 81/81/254 82/82/255 72/72/253 71/71/256 
f 83/83/258 81/81/259 71/71/257 73/73/260 
f 84/84/262 83/83/263 73/73/261 74/74/264 
f 85/85/266 84/84/267 74/74/265 75/75/268 
f 86/86/270 85/85/271 75/75/269 76/76/272 
f 87/87/274 86/86/275 76/76/273 77/77/276 
f 88/88/278 87/87/279 77/77/277 78/78/280 
f 89/89/282 88/88/283 78/78/281 79/79/284 
f 90/90/286 89/89/287 79/79/285 80/80/288 
f 91/91/290 92/92/291 82/82/289 81/81/292 
f 93/93/294 91/91/295 81/81/293 83/83/296 
f 94/94/298 93/93/299 83/83/297 84/84/300 
f 95/95/302 94/94/303 84/84/301 85/85/304 
f 96/96/306 95/95/307 85/85/305 86/86/308 
f 97/97/310 96/96/311 86/86/309 87/87/312 
f 98/98/314 97/97/315 87/87/313 88/88/316 
f 99/99/318 98/98/319 88/88/317 89/89/320 
f 100/100/322 99/99/323 89/89/321 90/90/324 
f 101/101/326 102/102/327 100/100/325 90/90/328 
f 103/103/330 101/101/331 90/90/329 80/80/332 
f 104/104/334 103/103/335 80/80/333 70/70/336 
f 105/105/338 104/104/339 70/70/337 60/60/340 
f 106/106/342 105/105/343 60/60/341 50/50/344 
f 107/107/346 106/106/347 50/50/345 40/40/348 
f 108/108/350 107/107/351 40/40/349 30/30/352 
f 109/109/354 108/108/355 30/30/353 19/19/356 
f 110/110/358 109/109/359 19/19/357 20/20/360 
f 111/111/362 112/112/363 102/102/361 101/101/364 
f 113/113/366 111/111/367 101/101/365 103/103/368 
f 114/114/370 113/113/371 103/103/369 104/104/372 
f 115/115/374 114/114/375 104/104/373 105/105/376 
f 116/116/378 115/115/379 105/105/377 106/106/380 
f 117/117/382 116/116/383 106/106/381 107/107/384 
f 118/118/386 117/117/387 107/107/385 108/108/388 
f 119/119/390 118/118/391 108/108/389 109/109/392 
f 120/120/394 119/119/395 109/109/393 110/110/396 
f 121/121/398 122/122/399 112/112/397 111/111/400 
f 123/123/402 121/121/403 111/111/401 113/113/404 
f 124/124/406 123/123/407 113/113/405 114/114/408 
f 125/125/410 124/124/411 114/114/409 115/115/412 
f 126/126/414 125/125/415 115/115/413 116/116/416 
f 127/127/418 126/126/419 116/116/417 117/117/420 
f 128/128/422 127/127/423 117/117/421 118/118/424 
f 129/129/426 128/128/427 118/118/425 119/119/428 
f 130/130/430 129/129/431 119/119/429 120/120/432 
f 131/131/434 132/132/435 122/122/433 121/121/436 
f 133/133/438 131/131/439 121/121/437 123/123/440 
f 134/134/442 133/133/443 123/123/441 124/124/444 
f 135/135/446 134/134/447 124/124/445 125/125/448 
f 136/136/450 135/135/451 125/125/449 126/126/452 
f 137/137/454 136/136/455 126/126/453 127/127/456 
f 138/138/458 137/137/459 127/127/457 128/128/460 
f 139/139/462 138/138/463 128/128/461 129/129/464 
f 140/140/466 139/139/467 129/129/465 130/130/468 
f 141/141/470 142/142/471 132/132/469 131/131/472 
f 143/143/474 141/141/475 131/131/473 133/133/476 
f 144/144/478 143/143/479 133/133/477 134/134/480 
f 145/145/482 144/144/483 134/134/481 135/135/484 
f 146/146/486 145/145/487 135/135/485 136/136/488 
f 147/147/490 146/146/491 136/136/489 137/137/492 
f 148/148/494 147/147/495 137/137/493 138/138/496 
f 149/149/498 148/148/499 138/138/497 139/139/500 
f 150/150/502 149/149/503 139/139/501 140/140/504 
f 151/151/506 152/152/507 142/142/505 141/141/508 
f 153/153/510 151/151/511 141/141/509 143/143/512 
f 154/154/514 153/153/515 143/143/513 144/144/516 
f 155/155/518 154/154/519 144/144/517 145/145/520 
f 156/156/522 155/155/523 145/145/521 146/146/524 
f 157/157/526 156/156/527 146/146/525 147/147/528 
f 158/158/530 157/157/531 147/147/529 148/148/532 
f 159/159/534 158/158/535 148/148/533 149/149/536 
f 160/160/538 159/159/539 149/149/537 150/150/540 
f 161/161/542 162/162/543 152/152/541 151/151/544 
f 163/163/546 161/161/547 151/151/545 153/153/548 
f 164/164/550 163/163/551 153/153/549 154/154/552 
f 165/165/554 164/164/555 154/154/553 155/155/556 
f 166/166/558 165/165/559 155/155/557 156/156/560 
f 167/167/562 166/166/563 156/156/561 157/157/564 
f 168/168/566 167/167/567 157/157/565 158/158/568 
f 169/169/570 168/168/571 158/158/569 159/159/572 
f 170/170/574 169/169/575 159/159/573 160/160/576 
f 171/171/578 172/172/579 162/162/577 161/161/580 
f 173/173/582 171/171/583 161/161/581 163/163/584 
f 174/174/586 173/173/587 163/163/585 164/164/588 
f 175/175/590 174/174/591 164/164/589 165/165/592 
f 176/176/594 175/175/595 165/165/593 166/166/596 
f 177/177/598 176/176/599 166/166/597 167/167/600 
f 178/178/602 177/177/603 167/167/601 168/168/604 
f 179/179/606 178/178/607 168/168/605 169/169/608 
f 180/180/610 179/179/611 169/169/609 170/170/612 
f 181/181/614 182/182/615 172/172/613 171/171/616 
f 183/183/618 181/181/619 171/171/617 173/173/620 
f 184/184/622 183/183/623 173/173/621 174/174/624 
f 185/185/626 184/184/627 174/174/625 175/175/628 
f 186/186/630 185/185/631 175/175/629 176/176/632 
f 187/187/634 186/186/635 176/176/633 177/177/636 
f 188/188/638 187/187/639 177/177/637 178/178/640 
f 189/189/642 188/188/643 178/178/641 179/179/644 
f 190/190/646 189/189/647 179/179/645 180/180/648 
f 191/191/650 110/110/651 20/20/649 18/18/652 
f 192/192/654 191/191/655 18/18/653 16/16/656 
f 193/193/658 192/192/659 16/16/657 14/14/660 
f 194/194/662 193/193/663 14/14/661 12/12/664 
f 195/195/666 194/194/667 12/12/665 10/10/668 
f 196/196/670 195/195/671 10/10/669 8/8/672 
f 197/197/674 196/196/675 8/8/673 6/6/676 
f 198/198/678 197/197/679 6/6/677 4/4/680 
f 199/199/682 198/198/683 4/4/681 1/1/684 
f 200/200/686 120/120/687 110/110/685 191/191/688 
f 201/201/690 200/200/691 191/191/689 192/192/692 
f 202/202/694 201/201/695 192/192/693 193/193/696 
f 203/203/698 202/202/699 193/193/697 194/194/700 
f 204/204/702 203/203/703 194/194/701 195/195/704 
f 205/205/706 204/204/707 195/195/705 196/196/708 
f 206/206/710 205/205/711 196/196/709 197/197/712 
f 207/207/714 206/206/715 197/197/713 198/198/716 
f 208/208/718 207/207/719 198/198/717 199/199/720 
f 209/209/722 130/130/723 120/120/721 200/200/724 
f 210/210/726 209/209/727 200/200/725 201/201/728 
f 211/211/730 210/210/731 201/201/729 202/202/732 
f 212/212/734 211/211/735 202/202/733 203/203/736 
f 213/213/738 212/212/739 203/203/737 204/204/740 
f 214/214/742 213/213/743 204/204/741 205/205/744 
f 215/215/746 214/214/747 205/205/745 206/206/748 
f 216/216/750 215/215/751 206/206/749 207/207/752 
f 217/217/754 216/216/755 207/207/753 208/208/756 
f 218/218/758 140/140/759 130/130/757 209/209/760 
f 219/219/762 218/218/763 209/209/761 210/210/764 
f 220/220/766 219/219/767 210/210/765 211/211/768 
f 221/221/770 220/220/771 211/211/769 212/212/772 
f 222/222/774 221/221/775 212/212/773 213/213/776 
f 223/223/778 222/222/779 213/213/777 214/214/780 
f 224/224/782 223/223/783 214/214/781 215/215/784 
f 225/225/786 224/224/787 215/215/785 216/216/788 
f 226/226/790 225/225/791 216/216/789 217/217/792 
f 227/227/794 150/150/795 140/140/793 218/218/796 
f 228/228/798 227/227/799 218/218/797 219/219/800 
f 229/229/802 228/228/803 219/219/801 220/220/804 
f 230/230/806 229/229/807 220/220/805 221/221/808 
f 231/231/810 230/230/811 221/221/809 222/222/812 
f 232/232/814 231/231/815 222/222/813 223/223/816 
f 233/233/818 232/232/819 223/223/817 224/224/820 
f 234/234/822 233/233/823 224/224/821 225/225/824 
f 235/235/826 234/234/827 225/225/825 226/226/828 
f 236/236/830 160/160/831 150/150/829 227/227/832 
f 237/237/834 236/236/835 227/227/833 228/228/836 
f 238/238/838 237/237/839 228/228/837 229/229/840 
f 239/239/842 238/238/843 229/229/841 230/230/844 
f 240/240/846 239/239/847 230/230/845 231/231/848 
f 241/241/850 240/240/851 231/231/849 232/232/852 
f 242/242/854 241/241/855 232/232/853 233/233/856 
f 243/243/858 242/242/859 233/233/857 234/234/860 
f 244/244/862 243/243/863 234/234/861 235/235/864 
f 245/245/866 170/170/867 160/160/865 236/236/868 
f 246/246/870 245/245/871 236/236/869 237/237/872 
f 247/247/874 246/246/875 237/237/873 238/238/876 
f 248/248/878 247/247/879 238/238/877 239/239/880 
f 249/249/882 248/248/883 239/239/881 240/240/884 
f 250/250/886 249/249/887 240/240/885 241/241/888 
f 251/251/890 250/250/891 241/241/889 242/242/892 
f 252/252/894 251/251/895 242/242/893 243/243/896 
f 253/253/898 252/252/899 243/243/897 244/244/900 
f 254/254/902 180/180/903 170/170/901 245/245/904 
f 255/255/906 254/254/907 245/245/905 246/246/908 
f 256/256/910 255/255/911 246/246/909 247/247/912 
f 257/257/914 256/256/915 247/247/913 248/248/916 
f 258/258/918 257/257/919 248/248/917 249/249/920 
f 259/259/922 258/258/923 249/249/921 250/250/924 
f 260/260/926 259/259/927 250/250/925 251/251/928 
f 261/261/930 260/260/931 251/251/929 252/252/932 
f 262/262/934 261/261/935 252/252/933 253/253/936 
f 263/263/938 190/190/939 180/180/937 254/254/940 
f 264/264/942 263/263/943 254/254/941 255/255/944 
f 265/265/946 264/264/947 255/255/945 256/256/948 
f 266/266/950 265/265/951 256/256/949 257/257/952 
f 267/267/954 266/266/955 257/257/953 258/258/956 
f 268/268/958 267/267/959 258/258/957 259/259/960 
f 269/269/962 268/268/963 259/259/961 260/260/964 
f 270/270/966 269/269/967 260/260/965 261/261/968 
f 271/271/970 270/270/971 261/261/969 262/262/972 
f 272/272/974 273/273/975 92/92/973 91/91/976 
f 274/274/978 272/272/979 91/91/977 93/93/980 
f 275/275/982 274/274/983 93/93/981 94/94/984 
f 276/276/986 275/275/987 94/94/985 95/95/988 
f 277/277/990 276/276/991 95/95/989 96/96/992 
f 278/278/994 277/277/995 96/96/993 97/97/996 
f 279/279/998 278/278/999 97/97/997 98/98/1000 
f 280/280/1002 279/279/1003 98/98/1001 99/99/1004 
f 102/102/1006 280/280/1007 99/99/1005 100/100/1008 
f 281/281/1010 282/282/1011 273/273/1009 272/272/1012 
f 283/283/1014 281/281/1015 272/272/1013 274/274/1016 
f 284/284/1018 283/283/1019 274/274/1017 275/275/1020 
f 285/285/1022 284/284/1023 275/275/1021 276/276/1024 
f 286/286/1026 285/285/1027 276/276/1025 277/277/1028 
f 287/287/1030 286/286/1031 277/277/1029 278/278/1032 
f 288/288/1034 287/287/1035 278/278/1033 279/279/1036 
f 289/289/1038 288/288/1039 279/279/1037 280/280/1040 
f 112/112/1042 289/289/1043 280/280/1041 102/102/1044 
f 290/290/1046 291/291/1047 282/282/1045 281/281/1048 
f 292/292/1050 290/290/1051 281/281/1049 283/283/1052 
f 293/293/1054 292/292/1055 283/283/1053 284/284/1056 
f 294/294/1058 293/293/1059 284/284/1057 285/285/1060 
f 295/295/1062 294/294/1063 285/285/1061 286/286/1064 
f 296/296/1066 295/295/1067 286/286/1065 287/287/1068 
f 297/297/1070 296/296/1071 287/287/1069 288/288/1072 
f 298/298/1074 297/297/1075 288/288/1073 289/289/1076 
f 122/122/1078 298/298/1079 289/289/1077 112/112/1080 
f 299/299/1082 300/300/1083 291/291/1081 290/290/1084 
f 301/301/1086 299/299/1087 290/290/1085 292/292/1088 
f 302/302/1090 301/301/1091 292/292/1089 293/293/1092 
f 303/303/1094 302/302/1095 293/293/1093 294/294/1096 
f 304/304/1098 303/303/1099 294/294/1097 295/295/1100 
f 305/305/1102 304/304/1103 295/295/1101 296/296/1104 
f 306/306/1106 305/305/1107 296/296/1105 297/297/1108 
f 307/307/1110 306/306/1111 297/297/1109 298/298/1112 
f 132/132/1114 307/307/1115 298/298/1113 122/122/1116 
f 308/308/1118 309/309/1119 300/300/1117 299/299/1120 
f 310/310/1122 308/308/1123 299/299/1121 301/301/1124 
f 311/311/1126 310/310/1127 301/301/1125 302/302/1128 
f 312/312/1130 311/311/1131 302/302/1129 303/303/1132 
f 313/313/1134 312/312/1135 303/303/1133 304/304/1136 
f 314/314/1138 313/313/1139 304/304/1137 305/305/1140 
f 315/315/1142 314/314/1143 305/305/1141 306/306/1144 
f 316/316/1146 315/315/1147 306/306/1145 307/307/1148 
f 142/142/1150 316/316/1151 307/307/1149 132/132/1152 
f 317/317/1154 318/318/1155 309/309/1153 308/308/1156 
f 319/319/1158 317/317/1159 308/308/1157 310/310/1160 
f 320/320/1162 319/319/1163 310/310/1161 311/311/1164 
f 321/321/1166 320/320/1167 311/311/1165 312/312/1168 
f 322/322/1170 321/321/1171 312/312/1169 313/313/1172 
f 323/323/1174 322/322/1175 313/313/1173 314/314/1176 
f 324/324/1178 323/323/1179 314/314/1177 315/315/1180 
f 325/325/1182 324/324/1183 315/315/1181 316/316/1184 
f 152/152/1186 325/325/1187 316/316/1185 142/142/1188 
f 326/326/1190 327/327/1191 318/318/1189 317/317/1192 
f 328/328/1194 326/326/1195 317/317/1193 319/319/1196 
f 329/329/1198 328/328/1199 319/319/1197 320/320/1200 
f 330/330/1202 329/329/1203 320/320/1201 321/321/1204 
f 331/331/1206 330/330/1207 321/321/1205 322/322/1208 
f 332/332/1210 331/331/1211 322/322/1209 323/323/1212 
f 333/333/1214 332/332/1215 323/323/1213 324/324/1216 
f 334/334/1218 333/333/1219 324/324/1217 325/325/1220 
f 162/162/1222 334/334/1223 325/325/1221 152/152/1224 
f 335/335/1226 336/336/1227 327/327/1225 326/326/1228 
f 337/337/1230 335/335/1231 326/326/1229 328/328/1232 
f 338/338/1234 337/337/1235 328/328/1233 329/329/1236 
f 339/339/1238 338/338/1239 329/329/1237 330/330/1240 
f 340/340/1242 339/339/1243 330/330/1241 331/331/1244 
f 341/341/1246 340/340/1247 331/331/1245 332/332/1248 
f 342/342/1250 341/341/1251 332/332/1249 333/333/1252 
f 343/343/1254 342/342/1255 333/333/1253 334/334/1256 
f 172/172/1258 343/343/1259 334/334/1257 162/162/1260 
f 344/344/1262 345/345/1263 336/336/1261 335/335/1264 
f 346/346/1266 344/344/1267 335/335/1265 337/337/1268 
f 347/347/1270 346/346/1271 337/337/1269 338/338/1272 
f 348/348/1274 347/347/1275 338/338/1273 339/339/1276 
f 349/349/1278 348/348/1279 339/339/1277 340/340/1280 
f 350/350/1282 349/349/1283 340/340/1281 341/341/1284 
f 351/351/1286 350/350/1287 341/341/1285 342/342/1288 
f 352/352/1290 351/351/1291 342/342/1289 343/343/1292 
f 182/182/1294 352/352/1295 343/343/1293 172/172/1296 
f 353/353/1298 199/199/1299 1/1/1297 3/3/1300 
f 354/354/1302 353/353/1303 3/3/1301 22/22/1304 
f 355/355/1306 354/354/1307 22/22/1305 32/32/1308 
f 356/356/1310 355/355/1311 32/32/1309 42/42/1312 
f 357/357/1314 356/356/1315 42/42/1313 52/52/1316 
f 358/358/1318 357/357/1319 52/52/1317 62/62/1320 
f 359/359/1322 358/358/1323 62/62/1321 72/72/1324 
f 360/360/1326 359/359/1327 72/72/1325 82/82/1328 
f 273/273/1330 360/360/1331 82/82/1329 92/92/1332 
f 361/361/1334 208/208/1335 199/199/1333 353/353/1336 
f 362/362/1338 361/361/1339 353/353/1337 354/354/1340 
f 363/363/1342 362/362/1343 354/354/1341 355/355/1344 
f 364/364/1346 363/363/1347 355/355/1345 356/356/1348 
f 365/365/1350 364/364/1351 356/356/1349 357/357/1352 
f 366/366/1354 365/365/1355 357/357/1353 358/358/1356 
f 367/367/1358 366/366/1359 358/358/1357 359/359/1360 
f 368/368/1362 367/367/1363 359/359/1361 360/360/1364 
f 282/282/1366 368/368/1367 360/360/1365 273/273/1368 
f 369/369/1370 217/217/1371 208/208/1369 361/361/1372 
f 370/370/1374 369/369/1375 361/361/1373 362/362/1376 
f 371/371/1378 370/370/1379 362/362/1377 363/363/1380 
f 372/372/1382 371/371/1383 363/363/1381 364/364/1384 
f 373/373/1386 372/372/1387 364/364/1385 365/365/1388 
f 374/374/1390 373/373/1391 365/365/1389 366/366/1392 
f 375/375/1394 374/374/1395 366/366/1393 367/367/1396 
f 376/376/1398 375/375/1399 367/367/1397 368/368/1400 
f 291/291/1402 376/376/1403 368/368/1401 282/282/1404 
f 377/377/1406 226/226/1407 217/217/1405 369/369/1408 
f 378/378/1410 377/377/1411 369/369/1409 370/370/1412 
f 379/379/1414 378/378/1415 370/370/1413 371/371/1416 
f 380/380/1418 379/379/1419 371/371/1417 372/372/1420 
f 381/381/1422 380/380/1423 372/372/1421 373/373/1424 
f 382/382/1426 381/381/1427 373/373/1425 374/374/1428 
f 383/383/1430 382/382/1431 374/374/1429 375/375/1432 
f 384/384/1434 383/383/1435 375/375/1433 376/376/1436 
f 300/300/1438 384/384/1439 376/376/1437 291/291/1440 
f 385/385/1442 235/235/1443 226/226/1441 377/377/1444 
f 386/386/1446 385/385/1447 377/377/1445 378/378/1448 
f 387/387/1450 386/386/1451 378/378/1449 379/379/1452 
f 388/388/1454 387/387/1455 379/379/1453 380/380/1456 
f 389/389/1458 388/388/1459 380/380/1457 381/381/1460 
f 390/390/1462 389/389/1463 381/381/1461 382/382/1464 
f 391/391/1466 390/390/1467 382/382/1465 383/383/1468 
f 392/392/1470 391/391/1471 383/383/1469 384/384/1472 
f 309/309/1474 392/392/1475 384/384/1473 300/300/1476 
f 393/393/1478 244/244/1479 235/235/1477 385/385/1480 
f 394/394/1482 393/393/1483 385/385/1481 386/386/1484 
f 395/395/1486 394/394/1487 386/386/1485 387/387/1488 
f 396/396/1490 395/395/1491 387/387/1489 388/388/1492 
f 397/397/1494 396/396/1495 388/388/1493 389/389/1496 
f 398/398/1498 397/397/1499 389/389/1497 390/390/1500 
f 399/399/1502 398/398/1503 390/390/1501 391/391/1504 
f 400/400/1506 399/399/1507 391/391/1505 392/392/1508 
f 318/318/1510 400/400/1511 392/392/1509 309/309/1512 
f 401/401/1514 253/253/1515 244/244/1513 393/393/1516 
f 402/402/1518 401/401/1519 393/393/1517 394/394/1520 
f 403/403/1522 402/402/1523 394/394/1521 395/395/1524 
f 404/404/1526 403/403/1527 395/395/1525 396/396/1528 
f 405/405/1530 404/404/1531 396/396/1529 397/397/1532 
f 406/406/1534 405/405/1535 397/397/1533 398/398/1536 
f 407/407/1538 406/406/1539 398/398/1537 399/399/1540 
f 408/408/1542 407/407/1543 399/399/1541 400/400/1544 
f 327/327/1546 408/408/1547 400/400/1545 318/318/1548 
f 409/409/1550 262/262/1551 253/253/1549 401/401/1552 
f 410/410/1554 409/409/1555 401/401/1553 402/402/1556 
f 411/411/1558 410/410/1559 402/402/1557 403/403/1560 
f 412/412/1562 411/411/1563 403/403/1561 404/404/1564 
f 413/413/1566 412/412/1567 404/404/1565 405/405/1568 
f 414/414/1570 413/413/1571 405/405/1569 406/406/1572 
f 415/415/1574 414/414/1575 406/406/1573 407/407/1576 
f 416/416/1578 415/415/1579 407/407/1577 408/408/1580 
f 336/336/1582 416/416/1583 408/408/1581 327/327/1584 
f 417/417/1586 271/271/1587 262/262/1585 409/409/1588 
f 418/418/1590 417/417/1591 409/409/1589 410/410/1592 
f 419/419/1594 418/418/1595 410/410/1593 411/411/1596 
f 420/420/1598 419/419/1599 411/411/1597 412/412/1600 
f 421/421/1602 420/420/1603 412/412/1601 413/413/1604 
f 422/422/1606 421/421/1607 413/413/1605 414/414/1608 
f 423/423/1610 422/422/1611 414/414/1609 415/415/1612 
f 424/424/1614 423/423/1615 415/415/1613 416/416/1616 
f 345/345/1618 424/424/1619 416/416/1617 336/336/1620 
f 425/425/1622 189/189/1623 190/190/1621 263/263/1624 
f 426/426/1626 425/425/1627 263/263/1625 264/264/1628 
f 427/427/1630 426/426/1631 264/264/1629 265/265/1632 
f 428/428/1634 427/427/1635 265/265/1633 266/266/1636 
f 429/429/1638 428/428/1639 266/266/1637 267/267/1640 
f 430/430/1642 429/429/1643 267/267/1641 268/268/1644 
f 431/431/1646 430/430/1647 268/268/1645 269/269/1648 
f 432/432/1650 431/431/1651 269/269/1649 270/270/1652 
f 417/417/1654 432/432/1655 270/270/1653 271/271/1656 
f 433/433/1658 188/188/1659 189/189/1657 425/425/1660 
f 434/434/1662 433/433/1663 425/425/1661 426/426/1664 
f 435/435/1666 434/434/1667 426/426/1665 427/427/1668 
f 436/436/1670 435/435/1671 427/427/1669 428/428/1672 
f 437/437/1674 436/436/1675 428/428/1673 429/429/1676 
f 438/438/1678 437/437/1679 429/429/1677 430/430/1680 
f 439/439/1682 438/438/1683 430/430/1681 431/431/1684 
f 440/440/1686 439/439/1687 431/431/1685 432/432/1688 
f 418/418/1690 440/440/1691 432/432/1689 417/417/1692 
f 441/441/1694 187/187/1695 188/188/1693 433/433/1696 
f 442/442/1698 441/441/1699 433/433/1697 434/434/1700 
f 443/443/1702 442/442/1703 434/434/1701 435/435/1704 
f 444/444/1706 443/443/1707 435/435/1705 436/436/1708 
f 445/445/1710 444/444/1711 436/436/1709 437/437/1712 
f 446/446/1714 445/445/1715 437/437/1713 438/438/1716 
f 447/447/1718 446/446/1719 438/438/1717 439/439/1720 
f 448/448/1722 447/447/1723 439/439/1721 440/440/1724 
f 419/419/1726 448/448/1727 440/440/1725 418/418/1728 
f 449/449/1730 186/186/1731 187/187/1729 441/441/1732 
f 450/450/1734 449/449/1735 441/441/1733 442/442/1736 
f 451/451/1738 450/450/1739 442/442/1737 443/443/1740 
f 452/452/1742 451/451/1743 443/443/1741 444/444/1744 
f 453/453/1746 452/452/1747 444/444/1745 445/445/1748 
f 454/454/1750 453/453/1751 445/445/1749 446/446/1752 
f 455/455/1754 454/454/1755 446/446/1753 447/447/1756 
f 456/456/1758 455/455/1759 447/447/1757 448/448/1760 
f 420/420/1762 456/456/1763 448/448/1761 419/419/1764 
f 457/457/1766 185/185/1767 186/186/1765 449/449/1768 
f 458/458/1770 457/457/1771 449/449/1769 450/450/1772 
f 459/459/1774 458/458/1775 450/450/1773 451/451/1776 
f 460/460/1778 459/459/1779 451/451/1777 452/452/1780 
f 461/461/1782 460/460/1783 452/452/1781 453/453/1784 
f 462/462/1786 461/461/1787 453/453/1785 454/454/1788 
f 463/463/1790 462/462/1791 454/454/1789 455/455/1792 
f 464/464/1794 463/463/1795 455/455/1793 456/456/1796 
f 421/421/1798 464/464/1799 456/456/1797 420/420/1800 
f 465/465/1802 184/184/1803 185/185/1801 457/457/1804 
f 466/466/1806 465/465/1807 457/457/1805 458/458/1808 
f 467/467/1810 466/466/1811 458/458/1809 459/459/1812 
f 468/468/1814 467/467/1815 459/459/1813 460/460/1816 
f 469/469/1818 468/468/1819 460/460/1817 461/461/1820 
f 470/470/1822 469/469/1823 461/461/1821 462/462/1824 
f 471/471/1826 470/470/1827 462/462/1825 463/463/1828 
f 472/472/1830 471/471/1831 463/463/1829 464/464/1832 
f 422/422/1834 472/472/1835 464/464/1833 421/421/1836 
f 473/473/1838 183/183/1839 184/184/1837 465/465/1840 
f 474/474/1842 473/473/1843 465/465/1841 466/466/1844 
f 475/475/1846 474/474/1847 466/466/1845 467/467/1848 
f 476/476/1850 475/475/1851 467/467/1849 468/468/1852 
f 477/477/1854 476/476/1855 468/468/1853 469/469/1856 
f 478/478/1858 477/477/1859 469/469/1857 470/470/1860 
f 479/479/1862 478/478/1863 470/470/1861 471/471/1864 
f 480/480/1866 479/479/1867 471/471/1865 472/472/1868 
f 423/423/1870 480/480/1871 472/472/1869 422/422/1872 
f 481/481/1874 181/181/1875 183/183/1873 473/473/1876 
f 482/482/1878 481/481/1879 473/473/1877 474/474/1880 
f 483/483/1882 482/482/1883 474/474/1881 475/475/1884 
f 484/484/1886 483/483/1887 475/475/1885 476/476/1888 
f 485/485/1890 484/484/1891 476/476/1889 477/477/1892 
f 486/486/1894 485/485/1895 477/477/1893 478/478/1896 
f 487/487/1898 486/486/1899 478/478/1897 479/479/1900 
f 488/488/1902 487/487/1903 479/479/1901 480/480/1904 
f 424/424/1906 488/488/1907 480/480/1905 423/423/1908 
f 352/352/1910 182/182/1911 181/181/1909 481/481/1912 
f 351/351/1914 352/352/1915 481/481/1913 482/482/1916 
f 350/350/1918 351/351/1919 482/482/1917 483/483/1920 
f 349/349/1922 350/350/1923 483/483/1921 484/484/1924 
f 348/348/1926 349/349/1927 484/484/1925 485/485/1928 
f 347/347/1930 348/348/1931 485/485/1929 486/486/1932 
f 346/346/1934 347/347/1935 486/486/1933 487/487/1936 
f 344/344/1938 346/346/1939 487/487/1937 488/488/1940 
f 345/345/1942 344/344/1943 488/488/1941 424/424/1944 
o 001_Box_1
g Box_1
usemtl Belize
v 148.309 2.691 48.309
v 147.912 2.053 47.912
v 148.550 2.450 47.732
v 147.732 2.450 48.550
v 147.275 1.798 48.031
v 147.155 2.292 48.708
v 146.637 1.655 48.099
v 146.577 2.201 48.799
v 146.000 1.609 48.121
v 146.000 2.172 48.828
v 54.000 1.609 48.121
v 54.000 2.172 48.828
v 53.363 1.655 48.099
v 53.423 2.201 48.799
v 52.725 1.798 48.031
v 52.845 2.292 48.708
v 52.088 2.053 47.912
v 52.268 2.450 48.550
v 51.450 2.450 47.732
v 51.691 2.691 48.309
v 148.031 1.798 47.275
v 148.708 2.292 47.155
v 147.354 1.488 47.354
v 146.677 1.314 47.399
v 146.000 1.258 47.414
v 54.000 1.258 47.414
v 53.323 1.314 47.399
v 52.646 1.488 47.354
v 51.969 1.798 47.275
v 51.292 2.292 47.155
v 148.099 1.655 46.637
v 148.799 2.201 46.577
v 147.399 1.314 46.677
v 146.700 1.124 46.700
v 146.000 1.063 46.707
v 54.000 1.063 46.707
v 53.300 1.124 46.700
v 52.601 1.314 46.677
v 51.901 1.655 46.637
v 51.201 2.201 46.577
v 148.121 1.609 46.000
v 148.828 2.172 46.000
v 147.414 1.258 46.000
v 146.707 1.063 46.000
v 146.000 1.000 46.000
v 54.000 1.000 46.000
v 53.293 1.063 46.000
v 52.586 1.258 46.000
v 51.879 1.609 46.000
v 51.172 2.172 46.000
v 148.121 1.609 -46.000
v 148.828 2.172 -46.000
v 147.414 1.258 -46.000
v 146.707 1.063 -46.000
v 146.000 1.000 -46.000
v 54.000 1.000 -46.000
v 53.293 1.063 -46.000
v 52.586 1.258 -46.000
v 51.879 1.609 -46.000
v 51.172 2.172 -46.000
v 148.099 1.655 -46.637
v 148.799 2.201 -46.577
v 147.399 1.314 -46.677
v 146.700 1.124 -46.700
v 146.000 1.063 -46.707
v 54.000 1.063 -46.707
v 53.300 1.124 -46.700
v 52.601 1.314 -46.677
v 51.901 1.655 -46.637
v 51.201 2.201 -46.577
v 148.031 1.798 -47.275
v 148.708 2.292 -47.155
v 147.354 1.488 -47.354
v 146.677 1.314 -47.399
v 146.000 1.258 -47.414
v 54.000 1.258 -47.414
v 53.323 1.314 -47.399
v 52.646 1.488 -47.354
v 51.969 1.798 -47.275
v 51.292 2.292 -47.155
v 147.912 2.053 -47.912
v 148.550 2.450 -47.732
v 147.275 1.798 -48.031
v 146.637 1.655 -48.099
v 146.000 1.609 -48.121
v 54.000 1.609 -48.121
v 53.363 1.655 -48.099
v 52.725 1.798 -48.031
v 52.088 2.053 -47.912
v 51.450 2.450 -47.732
v 147.732 2.450 -48.550
v 148.309 2.691 -48.309
v 147.155 2.292 -48.708
v 146.577 2.201 -48.799
v 146.000 2.172 -48.828
v 54.000 2.172 -48.828
v 53.423 2.201 -48.799
v 52.845 2.292 -48.708
v 52.268 2.450 -48.550
v 51.691 2.691 -48.309
v 51.053 3.088 -47.912
v 51.450 3.268 -48.550
v 50.798 2.969 -47.275
v 50.655 2.901 -46.637
v 50.609 2.879 -46.000
v 50.609 2.879 46.000
v 50.655 2.901 46.637
v 50.798 2.969 47.275
v 51.053 3.088 47.912
v 51.450 3.268 48.550
v 50.798 3.725 -48.031
v 51.292 3.845 -48.708
v 50.488 3.646 -47.354
v 50.314 3.601 -46.677
v 50.258 3.586 -46.000
v 50.258 3.586 46.000
v 50.314 3.601 46.677
v 50.488 3.646 47.354
v 50.798 3.725 48.031
v 51.292 3.845 48.708
v 50.655 4.363 -48.099
v 51.201 4.423 -48.799
v 50.314 4.323 -47.399
v 50.124 4.300 -46.700
v 50.063 4.293 -46.000
v 50.063 4.293 46.000
v 50.124 4.300 46.700
v 50.314 4.323 47.399
v 50.655 4.363 48.099
v 51.201 4.423 48.799
v 50.609 5.000 -48.121
v 51.172 5.000 -48.828
v 50.258 5.000 -47.414
v 50.063 5.000 -46.707
v 50.000 5.000 -46.000
v 50.000 5.000 46.000
v 50.063 5.000 46.707
v 50.258 5.000 47.414
v 50.609 5.000 48.121
v 51.172 5.000 48.828
v 50.609 97.000 -48.121
v 51.172 97.000 -48.828
v 50.258 97.000 -47.414
v 50.063 97.000 -46.707
v 50.000 97.000 -46.000
v 50.000 97.000 46.000
v 50.063 97.000 46.707
v 50.258 97.000 47.414
v 50.609 97.000 48.121
v 51.172 97.000 48.828
v 50.655 97.637 -48.099
v 51.201 97.577 -48.799
v 50.314 97.677 -47.399
v 50.124 97.700 -46.700
v 50.063 97.707 -46.000
v 50.063 97.707 46.000
v 50.124 97.700 46.700
v 50.314 97.677 47.399
v 50.655 97.637 48.099
v 51.201 97.577 48.799
v 50.798 98.275 -48.031
v 51.292 98.155 -48.708
v 50.488 98.354 -47.354
v 50.314 98.399 -46.677
v 50.258 98.414 -46.000
v 50.258 98.414 46.000
v 50.314 98.399 46.677
v 50.488 98.354 47.354
v 50.798 98.275 48.031
v 51.292 98.155 48.708
v 51.053 98.912 -47.912
v 51.450 98.732 -48.550
v 50.798 99.031 -47.275
v 50.655 99.099 -46.637
v 50.609 99.121 -46.000
v 50.609 99.121 46.000
v 50.655 99.099 46.637
v 50.798 99.031 47.275
v 51.053 98.912 47.912
v 51.450 98.732 48.550
v 51.450 99.550 -47.732
v 51.691 99.309 -48.309
v 51.292 99.708 -47.155
v 51.201 99.799 -46.577
v 51.172 99.828 -46.000
v 51.172 99.828 46.000
v 51.201 99.799 46.577
v 51.292 99.708 47.155
v 51.450 99.550 47.732
v 51.691 99.309 48.309
v 52.088 3.088 48.947
v 52.725 2.969 49.202
v 53.363 2.901 49.345
v 54.000 2.879 49.391
v 146.000 2.879 49.391
v 146.637 2.901 49.345
v 147.275 2.969 49.202
v 147.912 3.088 48.947
v 148.550 3.268 48.550
v 51.969 3.725 49.202
v 52.646 3.646 49.512
v 53.323 3.601 49.686
v 54.000 3.586 49.742
v 146.000 3.586 49.742
v 146.677 3.601 49.686
v 147.354 3.646 49.512
v 148.031 3.725 49.202
v 148.708 3.845 48.708
v 51.901 4.363 49.345
v 52.601 4.323 49.686
v 53.300 4.300 49.876
v 54.000 4.293 49.937
v 146.000 4.293 49.937
v 146.700 4.300 49.876
v 147.399 4.323 49.686
v 148.099 4.363 49.345
v 148.799 4.423 48.799
v 51.879 5.000 49.391
v 52.586 5.000 49.742
v 53.293 5.000 49.937
v 54.000 5.000 50.000
v 146.000 5.000 50.000
v 146.707 5.000 49.937
v 147.414 5.000 49.742
v 148.121 5.000 49.391
v 148.828 5.000 48.828
v 51.879 97.000 49.391
v 52.586 97.000 49.742
v 53.293 97.000 49.937
v 54.000 97.000 50.000
v 146.000 97.000 50.000
v 146.707 97.000 49.937
v 147.414 97.000 49.742
v 148.121 97.000 49.391
v 148.828 97.000 48.828
v 51.901 97.637 49.345
v 52.601 97.677 49.686
v 53.300 97.700 49.876
v 54.000 97.707 49.937
v 146.000 97.707 49.937
v 146.700 97.700 49.876
v 147.399 97.677 49.686
v 148.099 97.637 49.345
v 148.799 97.577 48.799
v 51.969 98.275 49.202
v 52.646 98.354 49.512
v 53.323 98.399 49.686
v 54.000 98.414 49.742
v 146.000 98.414 49.742
v 146.677 98.399 49.686
v 147.354 98.354 49.512
v 148.031 98.275 49.202
v 148.708 98.155 48.708
v 52.088 98.912 48.947
v 52.725 99.031 49.202
v 53.363 99.099 49.345
v 54.000 99.121 49.391
v 146.000 99.121 49.391
v 146.637 99.099 49.345
v 147.275 99.031 49.202
v 147.912 98.912 48.947
v 148.550 98.732 48.550
v 52.268 99.550 48.550
v 52.845 99.708 48.708
v 53.423 99.799 48.799
v 54.000 99.828 48.828
v 146.000 99.828 48.828
v 146.577 99.799 48.799
v 147.155 99.708 48.708
v 147.732 99.550 48.550
v 148.309 99.309 48.309
v 147.912 3.088 -48.947
v 148.550 3.268 -48.550
v 147.275 2.969 -49.202
v 146.637 2.901 -49.345
v 146.000 2.879 -49.391
v 54.000 2.879 -49.391
v 53.363 2.901 -49.345
v 52.725 2.969 -49.202
v 52.088 3.088 -48.947
v 148.031 3.725 -49.202
v 148.708 3.845 -48.708
v 147.354 3.646 -49.512
v 146.677 3.601 -49.686
v 146.000 3.586 -49.742
v 54.000 3.586 -49.742
v 53.323 3.601 -49.686
v 52.646 3.646 -49.512
v 51.969 3.725 -49.202
v 148.099 4.363 -49.345
v 148.799 4.423 -48.799
v 147.399 4.323 -49.686
v 146.700 4.300 -49.876
v 146.000 4.293 -49.937
v 54.000 4.293 -49.937
v 53.300 4.300 -49.876
v 52.601 4.323 -49.686
v 51.901 4.363 -49.345
v 148.121 5.000 -49.391
v 148.828 5.000 -48.828
v 147.414 5.000 -49.742
v 146.707 5.000 -49.937
v 146.000 5.000 -50.000
v 54.000 5.000 -50.000
v 53.293 5.000 -49.937
v 52.586 5.000 -49.742
v 51.879 5.000 -49.391
v 148.121 97.000 -49.391
v 148.828 97.000 -48.828
v 147.414 97.000 -49.742
v 146.707 97.000 -49.937
v 146.000 97.000 -50.000
v 54.000 97.000 -50.000
v 53.293 97.000 -49.937
v 52.586 97.000 -49.742
v 51.879 97.000 -49.391
v 148.099 97.637 -49.345
v 148.799 97.577 -48.799
v 147.399 97.677 -49.686
v 146.700 97.700 -49.876
v 146.000 97.707 -49.937
v 54.000 97.707 -49.937
v 53.300 97.700 -49.876
v 52.601 97.677 -49.686
v 51.901 97.637 -49.345
v 148.031 98.275 -49.202
v 148.708 98.155 -48.708
v 147.354 98.354 -49.512
v 146.677 98.399 -49.686
v 146.000 98.414 -49.742
v 54.000 98.414 -49.742
v 53.323 98.399 -49.686
v 52.646 98.354 -49.512
v 51.969 98.275 -49.202
v 147.912 98.912 -48.947
v 148.550 98.732 -48.550
v 147.275 99.031 -49.202
v 146.637 99.099 -49.345
v 146.000 99.121 -49.391
v 54.000 99.121 -49.391
v 53.363 99.099 -49.345
v 52.725 99.031 -49.202
v 52.088 98.912 -48.947
v 147.732 99.550 -48.550
v 148.309 99.309 -48.309
v 147.155 99.708 -48.708
v 146.577 99.799 -48.799
v 146.000 99.828 -48.828
v 54.000 99.828 -48.828
v 53.423 99.799 -48.799
v 52.845 99.708 -48.708
v 52.268 99.550 -48.550
v 148.947 3.088 47.912
v 149.202 2.969 47.275
v 149.345 2.901 46.637
v 149.391 2.879 46.000
v 149.391 2.879 -46.000
v 149.345 2.901 -46.637
v 149.202 2.969 -47.275
v 148.947 3.088 -47.912
v 149.202 3.725 48.031
v 149.512 3.646 47.354
v 149.686 3.601 46.677
v 149.742 3.586 46.000
v 149.742 3.586 -46.000
v 149.686 3.601 -46.677
v 149.512 3.646 -47.354
v 149.202 3.725 -48.031
v 149.345 4.363 48.099
v 149.686 4.323 47.399
v 149.876 4.300 46.700
v 149.937 4.293 46.000
v 149.937 4.293 -46.000
v 149.876 4.300 -46.700
v 149.686 4.323 -47.399
v 149.345 4.363 -48.099
v 149.391 5.000 48.121
v 149.742 5.000 47.414
v 149.937 5.000 46.707
v 150.000 5.000 46.000
v 150.000 5.000 -46.000
v 149.937 5.000 -46.707
v 149.742 5.000 -47.414
v 149.391 5.000 -48.121
v 149.391 97.000 48.121
v 149.742 97.000 47.414
v 149.937 97.000 46.707
v 150.000 97.000 46.000
v 150.000 97.000 -46.000
v 149.937 97.000 -46.707
v 149.742 97.000 -47.414
v 149.391 97.000 -48.121
v 149.345 97.637 48.099
v 149.686 97.677 47.399
v 149.876 97.700 46.700
v 149.937 97.707 46.000
v 149.937 97.707 -46.000
v 149.876 97.700 -46.700
v 149.686 97.677 -47.399
v 149.345 97.637 -48.099
v 149.202 98.275 48.031
v 149.512 98.354 47.354
v 149.686 98.399 46.677
v 149.742 98.414 46.000
v 149.742 98.414 -46.000
v 149.686 98.399 -46.677
v 149.512 98.354 -47.354
v 149.202 98.275 -48.031
v 148.947 98.912 47.912
v 149.202 99.031 47.275
v 149.345 99.099 46.637
v 149.391 99.121 46.000
v 149.391 99.121 -46.000
v 149.345 99.099 -46.637
v 149.202 99.031 -47.275
v 148.947 98.912 -47.912
v 148.550 99.550 47.732
v 148.708 99.708 47.155
v 148.799 99.799 46.577
v 148.828 99.828 46.000
v 148.828 99.828 -46.000
v 148.799 99.799 -46.577
v 148.708 99.708 -47.155
v 148.550 99.550 -47.732
v 52.088 99.947 47.912
v 52.725 100.202 48.031
v 53.363 100.345 48.099
v 54.000 100.391 48.121
v 146.000 100.391 48.121
v 146.637 100.345 48.099
v 147.275 100.202 48.031
v 147.912 99.947 47.912
v 51.969 100.202 47.275
v 52.646 100.512 47.354
v 53.323 100.686 47.399
v 54.000 100.742 47.414
v 146.000 100.742 47.414
v 146.677 100.686 47.399
v 147.354 100.512 47.354
v 148.031 100.202 47.275
v 51.901 100.345 46.637
v 52.601 100.686 46.677
v 53.300 100.876 46.700
v 54.000 100.937 46.707
v 146.000 100.937 46.707
v 146.700 100.876 46.700
v 147.399 100.686 46.677
v 148.099 100.345 46.637
v 51.879 100.391 46.000
v 52.586 100.742 46.000
v 53.293 100.937 46.000
v 54.000 101.000 46.000
v 146.000 101.000 46.000
v 146.707 100.937 46.000
v 147.414 100.742 46.000
v 148.121 100.391 46.000
v 51.879 100.391 -46.000
v 52.586 100.742 -46.000
v 53.293 100.937 -46.000
v 54.000 101.000 -46.000
v 146.000 101.000 -46.000
v 146.707 100.937 -46.000
v 147.414 100.742 -46.000
v 148.121 100.391 -46.000
v 51.901 100.345 -46.637
v 52.601 100.686 -46.677
v 53.300 100.876 -46.700
v 54.000 100.937 -46.707
v 146.000 100.937 -46.707
v 146.700 100.876 -46.700
v 147.399 100.686 -46.677
v 148.099 100.345 -46.637
v 51.969 100.202 -47.275
v 52.646 100.512 -47.354
v 53.323 100.686 -47.399
v 54.000 100.742 -47.414
v 146.000 100.742 -47.414
v 146.677 100.686 -47.399
v 147.354 100.512 -47.354
v 148.031 100.202 -47.275
v 52.088 99.947 -47.912
v 52.725 100.202 -48.031
v 53.363 100.345 -48.099
v 54.000 100.391 -48.121
v 146.000 100.391 -48.121
v 146.637 100.345 -48.099
v 147.275 100.202 -48.031
v 147.912 99.947 -47.912
vt 0.97362 0.02638
vt 0.96973 0.03027
vt 0.97598 0.03204
vt 0.96796 0.02402
vt 0.96348 0.02911
vt 0.96230 0.02247
vt 0.95723 0.02844
vt 0.95664 0.02158
vt 0.95098 0.02822
vt 0.95098 0.02129
vt 0.04902 0.02822
vt 0.04902 0.02129
vt 0.04277 0.02844
vt 0.04336 0.02158
vt 0.03652 0.02911
vt 0.03770 0.02247
vt 0.03027 0.03027
vt 0.03204 0.02402
vt 0.02402 0.03204
vt 0.02638 0.02638
vt 0.97089 0.03652
vt 0.97753 0.03770
vt 0.96425 0.03575
vt 0.95762 0.03530
vt 0.95098 0.03515
vt 0.04902 0.03515
vt 0.04238 0.03530
vt 0.03575 0.03575
vt 0.02911 0.03652
vt 0.02247 0.03770
vt 0.97156 0.04277
vt 0.97842 0.04336
vt 0.96470 0.04238
vt 0.95784 0.04216
vt 0.95098 0.04209
vt 0.04902 0.04209
vt 0.04216 0.04216
vt 0.03530 0.04238
vt 0.02844 0.04277
vt 0.02158 0.04336
vt 0.97178 0.04902
vt 0.97871 0.04902
vt 0.96485 0.04902
vt 0.95791 0.04902
vt 0.95098 0.04902
vt 0.04902 0.04902
vt 0.04209 0.04902
vt 0.03515 0.04902
vt 0.02822 0.04902
vt 0.02129 0.04902
vt 0.97178 0.95098
vt 0.97871 0.95098
vt 0.96485 0.95098
vt 0.95791 0.95098
vt 0.95098 0.95098
vt 0.04902 0.95098
vt 0.04209 0.95098
vt 0.03515 0.95098
vt 0.02822 0.95098
vt 0.02129 0.95098
vt 0.97156 0.95723
vt 0.97842 0.95664
vt 0.96470 0.95762
vt 0.95784 0.95784
vt 0.95098 0.95791
vt 0.04902 0.95791
vt 0.04216 0.95784
vt 0.03530 0.95762
vt 0.02844 0.95723
vt 0.02158 0.95664
vt 0.97089 0.96348
vt 0.97753 0.96230
vt 0.96425 0.96425
vt 0.95762 0.96470
vt 0.95098 0.96485
vt 0.04902 0.96485
vt 0.04238 0.96470
vt 0.03575 0.96425
vt 0.02911 0.96348
vt 0.02247 0.96230
vt 0.96973 0.96973
vt 0.97598 0.96796
vt 0.96348 0.97089
vt 0.95723 0.97156
vt 0.95098 0.97178
vt 0.04902 0.97178
vt 0.04277 0.97156
vt 0.03652 0.97089
vt 0.03027 0.96973
vt 0.02402 0.96796
vt 0.96796 0.97598
vt 0.97362 0.97362
vt 0.96230 0.97753
vt 0.95664 0.97842
vt 0.95098 0.97871
vt 0.04902 0.97871
vt 0.04336 0.97842
vt 0.03770 0.97753
vt 0.03204 0.97598
vt 0.02638 0.97362
vt 0.02012 0.96973
vt 0.02402 0.97598
vt 0.01763 0.96348
vt 0.01623 0.95723
vt 0.01577 0.95098
vt 0.01577 0.04902
vt 0.01623 0.04277
vt 0.01763 0.03652
vt 0.02012 0.03027
vt 0.02402 0.02402
vt 0.01763 0.97089
vt 0.02247 0.97753
vt 0.01459 0.96425
vt 0.01289 0.95762
vt 0.01234 0.95098
vt 0.01234 0.04902
vt 0.01289 0.04238
vt 0.01459 0.03575
vt 0.01763 0.02911
vt 0.02247 0.02247
vt 0.01623 0.97156
vt 0.02158 0.97842
vt 0.01289 0.96470
vt 0.01102 0.95784
vt 0.01042 0.95098
vt 0.01042 0.04902
vt 0.01102 0.04216
vt 0.01289 0.03530
vt 0.01623 0.02844
vt 0.02158 0.02158
vt 0.01577 0.97178
vt 0.02129 0.97871
vt 0.01234 0.96485
vt 0.01042 0.95791
vt 0.00980 0.95098
vt 0.00980 0.04902
vt 0.01042 0.04209
vt 0.01234 0.03515
vt 0.01577 0.02822
vt 0.02129 0.02129
vt 0.01577 0.97178
vt 0.02129 0.97871
vt 0.01234 0.96485
vt 0.01042 0.95791
vt 0.00980 0.95098
vt 0.00980 0.04902
vt 0.01042 0.04209
vt 0.01234 0.03515
vt 0.01577 0.02822
vt 0.02129 0.02129
vt 0.01623 0.97156
vt 0.02158 0.97842
vt 0.01289 0.96470
vt 0.01102 0.95784
vt 0.01042 0.95098
vt 0.01042 0.04902
vt 0.01102 0.04216
vt 0.01289 0.03530
vt 0.01623 0.02844
vt 0.02158 0.02158
vt 0.01763 0.97089
vt 0.02247 0.97753
vt 0.01459 0.96425
vt 0.01289 0.95762
vt 0.01234 0.95098
vt 0.01234 0.04902
vt 0.01289 0.04238
vt 0.01459 0.03575
vt 0.01763 0.02911
vt 0.02247 0.02247
vt 0.02012 0.96973
vt 0.02402 0.97598
vt 0.01763 0.96348
vt 0.01623 0.95723
vt 0.01577 0.95098
vt 0.01577 0.04902
vt 0.01623 0.04277
vt 0.01763 0.03652
vt 0.02012 0.03027
vt 0.02402 0.02402
vt 0.02402 0.96796
vt 0.02638 0.97362
vt 0.02247 0.96230
vt 0.02158 0.95664
vt 0.02129 0.95098
vt 0.02129 0.04902
vt 0.02158 0.04336
vt 0.02247 0.03770
vt 0.02402 0.03204
vt 0.02638 0.02638
vt 0.03027 0.02012
vt 0.03652 0.01763
vt 0.04277 0.01623
vt 0.04902 0.01577
vt 0.95098 0.01577
vt 0.95723 0.01623
vt 0.96348 0.01763
vt 0.96973 0.02012
vt 0.97598 0.02402
vt 0.02911 0.01763
vt 0.03575 0.01459
vt 0.04238 0.01289
vt 0.04902 0.01234
vt 0.95098 0.01234
vt 0.95762 0.01289
vt 0.96425 0.01459
vt 0.97089 0.01763
vt 0.97753 0.02247
vt 0.02844 0.01623
vt 0.03530 0.01289
vt 0.04216 0.01102
vt 0.04902 0.01042
vt 0.95098 0.01042
vt 0.95784 0.01102
vt 0.96470 0.01289
vt 0.97156 0.01623
vt 0.97842 0.02158
vt 0.02822 0.01577
vt 0.03515 0.01234
vt 0.04209 0.01042
vt 0.04902 0.00980
vt 0.95098 0.00980
vt 0.95791 0.01042
vt 0.96485 0.01234
vt 0.97178 0.01577
vt 0.97871 0.02129
vt 0.02822 0.01577
vt 0.03515 0.01234
vt 0.04209 0.01042
vt 0.04902 0.00980
vt 0.95098 0.00980
vt 0.95791 0.01042
vt 0.96485 0.01234
vt 0.97178 0.01577
vt 0.97871 0.02129
vt 0.02844 0.01623
vt 0.03530 0.01289
vt 0.04216 0.01102
vt 0.04902 0.01042
vt 0.95098 0.01042
vt 0.95784 0.01102
vt 0.96470 0.01289
vt 0.97156 0.01623
vt 0.97842 0.02158
vt 0.02911 0.01763
vt 0.03575 0.01459
vt 0.04238 0.01289
vt 0.04902 0.01234
vt 0.95098 0.01234
vt 0.95762 0.01289
vt 0.96425 0.01459
vt 0.97089 0.01763
vt 0.97753 0.02247
vt 0.03027 0.02012
vt 0.03652 0.01763
vt 0.04277 0.01623
vt 0.04902 0.01577
vt 0.95098 0.01577
vt 0.95723 0.01623
vt 0.96348 0.01763
vt 0.96973 0.02012
vt 0.97598 0.02402
vt 0.03204 0.02402
vt 0.03770 0.02247
vt 0.04336 0.02158
vt 0.04902 0.02129
vt 0.95098 0.02129
vt 0.95664 0.02158
vt 0.96230 0.02247
vt 0.96796 0.02402
vt 0.97362 0.02638
vt 0.96973 0.97988
vt 0.97598 0.97598
vt 0.96348 0.98237
vt 0.95723 0.98377
vt 0.95098 0.98423
vt 0.04902 0.98423
vt 0.04277 0.98377
vt 0.03652 0.98237
vt 0.03027 0.97988
vt 0.97089 0.98237
vt 0.97753 0.97753
vt 0.96425 0.98541
vt 0.95762 0.98711
vt 0.95098 0.98766
vt 0.04902 0.98766
vt 0.04238 0.98711
vt 0.03575 0.98541
vt 0.02911 0.98237
vt 0.97156 0.98377
vt 0.97842 0.97842
vt 0.96470 0.98711
vt 0.95784 0.98898
vt 0.95098 0.98958
vt 0.04902 0.98958
vt 0.04216 0.98898
vt 0.03530 0.98711
vt 0.02844 0.98377
vt 0.97178 0.98423
vt 0.97871 0.97871
vt 0.96485 0.98766
vt 0.95791 0.98958
vt 0.95098 0.99020
vt 0.04902 0.99020
vt 0.04209 0.98958
vt 0.03515 0.98766
vt 0.02822 0.98423
vt 0.97178 0.98423
vt 0.97871 0.97871
vt 0.96485 0.98766
vt 0.95791 0.98958
vt 0.95098 0.99020
vt 0.04902 0.99020
vt 0.04209 0.98958
vt 0.03515 0.98766
vt 0.02822 0.98423
vt 0.97156 0.98377
vt 0.97842 0.97842
vt 0.96470 0.98711
vt 0.95784 0.98898
vt 0.95098 0.98958
vt 0.04902 0.98958
vt 0.04216 0.98898
vt 0.03530 0.98711
vt 0.02844 0.98377
vt 0.97089 0.98237
vt 0.97753 0.97753
vt 0.96425 0.98541
vt 0.95762 0.98711
vt 0.95098 0.98766
vt 0.04902 0.98766
vt 0.04238 0.98711
vt 0.03575 0.98541
vt 0.02911 0.98237
vt 0.96973 0.97988
vt 0.97598 0.97598
vt 0.96348 0.98237
vt 0.95723 0.98377
vt 0.95098 0.98423
vt 0.04902 0.98423
vt 0.04277 0.98377
vt 0.03652 0.98237
vt 0.03027 0.97988
vt 0.96796 0.97598
vt 0.97362 0.97362
vt 0.96230 0.97753
vt 0.95664 0.97842
vt 0.95098 0.97871
vt 0.04902 0.97871
vt 0.04336 0.97842
vt 0.03770 0.97753
vt 0.03204 0.97598
vt 0.97988 0.03027
vt 0.98237 0.03652
vt 0.98377 0.04277
vt 0.98423 0.04902
vt 0.98423 0.95098
vt 0.98377 0.95723
vt 0.98237 0.96348
vt 0.97988 0.96973
vt 0.98237 0.02911
vt 0.98541 0.03575
vt 0.98711 0.04238
vt 0.98766 0.04902
vt 0.98766 0.95098
vt 0.98711 0.95762
vt 0.98541 0.96425
vt 0.98237 0.97089
vt 0.98377 0.02844
vt 0.98711 0.03530
vt 0.98898 0.04216
vt 0.98958 0.04902
vt 0.98958 0.95098
vt 0.98898 0.95784
vt 0.98711 0.96470
vt 0.98377 0.97156
vt 0.98423 0.02822
vt 0.98766 0.03515
vt 0.98958 0.04209
vt 0.99020 0.04902
vt 0.99020 0.95098
vt 0.98958 0.95791
vt 0.98766 0.96485
vt 0.98423 0.97178
vt 0.98423 0.02822
vt 0.98766 0.03515
vt 0.98958 0.04209
vt 0.99020 0.04902
vt 0.99020 0.95098
vt 0.98958 0.95791
vt 0.98766 0.96485
vt 0.98423 0.97178
vt 0.98377 0.02844
vt 0.98711 0.03530
vt 0.98898 0.04216
vt 0.98958 0.04902
vt 0.98958 0.95098
vt 0.98898 0.95784
vt 0.98711 0.96470
vt 0.98377 0.97156
vt 0.98237 0.02911
vt 0.98541 0.03575
vt 0.98711 0.04238
vt 0.98766 0.04902
vt 0.98766 0.95098
vt 0.98711 0.95762
vt 0.98541 0.96425
vt 0.98237 0.97089
vt 0.97988 0.03027
vt 0.98237 0.03652
vt 0.98377 0.04277
vt 0.98423 0.04902
vt 0.98423 0.95098
vt 0.98377 0.95723
vt 0.98237 0.96348
vt 0.97988 0.96973
vt 0.97598 0.03204
vt 0.97753 0.03770
vt 0.97842 0.04336
vt 0.97871 0.04902
vt 0.97871 0.95098
vt 0.97842 0.95664
vt 0.97753 0.96230
vt 0.97598 0.96796
vt 0.03027 0.03027
vt 0.03652 0.02911
vt 0.04277 0.02844
vt 0.04902 0.02822
vt 0.95098 0.02822
vt 0.95723 0.02844
vt 0.96348 0.02911
vt 0.96973 0.03027
vt 0.02911 0.03652
vt 0.03575 0.03575
vt 0.04238 0.03530
vt 0.04902 0.03515
vt 0.95098 0.03515
vt 0.95762 0.03530
vt 0.96425 0.03575
vt 0.97089 0.03652
vt 0.02844 0.04277
vt 0.03530 0.04238
vt 0.04216 0.04216
vt 0.04902 0.04209
vt 0.95098 0.04209
vt 0.95784 0.04216
vt 0.96470 0.04238
vt 0.97156 0.04277
vt 0.02822 0.04902
vt 0.03515 0.04902
vt 0.04209 0.04902
vt 0.04902 0.04902
vt 0.95098 0.04902
vt 0.95791 0.04902
vt 0.96485 0.04902
vt 0.97178 0.04902
vt 0.02822 0.95098
vt 0.03515 0.95098
vt 0.04209 0.95098
vt 0.04902 0.95098
vt 0.95098 0.95098
vt 0.95791 0.95098
vt 0.96485 0.95098
vt 0.97178 0.95098
vt 0.02844 0.95723
vt 0.03530 0.95762
vt 0.04216 0.95784
vt 0.04902 0.95791
vt 0.95098 0.95791
vt 0.95784 0.95784
vt 0.96470 0.95762
vt 0.97156 0.95723
vt 0.02911 0.96348
vt 0.03575 0.96425
vt 0.04238 0.96470
vt 0.04902 0.96485
vt 0.95098 0.96485
vt 0.95762 0.96470
vt 0.96425 0.96425
vt 0.97089 0.96348
vt 0.03027 0.96973
vt 0.03652 0.97089
vt 0.04277 0.97156
vt 0.04902 0.97178
vt 0.95098 0.97178
vt 0.95723 0.97156
vt 0.96348 0.97089
vt 0.96973 0.96973
vn 0.57735 -0.57735 0.57735
vn 0.47803 -0.73686 0.47803
vn 0.63738 -0.63738 0.43301
vn 0.43301 -0.63738 0.63738
vn 0.43301 -0.63738 0.63738
vn 0.31869 -0.80039 0.50775
vn 0.47803 -0.73686 0.47803
vn 0.28868 -0.67700 0.67700
vn 0.28868 -0.67700 0.67700
vn 0.15934 -0.83619 0.52478
vn 0.31869 -0.80039 0.50775
vn 0.14434 -0.69970 0.69970
vn 0.14434 -0.69970 0.69970
vn 0.00000 -0.84779 0.53033
vn 0.15934 -0.83619 0.52478
vn 0.00000 -0.70711 0.70711
vn 0.00000 -0.70711 0.70711
vn 0.00000 -0.84779 0.53033
vn 0.00000 -0.84779 0.53033
vn 0.00000 -0.70711 0.70711
vn 0.00000 -0.70711 0.70711
vn -0.15934 -0.83619 0.52478
vn 0.00000 -0.84779 0.53033
vn -0.14434 -0.69970 0.69970
vn -0.14434 -0.69970 0.69970
vn -0.31869 -0.80039 0.50775
vn -0.15934 -0.83619 0.52478
vn -0.28868 -0.67700 0.67700
vn -0.28868 -0.67700 0.67700
vn -0.47803 -0.73686 0.47803
vn -0.31869 -0.80039 0.50775
vn -0.43301 -0.63738 0.63738
vn -0.43301 -0.63738 0.63738
vn -0.63738 -0.63738 0.43301
vn -0.47803 -0.73686 0.47803
vn -0.57735 -0.57735 0.57735
vn 0.63738 -0.63738 0.43301
vn 0.50775 -0.80039 0.31869
vn 0.67700 -0.67700 0.28868
vn 0.47803 -0.73686 0.47803
vn 0.47803 -0.73686 0.47803
vn 0.33850 -0.87797 0.33850
vn 0.50775 -0.80039 0.31869
vn 0.31869 -0.80039 0.50775
vn 0.31869 -0.80039 0.50775
vn 0.16925 -0.92139 0.34985
vn 0.33850 -0.87797 0.33850
vn 0.15934 -0.83619 0.52478
vn 0.15934 -0.83619 0.52478
vn 0.00000 -0.93541 0.35355
vn 0.16925 -0.92139 0.34985
vn 0.00000 -0.84779 0.53033
vn 0.00000 -0.84779 0.53033
vn 0.00000 -0.93541 0.35355
vn 0.00000 -0.93541 0.35355
vn 0.00000 -0.84779 0.53033
vn 0.00000 -0.84779 0.53033
vn -0.16925 -0.92139 0.34985
vn 0.00000 -0.93541 0.35355
vn -0.15934 -0.83619 0.52478
vn -0.15934 -0.83619 0.52478
vn -0.33850 -0.87797 0.33850
vn -0.16925 -0.92139 0.34985
vn -0.31869 -0.80039 0.50775
vn -0.31869 -0.80039 0.50775
vn -0.50775 -0.80039 0.31869
vn -0.33850 -0.87797 0.33850
vn -0.47803 -0.73686 0.47803
vn -0.47803 -0.73686 0.47803
vn -0.67700 -0.67700 0.28868
vn -0.50775 -0.80039 0.31869
vn -0.63738 -0.63738 0.43301
vn 0.67700 -0.67700 0.28868
vn 0.52478 -0.83619 0.15934
vn 0.69970 -0.69970 0.14434
vn 0.50775 -0.80039 0.31869
vn 0.50775 -0.80039 0.31869
vn 0.34985 -0.92139 0.16925
vn 0.52478 -0.83619 0.15934
vn 0.33850 -0.87797 0.33850
vn 0.33850 -0.87797 0.33850
vn 0.17493 -0.96892 0.17493
vn 0.34985 -0.92139 0.16925
vn 0.16925 -0.92139 0.34985
vn 0.16925 -0.92139 0.34985
vn 0.00000 -0.98425 0.17678
vn 0.17493 -0.96892 0.17493
vn 0.00000 -0.93541 0.35355
vn 0.00000 -0.93541 0.35355
vn 0.00000 -0.98425 0.17678
vn 0.00000 -0.98425 0.17678
vn 0.00000 -0.93541 0.35355
vn 0.00000 -0.93541 0.35355
vn -0.17493 -0.96892 0.17493
vn 0.00000 -0.98425 0.17678
vn -0.16925 -0.92139 0.34985
vn -0.16925 -0.92139 0.34985
vn -0.34985 -0.92139 0.16925
vn -0.17493 -0.96892 0.17493
vn -0.33850 -0.87797 0.33850
vn -0.33850 -0.87797 0.33850
vn -0.52478 -0.83619 0.15934
vn -0.34985 -0.92139 0.16925
vn -0.50775 -0.80039 0.31869
vn -0.50775 -0.80039 0.31869
vn -0.69970 -0.69970 0.14434
vn -0.52478 -0.83619 0.15934
vn -0.67700 -0.67700 0.28868
vn 0.69970 -0.69970 0.14434
vn 0.53033 -0.84779 -0.00000
vn 0.70711 -0.70711 -0.00000
vn 0.52478 -0.83619 0.15934
vn 0.52478 -0.83619 0.15934
vn 0.35355 -0.93541 -0.00000
vn 0.53033 -0.84779 -0.00000
vn 0.34985 -0.92139 0.16925
vn 0.34985 -0.92139 0.16925
vn 0.17678 -0.98425 -0.00000
vn 0.35355 -0.93541 -0.00000
vn 0.17493 -0.96892 0.17493
vn 0.17493 -0.96892 0.17493
vn 0.00000 -1.00000 -0.00000
vn 0.17678 -0.98425 -0.00000
vn 0.00000 -0.98425 0.17678
vn 0.00000 -0.98425 0.17678
vn 0.00000 -1.00000 -0.00000
vn 0.00000 -1.00000 -0.00000
vn 0.00000 -0.98425 0.17678
vn 0.00000 -0.98425 0.17678
vn -0.17678 -0.98425 -0.00000
vn 0.00000 -1.00000 -0.00000
vn -0.17493 -0.96892 0.17493
vn -0.17493 -0.96892 0.17493
vn -0.35355 -0.93541 -0.00000
vn -0.17678 -0.98425 -0.00000
vn -0.34985 -0.92139 0.16925
vn -0.34985 -0.92139 0.16925
vn -0.53033 -0.84779 -0.00000
vn -0.35355 -0.93541 -0.00000
vn -0.52478 -0.83619 0.15934
vn -0.52478 -0.83619 0.15934
vn -0.70711 -0.70711 -0.00000
vn -0.53033 -0.84779 -0.00000
vn -0.69970 -0.69970 0.14434
vn 0.70711 -0.70711 -0.00000
vn 0.53033 -0.84779 -0.00000
vn 0.70711 -0.70711 -0.00000
vn 0.53033 -0.84779 -0.00000
vn 0.53033 -0.84779 -0.00000
vn 0.35355 -0.93541 -0.00000
vn 0.53033 -0.84779 -0.00000
vn 0.35355 -0.93541 -0.00000
vn 0.35355 -0.93541 -0.00000
vn 0.17678 -0.98425 -0.00000
vn 0.35355 -0.93541 -0.00000
vn 0.17678 -0.98425 -0.00000
vn 0.17678 -0.98425 -0.00000
vn 0.00000 -1.00000 -0.00000
vn 0.17678 -0.98425 -0.00000
vn 0.00000 -1.00000 -0.00000
vn 0.00000 -1.00000 -0.00000
vn 0.00000 -1.00000 -0.00000
vn 0.00000 -1.00000 -0.00000
vn 0.00000 -1.00000 -0.00000
vn 0.00000 -1.00000 -0.00000
vn -0.17678 -0.98425 -0.00000
vn 0.00000 -1.00000 -0.00000
vn -0.17678 -0.98425 -0.00000
vn -0.17678 -0.98425 -0.00000
vn -0.35355 -0.93541 -0.00000
vn -0.17678 -0.98425 -0.00000
vn -0.35355 -0.93541 -0.00000
vn -0.35355 -0.93541 -0.00000
vn -0.53033 -0.84779 -0.00000
vn -0.35355 -0.93541 -0.00000
vn -0.53033 -0.84779 -0.00000
vn -0.53033 -0.84779 -0.00000
vn -0.70711 -0.70711 -0.00000
vn -0.53033 -0.84779 -0.00000
vn -0.70711 -0.70711 -0.00000
vn 0.70711 -0.70711 -0.00000
vn 0.52478 -0.83619 -0.15934
vn 0.69970 -0.69970 -0.14434
vn 0.53033 -0.84779 -0.00000
vn 0.53033 -0.84779 -0.00000
vn 0.34985 -0.92139 -0.16925
vn 0.52478 -0.83619 -0.15934
vn 0.35355 -0.93541 -0.00000
vn 0.35355 -0.93541 -0.00000
vn 0.17493 -0.96892 -0.17493
vn 0.34985 -0.92139 -0.16925
vn 0.17678 -0.98425 -0.00000
vn 0.17678 -0.98425 -0.00000
vn 0.00000 -0.98425 -0.17678
vn 0.17493 -0.96892 -0.17493
vn 0.00000 -1.00000 -0.00000
vn 0.00000 -1.00000 -0.00000
vn 0.00000 -0.98425 -0.17678
vn 0.00000 -0.98425 -0.17678
vn 0.00000 -1.00000 -0.00000
vn 0.00000 -1.00000 -0.00000
vn -0.17493 -0.96892 -0.17493
vn 0.00000 -0.98425 -0.17678
vn -0.17678 -0.98425 -0.00000
vn -0.17678 -0.98425 -0.00000
vn -0.34985 -0.92139 -0.16925
vn -0.17493 -0.96892 -0.17493
vn -0.35355 -0.93541 -0.00000
vn -0.35355 -0.93541 -0.00000
vn -0.52478 -0.83619 -0.15934
vn -0.34985 -0.92139 -0.16925
vn -0.53033 -0.84779 -0.00000
vn -0.53033 -0.84779 -0.00000
vn -0.69970 -0.69970 -0.14434
vn -0.52478 -0.83619 -0.15934
vn -0.70711 -0.70711 -0.00000
vn 0.69970 -0.69970 -0.14434
vn 0.50775 -0.80039 -0.31869
vn 0.67700 -0.67700 -0.28868
vn 0.52478 -0.83619 -0.15934
vn 0.52478 -0.83619 -0.15934
vn 0.33850 -0.87797 -0.33850
vn 0.50775 -0.80039 -0.31869
vn 0.34985 -0.92139 -0.16925
vn 0.34985 -0.92139 -0.16925
vn 0.16925 -0.92139 -0.34985
vn 0.33850 -0.87797 -0.33850
vn 0.17493 -0.96892 -0.17493
vn 0.17493 -0.96892 -0.17493
vn 0.00000 -0.93541 -0.35355
vn 0.16925 -0.92139 -0.34985
vn 0.00000 -0.98425 -0.17678
vn 0.00000 -0.98425 -0.17678
vn 0.00000 -0.93541 -0.35355
vn 0.00000 -0.93541 -0.35355
vn 0.00000 -0.98425 -0.17678
vn 0.00000 -0.98425 -0.17678
vn -0.16925 -0.92139 -0.34985
vn 0.00000 -0.93541 -0.35355
vn -0.17493 -0.96892 -0.17493
vn -0.17493 -0.96892 -0.17493
vn -0.33850 -0.87797 -0.33850
vn -0.16925 -0.92139 -0.34985
vn -0.34985 -0.92139 -0.16925
vn -0.34985 -0.92139 -0.16925
vn -0.50775 -0.80039 -0.31869
vn -0.33850 -0.87797 -0.33850
vn -0.52478 -0.83619 -0.15934
vn -0.52478 -0.83619 -0.15934
vn -0.67700 -0.67700 -0.28868
vn -0.50775 -0.80039 -0.31869
vn -0.69970 -0.69970 -0.14434
vn 0.67700 -0.67700 -0.28868
vn 0.47803 -0.73686 -0.47803
vn 0.63738 -0.63738 -0.43301
vn 0.50775 -0.80039 -0.31869
vn 0.50775 -0.80039 -0.31869
vn 0.31869 -0.80039 -0.50775
vn 0.47803 -0.73686 -0.47803
vn 0.33850 -0.87797 -0.33850
vn 0.33850 -0.87797 -0.33850
vn 0.15934 -0.83619 -0.52478
vn 0.31869 -0.80039 -0.50775
vn 0.16925 -0.92139 -0.34985
vn 0.16925 -0.92139 -0.34985
vn 0.00000 -0.84779 -0.53033
vn 0.15934 -0.83619 -0.52478
vn 0.00000 -0.93541 -0.35355
vn 0.00000 -0.93541 -0.35355
vn 0.00000 -0.84779 -0.53033
vn 0.00000 -0.84779 -0.53033
vn 0.00000 -0.93541 -0.35355
vn 0.00000 -0.93541 -0.35355
vn -0.15934 -0.83619 -0.52478
vn 0.00000 -0.84779 -0.53033
vn -0.16925 -0.92139 -0.34985
vn -0.16925 -0.92139 -0.34985
vn -0.31869 -0.80039 -0.50775
vn -0.15934 -0.83619 -0.52478
vn -0.33850 -0.87797 -0.33850
vn -0.33850 -0.87797 -0.33850
vn -0.47803 -0.73686 -0.47803
vn -0.31869 -0.80039 -0.50775
vn -0.50775 -0.80039 -0.31869
vn -0.50775 -0.80039 -0.31869
vn -0.63738 -0.63738 -0.43301
vn -0.47803 -0.73686 -0.47803
vn -0.67700 -0.67700 -0.28868
vn 0.63738 -0.63738 -0.43301
vn 0.43301 -0.63738 -0.63738
vn 0.57735 -0.57735 -0.57735
vn 0.47803 -0.73686 -0.47803
vn 0.47803 -0.73686 -0.47803
vn 0.28868 -0.67700 -0.67700
vn 0.43301 -0.63738 -0.63738
vn 0.31869 -0.80039 -0.50775
vn 0.31869 -0.80039 -0.50775
vn 0.14434 -0.69970 -0.69970
vn 0.28868 -0.67700 -0.67700
vn 0.15934 -0.83619 -0.52478
vn 0.15934 -0.83619 -0.52478
vn 0.00000 -0.70711 -0.70711
vn 0.14434 -0.69970 -0.69970
vn 0.00000 -0.84779 -0.53033
vn 0.00000 -0.84779 -0.53033
vn 0.00000 -0.70711 -0.70711
vn 0.00000 -0.70711 -0.70711
vn 0.00000 -0.84779 -0.53033
vn 0.00000 -0.84779 -0.53033
vn -0.14434 -0.69970 -0.69970
vn 0.00000 -0.70711 -0.70711
vn -0.15934 -0.83619 -0.52478
vn -0.15934 -0.83619 -0.52478
vn -0.28868 -0.67700 -0.67700
vn -0.14434 -0.69970 -0.69970
vn -0.31869 -0.80039 -0.50775
vn -0.31869 -0.80039 -0.50775
vn -0.43301 -0.63738 -0.63738
vn -0.28868 -0.67700 -0.67700
vn -0.47803 -0.73686 -0.47803
vn -0.47803 -0.73686 -0.47803
vn -0.57735 -0.57735 -0.57735
vn -0.43301 -0.63738 -0.63738
vn -0.63738 -0.63738 -0.43301
vn -0.57735 -0.57735 -0.57735
vn -0.73686 -0.47803 -0.47803
vn -0.63738 -0.43301 -0.63738
vn -0.63738 -0.63738 -0.43301
vn -0.63738 -0.63738 -0.43301
vn -0.80039 -0.50775 -0.31869
vn -0.73686 -0.47803 -0.47803
vn -0.67700 -0.67700 -0.28868
vn -0.67700 -0.67700 -0.28868
vn -0.83619 -0.52478 -0.15934
vn -0.80039 -0.50775 -0.31869
vn -0.69970 -0.69970 -0.14434
vn -0.69970 -0.69970 -0.14434
vn -0.84779 -0.53033 -0.00000
vn -0.83619 -0.52478 -0.15934
vn -0.70711 -0.70711 -0.00000
vn -0.70711 -0.70711 -0.00000
vn -0.84779 -0.53033 -0.00000
vn -0.84779 -0.53033 -0.00000
vn -0.70711 -0.70711 -0.00000
vn -0.70711 -0.70711 -0.00000
vn -0.83619 -0.52478 0.15934
vn -0.84779 -0.53033 -0.00000
vn -0.69970 -0.69970 0.14434
vn -0.69970 -0.69970 0.14434
vn -0.80039 -0.50775 0.31869
vn -0.83619 -0.52478 0.15934
vn -0.67700 -0.67700 0.28868
vn -0.67700 -0.67700 0.28868
vn -0.73686 -0.47803 0.47803
vn -0.80039 -0.50775 0.31869
vn -0.63738 -0.63738 0.43301
vn -0.63738 -0.63738 0.43301
vn -0.63738 -0.43301 0.63738
vn -0.73686 -0.47803 0.47803
vn -0.57735 -0.57735 0.57735
vn -0.63738 -0.43301 -0.63738
vn -0.80039 -0.31869 -0.50775
vn -0.67700 -0.28868 -0.67700
vn -0.73686 -0.47803 -0.47803
vn -0.73686 -0.47803 -0.47803
vn -0.87797 -0.33850 -0.33850
vn -0.80039 -0.31869 -0.50775
vn -0.80039 -0.50775 -0.31869
vn -0.80039 -0.50775 -0.31869
vn -0.92139 -0.34985 -0.16925
vn -0.87797 -0.33850 -0.33850
vn -0.83619 -0.52478 -0.15934
vn -0.83619 -0.52478 -0.15934
vn -0.93541 -0.35355 -0.00000
vn -0.92139 -0.34985 -0.16925
vn -0.84779 -0.53033 -0.00000
vn -0.84779 -0.53033 -0.00000
vn -0.93541 -0.35355 -0.00000
vn -0.93541 -0.35355 -0.00000
vn -0.84779 -0.53033 -0.00000
vn -0.84779 -0.53033 -0.00000
vn -0.92139 -0.34985 0.16925
vn -0.93541 -0.35355 -0.00000
vn -0.83619 -0.52478 0.15934
vn -0.83619 -0.52478 0.15934
vn -0.87797 -0.33850 0.33850
vn -0.92139 -0.34985 0.16925
vn -0.80039 -0.50775 0.31869
vn -0.80039 -0.50775 0.31869
vn -0.80039 -0.31869 0.50775
vn -0.87797 -0.33850 0.33850
vn -0.73686 -0.47803 0.47803
vn -0.73686 -0.47803 0.47803
vn -0.67700 -0.28868 0.67700
vn -0.80039 -0.31869 0.50775
vn -0.63738 -0.43301 0.63738
vn -0.67700 -0.28868 -0.67700
vn -0.83619 -0.15934 -0.52478
vn -0.69970 -0.14434 -0.69970
vn -0.80039 -0.31869 -0.50775
vn -0.80039 -0.31869 -0.50775
vn -0.92139 -0.16925 -0.34985
vn -0.83619 -0.15934 -0.52478
vn -0.87797 -0.33850 -0.33850
vn -0.87797 -0.33850 -0.33850
vn -0.96892 -0.17493 -0.17493
vn -0.92139 -0.16925 -0.34985
vn -0.92139 -0.34985 -0.16925
vn -0.92139 -0.34985 -0.16925
vn -0.98425 -0.17678 -0.00000
vn -0.96892 -0.17493 -0.17493
vn -0.93541 -0.35355 -0.00000
vn -0.93541 -0.35355 -0.00000
vn -0.98425 -0.17678 -0.00000
vn -0.98425 -0.17678 -0.00000
vn -0.93541 -0.35355 -0.00000
vn -0.93541 -0.35355 -0.00000
vn -0.96892 -0.17493 0.17493
vn -0.98425 -0.17678 -0.00000
vn -0.92139 -0.34985 0.16925
vn -0.92139 -0.34985 0.16925
vn -0.92139 -0.16925 0.34985
vn -0.96892 -0.17493 0.17493
vn -0.87797 -0.33850 0.33850
vn -0.87797 -0.33850 0.33850
vn -0.83619 -0.15934 0.52478
vn -0.92139 -0.16925 0.34985
vn -0.80039 -0.31869 0.50775
vn -0.80039 -0.31869 0.50775
vn -0.69970 -0.14434 0.69970
vn -0.83619 -0.15934 0.52478
vn -0.67700 -0.28868 0.67700
vn -0.69970 -0.14434 -0.69970
vn -0.84779 0.00000 -0.53033
vn -0.70711 0.00000 -0.70711
vn -0.83619 -0.15934 -0.52478
vn -0.83619 -0.15934 -0.52478
vn -0.93541 0.00000 -0.35355
vn -0.84779 0.00000 -0.53033
vn -0.92139 -0.16925 -0.34985
vn -0.92139 -0.16925 -0.34985
vn -0.98425 0.00000 -0.17678
vn -0.93541 0.00000 -0.35355
vn -0.96892 -0.17493 -0.17493
vn -0.96892 -0.17493 -0.17493
vn -1.00000 0.00000 0.00000
vn -0.98425 0.00000 -0.17678
vn -0.98425 -0.17678 -0.00000
vn -0.98425 -0.17678 -0.00000
vn -1.00000 0.00000 0.00000
vn -1.00000 0.00000 0.00000
vn -0.98425 -0.17678 -0.00000
vn -0.98425 -0.17678 -0.00000
vn -0.98425 -0.00000 0.17678
vn -1.00000 0.00000 0.00000
vn -0.96892 -0.17493 0.17493
vn -0.96892 -0.17493 0.17493
vn -0.93541 -0.00000 0.35355
vn -0.98425 -0.00000 0.17678
vn -0.92139 -0.16925 0.34985
vn -0.92139 -0.16925 0.34985
vn -0.84779 -0.00000 0.53033
vn -0.93541 -0.00000 0.35355
vn -0.83619 -0.15934 0.52478
vn -0.83619 -0.15934 0.52478
vn -0.70711 -0.00000 0.70711
vn -0.84779 -0.00000 0.53033
vn -0.69970 -0.14434 0.69970
vn -0.70711 0.00000 -0.70711
vn -0.84779 0.00000 -0.53033
vn -0.70711 0.00000 -0.70711
vn -0.84779 0.00000 -0.53033
vn -0.84779 0.00000 -0.53033
vn -0.93541 0.00000 -0.35355
vn -0.84779 0.00000 -0.53033
vn -0.93541 0.00000 -0.35355
vn -0.93541 0.00000 -0.35355
vn -0.98425 0.00000 -0.17678
vn -0.93541 0.00000 -0.35355
vn -0.98425 0.00000 -0.17678
vn -0.98425 0.00000 -0.17678
vn -1.00000 0.00000 0.00000
vn -0.98425 0.00000 -0.17678
vn -1.00000 0.00000 0.00000
vn -1.00000 0.00000 0.00000
vn -1.00000 0.00000 0.00000
vn -1.00000 0.00000 0.00000
vn -1.00000 0.00000 0.00000
vn -1.00000 0.00000 0.00000
vn -0.98425 -0.00000 0.17678
vn -1.00000 0.00000 0.00000
vn -0.98425 -0.00000 0.17678
vn -0.98425 -0.00000 0.17678
vn -0.93541 -0.00000 0.35355
vn -0.98425 -0.00000 0.17678
vn -0.93541 -0.00000 0.35355
vn -0.93541 -0.00000 0.35355
vn -0.84779 -0.00000 0.53033
vn -0.93541 -0.00000 0.35355
vn -0.84779 -0.00000 0.53033
vn -0.84779 -0.00000 0.53033
vn -0.70711 -0.00000 0.70711
vn -0.84779 -0.00000 0.53033
vn -0.70711 -0.00000 0.70711
vn -0.70711 0.00000 -0.70711
vn -0.83619 0.15934 -0.52478
vn -0.69970 0.14434 -0.69970
vn -0.84779 0.00000 -0.53033
vn -0.84779 0.00000 -0.53033
vn -0.92139 0.16925 -0.34985
vn -0.83619 0.15934 -0.52478
vn -0.93541 0.00000 -0.35355
vn -0.93541 0.00000 -0.35355
vn -0.96892 0.17493 -0.17493
vn -0.92139 0.16925 -0.34985
vn -0.98425 0.00000 -0.17678
vn -0.98425 0.00000 -0.17678
vn -0.98425 0.17678 0.00000
vn -0.96892 0.17493 -0.17493
vn -1.00000 0.00000 0.00000
vn -1.00000 0.00000 0.00000
vn -0.98425 0.17678 0.00000
vn -0.98425 0.17678 0.00000
vn -1.00000 0.00000 0.00000
vn -1.00000 0.00000 0.00000
vn -0.96892 0.17493 0.17493
vn -0.98425 0.17678 0.00000
vn -0.98425 -0.00000 0.17678
vn -0.98425 -0.00000 0.17678
vn -0.92139 0.16925 0.34985
vn -0.96892 0.17493 0.17493
vn -0.93541 -0.00000 0.35355
vn -0.93541 -0.00000 0.35355
vn -0.83619 0.15934 0.52478
vn -0.92139 0.16925 0.34985
vn -0.84779 -0.00000 0.53033
vn -0.84779 -0.00000 0.53033
vn -0.69970 0.14434 0.69970
vn -0.83619 0.15934 0.52478
vn -0.70711 -0.00000 0.70711
vn -0.69970 0.14434 -0.69970
vn -0.80039 0.31869 -0.50775
vn -0.67700 0.28868 -0.67700
vn -0.83619 0.15934 -0.52478
vn -0.83619 0.15934 -0.52478
vn -0.87797 0.33850 -0.33850
vn -0.80039 0.31869 -0.50775
vn -0.92139 0.16925 -0.34985
vn -0.92139 0.16925 -0.34985
vn -0.92139 0.34985 -0.16925
vn -0.87797 0.33850 -0.33850
vn -0.96892 0.17493 -0.17493
vn -0.96892 0.17493 -0.17493
vn -0.93541 0.35355 0.00000
vn -0.92139 0.34985 -0.16925
vn -0.98425 0.17678 0.00000
vn -0.98425 0.17678 0.00000
vn -0.93541 0.35355 0.00000
vn -0.93541 0.35355 0.00000
vn -0.98425 0.17678 0.00000
vn -0.98425 0.17678 0.00000
vn -0.92139 0.34985 0.16925
vn -0.93541 0.35355 0.00000
vn -0.96892 0.17493 0.17493
vn -0.96892 0.17493 0.17493
vn -0.87797 0.33850 0.33850
vn -0.92139 0.34985 0.16925
vn -0.92139 0.16925 0.34985
vn -0.92139 0.16925 0.34985
vn -0.80039 0.31869 0.50775
vn -0.87797 0.33850 0.33850
vn -0.83619 0.15934 0.52478
vn -0.83619 0.15934 0.52478
vn -0.67700 0.28868 0.67700
vn -0.80039 0.31869 0.50775
vn -0.69970 0.14434 0.69970
vn -0.67700 0.28868 -0.67700
vn -0.73686 0.47803 -0.47803
vn -0.63738 0.43301 -0.63738
vn -0.80039 0.31869 -0.50775
vn -0.80039 0.31869 -0.50775
vn -0.80039 0.50775 -0.31869
vn -0.73686 0.47803 -0.47803
vn -0.87797 0.33850 -0.33850
vn -0.87797 0.33850 -0.33850
vn -0.83619 0.52478 -0.15934
vn -0.80039 0.50775 -0.31869
vn -0.92139 0.34985 -0.16925
vn -0.92139 0.34985 -0.16925
vn -0.84779 0.53033 0.00000
vn -0.83619 0.52478 -0.15934
vn -0.93541 0.35355 0.00000
vn -0.93541 0.35355 0.00000
vn -0.84779 0.53033 0.00000
vn -0.84779 0.53033 0.00000
vn -0.93541 0.35355 0.00000
vn -0.93541 0.35355 0.00000
vn -0.83619 0.52478 0.15934
vn -0.84779 0.53033 0.00000
vn -0.92139 0.34985 0.16925
vn -0.92139 0.34985 0.16925
vn -0.80039 0.50775 0.31869
vn -0.83619 0.52478 0.15934
vn -0.87797 0.33850 0.33850
vn -0.87797 0.33850 0.33850
vn -0.73686 0.47803 0.47803
vn -0.80039 0.50775 0.31869
vn -0.80039 0.31869 0.50775
vn -0.80039 0.31869 0.50775
vn -0.63738 0.43301 0.63738
vn -0.73686 0.47803 0.47803
vn -0.67700 0.28868 0.67700
vn -0.63738 0.43301 -0.63738
vn -0.63738 0.63738 -0.43301
vn -0.57735 0.57735 -0.57735
vn -0.73686 0.47803 -0.47803
vn -0.73686 0.47803 -0.47803
vn -0.67700 0.67700 -0.28868
vn -0.63738 0.63738 -0.43301
vn -0.80039 0.50775 -0.31869
vn -0.80039 0.50775 -0.31869
vn -0.69970 0.69970 -0.14434
vn -0.67700 0.67700 -0.28868
vn -0.83619 0.52478 -0.15934
vn -0.83619 0.52478 -0.15934
vn -0.70711 0.70711 0.00000
vn -0.69970 0.69970 -0.14434
vn -0.84779 0.53033 0.00000
vn -0.84779 0.53033 0.00000
vn -0.70711 0.70711 0.00000
vn -0.70711 0.70711 0.00000
vn -0.84779 0.53033 0.00000
vn -0.84779 0.53033 0.00000
vn -0.69970 0.69970 0.14434
vn -0.70711 0.70711 0.00000
vn -0.83619 0.52478 0.15934
vn -0.83619 0.52478 0.15934
vn -0.67700 0.67700 0.28868
vn -0.69970 0.69970 0.14434
vn -0.80039 0.50775 0.31869
vn -0.80039 0.50775 0.31869
vn -0.63738 0.63738 0.43301
vn -0.67700 0.67700 0.28868
vn -0.73686 0.47803 0.47803
vn -0.73686 0.47803 0.47803
vn -0.57735 0.57735 0.57735
vn -0.63738 0.63738 0.43301
vn -0.63738 0.43301 0.63738
vn -0.57735 -0.57735 0.57735
vn -0.47803 -0.47803 0.73686
vn -0.63738 -0.43301 0.63738
vn -0.43301 -0.63738 0.63738
vn -0.43301 -0.63738 0.63738
vn -0.31869 -0.50775 0.80039
vn -0.47803 -0.47803 0.73686
vn -0.28868 -0.67700 0.67700
vn -0.28868 -0.67700 0.67700
vn -0.15934 -0.52478 0.83619
vn -0.31869 -0.50775 0.80039
vn -0.14434 -0.69970 0.69970
vn -0.14434 -0.69970 0.69970
vn 0.00000 -0.53033 0.84779
vn -0.15934 -0.52478 0.83619
vn 0.00000 -0.70711 0.70711
vn 0.00000 -0.70711 0.70711
vn 0.00000 -0.53033 0.84779
vn 0.00000 -0.53033 0.84779
vn 0.00000 -0.70711 0.70711
vn 0.00000 -0.70711 0.70711
vn 0.15934 -0.52478 0.83619
vn 0.00000 -0.53033 0.84779
vn 0.14434 -0.69970 0.69970
vn 0.14434 -0.69970 0.69970
vn 0.31869 -0.50775 0.80039
vn 0.15934 -0.52478 0.83619
vn 0.28868 -0.67700 0.67700
vn 0.28868 -0.67700 0.67700
vn 0.47803 -0.47803 0.73686
vn 0.31869 -0.50775 0.80039
vn 0.43301 -0.63738 0.63738
vn 0.43301 -0.63738 0.63738
vn 0.63738 -0.43301 0.63738
vn 0.47803 -0.47803 0.73686
vn 0.57735 -0.57735 0.57735
vn -0.63738 -0.43301 0.63738
vn -0.50775 -0.31869 0.80039
vn -0.67700 -0.28868 0.67700
vn -0.47803 -0.47803 0.73686
vn -0.47803 -0.47803 0.73686
vn -0.33850 -0.33850 0.87797
vn -0.50775 -0.31869 0.80039
vn -0.31869 -0.50775 0.80039
vn -0.31869 -0.50775 0.80039
vn -0.16925 -0.34985 0.92139
vn -0.33850 -0.33850 0.87797
vn -0.15934 -0.52478 0.83619
vn -0.15934 -0.52478 0.83619
vn 0.00000 -0.35355 0.93541
vn -0.16925 -0.34985 0.92139
vn 0.00000 -0.53033 0.84779
vn 0.00000 -0.53033 0.84779
vn 0.00000 -0.35355 0.93541
vn 0.00000 -0.35355 0.93541
vn 0.00000 -0.53033 0.84779
vn 0.00000 -0.53033 0.84779
vn 0.16925 -0.34985 0.92139
vn 0.00000 -0.35355 0.93541
vn 0.15934 -0.52478 0.83619
vn 0.15934 -0.52478 0.83619
vn 0.33850 -0.33850 0.87797
vn 0.16925 -0.34985 0.92139
vn 0.31869 -0.50775 0.80039
vn 0.31869 -0.50775 0.80039
vn 0.50775 -0.31869 0.80039
vn 0.33850 -0.33850 0.87797
vn 0.47803 -0.47803 0.73686
vn 0.47803 -0.47803 0.73686
vn 0.67700 -0.28868 0.67700
vn 0.50775 -0.31869 0.80039
vn 0.63738 -0.43301 0.63738
vn -0.67700 -0.28868 0.67700
vn -0.52478 -0.15934 0.83619
vn -0.69970 -0.14434 0.69970
vn -0.50775 -0.31869 0.80039
vn -0.50775 -0.31869 0.80039
vn -0.34985 -0.16925 0.92139
vn -0.52478 -0.15934 0.83619
vn -0.33850 -0.33850 0.87797
vn -0.33850 -0.33850 0.87797
vn -0.17493 -0.17493 0.96892
vn -0.34985 -0.16925 0.92139
vn -0.16925 -0.34985 0.92139
vn -0.16925 -0.34985 0.92139
vn 0.00000 -0.17678 0.98425
vn -0.17493 -0.17493 0.96892
vn 0.00000 -0.35355 0.93541
vn 0.00000 -0.35355 0.93541
vn 0.00000 -0.17678 0.98425
vn 0.00000 -0.17678 0.98425
vn 0.00000 -0.35355 0.93541
vn 0.00000 -0.35355 0.93541
vn 0.17493 -0.17493 0.96892
vn 0.00000 -0.17678 0.98425
vn 0.16925 -0.34985 0.92139
vn 0.16925 -0.34985 0.92139
vn 0.34985 -0.16925 0.92139
vn 0.17493 -0.17493 0.96892
vn 0.33850 -0.33850 0.87797
vn 0.33850 -0.33850 0.87797
vn 0.52478 -0.15934 0.83619
vn 0.34985 -0.16925 0.92139
vn 0.50775 -0.31869 0.80039
vn 0.50775 -0.31869 0.80039
vn 0.69970 -0.14434 0.69970
vn 0.52478 -0.15934 0.83619
vn 0.67700 -0.28868 0.67700
vn -0.69970 -0.14434 0.69970
vn -0.53033 -0.00000 0.84779
vn -0.70711 -0.00000 0.70711
vn -0.52478 -0.15934 0.83619
vn -0.52478 -0.15934 0.83619
vn -0.35355 -0.00000 0.93541
vn -0.53033 -0.00000 0.84779
vn -0.34985 -0.16925 0.92139
vn -0.34985 -0.16925 0.92139
vn -0.17678 -0.00000 0.98425
vn -0.35355 -0.00000 0.93541
vn -0.17493 -0.17493 0.96892
vn -0.17493 -0.17493 0.96892
vn 0.00000 -0.00000 1.00000
vn -0.17678 -0.00000 0.98425
vn 0.00000 -0.17678 0.98425
vn 0.00000 -0.17678 0.98425
vn 0.00000 -0.00000 1.00000
vn 0.00000 -0.00000 1.00000
vn 0.00000 -0.17678 0.98425
vn 0.00000 -0.17678 0.98425
vn 0.17678 -0.00000 0.98425
vn 0.00000 -0.00000 1.00000
vn 0.17493 -0.17493 0.96892
vn 0.17493 -0.17493 0.96892
vn 0.35355 -0.00000 0.93541
vn 0.17678 -0.00000 0.98425
vn 0.34985 -0.16925 0.92139
vn 0.34985 -0.16925 0.92139
vn 0.53033 -0.00000 0.84779
vn 0.35355 -0.00000 0.93541
vn 0.52478 -0.15934 0.83619
vn 0.52478 -0.15934 0.83619
vn 0.70711 -0.00000 0.70711
vn 0.53033 -0.00000 0.84779
vn 0.69970 -0.14434 0.69970
vn -0.70711 -0.00000 0.70711
vn -0.53033 -0.00000 0.84779
vn -0.70711 -0.00000 0.70711
vn -0.53033 -0.00000 0.84779
vn -0.53033 -0.00000 0.84779
vn -0.35355 -0.00000 0.93541
vn -0.53033 -0.00000 0.84779
vn -0.35355 -0.00000 0.93541
vn -0.35355 -0.00000 0.93541
vn -0.17678 -0.00000 0.98425
vn -0.35355 -0.00000 0.93541
vn -0.17678 -0.00000 0.98425
vn -0.17678 -0.00000 0.98425
vn 0.00000 -0.00000 1.00000
vn -0.17678 -0.00000 0.98425
vn 0.00000 -0.00000 1.00000
vn 0.00000 -0.00000 1.00000
vn 0.00000 -0.00000 1.00000
vn 0.00000 -0.00000 1.00000
vn 0.00000 -0.00000 1.00000
vn 0.00000 -0.00000 1.00000
vn 0.17678 -0.00000 0.98425
vn 0.00000 -0.00000 1.00000
vn 0.17678 -0.00000 0.98425
vn 0.17678 -0.00000 0.98425
vn 0.35355 -0.00000 0.93541
vn 0.17678 -0.00000 0.98425
vn 0.35355 -0.00000 0.93541
vn 0.35355 -0.00000 0.93541
vn 0.53033 -0.00000 0.84779
vn 0.35355 -0.00000 0.93541
vn 0.53033 -0.00000 0.84779
vn 0.53033 -0.00000 0.84779
vn 0.70711 -0.00000 0.70711
vn 0.53033 -0.00000 0.84779
vn 0.70711 -0.00000 0.70711
vn -0.70711 -0.00000 0.70711
vn -0.52478 0.15934 0.83619
vn -0.69970 0.14434 0.69970
vn -0.53033 -0.00000 0.84779
vn -0.53033 -0.00000 0.84779
vn -0.34985 0.16925 0.92139
vn -0.52478 0.15934 0.83619
vn -0.35355 -0.00000 0.93541
vn -0.35355 -0.00000 0.93541
vn -0.17493 0.17493 0.96892
vn -0.34985 0.16925 0.92139
vn -0.17678 -0.00000 0.98425
vn -0.17678 -0.00000 0.98425
vn 0.00000 0.17678 0.98425
vn -0.17493 0.17493 0.96892
vn 0.00000 -0.00000 1.00000
vn 0.00000 -0.00000 1.00000
vn 0.00000 0.17678 0.98425
vn 0.00000 0.17678 0.98425
vn 0.00000 -0.00000 1.00000
vn 0.00000 -0.00000 1.00000
vn 0.17493 0.17493 0.96892
vn 0.00000 0.17678 0.98425
vn 0.17678 -0.00000 0.98425
vn 0.17678 -0.00000 0.98425
vn 0.34985 0.16925 0.92139
vn 0.17493 0.17493 0.96892
vn 0.35355 -0.00000 0.93541
vn 0.35355 -0.00000 0.93541
vn 0.52478 0.15934 0.83619
vn 0.34985 0.16925 0.92139
vn 0.53033 -0.00000 0.84779
vn 0.53033 -0.00000 0.84779
vn 0.69970 0.14434 0.69970
vn 0.52478 0.15934 0.83619
vn 0.70711 -0.00000 0.70711
vn -0.69970 0.14434 0.69970
vn -0.50775 0.31869 0.80039
vn -0.67700 0.28868 0.67700
vn -0.52478 0.15934 0.83619
vn -0.52478 0.15934 0.83619
vn -0.33850 0.33850 0.87797
vn -0.50775 0.31869 0.80039
vn -0.34985 0.16925 0.92139
vn -0.34985 0.16925 0.92139
vn -0.16925 0.34985 0.92139
vn -0.33850 0.33850 0.87797
vn -0.17493 0.17493 0.96892
vn -0.17493 0.17493 0.96892
vn 0.00000 0.35355 0.93541
vn -0.16925 0.34985 0.92139
vn 0.00000 0.17678 0.98425
vn 0.00000 0.17678 0.98425
vn 0.00000 0.35355 0.93541
vn 0.00000 0.35355 0.93541
vn 0.00000 0.17678 0.98425
vn 0.00000 0.17678 0.98425
vn 0.16925 0.34985 0.92139
vn 0.00000 0.35355 0.93541
vn 0.17493 0.17493 0.96892
vn 0.17493 0.17493 0.96892
vn 0.33850 0.33850 0.87797
vn 0.16925 0.34985 0.92139
vn 0.34985 0.16925 0.92139
vn 0.34985 0.16925 0.92139
vn 0.50775 0.31869 0.80039
vn 0.33850 0.33850 0.87797
vn 0.52478 0.15934 0.83619
vn 0.52478 0.15934 0.83619
vn 0.67700 0.28868 0.67700
vn 0.50775 0.31869 0.80039
vn 0.69970 0.14434 0.69970
vn -0.67700 0.28868 0.67700
vn -0.47803 0.47803 0.73686
vn -0.63738 0.43301 0.63738
vn -0.50775 0.31869 0.80039
vn -0.50775 0.31869 0.80039
vn -0.31869 0.50775 0.80039
vn -0.47803 0.47803 0.73686
vn -0.33850 0.33850 0.87797
vn -0.33850 0.33850 0.87797
vn -0.15934 0.52478 0.83619
vn -0.31869 0.50775 0.80039
vn -0.16925 0.34985 0.92139
vn -0.16925 0.34985 0.92139
vn 0.00000 0.53033 0.84779
vn -0.15934 0.52478 0.83619
vn 0.00000 0.35355 0.93541
vn 0.00000 0.35355 0.93541
vn 0.00000 0.53033 0.84779
vn 0.00000 0.53033 0.84779
vn 0.00000 0.35355 0.93541
vn 0.00000 0.35355 0.93541
vn 0.15934 0.52478 0.83619
vn 0.00000 0.53033 0.84779
vn 0.16925 0.34985 0.92139
vn 0.16925 0.34985 0.92139
vn 0.31869 0.50775 0.80039
vn 0.15934 0.52478 0.83619
vn 0.33850 0.33850 0.87797
vn 0.33850 0.33850 0.87797
vn 0.47803 0.47803 0.73686
vn 0.31869 0.50775 0.80039
vn 0.50775 0.31869 0.80039
vn 0.50775 0.31869 0.80039
vn 0.63738 0.43301 0.63738
vn 0.47803 0.47803 0.73686
vn 0.67700 0.28868 0.67700
vn -0.63738 0.43301 0.63738
vn -0.43301 0.63738 0.63738
vn -0.57735 0.57735 0.57735
vn -0.47803 0.47803 0.73686
vn -0.47803 0.47803 0.73686
vn -0.28868 0.67700 0.67700
vn -0.43301 0.63738 0.63738
vn -0.31869 0.50775 0.80039
vn -0.31869 0.50775 0.80039
vn -0.14434 0.69970 0.69970
vn -0.28868 0.67700 0.67700
vn -0.15934 0.52478 0.83619
vn -0.15934 0.52478 0.83619
vn 0.00000 0.70711 0.70711
vn -0.14434 0.69970 0.69970
vn 0.00000 0.53033 0.84779
vn 0.00000 0.53033 0.84779
vn 0.00000 0.70711 0.70711
vn 0.00000 0.70711 0.70711
vn 0.00000 0.53033 0.84779
vn 0.00000 0.53033 0.84779
vn 0.14434 0.69970 0.69970
vn 0.00000 0.70711 0.70711
vn 0.15934 0.52478 0.83619
vn 0.15934 0.52478 0.83619
vn 0.28868 0.67700 0.67700
vn 0.14434 0.69970 0.69970
vn 0.31869 0.50775 0.80039
vn 0.31869 0.50775 0.80039
vn 0.43301 0.63738 0.63738
vn 0.28868 0.67700 0.67700
vn 0.47803 0.47803 0.73686
vn 0.47803 0.47803 0.73686
vn 0.57735 0.57735 0.57735
vn 0.43301 0.63738 0.63738
vn 0.63738 0.43301 0.63738
vn 0.57735 -0.57735 -0.57735
vn 0.47803 -0.47803 -0.73686
vn 0.63738 -0.43301 -0.63738
vn 0.43301 -0.63738 -0.63738
vn 0.43301 -0.63738 -0.63738
vn 0.31869 -0.50775 -0.80039
vn 0.47803 -0.47803 -0.73686
vn 0.28868 -0.67700 -0.67700
vn 0.28868 -0.67700 -0.67700
vn 0.15934 -0.52478 -0.83619
vn 0.31869 -0.50775 -0.80039
vn 0.14434 -0.69970 -0.69970
vn 0.14434 -0.69970 -0.69970
vn 0.00000 -0.53033 -0.84779
vn 0.15934 -0.52478 -0.83619
vn 0.00000 -0.70711 -0.70711
vn 0.00000 -0.70711 -0.70711
vn 0.00000 -0.53033 -0.84779
vn 0.00000 -0.53033 -0.84779
vn 0.00000 -0.70711 -0.70711
vn 0.00000 -0.70711 -0.70711
vn -0.15934 -0.52478 -0.83619
vn 0.00000 -0.53033 -0.84779
vn -0.14434 -0.69970 -0.69970
vn -0.14434 -0.69970 -0.69970
vn -0.31869 -0.50775 -0.80039
vn -0.15934 -0.52478 -0.83619
vn -0.28868 -0.67700 -0.67700
vn -0.28868 -0.67700 -0.67700
vn -0.47803 -0.47803 -0.73686
vn -0.31869 -0.50775 -0.80039
vn -0.43301 -0.63738 -0.63738
vn -0.43301 -0.63738 -0.63738
vn -0.63738 -0.43301 -0.63738
vn -0.47803 -0.47803 -0.73686
vn -0.57735 -0.57735 -0.57735
vn 0.63738 -0.43301 -0.63738
vn 0.50775 -0.31869 -0.80039
vn 0.67700 -0.28868 -0.67700
vn 0.47803 -0.47803 -0.73686
vn 0.47803 -0.47803 -0.73686
vn 0.33850 -0.33850 -0.87797
vn 0.50775 -0.31869 -0.80039
vn 0.31869 -0.50775 -0.80039
vn 0.31869 -0.50775 -0.80039
vn 0.16925 -0.34985 -0.92139
vn 0.33850 -0.33850 -0.87797
vn 0.15934 -0.52478 -0.83619
vn 0.15934 -0.52478 -0.83619
vn 0.00000 -0.35355 -0.93541
vn 0.16925 -0.34985 -0.92139
vn 0.00000 -0.53033 -0.84779
vn 0.00000 -0.53033 -0.84779
vn 0.00000 -0.35355 -0.93541
vn 0.00000 -0.35355 -0.93541
vn 0.00000 -0.53033 -0.84779
vn 0.00000 -0.53033 -0.84779
vn -0.16925 -0.34985 -0.92139
vn 0.00000 -0.35355 -0.93541
vn -0.15934 -0.52478 -0.83619
vn -0.15934 -0.52478 -0.83619
vn -0.33850 -0.33850 -0.87797
vn -0.16925 -0.34985 -0.92139
vn -0.31869 -0.50775 -0.80039
vn -0.31869 -0.50775 -0.80039
vn -0.50775 -0.31869 -0.80039
vn -0.33850 -0.33850 -0.87797
vn -0.47803 -0.47803 -0.73686
vn -0.47803 -0.47803 -0.73686
vn -0.67700 -0.28868 -0.67700
vn -0.50775 -0.31869 -0.80039
vn -0.63738 -0.43301 -0.63738
vn 0.67700 -0.28868 -0.67700
vn 0.52478 -0.15934 -0.83619
vn 0.69970 -0.14434 -0.69970
vn 0.50775 -0.31869 -0.80039
vn 0.50775 -0.31869 -0.80039
vn 0.34985 -0.16925 -0.92139
vn 0.52478 -0.15934 -0.83619
vn 0.33850 -0.33850 -0.87797
vn 0.33850 -0.33850 -0.87797
vn 0.17493 -0.17493 -0.96892
vn 0.34985 -0.16925 -0.92139
vn 0.16925 -0.34985 -0.92139
vn 0.16925 -0.34985 -0.92139
vn 0.00000 -0.17678 -0.98425
vn 0.17493 -0.17493 -0.96892
vn 0.00000 -0.35355 -0.93541
vn 0.00000 -0.35355 -0.93541
vn 0.00000 -0.17678 -0.98425
vn 0.00000 -0.17678 -0.98425
vn 0.00000 -0.35355 -0.93541
vn 0.00000 -0.35355 -0.93541
vn -0.17493 -0.17493 -0.96892
vn 0.00000 -0.17678 -0.98425
vn -0.16925 -0.34985 -0.92139
vn -0.16925 -0.34985 -0.92139
vn -0.34985 -0.16925 -0.92139
vn -0.17493 -0.17493 -0.96892
vn -0.33850 -0.33850 -0.87797
vn -0.33850 -0.33850 -0.87797
vn -0.52478 -0.15934 -0.83619
vn -0.34985 -0.16925 -0.92139
vn -0.50775 -0.31869 -0.80039
vn -0.50775 -0.31869 -0.80039
vn -0.69970 -0.14434 -0.69970
vn -0.52478 -0.15934 -0.83619
vn -0.67700 -0.28868 -0.67700
vn 0.69970 -0.14434 -0.69970
vn 0.53033 0.00000 -0.84779
vn 0.70711 0.00000 -0.70711
vn 0.52478 -0.15934 -0.83619
vn 0.52478 -0.15934 -0.83619
vn 0.35355 0.00000 -0.93541
vn 0.53033 0.00000 -0.84779
vn 0.34985 -0.16925 -0.92139
vn 0.34985 -0.16925 -0.92139
vn 0.17678 0.00000 -0.98425
vn 0.35355 0.00000 -0.93541
vn 0.17493 -0.17493 -0.96892
vn 0.17493 -0.17493 -0.96892
vn 0.00000 0.00000 -1.00000
vn 0.17678 0.00000 -0.98425
vn 0.00000 -0.17678 -0.98425
vn 0.00000 -0.17678 -0.98425
vn 0.00000 0.00000 -1.00000
vn 0.00000 0.00000 -1.00000
vn 0.00000 -0.17678 -0.98425
vn 0.00000 -0.17678 -0.98425
vn -0.17678 0.00000 -0.98425
vn 0.00000 0.00000 -1.00000
vn -0.17493 -0.17493 -0.96892
vn -0.17493 -0.17493 -0.96892
vn -0.35355 0.00000 -0.93541
vn -0.17678 0.00000 -0.98425
vn -0.34985 -0.16925 -0.92139
vn -0.34985 -0.16925 -0.92139
vn -0.53033 0.00000 -0.84779
vn -0.35355 0.00000 -0.93541
vn -0.52478 -0.15934 -0.83619
vn -0.52478 -0.15934 -0.83619
vn -0.70711 0.00000 -0.70711
vn -0.53033 0.00000 -0.84779
vn -0.69970 -0.14434 -0.69970
vn 0.70711 0.00000 -0.70711
vn 0.53033 0.00000 -0.84779
vn 0.70711 0.00000 -0.70711
vn 0.53033 0.00000 -0.84779
vn 0.53033 0.00000 -0.84779
vn 0.35355 0.00000 -0.93541
vn 0.53033 0.00000 -0.84779
vn 0.35355 0.00000 -0.93541
vn 0.35355 0.00000 -0.93541
vn 0.17678 0.00000 -0.98425
vn 0.35355 0.00000 -0.93541
vn 0.17678 0.00000 -0.98425
vn 0.17678 0.00000 -0.98425
vn 0.00000 0.00000 -1.00000
vn 0.17678 0.00000 -0.98425
vn 0.00000 0.00000 -1.00000
vn 0.00000 0.00000 -1.00000
vn 0.00000 0.00000 -1.00000
vn 0.00000 0.00000 -1.00000
vn 0.00000 0.00000 -1.00000
vn 0.00000 0.00000 -1.00000
vn -0.17678 0.00000 -0.98425
vn 0.00000 0.00000 -1.00000
vn -0.17678 0.00000 -0.98425
vn -0.17678 0.00000 -0.98425
vn -0.35355 0.00000 -0.93541
vn -0.17678 0.00000 -0.98425
vn -0.35355 0.00000 -0.93541
vn -0.35355 0.00000 -0.93541
vn -0.53033 0.00000 -0.84779
vn -0.35355 0.00000 -0.93541
vn -0.53033 0.00000 -0.84779
vn -0.53033 0.00000 -0.84779
vn -0.70711 0.00000 -0.70711
vn -0.53033 0.00000 -0.84779
vn -0.70711 0.00000 -0.70711
vn 0.70711 0.00000 -0.70711
vn 0.52478 0.15934 -0.83619
vn 0.69970 0.14434 -0.69970
vn 0.53033 0.00000 -0.84779
vn 0.53033 0.00000 -0.84779
vn 0.34985 0.16925 -0.92139
vn 0.52478 0.15934 -0.83619
vn 0.35355 0.00000 -0.93541
vn 0.35355 0.00000 -0.93541
vn 0.17493 0.17493 -0.96892
vn 0.34985 0.16925 -0.92139
vn 0.17678 0.00000 -0.98425
vn 0.17678 0.00000 -0.98425
vn 0.00000 0.17678 -0.98425
vn 0.17493 0.17493 -0.96892
vn 0.00000 0.00000 -1.00000
vn 0.00000 0.00000 -1.00000
vn 0.00000 0.17678 -0.98425
vn 0.00000 0.17678 -0.98425
vn 0.00000 0.00000 -1.00000
vn 0.00000 0.00000 -1.00000
vn -0.17493 0.17493 -0.96892
vn 0.00000 0.17678 -0.98425
vn -0.17678 0.00000 -0.98425
vn -0.17678 0.00000 -0.98425
vn -0.34985 0.16925 -0.92139
vn -0.17493 0.17493 -0.96892
vn -0.35355 0.00000 -0.93541
vn -0.35355 0.00000 -0.93541
vn -0.52478 0.15934 -0.83619
vn -0.34985 0.16925 -0.92139
vn -0.53033 0.00000 -0.84779
vn -0.53033 0.00000 -0.84779
vn -0.69970 0.14434 -0.69970
vn -0.52478 0.15934 -0.83619
vn -0.70711 0.00000 -0.70711
vn 0.69970 0.14434 -0.69970
vn 0.50775 0.31869 -0.80039
vn 0.67700 0.28868 -0.67700
vn 0.52478 0.15934 -0.83619
vn 0.52478 0.15934 -0.83619
vn 0.33850 0.33850 -0.87797
vn 0.50775 0.31869 -0.80039
vn 0.34985 0.16925 -0.92139
vn 0.34985 0.16925 -0.92139
vn 0.16925 0.34985 -0.92139
vn 0.33850 0.33850 -0.87797
vn 0.17493 0.17493 -0.96892
vn 0.17493 0.17493 -0.96892
vn 0.00000 0.35355 -0.93541
vn 0.16925 0.34985 -0.92139
vn 0.00000 0.17678 -0.98425
vn 0.00000 0.17678 -0.98425
vn 0.00000 0.35355 -0.93541
vn 0.00000 0.35355 -0.93541
vn 0.00000 0.17678 -0.98425
vn 0.00000 0.17678 -0.98425
vn -0.16925 0.34985 -0.92139
vn 0.00000 0.35355 -0.93541
vn -0.17493 0.17493 -0.96892
vn -0.17493 0.17493 -0.96892
vn -0.33850 0.33850 -0.87797
vn -0.16925 0.34985 -0.92139
vn -0.34985 0.16925 -0.92139
vn -0.34985 0.16925 -0.92139
vn -0.50775 0.31869 -0.80039
vn -0.33850 0.33850 -0.87797
vn -0.52478 0.15934 -0.83619
vn -0.52478 0.15934 -0.83619
vn -0.67700 0.28868 -0.67700
vn -0.50775 0.31869 -0.80039
vn -0.69970 0.14434 -0.69970
vn 0.67700 0.28868 -0.67700
vn 0.47803 0.47803 -0.73686
vn 0.63738 0.43301 -0.63738
vn 0.50775 0.31869 -0.80039
vn 0.50775 0.31869 -0.80039
vn 0.31869 0.50775 -0.80039
vn 0.47803 0.47803 -0.73686
vn 0.33850 0.33850 -0.87797
vn 0.33850 0.33850 -0.87797
vn 0.15934 0.52478 -0.83619
vn 0.31869 0.50775 -0.80039
vn 0.16925 0.34985 -0.92139
vn 0.16925 0.34985 -0.92139
vn 0.00000 0.53033 -0.84779
vn 0.15934 0.52478 -0.83619
vn 0.00000 0.35355 -0.93541
vn 0.00000 0.35355 -0.93541
vn 0.00000 0.53033 -0.84779
vn 0.00000 0.53033 -0.84779
vn 0.00000 0.35355 -0.93541
vn 0.00000 0.35355 -0.93541
vn -0.15934 0.52478 -0.83619
vn 0.00000 0.53033 -0.84779
vn -0.16925 0.34985 -0.92139
vn -0.16925 0.34985 -0.92139
vn -0.31869 0.50775 -0.80039
vn -0.15934 0.52478 -0.83619
vn -0.33850 0.33850 -0.87797
vn -0.33850 0.33850 -0.87797
vn -0.47803 0.47803 -0.73686
vn -0.31869 0.50775 -0.80039
vn -0.50775 0.31869 -0.80039
vn -0.50775 0.31869 -0.80039
vn -0.63738 0.43301 -0.63738
vn -0.47803 0.47803 -0.73686
vn -0.67700 0.28868 -0.67700
vn 0.63738 0.43301 -0.63738
vn 0.43301 0.63738 -0.63738
vn 0.57735 0.57735 -0.57735
vn 0.47803 0.47803 -0.73686
vn 0.47803 0.47803 -0.73686
vn 0.28868 0.67700 -0.67700
vn 0.43301 0.63738 -0.63738
vn 0.31869 0.50775 -0.80039
vn 0.31869 0.50775 -0.80039
vn 0.14434 0.69970 -0.69970
vn 0.28868 0.67700 -0.67700
vn 0.15934 0.52478 -0.83619
vn 0.15934 0.52478 -0.83619
vn 0.00000 0.70711 -0.70711
vn 0.14434 0.69970 -0.69970
vn 0.00000 0.53033 -0.84779
vn 0.00000 0.53033 -0.84779
vn 0.00000 0.70711 -0.70711
vn 0.00000 0.70711 -0.70711
vn 0.00000 0.53033 -0.84779
vn 0.00000 0.53033 -0.84779
vn -0.14434 0.69970 -0.69970
vn 0.00000 0.70711 -0.70711
vn -0.15934 0.52478 -0.83619
vn -0.15934 0.52478 -0.83619
vn -0.28868 0.67700 -0.67700
vn -0.14434 0.69970 -0.69970
vn -0.31869 0.50775 -0.80039
vn -0.31869 0.50775 -0.80039
vn -0.43301 0.63738 -0.63738
vn -0.28868 0.67700 -0.67700
vn -0.47803 0.47803 -0.73686
vn -0.47803 0.47803 -0.73686
vn -0.57735 0.57735 -0.57735
vn -0.43301 0.63738 -0.63738
vn -0.63738 0.43301 -0.63738
vn 0.57735 -0.57735 0.57735
vn 0.73686 -0.47803 0.47803
vn 0.63738 -0.43301 0.63738
vn 0.63738 -0.63738 0.43301
vn 0.63738 -0.63738 0.43301
vn 0.80039 -0.50775 0.31869
vn 0.73686 -0.47803 0.47803
vn 0.67700 -0.67700 0.28868
vn 0.67700 -0.67700 0.28868
vn 0.83619 -0.52478 0.15934
vn 0.80039 -0.50775 0.31869
vn 0.69970 -0.69970 0.14434
vn 0.69970 -0.69970 0.14434
vn 0.84779 -0.53033 -0.00000
vn 0.83619 -0.52478 0.15934
vn 0.70711 -0.70711 -0.00000
vn 0.70711 -0.70711 -0.00000
vn 0.84779 -0.53033 -0.00000
vn 0.84779 -0.53033 -0.00000
vn 0.70711 -0.70711 -0.00000
vn 0.70711 -0.70711 -0.00000
vn 0.83619 -0.52478 -0.15934
vn 0.84779 -0.53033 -0.00000
vn 0.69970 -0.69970 -0.14434
vn 0.69970 -0.69970 -0.14434
vn 0.80039 -0.50775 -0.31869
vn 0.83619 -0.52478 -0.15934
vn 0.67700 -0.67700 -0.28868
vn 0.67700 -0.67700 -0.28868
vn 0.73686 -0.47803 -0.47803
vn 0.80039 -0.50775 -0.31869
vn 0.63738 -0.63738 -0.43301
vn 0.63738 -0.63738 -0.43301
vn 0.63738 -0.43301 -0.63738
vn 0.73686 -0.47803 -0.47803
vn 0.57735 -0.57735 -0.57735
vn 0.63738 -0.43301 0.63738
vn 0.80039 -0.31869 0.50775
vn 0.67700 -0.28868 0.67700
vn 0.73686 -0.47803 0.47803
vn 0.73686 -0.47803 0.47803
vn 0.87797 -0.33850 0.33850
vn 0.80039 -0.31869 0.50775
vn 0.80039 -0.50775 0.31869
vn 0.80039 -0.50775 0.31869
vn 0.92139 -0.34985 0.16925
vn 0.87797 -0.33850 0.33850
vn 0.83619 -0.52478 0.15934
vn 0.83619 -0.52478 0.15934
vn 0.93541 -0.35355 -0.00000
vn 0.92139 -0.34985 0.16925
vn 0.84779 -0.53033 -0.00000
vn 0.84779 -0.53033 -0.00000
vn 0.93541 -0.35355 -0.00000
vn 0.93541 -0.35355 -0.00000
vn 0.84779 -0.53033 -0.00000
vn 0.84779 -0.53033 -0.00000
vn 0.92139 -0.34985 -0.16925
vn 0.93541 -0.35355 -0.00000
vn 0.83619 -0.52478 -0.15934
vn 0.83619 -0.52478 -0.15934
vn 0.87797 -0.33850 -0.33850
vn 0.92139 -0.34985 -0.16925
vn 0.80039 -0.50775 -0.31869
vn 0.80039 -0.50775 -0.31869
vn 0.80039 -0.31869 -0.50775
vn 0.87797 -0.33850 -0.33850
vn 0.73686 -0.47803 -0.47803
vn 0.73686 -0.47803 -0.47803
vn 0.67700 -0.28868 -0.67700
vn 0.80039 -0.31869 -0.50775
vn 0.63738 -0.43301 -0.63738
vn 0.67700 -0.28868 0.67700
vn 0.83619 -0.15934 0.52478
vn 0.69970 -0.14434 0.69970
vn 0.80039 -0.31869 0.50775
vn 0.80039 -0.31869 0.50775
vn 0.92139 -0.16925 0.34985
vn 0.83619 -0.15934 0.52478
vn 0.87797 -0.33850 0.33850
vn 0.87797 -0.33850 0.33850
vn 0.96892 -0.17493 0.17493
vn 0.92139 -0.16925 0.34985
vn 0.92139 -0.34985 0.16925
vn 0.92139 -0.34985 0.16925
vn 0.98425 -0.17678 -0.00000
vn 0.96892 -0.17493 0.17493
vn 0.93541 -0.35355 -0.00000
vn 0.93541 -0.35355 -0.00000
vn 0.98425 -0.17678 -0.00000
vn 0.98425 -0.17678 -0.00000
vn 0.93541 -0.35355 -0.00000
vn 0.93541 -0.35355 -0.00000
vn 0.96892 -0.17493 -0.17493
vn 0.98425 -0.17678 -0.00000
vn 0.92139 -0.34985 -0.16925
vn 0.92139 -0.34985 -0.16925
vn 0.92139 -0.16925 -0.34985
vn 0.96892 -0.17493 -0.17493
vn 0.87797 -0.33850 -0.33850
vn 0.87797 -0.33850 -0.33850
vn 0.83619 -0.15934 -0.52478
vn 0.92139 -0.16925 -0.34985
vn 0.80039 -0.31869 -0.50775
vn 0.80039 -0.31869 -0.50775
vn 0.69970 -0.14434 -0.69970
vn 0.83619 -0.15934 -0.52478
vn 0.67700 -0.28868 -0.67700
vn 0.69970 -0.14434 0.69970
vn 0.84779 -0.00000 0.53033
vn 0.70711 -0.00000 0.70711
vn 0.83619 -0.15934 0.52478
vn 0.83619 -0.15934 0.52478
vn 0.93541 -0.00000 0.35355
vn 0.84779 -0.00000 0.53033
vn 0.92139 -0.16925 0.34985
vn 0.92139 -0.16925 0.34985
vn 0.98425 -0.00000 0.17678
vn 0.93541 -0.00000 0.35355
vn 0.96892 -0.17493 0.17493
vn 0.96892 -0.17493 0.17493
vn 1.00000 0.00000 0.00000
vn 0.98425 -0.00000 0.17678
vn 0.98425 -0.17678 -0.00000
vn 0.98425 -0.17678 -0.00000
vn 1.00000 0.00000 0.00000
vn 1.00000 0.00000 0.00000
vn 0.98425 -0.17678 -0.00000
vn 0.98425 -0.17678 -0.00000
vn 0.98425 0.00000 -0.17678
vn 1.00000 0.00000 0.00000
vn 0.96892 -0.17493 -0.17493
vn 0.96892 -0.17493 -0.17493
vn 0.93541 0.00000 -0.35355
vn 0.98425 0.00000 -0.17678
vn 0.92139 -0.16925 -0.34985
vn 0.92139 -0.16925 -0.34985
vn 0.84779 0.00000 -0.53033
vn 0.93541 0.00000 -0.35355
vn 0.83619 -0.15934 -0.52478
vn 0.83619 -0.15934 -0.52478
vn 0.70711 0.00000 -0.70711
vn 0.84779 0.00000 -0.53033
vn 0.69970 -0.14434 -0.69970
vn 0.70711 -0.00000 0.70711
vn 0.84779 -0.00000 0.53033
vn 0.70711 -0.00000 0.70711
vn 0.84779 -0.00000 0.53033
vn 0.84779 -0.00000 0.53033
vn 0.93541 -0.00000 0.35355
vn 0.84779 -0.00000 0.53033
vn 0.93541 -0.00000 0.35355
vn 0.93541 -0.00000 0.35355
vn 0.98425 -0.00000 0.17678
vn 0.93541 -0.00000 0.35355
vn 0.98425 -0.00000 0.17678
vn 0.98425 -0.00000 0.17678
vn 1.00000 0.00000 0.00000
vn 0.98425 -0.00000 0.17678
vn 1.00000 0.00000 0.00000
vn 1.00000 0.00000 0.00000
vn 1.00000 0.00000 0.00000
vn 1.00000 0.00000 0.00000
vn 1.00000 0.00000 0.00000
vn 1.00000 0.00000 0.00000
vn 0.98425 0.00000 -0.17678
vn 1.00000 0.00000 0.00000
vn 0.98425 0.00000 -0.17678
vn 0.98425 0.00000 -0.17678
vn 0.93541 0.00000 -0.35355
vn 0.98425 0.00000 -0.17678
vn 0.93541 0.00000 -0.35355
vn 0.93541 0.00000 -0.35355
vn 0.84779 0.00000 -0.53033
vn 0.93541 0.00000 -0.35355
vn 0.84779 0.00000 -0.53033
vn 0.84779 0.00000 -0.53033
vn 0.70711 0.00000 -0.70711
vn 0.84779 0.00000 -0.53033
vn 0.70711 0.00000 -0.70711
vn 0.70711 -0.00000 0.70711
vn 0.83619 0.15934 0.52478
vn 0.69970 0.14434 0.69970
vn 0.84779 -0.00000 0.53033
vn 0.84779 -0.00000 0.53033
vn 0.92139 0.16925 0.34985
vn 0.83619 0.15934 0.52478
vn 0.93541 -0.00000 0.35355
vn 0.93541 -0.00000 0.35355
vn 0.96892 0.17493 0.17493
vn 0.92139 0.16925 0.34985
vn 0.98425 -0.00000 0.17678
vn 0.98425 -0.00000 0.17678
vn 0.98425 0.17678 0.00000
vn 0.96892 0.17493 0.17493
vn 1.00000 0.00000 0.00000
vn 1.00000 0.00000 0.00000
vn 0.98425 0.17678 0.00000
vn 0.98425 0.17678 0.00000
vn 1.00000 0.00000 0.00000
vn 1.00000 0.00000 0.00000
vn 0.96892 0.17493 -0.17493
vn 0.98425 0.17678 0.00000
vn 0.98425 0.00000 -0.17678
vn 0.98425 0.00000 -0.17678
vn 0.92139 0.16925 -0.34985
vn 0.96892 0.17493 -0.17493
vn 0.93541 0.00000 -0.35355
vn 0.93541 0.00000 -0.35355
vn 0.83619 0.15934 -0.52478
vn 0.92139 0.16925 -0.34985
vn 0.84779 0.00000 -0.53033
vn 0.84779 0.00000 -0.53033
vn 0.69970 0.14434 -0.69970
vn 0.83619 0.15934 -0.52478
vn 0.70711 0.00000 -0.70711
vn 0.69970 0.14434 0.69970
vn 0.80039 0.31869 0.50775
vn 0.67700 0.28868 0.67700
vn 0.83619 0.15934 0.52478
vn 0.83619 0.15934 0.52478
vn 0.87797 0.33850 0.33850
vn 0.80039 0.31869 0.50775
vn 0.92139 0.16925 0.34985
vn 0.92139 0.16925 0.34985
vn 0.92139 0.34985 0.16925
vn 0.87797 0.33850 0.33850
vn 0.96892 0.17493 0.17493
vn 0.96892 0.17493 0.17493
vn 0.93541 0.35355 0.00000
vn 0.92139 0.34985 0.16925
vn 0.98425 0.17678 0.00000
vn 0.98425 0.17678 0.00000
vn 0.93541 0.35355 0.00000
vn 0.93541 0.35355 0.00000
vn 0.98425 0.17678 0.00000
vn 0.98425 0.17678 0.00000
vn 0.92139 0.34985 -0.16925
vn 0.93541 0.35355 0.00000
vn 0.96892 0.17493 -0.17493
vn 0.96892 0.17493 -0.17493
vn 0.87797 0.33850 -0.33850
vn 0.92139 0.34985 -0.16925
vn 0.92139 0.16925 -0.34985
vn 0.92139 0.16925 -0.34985
vn 0.80039 0.31869 -0.50775
vn 0.87797 0.33850 -0.33850
vn 0.83619 0.15934 -0.52478
vn 0.83619 0.15934 -0.52478
vn 0.67700 0.28868 -0.67700
vn 0.80039 0.31869 -0.50775
vn 0.69970 0.14434 -0.69970
vn 0.67700 0.28868 0.67700
vn 0.73686 0.47803 0.47803
vn 0.63738 0.43301 0.63738
vn 0.80039 0.31869 0.50775
vn 0.80039 0.31869 0.50775
vn 0.80039 0.50775 0.31869
vn 0.73686 0.47803 0.47803
vn 0.87797 0.33850 0.33850
vn 0.87797 0.33850 0.33850
vn 0.83619 0.52478 0.15934
vn 0.80039 0.50775 0.31869
vn 0.92139 0.34985 0.16925
vn 0.92139 0.34985 0.16925
vn 0.84779 0.53033 0.00000
vn 0.83619 0.52478 0.15934
vn 0.93541 0.35355 0.00000
vn 0.93541 0.35355 0.00000
vn 0.84779 0.53033 0.00000
vn 0.84779 0.53033 0.00000
vn 0.93541 0.35355 0.00000
vn 0.93541 0.35355 0.00000
vn 0.83619 0.52478 -0.15934
vn 0.84779 0.53033 0.00000
vn 0.92139 0.34985 -0.16925
vn 0.92139 0.34985 -0.16925
vn 0.80039 0.50775 -0.31869
vn 0.83619 0.52478 -0.15934
vn 0.87797 0.33850 -0.33850
vn 0.87797 0.33850 -0.33850
vn 0.73686 0.47803 -0.47803
vn 0.80039 0.50775 -0.31869
vn 0.80039 0.31869 -0.50775
vn 0.80039 0.31869 -0.50775
vn 0.63738 0.43301 -0.63738
vn 0.73686 0.47803 -0.47803
vn 0.67700 0.28868 -0.67700
vn 0.63738 0.43301 0.63738
vn 0.63738 0.63738 0.43301
vn 0.57735 0.57735 0.57735
vn 0.73686 0.47803 0.47803
vn 0.73686 0.47803 0.47803
vn 0.67700 0.67700 0.28868
vn 0.63738 0.63738 0.43301
vn 0.80039 0.50775 0.31869
vn 0.80039 0.50775 0.31869
vn 0.69970 0.69970 0.14434
vn 0.67700 0.67700 0.28868
vn 0.83619 0.52478 0.15934
vn 0.83619 0.52478 0.15934
vn 0.70711 0.70711 0.00000
vn 0.69970 0.69970 0.14434
vn 0.84779 0.53033 0.00000
vn 0.84779 0.53033 0.00000
vn 0.70711 0.70711 0.00000
vn 0.70711 0.70711 0.00000
vn 0.84779 0.53033 0.00000
vn 0.84779 0.53033 0.00000
vn 0.69970 0.69970 -0.14434
vn 0.70711 0.70711 0.00000
vn 0.83619 0.52478 -0.15934
vn 0.83619 0.52478 -0.15934
vn 0.67700 0.67700 -0.28868
vn 0.69970 0.69970 -0.14434
vn 0.80039 0.50775 -0.31869
vn 0.80039 0.50775 -0.31869
vn 0.63738 0.63738 -0.43301
vn 0.67700 0.67700 -0.28868
vn 0.73686 0.47803 -0.47803
vn 0.73686 0.47803 -0.47803
vn 0.57735 0.57735 -0.57735
vn 0.63738 0.63738 -0.43301
vn 0.63738 0.43301 -0.63738
vn -0.57735 0.57735 0.57735
vn -0.47803 0.73686 0.47803
vn -0.63738 0.63738 0.43301
vn -0.43301 0.63738 0.63738
vn -0.43301 0.63738 0.63738
vn -0.31869 0.80039 0.50775
vn -0.47803 0.73686 0.47803
vn -0.28868 0.67700 0.67700
vn -0.28868 0.67700 0.67700
vn -0.15934 0.83619 0.52478
vn -0.31869 0.80039 0.50775
vn -0.14434 0.69970 0.69970
vn -0.14434 0.69970 0.69970
vn 0.00000 0.84779 0.53033
vn -0.15934 0.83619 0.52478
vn 0.00000 0.70711 0.70711
vn 0.00000 0.70711 0.70711
vn 0.00000 0.84779 0.53033
vn 0.00000 0.84779 0.53033
vn 0.00000 0.70711 0.70711
vn 0.00000 0.70711 0.70711
vn 0.15934 0.83619 0.52478
vn 0.00000 0.84779 0.53033
vn 0.14434 0.69970 0.69970
vn 0.14434 0.69970 0.69970
vn 0.31869 0.80039 0.50775
vn 0.15934 0.83619 0.52478
vn 0.28868 0.67700 0.67700
vn 0.28868 0.67700 0.67700
vn 0.47803 0.73686 0.47803
vn 0.31869 0.80039 0.50775
vn 0.43301 0.63738 0.63738
vn 0.43301 0.63738 0.63738
vn 0.63738 0.63738 0.43301
vn 0.47803 0.73686 0.47803
vn 0.57735 0.57735 0.57735
vn -0.63738 0.63738 0.43301
vn -0.50775 0.80039 0.31869
vn -0.67700 0.67700 0.28868
vn -0.47803 0.73686 0.47803
vn -0.47803 0.73686 0.47803
vn -0.33850 0.87797 0.33850
vn -0.50775 0.80039 0.31869
vn -0.31869 0.80039 0.50775
vn -0.31869 0.80039 0.50775
vn -0.16925 0.92139 0.34985
vn -0.33850 0.87797 0.33850
vn -0.15934 0.83619 0.52478
vn -0.15934 0.83619 0.52478
vn 0.00000 0.93541 0.35355
vn -0.16925 0.92139 0.34985
vn 0.00000 0.84779 0.53033
vn 0.00000 0.84779 0.53033
vn 0.00000 0.93541 0.35355
vn 0.00000 0.93541 0.35355
vn 0.00000 0.84779 0.53033
vn 0.00000 0.84779 0.53033
vn 0.16925 0.92139 0.34985
vn 0.00000 0.93541 0.35355
vn 0.15934 0.83619 0.52478
vn 0.15934 0.83619 0.52478
vn 0.33850 0.87797 0.33850
vn 0.16925 0.92139 0.34985
vn 0.31869 0.80039 0.50775
vn 0.31869 0.80039 0.50775
vn 0.50775 0.80039 0.31869
vn 0.33850 0.87797 0.33850
vn 0.47803 0.73686 0.47803
vn 0.47803 0.73686 0.47803
vn 0.67700 0.67700 0.28868
vn 0.50775 0.80039 0.31869
vn 0.63738 0.63738 0.43301
vn -0.67700 0.67700 0.28868
vn -0.52478 0.83619 0.15934
vn -0.69970 0.69970 0.14434
vn -0.50775 0.80039 0.31869
vn -0.50775 0.80039 0.31869
vn -0.34985 0.92139 0.16925
vn -0.52478 0.83619 0.15934
vn -0.33850 0.87797 0.33850
vn -0.33850 0.87797 0.33850
vn -0.17493 0.96892 0.17493
vn -0.34985 0.92139 0.16925
vn -0.16925 0.92139 0.34985
vn -0.16925 0.92139 0.34985
vn 0.00000 0.98425 0.17678
vn -0.17493 0.96892 0.17493
vn 0.00000 0.93541 0.35355
vn 0.00000 0.93541 0.35355
vn 0.00000 0.98425 0.17678
vn 0.00000 0.98425 0.17678
vn 0.00000 0.93541 0.35355
vn 0.00000 0.93541 0.35355
vn 0.17493 0.96892 0.17493
vn 0.00000 0.98425 0.17678
vn 0.16925 0.92139 0.34985
vn 0.16925 0.92139 0.34985
vn 0.34985 0.92139 0.16925
vn 0.17493 0.96892 0.17493
vn 0.33850 0.87797 0.33850
vn 0.33850 0.87797 0.33850
vn 0.52478 0.83619 0.15934
vn 0.34985 0.92139 0.16925
vn 0.50775 0.80039 0.31869
vn 0.50775 0.80039 0.31869
vn 0.69970 0.69970 0.14434
vn 0.52478 0.83619 0.15934
vn 0.67700 0.67700 0.28868
vn -0.69970 0.69970 0.14434
vn -0.53033 0.84779 0.00000
vn -0.70711 0.70711 0.00000
vn -0.52478 0.83619 0.15934
vn -0.52478 0.83619 0.15934
vn -0.35355 0.93541 0.00000
vn -0.53033 0.84779 0.00000
vn -0.34985 0.92139 0.16925
vn -0.34985 0.92139 0.16925
vn -0.17678 0.98425 0.00000
vn -0.35355 0.93541 0.00000
vn -0.17493 0.96892 0.17493
vn -0.17493 0.96892 0.17493
vn 0.00000 1.00000 0.00000
vn -0.17678 0.98425 0.00000
vn 0.00000 0.98425 0.17678
vn 0.00000 0.98425 0.17678
vn 0.00000 1.00000 0.00000
vn 0.00000 1.00000 0.00000
vn 0.00000 0.98425 0.17678
vn 0.00000 0.98425 0.17678
vn 0.17678 0.98425 0.00000
vn 0.00000 1.00000 0.00000
vn 0.17493 0.96892 0.17493
vn 0.17493 0.96892 0.17493
vn 0.35355 0.93541 0.00000
vn 0.17678 0.98425 0.00000
vn 0.34985 0.92139 0.16925
vn 0.34985 0.92139 0.16925
vn 0.53033 0.84779 0.00000
vn 0.35355 0.93541 0.00000
vn 0.52478 0.83619 0.15934
vn 0.52478 0.83619 0.15934
vn 0.70711 0.70711 0.00000
vn 0.53033 0.84779 0.00000
vn 0.69970 0.69970 0.14434
vn -0.70711 0.70711 0.00000
vn -0.53033 0.84779 0.00000
vn -0.70711 0.70711 0.00000
vn -0.53033 0.84779 0.00000
vn -0.53033 0.84779 0.00000
vn -0.35355 0.93541 0.00000
vn -0.53033 0.84779 0.00000
vn -0.35355 0.93541 0.00000
vn -0.35355 0.93541 0.00000
vn -0.17678 0.98425 0.00000
vn -0.35355 0.93541 0.00000
vn -0.17678 0.98425 0.00000
vn -0.17678 0.98425 0.00000
vn 0.00000 1.00000 0.00000
vn -0.17678 0.98425 0.00000
vn 0.00000 1.00000 0.00000
vn 0.00000 1.00000 0.00000
vn 0.00000 1.00000 0.00000
vn 0.00000 1.00000 0.00000
vn 0.00000 1.00000 0.00000
vn 0.00000 1.00000 0.00000
vn 0.17678 0.98425 0.00000
vn 0.00000 1.00000 0.00000
vn 0.17678 0.98425 0.00000
vn 0.17678 0.98425 0.00000
vn 0.35355 0.93541 0.00000
vn 0.17678 0.98425 0.00000
vn 0.35355 0.93541 0.00000
vn 0.35355 0.93541 0.00000
vn 0.53033 0.84779 0.00000
vn 0.35355 0.93541 0.00000
vn 0.53033 0.84779 0.00000
vn 0.53033 0.84779 0.00000
vn 0.70711 0.70711 0.00000
vn 0.53033 0.84779 0.00000
vn 0.70711 0.70711 0.00000
vn -0.70711 0.70711 0.00000
vn -0.52478 0.83619 -0.15934
vn -0.69970 0.69970 -0.14434
vn -0.53033 0.84779 0.00000
vn -0.53033 0.84779 0.00000
vn -0.34985 0.92139 -0.16925
vn -0.52478 0.83619 -0.15934
vn -0.35355 0.93541 0.00000
vn -0.35355 0.93541 0.00000
vn -0.17493 0.96892 -0.17493
vn -0.34985 0.92139 -0.16925
vn -0.17678 0.98425 0.00000
vn -0.17678 0.98425 0.00000
vn 0.00000 0.98425 -0.17678
vn -0.17493 0.96892 -0.17493
vn 0.00000 1.00000 0.00000
vn 0.00000 1.00000 0.00000
vn 0.00000 0.98425 -0.17678
vn 0.00000 0.98425 -0.17678
vn 0.00000 1.00000 0.00000
vn 0.00000 1.00000 0.00000
vn 0.17493 0.96892 -0.17493
vn 0.00000 0.98425 -0.17678
vn 0.17678 0.98425 0.00000
vn 0.17678 0.98425 0.00000
vn 0.34985 0.92139 -0.16925
vn 0.17493 0.96892 -0.17493
vn 0.35355 0.93541 0.00000
vn 0.35355 0.93541 0.00000
vn 0.52478 0.83619 -0.15934
vn 0.34985 0.92139 -0.16925
vn 0.53033 0.84779 0.00000
vn 0.53033 0.84779 0.00000
vn 0.69970 0.69970 -0.14434
vn 0.52478 0.83619 -0.15934
vn 0.70711 0.70711 0.00000
vn -0.69970 0.69970 -0.14434
vn -0.50775 0.80039 -0.31869
vn -0.67700 0.67700 -0.28868
vn -0.52478 0.83619 -0.15934
vn -0.52478 0.83619 -0.15934
vn -0.33850 0.87797 -0.33850
vn -0.50775 0.80039 -0.31869
vn -0.34985 0.92139 -0.16925
vn -0.34985 0.92139 -0.16925
vn -0.16925 0.92139 -0.34985
vn -0.33850 0.87797 -0.33850
vn -0.17493 0.96892 -0.17493
vn -0.17493 0.96892 -0.17493
vn 0.00000 0.93541 -0.35355
vn -0.16925 0.92139 -0.34985
vn 0.00000 0.98425 -0.17678
vn 0.00000 0.98425 -0.17678
vn 0.00000 0.93541 -0.35355
vn 0.00000 0.93541 -0.35355
vn 0.00000 0.98425 -0.17678
vn 0.00000 0.98425 -0.17678
vn 0.16925 0.92139 -0.34985
vn 0.00000 0.93541 -0.35355
vn 0.17493 0.96892 -0.17493
vn 0.17493 0.96892 -0.17493
vn 0.33850 0.87797 -0.33850
vn 0.16925 0.92139 -0.34985
vn 0.34985 0.92139 -0.16925
vn 0.34985 0.92139 -0.16925
vn 0.50775 0.80039 -0.31869
vn 0.33850 0.87797 -0.33850
vn 0.52478 0.83619 -0.15934
vn 0.52478 0.83619 -0.15934
vn 0.67700 0.67700 -0.28868
vn 0.50775 0.80039 -0.31869
vn 0.69970 0.69970 -0.14434
vn -0.67700 0.67700 -0.28868
vn -0.47803 0.73686 -0.47803
vn -0.63738 0.63738 -0.43301
vn -0.50775 0.80039 -0.31869
vn -0.50775 0.80039 -0.31869
vn -0.31869 0.80039 -0.50775
vn -0.47803 0.73686 -0.47803
vn -0.33850 0.87797 -0.33850
vn -0.33850 0.87797 -0.33850
vn -0.15934 0.83619 -0.52478
vn -0.31869 0.80039 -0.50775
vn -0.16925 0.92139 -0.34985
vn -0.16925 0.92139 -0.34985
vn 0.00000 0.84779 -0.53033
vn -0.15934 0.83619 -0.52478
vn 0.00000 0.93541 -0.35355
vn 0.00000 0.93541 -0.35355
vn 0.00000 0.84779 -0.53033
vn 0.00000 0.84779 -0.53033
vn 0.00000 0.93541 -0.35355
vn 0.00000 0.93541 -0.35355
vn 0.15934 0.83619 -0.52478
vn 0.00000 0.84779 -0.53033
vn 0.16925 0.92139 -0.34985
vn 0.16925 0.92139 -0.34985
vn 0.31869 0.80039 -0.50775
vn 0.15934 0.83619 -0.52478
vn 0.33850 0.87797 -0.33850
vn 0.33850 0.87797 -0.33850
vn 0.47803 0.73686 -0.47803
vn 0.31869 0.80039 -0.50775
vn 0.50775 0.80039 -0.31869
vn 0.50775 0.80039 -0.31869
vn 0.63738 0.63738 -0.43301
vn 0.47803 0.73686 -0.47803
vn 0.67700 0.67700 -0.28868
vn -0.63738 0.63738 -0.43301
vn -0.43301 0.63738 -0.63738
vn -0.57735 0.57735 -0.57735
vn -0.47803 0.73686 -0.47803
vn -0.47803 0.73686 -0.47803
vn -0.28868 0.67700 -0.67700
vn -0.43301 0.63738 -0.63738
vn -0.31869 0.80039 -0.50775
vn -0.31869 0.80039 -0.50775
vn -0.14434 0.69970 -0.69970
vn -0.28868 0.67700 -0.67700
vn -0.15934 0.83619 -0.52478
vn -0.15934 0.83619 -0.52478
vn 0.00000 0.70711 -0.70711
vn -0.14434 0.69970 -0.69970
vn 0.00000 0.84779 -0.53033
vn 0.00000 0.84779 -0.53033
vn 0.00000 0.70711 -0.70711
vn 0.00000 0.70711 -0.70711
vn 0.00000 0.84779 -0.53033
vn 0.00000 0.84779 -0.53033
vn 0.14434 0.69970 -0.69970
vn 0.00000 0.70711 -0.70711
vn 0.15934 0.83619 -0.52478
vn 0.15934 0.83619 -0.52478
vn 0.28868 0.67700 -0.67700
vn 0.14434 0.69970 -0.69970
vn 0.31869 0.80039 -0.50775
vn 0.31869 0.80039 -0.50775
vn 0.43301 0.63738 -0.63738
vn 0.28868 0.67700 -0.67700
vn 0.47803 0.73686 -0.47803
vn 0.47803 0.73686 -0.47803
vn 0.57735 0.57735 -0.57735
vn 0.43301 0.63738 -0.63738
vn 0.63738 0.63738 -0.43301
f 490/490/1946 491/491/1947 489/489/1945 492/492/1948 
f 493/493/1950 490/490/1951 492/492/1949 494/494/1952 
f 495/495/1954 493/493/1955 494/494/1953 496/496/1956 
f 497/497/1958 495/495/1959 496/496/1957 498/498/1960 
f 499/499/1962 497/497/1963 498/498/1961 500/500/1964 
f 501/501/1966 499/499/1967 500/500/1965 502/502/1968 
f 503/503/1970 501/501/1971 502/502/1969 504/504/1972 
f 505/505/1974 503/503/1975 504/504/1973 506/506/1976 
f 507/507/1978 505/505/1979 506/506/1977 508/508/1980 
f 509/509/1982 510/510/1983 491/491/1981 490/490/1984 
f 511/511/1986 509/509/1987 490/490/1985 493/493/1988 
f 512/512/1990 511/511/1991 493/493/1989 495/495/1992 
f 513/513/1994 512/512/1995 495/495/1993 497/497/1996 
f 514/514/1998 513/513/1999 497/497/1997 499/499/2000 
f 515/515/2002 514/514/2003 499/499/2001 501/501/2004 
f 516/516/2006 515/515/2007 501/501/2005 503/503/2008 
f 517/517/2010 516/516/2011 503/503/2009 505/505/2012 
f 518/518/2014 517/517/2015 505/505/2013 507/507/2016 
f 519/519/2018 520/520/2019 510/510/2017 509/509/2020 
f 521/521/2022 519/519/2023 509/509/2021 511/511/2024 
f 522/522/2026 521/521/2027 511/511/2025 512/512/2028 
f 523/523/2030 522/522/2031 512/512/2029 513/513/2032 
f 524/524/2034 523/523/2035 513/513/2033 514/514/2036 
f 525/525/2038 524/524/2039 514/514/2037 515/515/2040 
f 526/526/2042 525/525/2043 515/515/2041 516/516/2044 
f 527/527/2046 526/526/2047 516/516/2045 517/517/2048 
f 528/528/2050 527/527/2051 517/517/2049 518/518/2052 
f 529/529/2054 530/530/2055 520/520/2053 519/519/2056 
f 531/531/2058 529/529/2059 519/519/2057 521/521/2060 
f 532/532/2062 531/531/2063 521/521/2061 522/522/2064 
f 533/533/2066 532/532/2067 522/522/2065 523/523/2068 
f 534/534/2070 533/533/2071 523/523/2069 524/524/2072 
f 535/535/2074 534/534/2075 524/524/2073 525/525/2076 
f 536/536/2078 535/535/2079 525/525/2077 526/526/2080 
f 537/537/2082 536/536/2083 526/526/2081 527/527/2084 
f 538/538/2086 537/537/2087 527/527/2085 528/528/2088 
f 539/539/2090 540/540/2091 530/530/2089 529/529/2092 
f 541/541/2094 539/539/2095 529/529/2093 531/531/2096 
f 542/542/2098 541/541/2099 531/531/2097 532/532/2100 
f 543/543/2102 542/542/2103 532/532/2101 533/533/2104 
f 544/544/2106 543/543/2107 533/533/2105 534/534/2108 
f 545/545/2110 544/544/2111 534/534/2109 535/535/2112 
f 546/546/2114 545/545/2115 535/535/2113 536/536/2116 
f 547/547/2118 546/546/2119 536/536/2117 537/537/2120 
f 548/548/2122 547/547/2123 537/537/2121 538/538/2124 
f 549/549/2126 550/550/2127 540/540/2125 539/539/2128 
f 551/551/2130 549/549/2131 539/539/2129 541/541/2132 
f 552/552/2134 551/551/2135 541/541/2133 542/542/2136 
f 553/553/2138 552/552/2139 542/542/2137 543/543/2140 
f 554/554/2142 553/553/2143 543/543/2141 544/544/2144 
f 555/555/2146 554/554/2147 544/544/2145 545/545/2148 
f 556/556/2150 555/555/2151 545/545/2149 546/546/2152 
f 557/557/2154 556/556/2155 546/546/2153 547/547/2156 
f 558/558/2158 557/557/2159 547/547/2157 548/548/2160 
f 559/559/2162 560/560/2163 550/550/2161 549/549/2164 
f 561/561/2166 559/559/2167 549/549/2165 551/551/2168 
f 562/562/2170 561/561/2171 551/551/2169 552/552/2172 
f 563/563/2174 562/562/2175 552/552/2173 553/553/2176 
f 564/564/2178 563/563/2179 553/553/2177 554/554/2180 
f 565/565/2182 564/564/2183 554/554/2181 555/555/2184 
f 566/566/2186 565/565/2187 555/555/2185 556/556/2188 
f 567/567/2190 566/566/2191 556/556/2189 557/557/2192 
f 568/568/2194 567/567/2195 557/557/2193 558/558/2196 
f 569/569/2198 570/570/2199 560/560/2197 559/559/2200 
f 571/571/2202 569/569/2203 559/559/2201 561/561/2204 
f 572/572/2206 571/571/2207 561/561/2205 562/562/2208 
f 573/573/2210 572/572/2211 562/562/2209 563/563/2212 
f 574/574/2214 573/573/2215 563/563/2213 564/564/2216 
f 575/575/2218 574/574/2219 564/564/2217 565/565/2220 
f 576/576/2222 575/575/2223 565/565/2221 566/566/2224 
f 577/577/2226 576/576/2227 566/566/2225 567/567/2228 
f 578/578/2230 577/577/2231 567/567/2229 568/568/2232 
f 579/579/2234 580/580/2235 570/570/2233 569/569/2236 
f 581/581/2238 579/579/2239 569/569/2237 571/571/2240 
f 582/582/2242 581/581/2243 571/571/2241 572/572/2244 
f 583/583/2246 582/582/2247 572/572/2245 573/573/2248 
f 584/584/2250 583/583/2251 573/573/2249 574/574/2252 
f 585/585/2254 584/584/2255 574/574/2253 575/575/2256 
f 586/586/2258 585/585/2259 575/575/2257 576/576/2260 
f 587/587/2262 586/586/2263 576/576/2261 577/577/2264 
f 588/588/2266 587/587/2267 577/577/2265 578/578/2268 
f 589/589/2270 590/590/2271 588/588/2269 578/578/2272 
f 591/591/2274 589/589/2275 578/578/2273 568/568/2276 
f 592/592/2278 591/591/2279 568/568/2277 558/558/2280 
f 593/593/2282 592/592/2283 558/558/2281 548/548/2284 
f 594/594/2286 593/593/2287 548/548/2285 538/538/2288 
f 595/595/2290 594/594/2291 538/538/2289 528/528/2292 
f 596/596/2294 595/595/2295 528/528/2293 518/518/2296 
f 597/597/2298 596/596/2299 518/518/2297 507/507/2300 
f 598/598/2302 597/597/2303 507/507/2301 508/508/2304 
f 599/599/2306 600/600/2307 590/590/2305 589/589/2308 
f 601/601/2310 599/599/2311 589/589/2309 591/591/2312 
f 602/602/2314 601/601/2315 591/591/2313 592/592/2316 
f 603/603/2318 602/602/2319 592/592/2317 593/593/2320 
f 604/604/2322 603/603/2323 593/593/2321 594/594/2324 
f 605/605/2326 604/604/2327 594/594/2325 595/595/2328 
f 606/606/2330 605/605/2331 595/595/2329 596/596/2332 
f 607/607/2334 606/606/2335 596/596/2333 597/597/2336 
f 608/608/2338 607/607/2339 597/597/2337 598/598/2340 
f 609/609/2342 610/610/2343 600/600/2341 599/599/2344 
f 611/611/2346 609/609/2347 599/599/2345 601/601/2348 
f 612/612/2350 611/611/2351 601/601/2349 602/602/2352 
f 613/613/2354 612/612/2355 602/602/2353 603/603/2356 
f 614/614/2358 613/613/2359 603/603/2357 604/604/2360 
f 615/615/2362 614/614/2363 604/604/2361 605/605/2364 
f 616/616/2366 615/615/2367 605/605/2365 606/606/2368 
f 617/617/2370 616/616/2371 606/606/2369 607/607/2372 
f 618/618/2374 617/617/2375 607/607/2373 608/608/2376 
f 619/619/2378 620/620/2379 610/610/2377 609/609/2380 
f 621/621/2382 619/619/2383 609/609/2381 611/611/2384 
f 622/622/2386 621/621/2387 611/611/2385 612/612/2388 
f 623/623/2390 622/622/2391 612/612/2389 613/613/2392 
f 624/624/2394 623/623/2395 613/613/2393 614/614/2396 
f 625/625/2398 624/624/2399 614/614/2397 615/615/2400 
f 626/626/2402 625/625/2403 615/615/2401 616/616/2404 
f 627/627/2406 626/626/2407 616/616/2405 617/617/2408 
f 628/628/2410 627/627/2411 617/617/2409 618/618/2412 
f 629/629/2414 630/630/2415 620/620/2413 619/619/2416 
f 631/631/2418 629/629/2419 619/619/2417 621/621/2420 
f 632/632/2422 631/631/2423 621/621/2421 622/622/2424 
f 633/633/2426 632/632/2427 622/622/2425 623/623/2428 
f 634/634/2430 633/633/2431 623/623/2429 624/624/2432 
f 635/635/2434 634/634/2435 624/624/2433 625/625/2436 
f 636/636/2438 635/635/2439 625/625/2437 626/626/2440 
f 637/637/2442 636/636/2443 626/626/2441 627/627/2444 
f 638/638/2446 637/637/2447 627/627/2445 628/628/2448 
f 639/639/2450 640/640/2451 630/630/2449 629/629/2452 
f 641/641/2454 639/639/2455 629/629/2453 631/631/2456 
f 642/642/2458 641/641/2459 631/631/2457 632/632/2460 
f 643/643/2462 642/642/2463 632/632/2461 633/633/2464 
f 644/644/2466 643/643/2467 633/633/2465 634/634/2468 
f 645/645/2470 644/644/2471 634/634/2469 635/635/2472 
f 646/646/2474 645/645/2475 635/635/2473 636/636/2476 
f 647/647/2478 646/646/2479 636/636/2477 637/637/2480 
f 648/648/2482 647/647/2483 637/637/2481 638/638/2484 
f 649/649/2486 650/650/2487 640/640/2485 639/639/2488 
f 651/651/2490 649/649/2491 639/639/2489 641/641/2492 
f 652/652/2494 651/651/2495 641/641/2493 642/642/2496 
f 653/653/2498 652/652/2499 642/642/2497 643/643/2500 
f 654/654/2502 653/653/2503 643/643/2501 644/644/2504 
f 655/655/2506 654/654/2507 644/644/2505 645/645/2508 
f 656/656/2510 655/655/2511 645/645/2509 646/646/2512 
f 657/657/2514 656/656/2515 646/646/2513 647/647/2516 
f 658/658/2518 657/657/2519 647/647/2517 648/648/2520 
f 659/659/2522 660/660/2523 650/650/2521 649/649/2524 
f 661/661/2526 659/659/2527 649/649/2525 651/651/2528 
f 662/662/2530 661/661/2531 651/651/2529 652/652/2532 
f 663/663/2534 662/662/2535 652/652/2533 653/653/2536 
f 664/664/2538 663/663/2539 653/653/2537 654/654/2540 
f 665/665/2542 664/664/2543 654/654/2541 655/655/2544 
f 666/666/2546 665/665/2547 655/655/2545 656/656/2548 
f 667/667/2550 666/666/2551 656/656/2549 657/657/2552 
f 668/668/2554 667/667/2555 657/657/2553 658/658/2556 
f 669/669/2558 670/670/2559 660/660/2557 659/659/2560 
f 671/671/2562 669/669/2563 659/659/2561 661/661/2564 
f 672/672/2566 671/671/2567 661/661/2565 662/662/2568 
f 673/673/2570 672/672/2571 662/662/2569 663/663/2572 
f 674/674/2574 673/673/2575 663/663/2573 664/664/2576 
f 675/675/2578 674/674/2579 664/664/2577 665/665/2580 
f 676/676/2582 675/675/2583 665/665/2581 666/666/2584 
f 677/677/2586 676/676/2587 666/666/2585 667/667/2588 
f 678/678/2590 677/677/2591 667/667/2589 668/668/2592 
f 679/679/2594 598/598/2595 508/508/2593 506/506/2596 
f 680/680/2598 679/679/2599 506/506/2597 504/504/2600 
f 681/681/2602 680/680/2603 504/504/2601 502/502/2604 
f 682/682/2606 681/681/2607 502/502/2605 500/500/2608 
f 683/683/2610 682/682/2611 500/500/2609 498/498/2612 
f 684/684/2614 683/683/2615 498/498/2613 496/496/2616 
f 685/685/2618 684/684/2619 496/496/2617 494/494/2620 
f 686/686/2622 685/685/2623 494/494/2621 492/492/2624 
f 687/687/2626 686/686/2627 492/492/2625 489/489/2628 
f 688/688/2630 608/608/2631 598/598/2629 679/679/2632 
f 689/689/2634 688/688/2635 679/679/2633 680/680/2636 
f 690/690/2638 689/689/2639 680/680/2637 681/681/2640 
f 691/691/2642 690/690/2643 681/681/2641 682/682/2644 
f 692/692/2646 691/691/2647 682/682/2645 683/683/2648 
f 693/693/2650 692/692/2651 683/683/2649 684/684/2652 
f 694/694/2654 693/693/2655 684/684/2653 685/685/2656 
f 695/695/2658 694/694/2659 685/685/2657 686/686/2660 
f 696/696/2662 695/695/2663 686/686/2661 687/687/2664 
f 697/697/2666 618/618/2667 608/608/2665 688/688/2668 
f 698/698/2670 697/697/2671 688/688/2669 689/689/2672 
f 699/699/2674 698/698/2675 689/689/2673 690/690/2676 
f 700/700/2678 699/699/2679 690/690/2677 691/691/2680 
f 701/701/2682 700/700/2683 691/691/2681 692/692/2684 
f 702/702/2686 701/701/2687 692/692/2685 693/693/2688 
f 703/703/2690 702/702/2691 693/693/2689 694/694/2692 
f 704/704/2694 703/703/2695 694/694/2693 695/695/2696 
f 705/705/2698 704/704/2699 695/695/2697 696/696/2700 
f 706/706/2702 628/628/2703 618/618/2701 697/697/2704 
f 707/707/2706 706/706/2707 697/697/2705 698/698/2708 
f 708/708/2710 707/707/2711 698/698/2709 699/699/2712 
f 709/709/2714 708/708/2715 699/699/2713 700/700/2716 
f 710/710/2718 709/709/2719 700/700/2717 701/701/2720 
f 711/711/2722 710/710/2723 701/701/2721 702/702/2724 
f 712/712/2726 711/711/2727 702/702/2725 703/703/2728 
f 713/713/2730 712/712/2731 703/703/2729 704/704/2732 
f 714/714/2734 713/713/2735 704/704/2733 705/705/2736 
f 715/715/2738 638/638/2739 628/628/2737 706/706/2740 
f 716/716/2742 715/715/2743 706/706/2741 707/707/2744 
f 717/717/2746 716/716/2747 707/707/2745 708/708/2748 
f 718/718/2750 717/717/2751 708/708/2749 709/709/2752 
f 719/719/2754 718/718/2755 709/709/2753 710/710/2756 
f 720/720/2758 719/719/2759 710/710/2757 711/711/2760 
f 721/721/2762 720/720/2763 711/711/2761 712/712/2764 
f 722/722/2766 721/721/2767 712/712/2765 713/713/2768 
f 723/723/2770 722/722/2771 713/713/2769 714/714/2772 
f 724/724/2774 648/648/2775 638/638/2773 715/715/2776 
f 725/725/2778 724/724/2779 715/715/2777 716/716/2780 
f 726/726/2782 725/725/2783 716/716/2781 717/717/2784 
f 727/727/2786 726/726/2787 717/717/2785 718/718/2788 
f 728/728/2790 727/727/2791 718/718/2789 719/719/2792 
f 729/729/2794 728/728/2795 719/719/2793 720/720/2796 
f 730/730/2798 729/729/2799 720/720/2797 721/721/2800 
f 731/731/2802 730/730/2803 721/721/2801 722/722/2804 
f 732/732/2806 731/731/2807 722/722/2805 723/723/2808 
f 733/733/2810 658/658/2811 648/648/2809 724/724/2812 
f 734/734/2814 733/733/2815 724/724/2813 725/725/2816 
f 735/735/2818 734/734/2819 725/725/2817 726/726/2820 
f 736/736/2822 735/735/2823 726/726/2821 727/727/2824 
f 737/737/2826 736/736/2827 727/727/2825 728/728/2828 
f 738/738/2830 737/737/2831 728/728/2829 729/729/2832 
f 739/739/2834 738/738/2835 729/729/2833 730/730/2836 
f 740/740/2838 739/739/2839 730/730/2837 731/731/2840 
f 741/741/2842 740/740/2843 731/731/2841 732/732/2844 
f 742/742/2846 668/668/2847 658/658/2845 733/733/2848 
f 743/743/2850 742/742/2851 733/733/2849 734/734/2852 
f 744/744/2854 743/743/2855 734/734/2853 735/735/2856 
f 745/745/2858 744/744/2859 735/735/2857 736/736/2860 
f 746/746/2862 745/745/2863 736/736/2861 737/737/2864 
f 747/747/2866 746/746/2867 737/737/2865 738/738/2868 
f 748/748/2870 747/747/2871 738/738/2869 739/739/2872 
f 749/749/2874 748/748/2875 739/739/2873 740/740/2876 
f 750/750/2878 749/749/2879 740/740/2877 741/741/2880 
f 751/751/2882 678/678/2883 668/668/2881 742/742/2884 
f 752/752/2886 751/751/2887 742/742/2885 743/743/2888 
f 753/753/2890 752/752/2891 743/743/2889 744/744/2892 
f 754/754/2894 753/753/2895 744/744/2893 745/745/2896 
f 755/755/2898 754/754/2899 745/745/2897 746/746/2900 
f 756/756/2902 755/755/2903 746/746/2901 747/747/2904 
f 757/757/2906 756/756/2907 747/747/2905 748/748/2908 
f 758/758/2910 757/757/2911 748/748/2909 749/749/2912 
f 759/759/2914 758/758/2915 749/749/2913 750/750/2916 
f 760/760/2918 761/761/2919 580/580/2917 579/579/2920 
f 762/762/2922 760/760/2923 579/579/2921 581/581/2924 
f 763/763/2926 762/762/2927 581/581/2925 582/582/2928 
f 764/764/2930 763/763/2931 582/582/2929 583/583/2932 
f 765/765/2934 764/764/2935 583/583/2933 584/584/2936 
f 766/766/2938 765/765/2939 584/584/2937 585/585/2940 
f 767/767/2942 766/766/2943 585/585/2941 586/586/2944 
f 768/768/2946 767/767/2947 586/586/2945 587/587/2948 
f 590/590/2950 768/768/2951 587/587/2949 588/588/2952 
f 769/769/2954 770/770/2955 761/761/2953 760/760/2956 
f 771/771/2958 769/769/2959 760/760/2957 762/762/2960 
f 772/772/2962 771/771/2963 762/762/2961 763/763/2964 
f 773/773/2966 772/772/2967 763/763/2965 764/764/2968 
f 774/774/2970 773/773/2971 764/764/2969 765/765/2972 
f 775/775/2974 774/774/2975 765/765/2973 766/766/2976 
f 776/776/2978 775/775/2979 766/766/2977 767/767/2980 
f 777/777/2982 776/776/2983 767/767/2981 768/768/2984 
f 600/600/2986 777/777/2987 768/768/2985 590/590/2988 
f 778/778/2990 779/779/2991 770/770/2989 769/769/2992 
f 780/780/2994 778/778/2995 769/769/2993 771/771/2996 
f 781/781/2998 780/780/2999 771/771/2997 772/772/3000 
f 782/782/3002 781/781/3003 772/772/3001 773/773/3004 
f 783/783/3006 782/782/3007 773/773/3005 774/774/3008 
f 784/784/3010 783/783/3011 774/774/3009 775/775/3012 
f 785/785/3014 784/784/3015 775/775/3013 776/776/3016 
f 786/786/3018 785/785/3019 776/776/3017 777/777/3020 
f 610/610/3022 786/786/3023 777/777/3021 600/600/3024 
f 787/787/3026 788/788/3027 779/779/3025 778/778/3028 
f 789/789/3030 787/787/3031 778/778/3029 780/780/3032 
f 790/790/3034 789/789/3035 780/780/3033 781/781/3036 
f 791/791/3038 790/790/3039 781/781/3037 782/782/3040 
f 792/792/3042 791/791/3043 782/782/3041 783/783/3044 
f 793/793/3046 792/792/3047 783/783/3045 784/784/3048 
f 794/794/3050 793/793/3051 784/784/3049 785/785/3052 
f 795/795/3054 794/794/3055 785/785/3053 786/786/3056 
f 620/620/3058 795/795/3059 786/786/3057 610/610/3060 
f 796/796/3062 797/797/3063 788/788/3061 787/787/3064 
f 798/798/3066 796/796/3067 787/787/3065 789/789/3068 
f 799/799/3070 798/798/3071 789/789/3069 790/790/3072 
f 800/800/3074 799/799/3075 790/790/3073 791/791/3076 
f 801/801/3078 800/800/3079 791/791/3077 792/792/3080 
f 802/802/3082 801/801/3083 792/792/3081 793/793/3084 
f 803/803/3086 802/802/3087 793/793/3085 794/794/3088 
f 804/804/3090 803/803/3091 794/794/3089 795/795/3092 
f 630/630/3094 804/804/3095 795/795/3093 620/620/3096 
f 805/805/3098 806/806/3099 797/797/3097 796/796/3100 
f 807/807/3102 805/805/3103 796/796/3101 798/798/3104 
f 808/808/3106 807/807/3107 798/798/3105 799/799/3108 
f 809/809/3110 808/808/3111 799/799/3109 800/800/3112 
f 810/810/3114 809/809/3115 800/800/3113 801/801/3116 
f 811/811/3118 810/810/3119 801/801/3117 802/802/3120 
f 812/812/3122 811/811/3123 802/802/3121 803/803/3124 
f 813/813/3126 812/812/3127 803/803/3125 804/804/3128 
f 640/640/3130 813/813/3131 804/804/3129 630/630/3132 
f 814/814/3134 815/815/3135 806/806/3133 805/805/3136 
f 816/816/3138 814/814/3139 805/805/3137 807/807/3140 
f 817/817/3142 816/816/3143 807/807/3141 808/808/3144 
f 818/818/3146 817/817/3147 808/808/3145 809/809/3148 
f 819/819/3150 818/818/3151 809/809/3149 810/810/3152 
f 820/820/3154 819/819/3155 810/810/3153 811/811/3156 
f 821/821/3158 820/820/3159 811/811/3157 812/812/3160 
f 822/822/3162 821/821/3163 812/812/3161 813/813/3164 
f 650/650/3166 822/822/3167 813/813/3165 640/640/3168 
f 823/823/3170 824/824/3171 815/815/3169 814/814/3172 
f 825/825/3174 823/823/3175 814/814/3173 816/816/3176 
f 826/826/3178 825/825/3179 816/816/3177 817/817/3180 
f 827/827/3182 826/826/3183 817/817/3181 818/818/3184 
f 828/828/3186 827/827/3187 818/818/3185 819/819/3188 
f 829/829/3190 828/828/3191 819/819/3189 820/820/3192 
f 830/830/3194 829/829/3195 820/820/3193 821/821/3196 
f 831/831/3198 830/830/3199 821/821/3197 822/822/3200 
f 660/660/3202 831/831/3203 822/822/3201 650/650/3204 
f 832/832/3206 833/833/3207 824/824/3205 823/823/3208 
f 834/834/3210 832/832/3211 823/823/3209 825/825/3212 
f 835/835/3214 834/834/3215 825/825/3213 826/826/3216 
f 836/836/3218 835/835/3219 826/826/3217 827/827/3220 
f 837/837/3222 836/836/3223 827/827/3221 828/828/3224 
f 838/838/3226 837/837/3227 828/828/3225 829/829/3228 
f 839/839/3230 838/838/3231 829/829/3229 830/830/3232 
f 840/840/3234 839/839/3235 830/830/3233 831/831/3236 
f 670/670/3238 840/840/3239 831/831/3237 660/660/3240 
f 841/841/3242 687/687/3243 489/489/3241 491/491/3244 
f 842/842/3246 841/841/3247 491/491/3245 510/510/3248 
f 843/843/3250 842/842/3251 510/510/3249 520/520/3252 
f 844/844/3254 843/843/3255 520/520/3253 530/530/3256 
f 845/845/3258 844/844/3259 530/530/3257 540/540/3260 
f 846/846/3262 845/845/3263 540/540/3261 550/550/3264 
f 847/847/3266 846/846/3267 550/550/3265 560/560/3268 
f 848/848/3270 847/847/3271 560/560/3269 570/570/3272 
f 761/761/3274 848/848/3275 570/570/3273 580/580/3276 
f 849/849/3278 696/696/3279 687/687/3277 841/841/3280 
f 850/850/3282 849/849/3283 841/841/3281 842/842/3284 
f 851/851/3286 850/850/3287 842/842/3285 843/843/3288 
f 852/852/3290 851/851/3291 843/843/3289 844/844/3292 
f 853/853/3294 852/852/3295 844/844/3293 845/845/3296 
f 854/854/3298 853/853/3299 845/845/3297 846/846/3300 
f 855/855/3302 854/854/3303 846/846/3301 847/847/3304 
f 856/856/3306 855/855/3307 847/847/3305 848/848/3308 
f 770/770/3310 856/856/3311 848/848/3309 761/761/3312 
f 857/857/3314 705/705/3315 696/696/3313 849/849/3316 
f 858/858/3318 857/857/3319 849/849/3317 850/850/3320 
f 859/859/3322 858/858/3323 850/850/3321 851/851/3324 
f 860/860/3326 859/859/3327 851/851/3325 852/852/3328 
f 861/861/3330 860/860/3331 852/852/3329 853/853/3332 
f 862/862/3334 861/861/3335 853/853/3333 854/854/3336 
f 863/863/3338 862/862/3339 854/854/3337 855/855/3340 
f 864/864/3342 863/863/3343 855/855/3341 856/856/3344 
f 779/779/3346 864/864/3347 856/856/3345 770/770/3348 
f 865/865/3350 714/714/3351 705/705/3349 857/857/3352 
f 866/866/3354 865/865/3355 857/857/3353 858/858/3356 
f 867/867/3358 866/866/3359 858/858/3357 859/859/3360 
f 868/868/3362 867/867/3363 859/859/3361 860/860/3364 
f 869/869/3366 868/868/3367 860/860/3365 861/861/3368 
f 870/870/3370 869/869/3371 861/861/3369 862/862/3372 
f 871/871/3374 870/870/3375 862/862/3373 863/863/3376 
f 872/872/3378 871/871/3379 863/863/3377 864/864/3380 
f 788/788/3382 872/872/3383 864/864/3381 779/779/3384 
f 873/873/3386 723/723/3387 714/714/3385 865/865/3388 
f 874/874/3390 873/873/3391 865/865/3389 866/866/3392 
f 875/875/3394 874/874/3395 866/866/3393 867/867/3396 
f 876/876/3398 875/875/3399 867/867/3397 868/868/3400 
f 877/877/3402 876/876/3403 868/868/3401 869/869/3404 
f 878/878/3406 877/877/3407 869/869/3405 870/870/3408 
f 879/879/3410 878/878/3411 870/870/3409 871/871/3412 
f 880/880/3414 879/879/3415 871/871/3413 872/872/3416 
f 797/797/3418 880/880/3419 872/872/3417 788/788/3420 
f 881/881/3422 732/732/3423 723/723/3421 873/873/3424 
f 882/882/3426 881/881/3427 873/873/3425 874/874/3428 
f 883/883/3430 882/882/3431 874/874/3429 875/875/3432 
f 884/884/3434 883/883/3435 875/875/3433 876/876/3436 
f 885/885/3438 884/884/3439 876/876/3437 877/877/3440 
f 886/886/3442 885/885/3443 877/877/3441 878/878/3444 
f 887/887/3446 886/886/3447 878/878/3445 879/879/3448 
f 888/888/3450 887/887/3451 879/879/3449 880/880/3452 
f 806/806/3454 888/888/3455 880/880/3453 797/797/3456 
f 889/889/3458 741/741/3459 732/732/3457 881/881/3460 
f 890/890/3462 889/889/3463 881/881/3461 882/882/3464 
f 891/891/3466 890/890/3467 882/882/3465 883/883/3468 
f 892/892/3470 891/891/3471 883/883/3469 884/884/3472 
f 893/893/3474 892/892/3475 884/884/3473 885/885/3476 
f 894/894/3478 893/893/3479 885/885/3477 886/886/3480 
f 895/895/3482 894/894/3483 886/886/3481 887/887/3484 
f 896/896/3486 895/895/3487 887/887/3485 888/888/3488 
f 815/815/3490 896/896/3491 888/888/3489 806/806/3492 
f 897/897/3494 750/750/3495 741/741/3493 889/889/3496 
f 898/898/3498 897/897/3499 889/889/3497 890/890/3500 
f 899/899/3502 898/898/3503 890/890/3501 891/891/3504 
f 900/900/3506 899/899/3507 891/891/3505 892/892/3508 
f 901/901/3510 900/900/3511 892/892/3509 893/893/3512 
f 902/902/3514 901/901/3515 893/893/3513 894/894/3516 
f 903/903/3518 902/902/3519 894/894/3517 895/895/3520 
f 904/904/3522 903/903/3523 895/895/3521 896/896/3524 
f 824/824/3526 904/904/3527 896/896/3525 815/815/3528 
f 905/905/3530 759/759/3531 750/750/3529 897/897/3532 
f 906/906/3534 905/905/3535 897/897/3533 898/898/3536 
f 907/907/3538 906/906/3539 898/898/3537 899/899/3540 
f 908/908/3542 907/907/3543 899/899/3541 900/900/3544 
f 909/909/3546 908/908/3547 900/900/3545 901/901/3548 
f 910/910/3550 909/909/3551 901/901/3549 902/902/3552 
f 911/911/3554 910/910/3555 902/902/3553 903/903/3556 
f 912/912/3558 911/911/3559 903/903/3557 904/904/3560 
f 833/833/3562 912/912/3563 904/904/3561 824/824/3564 
f 913/913/3566 677/677/3567 678/678/3565 751/751/3568 
f 914/914/3570 913/913/3571 751/751/3569 752/752/3572 
f 915/915/3574 914/914/3575 752/752/3573 753/753/3576 
f 916/916/3578 915/915/3579 753/753/3577 754/754/3580 
f 917/917/3582 916/916/3583 754/754/3581 755/755/3584 
f 918/918/3586 917/917/3587 755/755/3585 756/756/3588 
f 919/919/3590 918/918/3591 756/756/3589 757/757/3592 
f 920/920/3594 919/919/3595 757/757/3593 758/758/3596 
f 905/905/3598 920/920/3599 758/758/3597 759/759/3600 
f 921/921/3602 676/676/3603 677/677/3601 913/913/3604 
f 922/922/3606 921/921/3607 913/913/3605 914/914/3608 
f 923/923/3610 922/922/3611 914/914/3609 915/915/3612 
f 924/924/3614 923/923/3615 915/915/3613 916/916/3616 
f 925/925/3618 924/924/3619 916/916/3617 917/917/3620 
f 926/926/3622 925/925/3623 917/917/3621 918/918/3624 
f 927/927/3626 926/926/3627 918/918/3625 919/919/3628 
f 928/928/3630 927/927/3631 919/919/3629 920/920/3632 
f 906/906/3634 928/928/3635 920/920/3633 905/905/3636 
f 929/929/3638 675/675/3639 676/676/3637 921/921/3640 
f 930/930/3642 929/929/3643 921/921/3641 922/922/3644 
f 931/931/3646 930/930/3647 922/922/3645 923/923/3648 
f 932/932/3650 931/931/3651 923/923/3649 924/924/3652 
f 933/933/3654 932/932/3655 924/924/3653 925/925/3656 
f 934/934/3658 933/933/3659 925/925/3657 926/926/3660 
f 935/935/3662 934/934/3663 926/926/3661 927/927/3664 
f 936/936/3666 935/935/3667 927/927/3665 928/928/3668 
f 907/907/3670 936/936/3671 928/928/3669 906/906/3672 
f 937/937/3674 674/674/3675 675/675/3673 929/929/3676 
f 938/938/3678 937/937/3679 929/929/3677 930/930/3680 
f 939/939/3682 938/938/3683 930/930/3681 931/931/3684 
f 940/940/3686 939/939/3687 931/931/3685 932/932/3688 
f 941/941/3690 940/940/3691 932/932/3689 933/933/3692 
f 942/942/3694 941/941/3695 933/933/3693 934/934/3696 
f 943/943/3698 942/942/3699 934/934/3697 935/935/3700 
f 944/944/3702 943/943/3703 935/935/3701 936/936/3704 
f 908/908/3706 944/944/3707 936/936/3705 907/907/3708 
f 945/945/3710 673/673/3711 674/674/3709 937/937/3712 
f 946/946/3714 945/945/3715 937/937/3713 938/938/3716 
f 947/947/3718 946/946/3719 938/938/3717 939/939/3720 
f 948/948/3722 947/947/3723 939/939/3721 940/940/3724 
f 949/949/3726 948/948/3727 940/940/3725 941/941/3728 
f 950/950/3730 949/949/3731 941/941/3729 942/942/3732 
f 951/951/3734 950/950/3735 942/942/3733 943/943/3736 
f 952/952/3738 951/951/3739 943/943/3737 944/944/3740 
f 909/909/3742 952/952/3743 944/944/3741 908/908/3744 
f 953/953/3746 672/672/3747 673/673/3745 945/945/3748 
f 954/954/3750 953/953/3751 945/945/3749 946/946/3752 
f 955/955/3754 954/954/3755 946/946/3753 947/947/3756 
f 956/956/3758 955/955/3759 947/947/3757 948/948/3760 
f 957/957/3762 956/956/3763 948/948/3761 949/949/3764 
f 958/958/3766 957/957/3767 949/949/3765 950/950/3768 
f 959/959/3770 958/958/3771 950/950/3769 951/951/3772 
f 960/960/3774 959/959/3775 951/951/3773 952/952/3776 
f 910/910/3778 960/960/3779 952/952/3777 909/909/3780 
f 961/961/3782 671/671/3783 672/672/3781 953/953/3784 
f 962/962/3786 961/961/3787 953/953/3785 954/954/3788 
f 963/963/3790 962/962/3791 954/954/3789 955/955/3792 
f 964/964/3794 963/963/3795 955/955/3793 956/956/3796 
f 965/965/3798 964/964/3799 956/956/3797 957/957/3800 
f 966/966/3802 965/965/3803 957/957/3801 958/958/3804 
f 967/967/3806 966/966/3807 958/958/3805 959/959/3808 
f 968/968/3810 967/967/3811 959/959/3809 960/960/3812 
f 911/911/3814 968/968/3815 960/960/3813 910/910/3816 
f 969/969/3818 669/669/3819 671/671/3817 961/961/3820 
f 970/970/3822 969/969/3823 961/961/3821 962/962/3824 
f 971/971/3826 970/970/3827 962/962/3825 963/963/3828 
f 972/972/3830 971/971/3831 963/963/3829 964/964/3832 
f 973/973/3834 972/972/3835 964/964/3833 965/965/3836 
f 974/974/3838 973/973/3839 965/965/3837 966/966/3840 
f 975/975/3842 974/974/3843 966/966/3841 967/967/3844 
f 976/976/3846 975/975/3847 967/967/3845 968/968/3848 
f 912/912/3850 976/976/3851 968/968/3849 911/911/3852 
f 840/840/3854 670/670/3855 669/669/3853 969/969/3856 
f 839/839/3858 840/840/3859 969/969/3857 970/970/3860 
f 838/838/3862 839/839/3863 970/970/3861 971/971/3864 
f 837/837/3866 838/838/3867 971/971/3865 972/972/3868 
f 836/836/3870 837/837/3871 972/972/3869 973/973/3872 
f 835/835/3874 836/836/3875 973/973/3873 974/974/3876 
f 834/834/3878 835/835/3879 974/974/3877 975/975/3880 
f 832/832/3882 834/834/3883 975/975/3881 976/976/3884 
f 833/833/3886 832/832/3887 976/976/3885 912/912/3888 
o 002_Box_2
g Box_2
usemtl Tuscany
v 248.309 2.691 48.309
v 247.912 2.053 47.912
v 248.550 2.450 47.732
v 247.732 2.450 48.550
v 247.275 1.798 48.031
v 247.155 2.292 48.708
v 246.637 1.655 48.099
v 246.577 2.201 48.799
v 246.000 1.609 48.121
v 246.000 2.172 48.828
v 154.000 1.609 48.121
v 154.000 2.172 48.828
v 153.363 1.655 48.099
v 153.423 2.201 48.799
v 152.725 1.798 48.031
v 152.845 2.292 48.708
v 152.088 2.053 47.912
v 152.268 2.450 48.550
v 151.450 2.450 47.732
v 151.691 2.691 48.309
v 248.031 1.798 47.275
v 248.708 2.292 47.155
v 247.354 1.488 47.354
v 246.677 1.314 47.399
v 246.000 1.258 47.414
v 154.000 1.258 47.414
v 153.323 1.314 47.399
v 152.646 1.488 47.354
v 151.969 1.798 47.275
v 151.292 2.292 47.155
v 248.099 1.655 46.637
v 248.799 2.201 46.577
v 247.399 1.314 46.677
v 246.700 1.124 46.700
v 246.000 1.063 46.707
v 154.000 1.063 46.707
v 153.300 1.124 46.700
v 152.601 1.314 46.677
v 151.901 1.655 46.637
v 151.201 2.201 46.577
v 248.121 1.609 46.000
v 248.828 2.172 46.000
v 247.414 1.258 46.000
v 246.707 1.063 46.000
v 246.000 1.000 46.000
v 154.000 1.000 46.000
v 153.293 1.063 46.000
v 152.586 1.258 46.000
v 151.879 1.609 46.000
v 151.172 2.172 46.000
v 248.121 1.609 -46.000
v 248.828 2.172 -46.000
v 247.414 1.258 -46.000
v 246.707 1.063 -46.000
v 246.000 1.000 -46.000
v 154.000 1.000 -46.000
v 153.293 1.063 -46.000
v 152.586 1.258 -46.000
v 151.879 1.609 -46.000
v 151.172 2.172 -46.000
v 248.099 1.655 -46.637
v 248.799 2.201 -46.577
v 247.399 1.314 -46.677
v 246.700 1.124 -46.700
v 246.000 1.063 -46.707
v 154.000 1.063 -46.707
v 153.300 1.124 -46.700
v 152.601 1.314 -46.677
v 151.901 1.655 -46.637
v 151.201 2.201 -46.577
v 248.031 1.798 -47.275
v 248.708 2.292 -47.155
v 247.354 1.488 -47.354
v 246.677 1.314 -47.399
v 246.000 1.258 -47.414
v 154.000 1.258 -47.414
v 153.323 1.314 -47.399
v 152.646 1.488 -47.354
v 151.969 1.798 -47.275
v 151.292 2.292 -47.155
v 247.912 2.053 -47.912
v 248.550 2.450 -47.732
v 247.275 1.798 -48.031
v 246.637 1.655 -48.099
v 246.000 1.609 -48.121
v 154.000 1.609 -48.121
v 153.363 1.655 -48.099
v 152.725 1.798 -48.031
v 152.088 2.053 -47.912
v 151.450 2.450 -47.732
v 247.732 2.450 -48.550
v 248.309 2.691 -48.309
v 247.155 2.292 -48.708
v 246.577 2.201 -48.799
v 246.000 2.172 -48.828
v 154.000 2.172 -48.828
v 153.423 2.201 -48.799
v 152.845 2.292 -48.708
v 152.268 2.450 -48.550
v 151.691 2.691 -48.309
v 151.053 3.088 -47.912
v 151.450 3.268 -48.550
v 150.798 2.969 -47.275
v 150.655 2.901 -46.637
v 150.609 2.879 -46.000
v 150.609 2.879 46.000
v 150.655 2.901 46.637
v 150.798 2.969 47.275
v 151.053 3.088 47.912
v 151.450 3.268 48.550
v 150.798 3.725 -48.031
v 151.292 3.845 -48.708
v 150.488 3.646 -47.354
v 150.314 3.601 -46.677
v 150.258 3.586 -46.000
v 150.258 3.586 46.000
v 150.314 3.601 46.677
v 150.488 3.646 47.354
v 150.798 3.725 48.031
v 151.292 3.845 48.708
v 150.655 4.363 -48.099
v 151.201 4.423 -48.799
v 150.314 4.323 -47.399
v 150.124 4.300 -46.700
v 150.063 4.293 -46.000
v 150.063 4.293 46.000
v 150.124 4.300 46.700
v 150.314 4.323 47.399
v 150.655 4.363 48.099
v 151.201 4.423 48.799
v 150.609 5.000 -48.121
v 151.172 5.000 -48.828
v 150.258 5.000 -47.414
v 150.063 5.000 -46.707
v 150.000 5.000 -46.000
v 150.000 5.000 46.000
v 150.063 5.000 46.707
v 150.258 5.000 47.414
v 150.609 5.000 48.121
v 151.172 5.000 48.828
v 150.609 97.000 -48.121
v 151.172 97.000 -48.828
v 150.258 97.000 -47.414
v 150.063 97.000 -46.707
v 150.000 97.000 -46.000
v 150.000 97.000 46.000
v 150.063 97.000 46.707
v 150.258 97.000 47.414
v 150.609 97.000 48.121
v 151.172 97.000 48.828
v 150.655 97.637 -48.099
v 151.201 97.577 -48.799
v 150.314 97.677 -47.399
v 150.124 97.700 -46.700
v 150.063 97.707 -46.000
v 150.063 97.707 46.000
v 150.124 97.700 46.700
v 150.314 97.677 47.399
v 150.655 97.637 48.099
v 151.201 97.577 48.799
v 150.798 98.275 -48.031
v 151.292 98.155 -48.708
v 150.488 98.354 -47.354
v 150.314 98.399 -46.677
v 150.258 98.414 -46.000
v 150.258 98.414 46.000
v 150.314 98.399 46.677
v 150.488 98.354 47.354
v 150.798 98.275 48.031
v 151.292 98.155 48.708
v 151.053 98.912 -47.912
v 151.450 98.732 -48.550
v 150.798 99.031 -47.275
v 150.655 99.099 -46.637
v 150.609 99.121 -46.000
v 150.609 99.121 46.000
v 150.655 99.099 46.637
v 150.798 99.031 47.275
v 151.053 98.912 47.912
v 151.450 98.732 48.550
v 151.450 99.550 -47.732
v 151.691 99.309 -48.309
v 151.292 99.708 -47.155
v 151.201 99.799 -46.577
v 151.172 99.828 -46.000
v 151.172 99.828 46.000
v 151.201 99.799 46.577
v 151.292 99.708 47.155
v 151.450 99.550 47.732
v 151.691 99.309 48.309
v 152.088 3.088 48.947
v 152.725 2.969 49.202
v 153.363 2.901 49.345
v 154.000 2.879 49.391
v 246.000 2.879 49.391
v 246.637 2.901 49.345
v 247.275 2.969 49.202
v 247.912 3.088 48.947
v 248.550 3.268 48.550
v 151.969 3.725 49.202
v 152.646 3.646 49.512
v 153.323 3.601 49.686
v 154.000 3.586 49.742
v 246.000 3.586 49.742
v 246.677 3.601 49.686
v 247.354 3.646 49.512
v 248.031 3.725 49.202
v 248.708 3.845 48.708
v 151.901 4.363 49.345
v 152.601 4.323 49.686
v 153.300 4.300 49.876
v 154.000 4.293 49.937
v 246.000 4.293 49.937
v 246.700 4.300 49.876
v 247.399 4.323 49.686
v 248.099 4.363 49.345
v 248.799 4.423 48.799
v 151.879 5.000 49.391
v 152.586 5.000 49.742
v 153.293 5.000 49.937
v 154.000 5.000 50.000
v 246.000 5.000 50.000
v 246.707 5.000 49.937
v 247.414 5.000 49.742
v 248.121 5.000 49.391
v 248.828 5.000 48.828
v 151.879 97.000 49.391
v 152.586 97.000 49.742
v 153.293 97.000 49.937
v 154.000 97.000 50.000
v 246.000 97.000 50.000
v 246.707 97.000 49.937
v 247.414 97.000 49.742
v 248.121 97.000 49.391
v 248.828 97.000 48.828
v 151.901 97.637 49.345
v 152.601 97.677 49.686
v 153.300 97.700 49.876
v 154.000 97.707 49.937
v 246.000 97.707 49.937
v 246.700 97.700 49.876
v 247.399 97.677 49.686
v 248.099 97.637 49.345
v 248.799 97.577 48.799
v 151.969 98.275 49.202
v 152.646 98.354 49.512
v 153.323 98.399 49.686
v 154.000 98.414 49.742
v 246.000 98.414 49.742
v 246.677 98.399 49.686
v 247.354 98.354 49.512
v 248.031 98.275 49.202
v 248.708 98.155 48.708
v 152.088 98.912 48.947
v 152.725 99.031 49.202
v 153.363 99.099 49.345
v 154.000 99.121 49.391
v 246.000 99.121 49.391
v 246.637 99.099 49.345
v 247.275 99.031 49.202
v 247.912 98.912 48.947
v 248.550 98.732 48.550
v 152.268 99.550 48.550
v 152.845 99.708 48.708
v 153.423 99.799 48.799
v 154.000 99.828 48.828
v 246.000 99.828 48.828
v 246.577 99.799 48.799
v 247.155 99.708 48.708
v 247.732 99.550 48.550
v 248.309 99.309 48.309
v 247.912 3.088 -48.947
v 248.550 3.268 -48.550
v 247.275 2.969 -49.202
v 246.637 2.901 -49.345
v 246.000 2.879 -49.391
v 154.000 2.879 -49.391
v 153.363 2.901 -49.345
v 152.725 2.969 -49.202
v 152.088 3.088 -48.947
v 248.031 3.725 -49.202
v 248.708 3.845 -48.708
v 247.354 3.646 -49.512
v 246.677 3.601 -49.686
v 246.000 3.586 -49.742
v 154.000 3.586 -49.742
v 153.323 3.601 -49.686
v 152.646 3.646 -49.512
v 151.969 3.725 -49.202
v 248.099 4.363 -49.345
v 248.799 4.423 -48.799
v 247.399 4.323 -49.686
v 246.700 4.300 -49.876
v 246.000 4.293 -49.937
v 154.000 4.293 -49.937
v 153.300 4.300 -49.876
v 152.601 4.323 -49.686
v 151.901 4.363 -49.345
v 248.121 5.000 -49.391
v 248.828 5.000 -48.828
v 247.414 5.000 -49.742
v 246.707 5.000 -49.937
v 246.000 5.000 -50.000
v 154.000 5.000 -50.000
v 153.293 5.000 -49.937
v 152.586 5.000 -49.742
v 151.879 5.000 -49.391
v 248.121 97.000 -49.391
v 248.828 97.000 -48.828
v 247.414 97.000 -49.742
v 246.707 97.000 -49.937
v 246.000 97.000 -50.000
v 154.000 97.000 -50.000
v 153.293 97.000 -49.937
v 152.586 97.000 -49.742
v 151.879 97.000 -49.391
v 248.099 97.637 -49.345
v 248.799 97.577 -48.799
v 247.399 97.677 -49.686
v 246.700 97.700 -49.876
v 246.000 97.707 -49.937
v 154.000 97.707 -49.937
v 153.300 97.700 -49.876
v 152.601 97.677 -49.686
v 151.901 97.637 -49.345
v 248.031 98.275 -49.202
v 248.708 98.155 -48.708
v 247.354 98.354 -49.512
v 246.677 98.399 -49.686
v 246.000 98.414 -49.742
v 154.000 98.414 -49.742
v 153.323 98.399 -49.686
v 152.646 98.354 -49.512
v 151.969 98.275 -49.202
v 247.912 98.912 -48.947
v 248.550 98.732 -48.550
v 247.275 99.031 -49.202
v 246.637 99.099 -49.345
v 246.000 99.121 -49.391
v 154.000 99.121 -49.391
v 153.363 99.099 -49.345
v 152.725 99.031 -49.202
v 152.088 98.912 -48.947
v 247.732 99.550 -48.550
v 248.309 99.309 -48.309
v 247.155 99.708 -48.708
v 246.577 99.799 -48.799
v 246.000 99.828 -48.828
v 154.000 99.828 -48.828
v 153.423 99.799 -48.799
v 152.845 99.708 -48.708
v 152.268 99.550 -48.550
v 248.947 3.088 47.912
v 249.202 2.969 47.275
v 249.345 2.901 46.637
v 249.391 2.879 46.000
v 249.391 2.879 -46.000
v 249.345 2.901 -46.637
v 249.202 2.969 -47.275
v 248.947 3.088 -47.912
v 249.202 3.725 48.031
v 249.512 3.646 47.354
v 249.686 3.601 46.677
v 249.742 3.586 46.000
v 249.742 3.586 -46.000
v 249.686 3.601 -46.677
v 249.512 3.646 -47.354
v 249.202 3.725 -48.031
v 249.345 4.363 48.099
v 249.686 4.323 47.399
v 249.876 4.300 46.700
v 249.937 4.293 46.000
v 249.937 4.293 -46.000
v 249.876 4.300 -46.700
v 249.686 4.323 -47.399
v 249.345 4.363 -48.099
v 249.391 5.000 48.121
v 249.742 5.000 47.414
v 249.937 5.000 46.707
v 250.000 5.000 46.000
v 250.000 5.000 -46.000
v 249.937 5.000 -46.707
v 249.742 5.000 -47.414
v 249.391 5.000 -48.121
v 249.391 97.000 48.121
v 249.742 97.000 47.414
v 249.937 97.000 46.707
v 250.000 97.000 46.000
v 250.000 97.000 -46.000
v 249.937 97.000 -46.707
v 249.742 97.000 -47.414
v 249.391 97.000 -48.121
v 249.345 97.637 48.099
v 249.686 97.677 47.399
v 249.876 97.700 46.700
v 249.937 97.707 46.000
v 249.937 97.707 -46.000
v 249.876 97.700 -46.700
v 249.686 97.677 -47.399
v 249.345 97.637 -48.099
v 249.202 98.275 48.031
v 249.512 98.354 47.354
v 249.686 98.399 46.677
v 249.742 98.414 46.000
v 249.742 98.414 -46.000
v 249.686 98.399 -46.677
v 249.512 98.354 -47.354
v 249.202 98.275 -48.031
v 248.947 98.912 47.912
v 249.202 99.031 47.275
v 249.345 99.099 46.637
v 249.391 99.121 46.000
v 249.391 99.121 -46.000
v 249.345 99.099 -46.637
v 249.202 99.031 -47.275
v 248.947 98.912 -47.912
v 248.550 99.550 47.732
v 248.708 99.708 47.155
v 248.799 99.799 46.577
v 248.828 99.828 46.000
v 248.828 99.828 -46.000
v 248.799 99.799 -46.577
v 248.708 99.708 -47.155
v 248.550 99.550 -47.732
v 152.088 99.947 47.912
v 152.725 100.202 48.031
v 153.363 100.345 48.099
v 154.000 100.391 48.121
v 246.000 100.391 48.121
v 246.637 100.345 48.099
v 247.275 100.202 48.031
v 247.912 99.947 47.912
v 151.969 100.202 47.275
v 152.646 100.512 47.354
v 153.323 100.686 47.399
v 154.000 100.742 47.414
v 246.000 100.742 47.414
v 246.677 100.686 47.399
v 247.354 100.512 47.354
v 248.031 100.202 47.275
v 151.901 100.345 46.637
v 152.601 100.686 46.677
v 153.300 100.876 46.700
v 154.000 100.937 46.707
v 246.000 100.937 46.707
v 246.700 100.876 46.700
v 247.399 100.686 46.677
v 248.099 100.345 46.637
v 151.879 100.391 46.000
v 152.586 100.742 46.000
v 153.293 100.937 46.000
v 154.000 101.000 46.000
v 246.000 101.000 46.000
v 246.707 100.937 46.000
v 247.414 100.742 46.000
v 248.121 100.391 46.000
v 151.879 100.391 -46.000
v 152.586 100.742 -46.000
v 153.293 100.937 -46.000
v 154.000 101.000 -46.000
v 246.000 101.000 -46.000
v 246.707 100.937 -46.000
v 247.414 100.742 -46.000
v 248.121 100.391 -46.000
v 151.901 100.345 -46.637
v 152.601 100.686 -46.677
v 153.300 100.876 -46.700
v 154.000 100.937 -46.707
v 246.000 100.937 -46.707
v 246.700 100.876 -46.700
v 247.399 100.686 -46.677
v 248.099 100.345 -46.637
v 151.969 100.202 -47.275
v 152.646 100.512 -47.354
v 153.323 100.686 -47.399
v 154.000 100.742 -47.414
v 246.000 100.742 -47.414
v 246.677 100.686 -47.399
v 247.354 100.512 -47.354
v 248.031 100.202 -47.275
v 152.088 99.947 -47.912
v 152.725 100.202 -48.031
v 153.363 100.345 -48.099
v 154.000 100.391 -48.121
v 246.000 100.391 -48.121
v 246.637 100.345 -48.099
v 247.275 100.202 -48.031
v 247.912 99.947 -47.912
vt 0.00000 0.00000
vt 0.01000 0.01000
vt 0.00000 0.01000
vt 0.01000 0.00000
vt 0.02000 0.01000
vt 0.02000 0.00000
vt 0.03000 0.01000
vt 0.03000 0.00000
vt 0.04000 0.01000
vt 0.04000 0.00000
vt 0.96000 0.01000
vt 0.96000 0.00000
vt 0.97000 0.01000
vt 0.97000 0.00000
vt 0.98000 0.01000
vt 0.98000 0.00000
vt 0.99000 0.01000
vt 0.99000 0.00000
vt 1.00000 0.01000
vt 1.00000 0.00000
vt 0.01000 0.02000
vt 0.00000 0.02000
vt 0.02000 0.02000
vt 0.03000 0.02000
vt 0.04000 0.02000
vt 0.96000 0.02000
vt 0.97000 0.02000
vt 0.98000 0.02000
vt 0.99000 0.02000
vt 1.00000 0.02000
vt 0.01000 0.03000
vt 0.00000 0.03000
vt 0.02000 0.03000
vt 0.03000 0.03000
vt 0.04000 0.03000
vt 0.96000 0.03000
vt 0.97000 0.03000
vt 0.98000 0.03000
vt 0.99000 0.03000
vt 1.00000 0.03000
vt 0.01000 0.04000
vt 0.00000 0.04000
vt 0.02000 0.04000
vt 0.03000 0.04000
vt 0.04000 0.04000
vt 0.96000 0.04000
vt 0.97000 0.04000
vt 0.98000 0.04000
vt 0.99000 0.04000
vt 1.00000 0.04000
vt 0.01000 0.96000
vt 0.00000 0.96000
vt 0.02000 0.96000
vt 0.03000 0.96000
vt 0.04000 0.96000
vt 0.96000 0.96000
vt 0.97000 0.96000
vt 0.98000 0.96000
vt 0.99000 0.96000
vt 1.00000 0.96000
vt 0.01000 0.97000
vt 0.00000 0.97000
vt 0.02000 0.97000
vt 0.03000 0.97000
vt 0.04000 0.97000
vt 0.96000 0.97000
vt 0.97000 0.97000
vt 0.98000 0.97000
vt 0.99000 0.97000
vt 1.00000 0.97000
vt 0.01000 0.98000
vt 0.00000 0.98000
vt 0.02000 0.98000
vt 0.03000 0.98000
vt 0.04000 0.98000
vt 0.96000 0.98000
vt 0.97000 0.98000
vt 0.98000 0.98000
vt 0.99000 0.98000
vt 1.00000 0.98000
vt 0.01000 0.99000
vt 0.00000 0.99000
vt 0.02000 0.99000
vt 0.03000 0.99000
vt 0.04000 0.99000
vt 0.96000 0.99000
vt 0.97000 0.99000
vt 0.98000 0.99000
vt 0.99000 0.99000
vt 1.00000 0.99000
vt 0.01000 1.00000
vt 0.00000 1.00000
vt 0.02000 1.00000
vt 0.03000 1.00000
vt 0.04000 1.00000
vt 0.96000 1.00000
vt 0.97000 1.00000
vt 0.98000 1.00000
vt 0.99000 1.00000
vt 1.00000 1.00000
vt 0.00000 0.00000
vt 0.01000 0.01000
vt 0.00000 0.01000
vt 0.01000 0.00000
vt 0.02000 0.01000
vt 0.02000 0.00000
vt 0.03000 0.01000
vt 0.03000 0.00000
vt 0.04000 0.01000
vt 0.04000 0.00000
vt 0.96000 0.01000
vt 0.96000 0.00000
vt 0.97000 0.01000
vt 0.97000 0.00000
vt 0.98000 0.01000
vt 0.98000 0.00000
vt 0.99000 0.01000
vt 0.99000 0.00000
vt 1.00000 0.01000
vt 1.00000 0.00000
vt 0.01000 0.02000
vt 0.00000 0.02000
vt 0.02000 0.02000
vt 0.03000 0.02000
vt 0.04000 0.02000
vt 0.96000 0.02000
vt 0.97000 0.02000
vt 0.98000 0.02000
vt 0.99000 0.02000
vt 1.00000 0.02000
vt 0.01000 0.03000
vt 0.00000 0.03000
vt 0.02000 0.03000
vt 0.03000 0.03000
vt 0.04000 0.03000
vt 0.96000 0.03000
vt 0.97000 0.03000
vt 0.98000 0.03000
vt 0.99000 0.03000
vt 1.00000 0.03000
vt 0.01000 0.04000
vt 0.00000 0.04000
vt 0.02000 0.04000
vt 0.03000 0.04000
vt 0.04000 0.04000
vt 0.96000 0.04000
vt 0.97000 0.04000
vt 0.98000 0.04000
vt 0.99000 0.04000
vt 1.00000 0.04000
vt 0.01000 0.96000
vt 0.00000 0.96000
vt 0.02000 0.96000
vt 0.03000 0.96000
vt 0.04000 0.96000
vt 0.96000 0.96000
vt 0.97000 0.96000
vt 0.98000 0.96000
vt 0.99000 0.96000
vt 1.00000 0.96000
vt 0.01000 0.97000
vt 0.00000 0.97000
vt 0.02000 0.97000
vt 0.03000 0.97000
vt 0.04000 0.97000
vt 0.96000 0.97000
vt 0.97000 0.97000
vt 0.98000 0.97000
vt 0.99000 0.97000
vt 1.00000 0.97000
vt 0.01000 0.98000
vt 0.00000 0.98000
vt 0.02000 0.98000
vt 0.03000 0.98000
vt 0.04000 0.98000
vt 0.96000 0.98000
vt 0.97000 0.98000
vt 0.98000 0.98000
vt 0.99000 0.98000
vt 1.00000 0.98000
vt 0.01000 0.99000
vt 0.00000 0.99000
vt 0.02000 0.99000
vt 0.03000 0.99000
vt 0.04000 0.99000
vt 0.96000 0.99000
vt 0.97000 0.99000
vt 0.98000 0.99000
vt 0.99000 0.99000
vt 1.00000 0.99000
vt 0.01000 1.00000
vt 0.00000 1.00000
vt 0.02000 1.00000
vt 0.03000 1.00000
vt 0.04000 1.00000
vt 0.96000 1.00000
vt 0.97000 1.00000
vt 0.98000 1.00000
vt 0.99000 1.00000
vt 1.00000 1.00000
vt 0.00000 0.00000
vt 0.01000 0.01000
vt 0.00000 0.01000
vt 0.01000 0.00000
vt 0.02000 0.01000
vt 0.02000 0.00000
vt 0.03000 0.01000
vt 0.03000 0.00000
vt 0.04000 0.01000
vt 0.04000 0.00000
vt 0.96000 0.01000
vt 0.96000 0.00000
vt 0.97000 0.01000
vt 0.97000 0.00000
vt 0.98000 0.01000
vt 0.98000 0.00000
vt 0.99000 0.01000
vt 0.99000 0.00000
vt 1.00000 0.01000
vt 1.00000 0.00000
vt 0.01000 0.02000
vt 0.00000 0.02000
vt 0.02000 0.02000
vt 0.03000 0.02000
vt 0.04000 0.02000
vt 0.96000 0.02000
vt 0.97000 0.02000
vt 0.98000 0.02000
vt 0.99000 0.02000
vt 1.00000 0.02000
vt 0.01000 0.03000
vt 0.00000 0.03000
vt 0.02000 0.03000
vt 0.03000 0.03000
vt 0.04000 0.03000
vt 0.96000 0.03000
vt 0.97000 0.03000
vt 0.98000 0.03000
vt 0.99000 0.03000
vt 1.00000 0.03000
vt 0.01000 0.04000
vt 0.00000 0.04000
vt 0.02000 0.04000
vt 0.03000 0.04000
vt 0.04000 0.04000
vt 0.96000 0.04000
vt 0.97000 0.04000
vt 0.98000 0.04000
vt 0.99000 0.04000
vt 1.00000 0.04000
vt 0.01000 0.96000
vt 0.00000 0.96000
vt 0.02000 0.96000
vt 0.03000 0.96000
vt 0.04000 0.96000
vt 0.96000 0.96000
vt 0.97000 0.96000
vt 0.98000 0.96000
vt 0.99000 0.96000
vt 1.00000 0.96000
vt 0.01000 0.97000
vt 0.00000 0.97000
vt 0.02000 0.97000
vt 0.03000 0.97000
vt 0.04000 0.97000
vt 0.96000 0.97000
vt 0.97000 0.97000
vt 0.98000 0.97000
vt 0.99000 0.97000
vt 1.00000 0.97000
vt 0.01000 0.98000
vt 0.00000 0.98000
vt 0.02000 0.98000
vt 0.03000 0.98000
vt 0.04000 0.98000
vt 0.96000 0.98000
vt 0.97000 0.98000
vt 0.98000 0.98000
vt 0.99000 0.98000
vt 1.00000 0.98000
vt 0.01000 0.99000
vt 0.00000 0.99000
vt 0.02000 0.99000
vt 0.03000 0.99000
vt 0.04000 0.99000
vt 0.96000 0.99000
vt 0.97000 0.99000
vt 0.98000 0.99000
vt 0.99000 0.99000
vt 1.00000 0.99000
vt 0.01000 1.00000
vt 0.00000 1.00000
vt 0.02000 1.00000
vt 0.03000 1.00000
vt 0.04000 1.00000
vt 0.96000 1.00000
vt 0.97000 1.00000
vt 0.98000 1.00000
vt 0.99000 1.00000
vt 1.00000 1.00000
vt 0.00000 0.00000
vt 0.01000 0.01000
vt 0.00000 0.01000
vt 0.01000 0.00000
vt 0.02000 0.01000
vt 0.02000 0.00000
vt 0.03000 0.01000
vt 0.03000 0.00000
vt 0.04000 0.01000
vt 0.04000 0.00000
vt 0.96000 0.01000
vt 0.96000 0.00000
vt 0.97000 0.01000
vt 0.97000 0.00000
vt 0.98000 0.01000
vt 0.98000 0.00000
vt 0.99000 0.01000
vt 0.99000 0.00000
vt 1.00000 0.01000
vt 1.00000 0.00000
vt 0.01000 0.02000
vt 0.00000 0.02000
vt 0.02000 0.02000
vt 0.03000 0.02000
vt 0.04000 0.02000
vt 0.96000 0.02000
vt 0.97000 0.02000
vt 0.98000 0.02000
vt 0.99000 0.02000
vt 1.00000 0.02000
vt 0.01000 0.03000
vt 0.00000 0.03000
vt 0.02000 0.03000
vt 0.03000 0.03000
vt 0.04000 0.03000
vt 0.96000 0.03000
vt 0.97000 0.03000
vt 0.98000 0.03000
vt 0.99000 0.03000
vt 1.00000 0.03000
vt 0.01000 0.04000
vt 0.00000 0.04000
vt 0.02000 0.04000
vt 0.03000 0.04000
vt 0.04000 0.04000
vt 0.96000 0.04000
vt 0.97000 0.04000
vt 0.98000 0.04000
vt 0.99000 0.04000
vt 1.00000 0.04000
vt 0.01000 0.96000
vt 0.00000 0.96000
vt 0.02000 0.96000
vt 0.03000 0.96000
vt 0.04000 0.96000
vt 0.96000 0.96000
vt 0.97000 0.96000
vt 0.98000 0.96000
vt 0.99000 0.96000
vt 1.00000 0.96000
vt 0.01000 0.97000
vt 0.00000 0.97000
vt 0.02000 0.97000
vt 0.03000 0.97000
vt 0.04000 0.97000
vt 0.96000 0.97000
vt 0.97000 0.97000
vt 0.98000 0.97000
vt 0.99000 0.97000
vt 1.00000 0.97000
vt 0.01000 0.98000
vt 0.00000 0.98000
vt 0.02000 0.98000
vt 0.03000 0.98000
vt 0.04000 0.98000
vt 0.96000 0.98000
vt 0.97000 0.98000
vt 0.98000 0.98000
vt 0.99000 0.98000
vt 1.00000 0.98000
vt 0.01000 0.99000
vt 0.00000 0.99000
vt 0.02000 0.99000
vt 0.03000 0.99000
vt 0.04000 0.99000
vt 0.96000 0.99000
vt 0.97000 0.99000
vt 0.98000 0.99000
vt 0.99000 0.99000
vt 1.00000 0.99000
vt 0.01000 1.00000
vt 0.00000 1.00000
vt 0.02000 1.00000
vt 0.03000 1.00000
vt 0.04000 1.00000
vt 0.96000 1.00000
vt 0.97000 1.00000
vt 0.98000 1.00000
vt 0.99000 1.00000
vt 1.00000 1.00000
vt 0.00000 0.00000
vt 0.01000 0.01000
vt 0.00000 0.01000
vt 0.01000 0.00000
vt 0.02000 0.01000
vt 0.02000 0.00000
vt 0.03000 0.01000
vt 0.03000 0.00000
vt 0.04000 0.01000
vt 0.04000 0.00000
vt 0.96000 0.01000
vt 0.96000 0.00000
vt 0.97000 0.01000
vt 0.97000 0.00000
vt 0.98000 0.01000
vt 0.98000 0.00000
vt 0.99000 0.01000
vt 0.99000 0.00000
vt 1.00000 0.01000
vt 1.00000 0.00000
vt 0.01000 0.02000
vt 0.00000 0.02000
vt 0.02000 0.02000
vt 0.03000 0.02000
vt 0.04000 0.02000
vt 0.96000 0.02000
vt 0.97000 0.02000
vt 0.98000 0.02000
vt 0.99000 0.02000
vt 1.00000 0.02000
vt 0.01000 0.03000
vt 0.00000 0.03000
vt 0.02000 0.03000
vt 0.03000 0.03000
vt 0.04000 0.03000
vt 0.96000 0.03000
vt 0.97000 0.03000
vt 0.98000 0.03000
vt 0.99000 0.03000
vt 1.00000 0.03000
vt 0.01000 0.04000
vt 0.00000 0.04000
vt 0.02000 0.04000
vt 0.03000 0.04000
vt 0.04000 0.04000
vt 0.96000 0.04000
vt 0.97000 0.04000
vt 0.98000 0.04000
vt 0.99000 0.04000
vt 1.00000 0.04000
vt 0.01000 0.96000
vt 0.00000 0.96000
vt 0.02000 0.96000
vt 0.03000 0.96000
vt 0.04000 0.96000
vt 0.96000 0.96000
vt 0.97000 0.96000
vt 0.98000 0.96000
vt 0.99000 0.96000
vt 1.00000 0.96000
vt 0.01000 0.97000
vt 0.00000 0.97000
vt 0.02000 0.97000
vt 0.03000 0.97000
vt 0.04000 0.97000
vt 0.96000 0.97000
vt 0.97000 0.97000
vt 0.98000 0.97000
vt 0.99000 0.97000
vt 1.00000 0.97000
vt 0.01000 0.98000
vt 0.00000 0.98000
vt 0.02000 0.98000
vt 0.03000 0.98000
vt 0.04000 0.98000
vt 0.96000 0.98000
vt 0.97000 0.98000
vt 0.98000 0.98000
vt 0.99000 0.98000
vt 1.00000 0.98000
vt 0.01000 0.99000
vt 0.00000 0.99000
vt 0.02000 0.99000
vt 0.03000 0.99000
vt 0.04000 0.99000
vt 0.96000 0.99000
vt 0.97000 0.99000
vt 0.98000 0.99000
vt 0.99000 0.99000
vt 1.00000 0.99000
vt 0.01000 1.00000
vt 0.00000 1.00000
vt 0.02000 1.00000
vt 0.03000 1.00000
vt 0.04000 1.00000
vt 0.96000 1.00000
vt 0.97000 1.00000
vt 0.98000 1.00000
vt 0.99000 1.00000
vt 1.00000 1.00000
vt 0.00000 0.00000
vt 0.01000 0.01000
vt 0.00000 0.01000
vt 0.01000 0.00000
vt 0.02000 0.01000
vt 0.02000 0.00000
vt 0.03000 0.01000
vt 0.03000 0.00000
vt 0.04000 0.01000
vt 0.04000 0.00000
vt 0.96000 0.01000
vt 0.96000 0.00000
vt 0.97000 0.01000
vt 0.97000 0.00000
vt 0.98000 0.01000
vt 0.98000 0.00000
vt 0.99000 0.01000
vt 0.99000 0.00000
vt 1.00000 0.01000
vt 1.00000 0.00000
vt 0.01000 0.02000
vt 0.00000 0.02000
vt 0.02000 0.02000
vt 0.03000 0.02000
vt 0.04000 0.02000
vt 0.96000 0.02000
vt 0.97000 0.02000
vt 0.98000 0.02000
vt 0.99000 0.02000
vt 1.00000 0.02000
vt 0.01000 0.03000
vt 0.00000 0.03000
vt 0.02000 0.03000
vt 0.03000 0.03000
vt 0.04000 0.03000
vt 0.96000 0.03000
vt 0.97000 0.03000
vt 0.98000 0.03000
vt 0.99000 0.03000
vt 1.00000 0.03000
vt 0.01000 0.04000
vt 0.00000 0.04000
vt 0.02000 0.04000
vt 0.03000 0.04000
vt 0.04000 0.04000
vt 0.96000 0.04000
vt 0.97000 0.04000
vt 0.98000 0.04000
vt 0.99000 0.04000
vt 1.00000 0.04000
vt 0.01000 0.96000
vt 0.00000 0.96000
vt 0.02000 0.96000
vt 0.03000 0.96000
vt 0.04000 0.96000
vt 0.96000 0.96000
vt 0.97000 0.96000
vt 0.98000 0.96000
vt 0.99000 0.96000
vt 1.00000 0.96000
vt 0.01000 0.97000
vt 0.00000 0.97000
vt 0.02000 0.97000
vt 0.03000 0.97000
vt 0.04000 0.97000
vt 0.96000 0.97000
vt 0.97000 0.97000
vt 0.98000 0.97000
vt 0.99000 0.97000
vt 1.00000 0.97000
vt 0.01000 0.98000
vt 0.00000 0.98000
vt 0.02000 0.98000
vt 0.03000 0.98000
vt 0.04000 0.98000
vt 0.96000 0.98000
vt 0.97000 0.98000
vt 0.98000 0.98000
vt 0.99000 0.98000
vt 1.00000 0.98000
vt 0.01000 0.99000
vt 0.00000 0.99000
vt 0.02000 0.99000
vt 0.03000 0.99000
vt 0.04000 0.99000
vt 0.96000 0.99000
vt 0.97000 0.99000
vt 0.98000 0.99000
vt 0.99000 0.99000
vt 1.00000 0.99000
vt 0.01000 1.00000
vt 0.00000 1.00000
vt 0.02000 1.00000
vt 0.03000 1.00000
vt 0.04000 1.00000
vt 0.96000 1.00000
vt 0.97000 1.00000
vt 0.98000 1.00000
vt 0.99000 1.00000
vt 1.00000 1.00000
vn 0.57735 -0.57735 0.57735
vn 0.47803 -0.73686 0.47803
vn 0.63738 -0.63738 0.43301
vn 0.43301 -0.63738 0.63738
vn 0.43301 -0.63738 0.63738
vn 0.31869 -0.80039 0.50775
vn 0.47803 -0.73686 0.47803
vn 0.28868 -0.67700 0.67700
vn 0.28868 -0.67700 0.67700
vn 0.15934 -0.83619 0.52478
vn 0.31869 -0.80039 0.50775
vn 0.14434 -0.69970 0.69970
vn 0.14434 -0.69970 0.69970
vn 0.00000 -0.84779 0.53033
vn 0.15934 -0.83619 0.52478
vn 0.00000 -0.70711 0.70711
vn 0.00000 -0.70711 0.70711
vn 0.00000 -0.84779 0.53033
vn 0.00000 -0.84779 0.53033
vn 0.00000 -0.70711 0.70711
vn 0.00000 -0.70711 0.70711
vn -0.15934 -0.83619 0.52478
vn 0.00000 -0.84779 0.53033
vn -0.14434 -0.69970 0.69970
vn -0.14434 -0.69970 0.69970
vn -0.31869 -0.80039 0.50775
vn -0.15934 -0.83619 0.52478
vn -0.28868 -0.67700 0.67700
vn -0.28868 -0.67700 0.67700
vn -0.47803 -0.73686 0.47803
vn -0.31869 -0.80039 0.50775
vn -0.43301 -0.63738 0.63738
vn -0.43301 -0.63738 0.63738
vn -0.63738 -0.63738 0.43301
vn -0.47803 -0.73686 0.47803
vn -0.57735 -0.57735 0.57735
vn 0.63738 -0.63738 0.43301
vn 0.50775 -0.80039 0.31869
vn 0.67700 -0.67700 0.28868
vn 0.47803 -0.73686 0.47803
vn 0.47803 -0.73686 0.47803
vn 0.33850 -0.87797 0.33850
vn 0.50775 -0.80039 0.31869
vn 0.31869 -0.80039 0.50775
vn 0.31869 -0.80039 0.50775
vn 0.16925 -0.92139 0.34985
vn 0.33850 -0.87797 0.33850
vn 0.15934 -0.83619 0.52478
vn 0.15934 -0.83619 0.52478
vn 0.00000 -0.93541 0.35355
vn 0.16925 -0.92139 0.34985
vn 0.00000 -0.84779 0.53033
vn 0.00000 -0.84779 0.53033
vn 0.00000 -0.93541 0.35355
vn 0.00000 -0.93541 0.35355
vn 0.00000 -0.84779 0.53033
vn 0.00000 -0.84779 0.53033
vn -0.16925 -0.92139 0.34985
vn 0.00000 -0.93541 0.35355
vn -0.15934 -0.83619 0.52478
vn -0.15934 -0.83619 0.52478
vn -0.33850 -0.87797 0.33850
vn -0.16925 -0.92139 0.34985
vn -0.31869 -0.80039 0.50775
vn -0.31869 -0.80039 0.50775
vn -0.50775 -0.80039 0.31869
vn -0.33850 -0.87797 0.33850
vn -0.47803 -0.73686 0.47803
vn -0.47803 -0.73686 0.47803
vn -0.67700 -0.67700 0.28868
vn -0.50775 -0.80039 0.31869
vn -0.63738 -0.63738 0.43301
vn 0.67700 -0.67700 0.28868
vn 0.52478 -0.83619 0.15934
vn 0.69970 -0.69970 0.14434
vn 0.50775 -0.80039 0.31869
vn 0.50775 -0.80039 0.31869
vn 0.34985 -0.92139 0.16925
vn 0.52478 -0.83619 0.15934
vn 0.33850 -0.87797 0.33850
vn 0.33850 -0.87797 0.33850
vn 0.17493 -0.96892 0.17493
vn 0.34985 -0.92139 0.16925
vn 0.16925 -0.92139 0.34985
vn 0.16925 -0.92139 0.34985
vn 0.00000 -0.98425 0.17678
vn 0.17493 -0.96892 0.17493
vn 0.00000 -0.93541 0.35355
vn 0.00000 -0.93541 0.35355
vn 0.00000 -0.98425 0.17678
vn 0.00000 -0.98425 0.17678
vn 0.00000 -0.93541 0.35355
vn 0.00000 -0.93541 0.35355
vn -0.17493 -0.96892 0.17493
vn 0.00000 -0.98425 0.17678
vn -0.16925 -0.92139 0.34985
vn -0.16925 -0.92139 0.34985
vn -0.34985 -0.92139 0.16925
vn -0.17493 -0.96892 0.17493
vn -0.33850 -0.87797 0.33850
vn -0.33850 -0.87797 0.33850
vn -0.52478 -0.83619 0.15934
vn -0.34985 -0.92139 0.16925
vn -0.50775 -0.80039 0.31869
vn -0.50775 -0.80039 0.31869
vn -0.69970 -0.69970 0.14434
vn -0.52478 -0.83619 0.15934
vn -0.67700 -0.67700 0.28868
vn 0.69970 -0.69970 0.14434
vn 0.53033 -0.84779 -0.00000
vn 0.70711 -0.70711 -0.00000
vn 0.52478 -0.83619 0.15934
vn 0.52478 -0.83619 0.15934
vn 0.35355 -0.93541 -0.00000
vn 0.53033 -0.84779 -0.00000
vn 0.34985 -0.92139 0.16925
vn 0.34985 -0.92139 0.16925
vn 0.17678 -0.98425 -0.00000
vn 0.35355 -0.93541 -0.00000
vn 0.17493 -0.96892 0.17493
vn 0.17493 -0.96892 0.17493
vn 0.00000 -1.00000 -0.00000
vn 0.17678 -0.98425 -0.00000
vn 0.00000 -0.98425 0.17678
vn 0.00000 -0.98425 0.17678
vn 0.00000 -1.00000 -0.00000
vn 0.00000 -1.00000 -0.00000
vn 0.00000 -0.98425 0.17678
vn 0.00000 -0.98425 0.17678
vn -0.17678 -0.98425 -0.00000
vn 0.00000 -1.00000 -0.00000
vn -0.17493 -0.96892 0.17493
vn -0.17493 -0.96892 0.17493
vn -0.35355 -0.93541 -0.00000
vn -0.17678 -0.98425 -0.00000
vn -0.34985 -0.92139 0.16925
vn -0.34985 -0.92139 0.16925
vn -0.53033 -0.84779 -0.00000
vn -0.35355 -0.93541 -0.00000
vn -0.52478 -0.83619 0.15934
vn -0.52478 -0.83619 0.15934
vn -0.70711 -0.70711 -0.00000
vn -0.53033 -0.84779 -0.00000
vn -0.69970 -0.69970 0.14434
vn 0.70711 -0.70711 -0.00000
vn 0.53033 -0.84779 -0.00000
vn 0.70711 -0.70711 -0.00000
vn 0.53033 -0.84779 -0.00000
vn 0.53033 -0.84779 -0.00000
vn 0.35355 -0.93541 -0.00000
vn 0.53033 -0.84779 -0.00000
vn 0.35355 -0.93541 -0.00000
vn 0.35355 -0.93541 -0.00000
vn 0.17678 -0.98425 -0.00000
vn 0.35355 -0.93541 -0.00000
vn 0.17678 -0.98425 -0.00000
vn 0.17678 -0.98425 -0.00000
vn 0.00000 -1.00000 -0.00000
vn 0.17678 -0.98425 -0.00000
vn 0.00000 -1.00000 -0.00000
vn 0.00000 -1.00000 -0.00000
vn 0.00000 -1.00000 -0.00000
vn 0.00000 -1.00000 -0.00000
vn 0.00000 -1.00000 -0.00000
vn 0.00000 -1.00000 -0.00000
vn -0.17678 -0.98425 -0.00000
vn 0.00000 -1.00000 -0.00000
vn -0.17678 -0.98425 -0.00000
vn -0.17678 -0.98425 -0.00000
vn -0.35355 -0.93541 -0.00000
vn -0.17678 -0.98425 -0.00000
vn -0.35355 -0.93541 -0.00000
vn -0.35355 -0.93541 -0.00000
vn -0.53033 -0.84779 -0.00000
vn -0.35355 -0.93541 -0.00000
vn -0.53033 -0.84779 -0.00000
vn -0.53033 -0.84779 -0.00000
vn -0.70711 -0.70711 -0.00000
vn -0.53033 -0.84779 -0.00000
vn -0.70711 -0.70711 -0.00000
vn 0.70711 -0.70711 -0.00000
vn 0.52478 -0.83619 -0.15934
vn 0.69970 -0.69970 -0.14434
vn 0.53033 -0.84779 -0.00000
vn 0.53033 -0.84779 -0.00000
vn 0.34985 -0.92139 -0.16925
vn 0.52478 -0.83619 -0.15934
vn 0.35355 -0.93541 -0.00000
vn 0.35355 -0.93541 -0.00000
vn 0.17493 -0.96892 -0.17493
vn 0.34985 -0.92139 -0.16925
vn 0.17678 -0.98425 -0.00000
vn 0.17678 -0.98425 -0.00000
vn 0.00000 -0.98425 -0.17678
vn 0.17493 -0.96892 -0.17493
vn 0.00000 -1.00000 -0.00000
vn 0.00000 -1.00000 -0.00000
vn 0.00000 -0.98425 -0.17678
vn 0.00000 -0.98425 -0.17678
vn 0.00000 -1.00000 -0.00000
vn 0.00000 -1.00000 -0.00000
vn -0.17493 -0.96892 -0.17493
vn 0.00000 -0.98425 -0.17678
vn -0.17678 -0.98425 -0.00000
vn -0.17678 -0.98425 -0.00000
vn -0.34985 -0.92139 -0.16925
vn -0.17493 -0.96892 -0.17493
vn -0.35355 -0.93541 -0.00000
vn -0.35355 -0.93541 -0.00000
vn -0.52478 -0.83619 -0.15934
vn -0.34985 -0.92139 -0.16925
vn -0.53033 -0.84779 -0.00000
vn -0.53033 -0.84779 -0.00000
vn -0.69970 -0.69970 -0.14434
vn -0.52478 -0.83619 -0.15934
vn -0.70711 -0.70711 -0.00000
vn 0.69970 -0.69970 -0.14434
vn 0.50775 -0.80039 -0.31869
vn 0.67700 -0.67700 -0.28868
vn 0.52478 -0.83619 -0.15934
vn 0.52478 -0.83619 -0.15934
vn 0.33850 -0.87797 -0.33850
vn 0.50775 -0.80039 -0.31869
vn 0.34985 -0.92139 -0.16925
vn 0.34985 -0.92139 -0.16925
vn 0.16925 -0.92139 -0.34985
vn 0.33850 -0.87797 -0.33850
vn 0.17493 -0.96892 -0.17493
vn 0.17493 -0.96892 -0.17493
vn 0.00000 -0.93541 -0.35355
vn 0.16925 -0.92139 -0.34985
vn 0.00000 -0.98425 -0.17678
vn 0.00000 -0.98425 -0.17678
vn 0.00000 -0.93541 -0.35355
vn 0.00000 -0.93541 -0.35355
vn 0.00000 -0.98425 -0.17678
vn 0.00000 -0.98425 -0.17678
vn -0.16925 -0.92139 -0.34985
vn 0.00000 -0.93541 -0.35355
vn -0.17493 -0.96892 -0.17493
vn -0.17493 -0.96892 -0.17493
vn -0.33850 -0.87797 -0.33850
vn -0.16925 -0.92139 -0.34985
vn -0.34985 -0.92139 -0.16925
vn -0.34985 -0.92139 -0.16925
vn -0.50775 -0.80039 -0.31869
vn -0.33850 -0.87797 -0.33850
vn -0.52478 -0.83619 -0.15934
vn -0.52478 -0.83619 -0.15934
vn -0.67700 -0.67700 -0.28868
vn -0.50775 -0.80039 -0.31869
vn -0.69970 -0.69970 -0.14434
vn 0.67700 -0.67700 -0.28868
vn 0.47803 -0.73686 -0.47803
vn 0.63738 -0.63738 -0.43301
vn 0.50775 -0.80039 -0.31869
vn 0.50775 -0.80039 -0.31869
vn 0.31869 -0.80039 -0.50775
vn 0.47803 -0.73686 -0.47803
vn 0.33850 -0.87797 -0.33850
vn 0.33850 -0.87797 -0.33850
vn 0.15934 -0.83619 -0.52478
vn 0.31869 -0.80039 -0.50775
vn 0.16925 -0.92139 -0.34985
vn 0.16925 -0.92139 -0.34985
vn 0.00000 -0.84779 -0.53033
vn 0.15934 -0.83619 -0.52478
vn 0.00000 -0.93541 -0.35355
vn 0.00000 -0.93541 -0.35355
vn 0.00000 -0.84779 -0.53033
vn 0.00000 -0.84779 -0.53033
vn 0.00000 -0.93541 -0.35355
vn 0.00000 -0.93541 -0.35355
vn -0.15934 -0.83619 -0.52478
vn 0.00000 -0.84779 -0.53033
vn -0.16925 -0.92139 -0.34985
vn -0.16925 -0.92139 -0.34985
vn -0.31869 -0.80039 -0.50775
vn -0.15934 -0.83619 -0.52478
vn -0.33850 -0.87797 -0.33850
vn -0.33850 -0.87797 -0.33850
vn -0.47803 -0.73686 -0.47803
vn -0.31869 -0.80039 -0.50775
vn -0.50775 -0.80039 -0.31869
vn -0.50775 -0.80039 -0.31869
vn -0.63738 -0.63738 -0.43301
vn -0.47803 -0.73686 -0.47803
vn -0.67700 -0.67700 -0.28868
vn 0.63738 -0.63738 -0.43301
vn 0.43301 -0.63738 -0.63738
vn 0.57735 -0.57735 -0.57735
vn 0.47803 -0.73686 -0.47803
vn 0.47803 -0.73686 -0.47803
vn 0.28868 -0.67700 -0.67700
vn 0.43301 -0.63738 -0.63738
vn 0.31869 -0.80039 -0.50775
vn 0.31869 -0.80039 -0.50775
vn 0.14434 -0.69970 -0.69970
vn 0.28868 -0.67700 -0.67700
vn 0.15934 -0.83619 -0.52478
vn 0.15934 -0.83619 -0.52478
vn 0.00000 -0.70711 -0.70711
vn 0.14434 -0.69970 -0.69970
vn 0.00000 -0.84779 -0.53033
vn 0.00000 -0.84779 -0.53033
vn 0.00000 -0.70711 -0.70711
vn 0.00000 -0.70711 -0.70711
vn 0.00000 -0.84779 -0.53033
vn 0.00000 -0.84779 -0.53033
vn -0.14434 -0.69970 -0.69970
vn 0.00000 -0.70711 -0.70711
vn -0.15934 -0.83619 -0.52478
vn -0.15934 -0.83619 -0.52478
vn -0.28868 -0.67700 -0.67700
vn -0.14434 -0.69970 -0.69970
vn -0.31869 -0.80039 -0.50775
vn -0.31869 -0.80039 -0.50775
vn -0.43301 -0.63738 -0.63738
vn -0.28868 -0.67700 -0.67700
vn -0.47803 -0.73686 -0.47803
vn -0.47803 -0.73686 -0.47803
vn -0.57735 -0.57735 -0.57735
vn -0.43301 -0.63738 -0.63738
vn -0.63738 -0.63738 -0.43301
vn -0.57735 -0.57735 -0.57735
vn -0.73686 -0.47803 -0.47803
vn -0.63738 -0.43301 -0.63738
vn -0.63738 -0.63738 -0.43301
vn -0.63738 -0.63738 -0.43301
vn -0.80039 -0.50775 -0.31869
vn -0.73686 -0.47803 -0.47803
vn -0.67700 -0.67700 -0.28868
vn -0.67700 -0.67700 -0.28868
vn -0.83619 -0.52478 -0.15934
vn -0.80039 -0.50775 -0.31869
vn -0.69970 -0.69970 -0.14434
vn -0.69970 -0.69970 -0.14434
vn -0.84779 -0.53033 -0.00000
vn -0.83619 -0.52478 -0.15934
vn -0.70711 -0.70711 -0.00000
vn -0.70711 -0.70711 -0.00000
vn -0.84779 -0.53033 -0.00000
vn -0.84779 -0.53033 -0.00000
vn -0.70711 -0.70711 -0.00000
vn -0.70711 -0.70711 -0.00000
vn -0.83619 -0.52478 0.15934
vn -0.84779 -0.53033 -0.00000
vn -0.69970 -0.69970 0.14434
vn -0.69970 -0.69970 0.14434
vn -0.80039 -0.50775 0.31869
vn -0.83619 -0.52478 0.15934
vn -0.67700 -0.67700 0.28868
vn -0.67700 -0.67700 0.28868
vn -0.73686 -0.47803 0.47803
vn -0.80039 -0.50775 0.31869
vn -0.63738 -0.63738 0.43301
vn -0.63738 -0.63738 0.43301
vn -0.63738 -0.43301 0.63738
vn -0.73686 -0.47803 0.47803
vn -0.57735 -0.57735 0.57735
vn -0.63738 -0.43301 -0.63738
vn -0.80039 -0.31869 -0.50775
vn -0.67700 -0.28868 -0.67700
vn -0.73686 -0.47803 -0.47803
vn -0.73686 -0.47803 -0.47803
vn -0.87797 -0.33850 -0.33850
vn -0.80039 -0.31869 -0.50775
vn -0.80039 -0.50775 -0.31869
vn -0.80039 -0.50775 -0.31869
vn -0.92139 -0.34985 -0.16925
vn -0.87797 -0.33850 -0.33850
vn -0.83619 -0.52478 -0.15934
vn -0.83619 -0.52478 -0.15934
vn -0.93541 -0.35355 -0.00000
vn -0.92139 -0.34985 -0.16925
vn -0.84779 -0.53033 -0.00000
vn -0.84779 -0.53033 -0.00000
vn -0.93541 -0.35355 -0.00000
vn -0.93541 -0.35355 -0.00000
vn -0.84779 -0.53033 -0.00000
vn -0.84779 -0.53033 -0.00000
vn -0.92139 -0.34985 0.16925
vn -0.93541 -0.35355 -0.00000
vn -0.83619 -0.52478 0.15934
vn -0.83619 -0.52478 0.15934
vn -0.87797 -0.33850 0.33850
vn -0.92139 -0.34985 0.16925
vn -0.80039 -0.50775 0.31869
vn -0.80039 -0.50775 0.31869
vn -0.80039 -0.31869 0.50775
vn -0.87797 -0.33850 0.33850
vn -0.73686 -0.47803 0.47803
vn -0.73686 -0.47803 0.47803
vn -0.67700 -0.28868 0.67700
vn -0.80039 -0.31869 0.50775
vn -0.63738 -0.43301 0.63738
vn -0.67700 -0.28868 -0.67700
vn -0.83619 -0.15934 -0.52478
vn -0.69970 -0.14434 -0.69970
vn -0.80039 -0.31869 -0.50775
vn -0.80039 -0.31869 -0.50775
vn -0.92139 -0.16925 -0.34985
vn -0.83619 -0.15934 -0.52478
vn -0.87797 -0.33850 -0.33850
vn -0.87797 -0.33850 -0.33850
vn -0.96892 -0.17493 -0.17493
vn -0.92139 -0.16925 -0.34985
vn -0.92139 -0.34985 -0.16925
vn -0.92139 -0.34985 -0.16925
vn -0.98425 -0.17678 -0.00000
vn -0.96892 -0.17493 -0.17493
vn -0.93541 -0.35355 -0.00000
vn -0.93541 -0.35355 -0.00000
vn -0.98425 -0.17678 -0.00000
vn -0.98425 -0.17678 -0.00000
vn -0.93541 -0.35355 -0.00000
vn -0.93541 -0.35355 -0.00000
vn -0.96892 -0.17493 0.17493
vn -0.98425 -0.17678 -0.00000
vn -0.92139 -0.34985 0.16925
vn -0.92139 -0.34985 0.16925
vn -0.92139 -0.16925 0.34985
vn -0.96892 -0.17493 0.17493
vn -0.87797 -0.33850 0.33850
vn -0.87797 -0.33850 0.33850
vn -0.83619 -0.15934 0.52478
vn -0.92139 -0.16925 0.34985
vn -0.80039 -0.31869 0.50775
vn -0.80039 -0.31869 0.50775
vn -0.69970 -0.14434 0.69970
vn -0.83619 -0.15934 0.52478
vn -0.67700 -0.28868 0.67700
vn -0.69970 -0.14434 -0.69970
vn -0.84779 0.00000 -0.53033
vn -0.70711 0.00000 -0.70711
vn -0.83619 -0.15934 -0.52478
vn -0.83619 -0.15934 -0.52478
vn -0.93541 0.00000 -0.35355
vn -0.84779 0.00000 -0.53033
vn -0.92139 -0.16925 -0.34985
vn -0.92139 -0.16925 -0.34985
vn -0.98425 0.00000 -0.17678
vn -0.93541 0.00000 -0.35355
vn -0.96892 -0.17493 -0.17493
vn -0.96892 -0.17493 -0.17493
vn -1.00000 0.00000 0.00000
vn -0.98425 0.00000 -0.17678
vn -0.98425 -0.17678 -0.00000
vn -0.98425 -0.17678 -0.00000
vn -1.00000 0.00000 0.00000
vn -1.00000 0.00000 0.00000
vn -0.98425 -0.17678 -0.00000
vn -0.98425 -0.17678 -0.00000
vn -0.98425 -0.00000 0.17678
vn -1.00000 0.00000 0.00000
vn -0.96892 -0.17493 0.17493
vn -0.96892 -0.17493 0.17493
vn -0.93541 -0.00000 0.35355
vn -0.98425 -0.00000 0.17678
vn -0.92139 -0.16925 0.34985
vn -0.92139 -0.16925 0.34985
vn -0.84779 -0.00000 0.53033
vn -0.93541 -0.00000 0.35355
vn -0.83619 -0.15934 0.52478
vn -0.83619 -0.15934 0.52478
vn -0.70711 -0.00000 0.70711
vn -0.84779 -0.00000 0.53033
vn -0.69970 -0.14434 0.69970
vn -0.70711 0.00000 -0.70711
vn -0.84779 0.00000 -0.53033
vn -0.70711 0.00000 -0.70711
vn -0.84779 0.00000 -0.53033
vn -0.84779 0.00000 -0.53033
vn -0.93541 0.00000 -0.35355
vn -0.84779 0.00000 -0.53033
vn -0.93541 0.00000 -0.35355
vn -0.93541 0.00000 -0.35355
vn -0.98425 0.00000 -0.17678
vn -0.93541 0.00000 -0.35355
vn -0.98425 0.00000 -0.17678
vn -0.98425 0.00000 -0.17678
vn -1.00000 0.00000 0.00000
vn -0.98425 0.00000 -0.17678
vn -1.00000 0.00000 0.00000
vn -1.00000 0.00000 0.00000
vn -1.00000 0.00000 0.00000
vn -1.00000 0.00000 0.00000
vn -1.00000 0.00000 0.00000
vn -1.00000 0.00000 0.00000
vn -0.98425 -0.00000 0.17678
vn -1.00000 0.00000 0.00000
vn -0.98425 -0.00000 0.17678
vn -0.98425 -0.00000 0.17678
vn -0.93541 -0.00000 0.35355
vn -0.98425 -0.00000 0.17678
vn -0.93541 -0.00000 0.35355
vn -0.93541 -0.00000 0.35355
vn -0.84779 -0.00000 0.53033
vn -0.93541 -0.00000 0.35355
vn -0.84779 -0.00000 0.53033
vn -0.84779 -0.00000 0.53033
vn -0.70711 -0.00000 0.70711
vn -0.84779 -0.00000 0.53033
vn -0.70711 -0.00000 0.70711
vn -0.70711 0.00000 -0.70711
vn -0.83619 0.15934 -0.52478
vn -0.69970 0.14434 -0.69970
vn -0.84779 0.00000 -0.53033
vn -0.84779 0.00000 -0.53033
vn -0.92139 0.16925 -0.34985
vn -0.83619 0.15934 -0.52478
vn -0.93541 0.00000 -0.35355
vn -0.93541 0.00000 -0.35355
vn -0.96892 0.17493 -0.17493
vn -0.92139 0.16925 -0.34985
vn -0.98425 0.00000 -0.17678
vn -0.98425 0.00000 -0.17678
vn -0.98425 0.17678 0.00000
vn -0.96892 0.17493 -0.17493
vn -1.00000 0.00000 0.00000
vn -1.00000 0.00000 0.00000
vn -0.98425 0.17678 0.00000
vn -0.98425 0.17678 0.00000
vn -1.00000 0.00000 0.00000
vn -1.00000 0.00000 0.00000
vn -0.96892 0.17493 0.17493
vn -0.98425 0.17678 0.00000
vn -0.98425 -0.00000 0.17678
vn -0.98425 -0.00000 0.17678
vn -0.92139 0.16925 0.34985
vn -0.96892 0.17493 0.17493
vn -0.93541 -0.00000 0.35355
vn -0.93541 -0.00000 0.35355
vn -0.83619 0.15934 0.52478
vn -0.92139 0.16925 0.34985
vn -0.84779 -0.00000 0.53033
vn -0.84779 -0.00000 0.53033
vn -0.69970 0.14434 0.69970
vn -0.83619 0.15934 0.52478
vn -0.70711 -0.00000 0.70711
vn -0.69970 0.14434 -0.69970
vn -0.80039 0.31869 -0.50775
vn -0.67700 0.28868 -0.67700
vn -0.83619 0.15934 -0.52478
vn -0.83619 0.15934 -0.52478
vn -0.87797 0.33850 -0.33850
vn -0.80039 0.31869 -0.50775
vn -0.92139 0.16925 -0.34985
vn -0.92139 0.16925 -0.34985
vn -0.92139 0.34985 -0.16925
vn -0.87797 0.33850 -0.33850
vn -0.96892 0.17493 -0.17493
vn -0.96892 0.17493 -0.17493
vn -0.93541 0.35355 0.00000
vn -0.92139 0.34985 -0.16925
vn -0.98425 0.17678 0.00000
vn -0.98425 0.17678 0.00000
vn -0.93541 0.35355 0.00000
vn -0.93541 0.35355 0.00000
vn -0.98425 0.17678 0.00000
vn -0.98425 0.17678 0.00000
vn -0.92139 0.34985 0.16925
vn -0.93541 0.35355 0.00000
vn -0.96892 0.17493 0.17493
vn -0.96892 0.17493 0.17493
vn -0.87797 0.33850 0.33850
vn -0.92139 0.34985 0.16925
vn -0.92139 0.16925 0.34985
vn -0.92139 0.16925 0.34985
vn -0.80039 0.31869 0.50775
vn -0.87797 0.33850 0.33850
vn -0.83619 0.15934 0.52478
vn -0.83619 0.15934 0.52478
vn -0.67700 0.28868 0.67700
vn -0.80039 0.31869 0.50775
vn -0.69970 0.14434 0.69970
vn -0.67700 0.28868 -0.67700
vn -0.73686 0.47803 -0.47803
vn -0.63738 0.43301 -0.63738
vn -0.80039 0.31869 -0.50775
vn -0.80039 0.31869 -0.50775
vn -0.80039 0.50775 -0.31869
vn -0.73686 0.47803 -0.47803
vn -0.87797 0.33850 -0.33850
vn -0.87797 0.33850 -0.33850
vn -0.83619 0.52478 -0.15934
vn -0.80039 0.50775 -0.31869
vn -0.92139 0.34985 -0.16925
vn -0.92139 0.34985 -0.16925
vn -0.84779 0.53033 0.00000
vn -0.83619 0.52478 -0.15934
vn -0.93541 0.35355 0.00000
vn -0.93541 0.35355 0.00000
vn -0.84779 0.53033 0.00000
vn -0.84779 0.53033 0.00000
vn -0.93541 0.35355 0.00000
vn -0.93541 0.35355 0.00000
vn -0.83619 0.52478 0.15934
vn -0.84779 0.53033 0.00000
vn -0.92139 0.34985 0.16925
vn -0.92139 0.34985 0.16925
vn -0.80039 0.50775 0.31869
vn -0.83619 0.52478 0.15934
vn -0.87797 0.33850 0.33850
vn -0.87797 0.33850 0.33850
vn -0.73686 0.47803 0.47803
vn -0.80039 0.50775 0.31869
vn -0.80039 0.31869 0.50775
vn -0.80039 0.31869 0.50775
vn -0.63738 0.43301 0.63738
vn -0.73686 0.47803 0.47803
vn -0.67700 0.28868 0.67700
vn -0.63738 0.43301 -0.63738
vn -0.63738 0.63738 -0.43301
vn -0.57735 0.57735 -0.57735
vn -0.73686 0.47803 -0.47803
vn -0.73686 0.47803 -0.47803
vn -0.67700 0.67700 -0.28868
vn -0.63738 0.63738 -0.43301
vn -0.80039 0.50775 -0.31869
vn -0.80039 0.50775 -0.31869
vn -0.69970 0.69970 -0.14434
vn -0.67700 0.67700 -0.28868
vn -0.83619 0.52478 -0.15934
vn -0.83619 0.52478 -0.15934
vn -0.70711 0.70711 0.00000
vn -0.69970 0.69970 -0.14434
vn -0.84779 0.53033 0.00000
vn -0.84779 0.53033 0.00000
vn -0.70711 0.70711 0.00000
vn -0.70711 0.70711 0.00000
vn -0.84779 0.53033 0.00000
vn -0.84779 0.53033 0.00000
vn -0.69970 0.69970 0.14434
vn -0.70711 0.70711 0.00000
vn -0.83619 0.52478 0.15934
vn -0.83619 0.52478 0.15934
vn -0.67700 0.67700 0.28868
vn -0.69970 0.69970 0.14434
vn -0.80039 0.50775 0.31869
vn -0.80039 0.50775 0.31869
vn -0.63738 0.63738 0.43301
vn -0.67700 0.67700 0.28868
vn -0.73686 0.47803 0.47803
vn -0.73686 0.47803 0.47803
vn -0.57735 0.57735 0.57735
vn -0.63738 0.63738 0.43301
vn -0.63738 0.43301 0.63738
vn -0.57735 -0.57735 0.57735
vn -0.47803 -0.47803 0.73686
vn -0.63738 -0.43301 0.63738
vn -0.43301 -0.63738 0.63738
vn -0.43301 -0.63738 0.63738
vn -0.31869 -0.50775 0.80039
vn -0.47803 -0.47803 0.73686
vn -0.28868 -0.67700 0.67700
vn -0.28868 -0.67700 0.67700
vn -0.15934 -0.52478 0.83619
vn -0.31869 -0.50775 0.80039
vn -0.14434 -0.69970 0.69970
vn -0.14434 -0.69970 0.69970
vn 0.00000 -0.53033 0.84779
vn -0.15934 -0.52478 0.83619
vn 0.00000 -0.70711 0.70711
vn 0.00000 -0.70711 0.70711
vn 0.00000 -0.53033 0.84779
vn 0.00000 -0.53033 0.84779
vn 0.00000 -0.70711 0.70711
vn 0.00000 -0.70711 0.70711
vn 0.15934 -0.52478 0.83619
vn 0.00000 -0.53033 0.84779
vn 0.14434 -0.69970 0.69970
vn 0.14434 -0.69970 0.69970
vn 0.31869 -0.50775 0.80039
vn 0.15934 -0.52478 0.83619
vn 0.28868 -0.67700 0.67700
vn 0.28868 -0.67700 0.67700
vn 0.47803 -0.47803 0.73686
vn 0.31869 -0.50775 0.80039
vn 0.43301 -0.63738 0.63738
vn 0.43301 -0.63738 0.63738
vn 0.63738 -0.43301 0.63738
vn 0.47803 -0.47803 0.73686
vn 0.57735 -0.57735 0.57735
vn -0.63738 -0.43301 0.63738
vn -0.50775 -0.31869 0.80039
vn -0.67700 -0.28868 0.67700
vn -0.47803 -0.47803 0.73686
vn -0.47803 -0.47803 0.73686
vn -0.33850 -0.33850 0.87797
vn -0.50775 -0.31869 0.80039
vn -0.31869 -0.50775 0.80039
vn -0.31869 -0.50775 0.80039
vn -0.16925 -0.34985 0.92139
vn -0.33850 -0.33850 0.87797
vn -0.15934 -0.52478 0.83619
vn -0.15934 -0.52478 0.83619
vn 0.00000 -0.35355 0.93541
vn -0.16925 -0.34985 0.92139
vn 0.00000 -0.53033 0.84779
vn 0.00000 -0.53033 0.84779
vn 0.00000 -0.35355 0.93541
vn 0.00000 -0.35355 0.93541
vn 0.00000 -0.53033 0.84779
vn 0.00000 -0.53033 0.84779
vn 0.16925 -0.34985 0.92139
vn 0.00000 -0.35355 0.93541
vn 0.15934 -0.52478 0.83619
vn 0.15934 -0.52478 0.83619
vn 0.33850 -0.33850 0.87797
vn 0.16925 -0.34985 0.92139
vn 0.31869 -0.50775 0.80039
vn 0.31869 -0.50775 0.80039
vn 0.50775 -0.31869 0.80039
vn 0.33850 -0.33850 0.87797
vn 0.47803 -0.47803 0.73686
vn 0.47803 -0.47803 0.73686
vn 0.67700 -0.28868 0.67700
vn 0.50775 -0.31869 0.80039
vn 0.63738 -0.43301 0.63738
vn -0.67700 -0.28868 0.67700
vn -0.52478 -0.15934 0.83619
vn -0.69970 -0.14434 0.69970
vn -0.50775 -0.31869 0.80039
vn -0.50775 -0.31869 0.80039
vn -0.34985 -0.16925 0.92139
vn -0.52478 -0.15934 0.83619
vn -0.33850 -0.33850 0.87797
vn -0.33850 -0.33850 0.87797
vn -0.17493 -0.17493 0.96892
vn -0.34985 -0.16925 0.92139
vn -0.16925 -0.34985 0.92139
vn -0.16925 -0.34985 0.92139
vn 0.00000 -0.17678 0.98425
vn -0.17493 -0.17493 0.96892
vn 0.00000 -0.35355 0.93541
vn 0.00000 -0.35355 0.93541
vn 0.00000 -0.17678 0.98425
vn 0.00000 -0.17678 0.98425
vn 0.00000 -0.35355 0.93541
vn 0.00000 -0.35355 0.93541
vn 0.17493 -0.17493 0.96892
vn 0.00000 -0.17678 0.98425
vn 0.16925 -0.34985 0.92139
vn 0.16925 -0.34985 0.92139
vn 0.34985 -0.16925 0.92139
vn 0.17493 -0.17493 0.96892
vn 0.33850 -0.33850 0.87797
vn 0.33850 -0.33850 0.87797
vn 0.52478 -0.15934 0.83619
vn 0.34985 -0.16925 0.92139
vn 0.50775 -0.31869 0.80039
vn 0.50775 -0.31869 0.80039
vn 0.69970 -0.14434 0.69970
vn 0.52478 -0.15934 0.83619
vn 0.67700 -0.28868 0.67700
vn -0.69970 -0.14434 0.69970
vn -0.53033 -0.00000 0.84779
vn -0.70711 -0.00000 0.70711
vn -0.52478 -0.15934 0.83619
vn -0.52478 -0.15934 0.83619
vn -0.35355 -0.00000 0.93541
vn -0.53033 -0.00000 0.84779
vn -0.34985 -0.16925 0.92139
vn -0.34985 -0.16925 0.92139
vn -0.17678 -0.00000 0.98425
vn -0.35355 -0.00000 0.93541
vn -0.17493 -0.17493 0.96892
vn -0.17493 -0.17493 0.96892
vn 0.00000 -0.00000 1.00000
vn -0.17678 -0.00000 0.98425
vn 0.00000 -0.17678 0.98425
vn 0.00000 -0.17678 0.98425
vn 0.00000 -0.00000 1.00000
vn 0.00000 -0.00000 1.00000
vn 0.00000 -0.17678 0.98425
vn 0.00000 -0.17678 0.98425
vn 0.17678 -0.00000 0.98425
vn 0.00000 -0.00000 1.00000
vn 0.17493 -0.17493 0.96892
vn 0.17493 -0.17493 0.96892
vn 0.35355 -0.00000 0.93541
vn 0.17678 -0.00000 0.98425
vn 0.34985 -0.16925 0.92139
vn 0.34985 -0.16925 0.92139
vn 0.53033 -0.00000 0.84779
vn 0.35355 -0.00000 0.93541
vn 0.52478 -0.15934 0.83619
vn 0.52478 -0.15934 0.83619
vn 0.70711 -0.00000 0.70711
vn 0.53033 -0.00000 0.84779
vn 0.69970 -0.14434 0.69970
vn -0.70711 -0.00000 0.70711
vn -0.53033 -0.00000 0.84779
vn -0.70711 -0.00000 0.70711
vn -0.53033 -0.00000 0.84779
vn -0.53033 -0.00000 0.84779
vn -0.35355 -0.00000 0.93541
vn -0.53033 -0.00000 0.84779
vn -0.35355 -0.00000 0.93541
vn -0.35355 -0.00000 0.93541
vn -0.17678 -0.00000 0.98425
vn -0.35355 -0.00000 0.93541
vn -0.17678 -0.00000 0.98425
vn -0.17678 -0.00000 0.98425
vn 0.00000 -0.00000 1.00000
vn -0.17678 -0.00000 0.98425
vn 0.00000 -0.00000 1.00000
vn 0.00000 -0.00000 1.00000
vn 0.00000 -0.00000 1.00000
vn 0.00000 -0.00000 1.00000
vn 0.00000 -0.00000 1.00000
vn 0.00000 -0.00000 1.00000
vn 0.17678 -0.00000 0.98425
vn 0.00000 -0.00000 1.00000
vn 0.17678 -0.00000 0.98425
vn 0.17678 -0.00000 0.98425
vn 0.35355 -0.00000 0.93541
vn 0.17678 -0.00000 0.98425
vn 0.35355 -0.00000 0.93541
vn 0.35355 -0.00000 0.93541
vn 0.53033 -0.00000 0.84779
vn 0.35355 -0.00000 0.93541
vn 0.53033 -0.00000 0.84779
vn 0.53033 -0.00000 0.84779
vn 0.70711 -0.00000 0.70711
vn 0.53033 -0.00000 0.84779
vn 0.70711 -0.00000 0.70711
vn -0.70711 -0.00000 0.70711
vn -0.52478 0.15934 0.83619
vn -0.69970 0.14434 0.69970
vn -0.53033 -0.00000 0.84779
vn -0.53033 -0.00000 0.84779
vn -0.34985 0.16925 0.92139
vn -0.52478 0.15934 0.83619
vn -0.35355 -0.00000 0.93541
vn -0.35355 -0.00000 0.93541
vn -0.17493 0.17493 0.96892
vn -0.34985 0.16925 0.92139
vn -0.17678 -0.00000 0.98425
vn -0.17678 -0.00000 0.98425
vn 0.00000 0.17678 0.98425
vn -0.17493 0.17493 0.96892
vn 0.00000 -0.00000 1.00000
vn 0.00000 -0.00000 1.00000
vn 0.00000 0.17678 0.98425
vn 0.00000 0.17678 0.98425
vn 0.00000 -0.00000 1.00000
vn 0.00000 -0.00000 1.00000
vn 0.17493 0.17493 0.96892
vn 0.00000 0.17678 0.98425
vn 0.17678 -0.00000 0.98425
vn 0.17678 -0.00000 0.98425
vn 0.34985 0.16925 0.92139
vn 0.17493 0.17493 0.96892
vn 0.35355 -0.00000 0.93541
vn 0.35355 -0.00000 0.93541
vn 0.52478 0.15934 0.83619
vn 0.34985 0.16925 0.92139
vn 0.53033 -0.00000 0.84779
vn 0.53033 -0.00000 0.84779
vn 0.69970 0.14434 0.69970
vn 0.52478 0.15934 0.83619
vn 0.70711 -0.00000 0.70711
vn -0.69970 0.14434 0.69970
vn -0.50775 0.31869 0.80039
vn -0.67700 0.28868 0.67700
vn -0.52478 0.15934 0.83619
vn -0.52478 0.15934 0.83619
vn -0.33850 0.33850 0.87797
vn -0.50775 0.31869 0.80039
vn -0.34985 0.16925 0.92139
vn -0.34985 0.16925 0.92139
vn -0.16925 0.34985 0.92139
vn -0.33850 0.33850 0.87797
vn -0.17493 0.17493 0.96892
vn -0.17493 0.17493 0.96892
vn 0.00000 0.35355 0.93541
vn -0.16925 0.34985 0.92139
vn 0.00000 0.17678 0.98425
vn 0.00000 0.17678 0.98425
vn 0.00000 0.35355 0.93541
vn 0.00000 0.35355 0.93541
vn 0.00000 0.17678 0.98425
vn 0.00000 0.17678 0.98425
vn 0.16925 0.34985 0.92139
vn 0.00000 0.35355 0.93541
vn 0.17493 0.17493 0.96892
vn 0.17493 0.17493 0.96892
vn 0.33850 0.33850 0.87797
vn 0.16925 0.34985 0.92139
vn 0.34985 0.16925 0.92139
vn 0.34985 0.16925 0.92139
vn 0.50775 0.31869 0.80039
vn 0.33850 0.33850 0.87797
vn 0.52478 0.15934 0.83619
vn 0.52478 0.15934 0.83619
vn 0.67700 0.28868 0.67700
vn 0.50775 0.31869 0.80039
vn 0.69970 0.14434 0.69970
vn -0.67700 0.28868 0.67700
vn -0.47803 0.47803 0.73686
vn -0.63738 0.43301 0.63738
vn -0.50775 0.31869 0.80039
vn -0.50775 0.31869 0.80039
vn -0.31869 0.50775 0.80039
vn -0.47803 0.47803 0.73686
vn -0.33850 0.33850 0.87797
vn -0.33850 0.33850 0.87797
vn -0.15934 0.52478 0.83619
vn -0.31869 0.50775 0.80039
vn -0.16925 0.34985 0.92139
vn -0.16925 0.34985 0.92139
vn 0.00000 0.53033 0.84779
vn -0.15934 0.52478 0.83619
vn 0.00000 0.35355 0.93541
vn 0.00000 0.35355 0.93541
vn 0.00000 0.53033 0.84779
vn 0.00000 0.53033 0.84779
vn 0.00000 0.35355 0.93541
vn 0.00000 0.35355 0.93541
vn 0.15934 0.52478 0.83619
vn 0.00000 0.53033 0.84779
vn 0.16925 0.34985 0.92139
vn 0.16925 0.34985 0.92139
vn 0.31869 0.50775 0.80039
vn 0.15934 0.52478 0.83619
vn 0.33850 0.33850 0.87797
vn 0.33850 0.33850 0.87797
vn 0.47803 0.47803 0.73686
vn 0.31869 0.50775 0.80039
vn 0.50775 0.31869 0.80039
vn 0.50775 0.31869 0.80039
vn 0.63738 0.43301 0.63738
vn 0.47803 0.47803 0.73686
vn 0.67700 0.28868 0.67700
vn -0.63738 0.43301 0.63738
vn -0.43301 0.63738 0.63738
vn -0.57735 0.57735 0.57735
vn -0.47803 0.47803 0.73686
vn -0.47803 0.47803 0.73686
vn -0.28868 0.67700 0.67700
vn -0.43301 0.63738 0.63738
vn -0.31869 0.50775 0.80039
vn -0.31869 0.50775 0.80039
vn -0.14434 0.69970 0.69970
vn -0.28868 0.67700 0.67700
vn -0.15934 0.52478 0.83619
vn -0.15934 0.52478 0.83619
vn 0.00000 0.70711 0.70711
vn -0.14434 0.69970 0.69970
vn 0.00000 0.53033 0.84779
vn 0.00000 0.53033 0.84779
vn 0.00000 0.70711 0.70711
vn 0.00000 0.70711 0.70711
vn 0.00000 0.53033 0.84779
vn 0.00000 0.53033 0.84779
vn 0.14434 0.69970 0.69970
vn 0.00000 0.70711 0.70711
vn 0.15934 0.52478 0.83619
vn 0.15934 0.52478 0.83619
vn 0.28868 0.67700 0.67700
vn 0.14434 0.69970 0.69970
vn 0.31869 0.50775 0.80039
vn 0.31869 0.50775 0.80039
vn 0.43301 0.63738 0.63738
vn 0.28868 0.67700 0.67700
vn 0.47803 0.47803 0.73686
vn 0.47803 0.47803 0.73686
vn 0.57735 0.57735 0.57735
vn 0.43301 0.63738 0.63738
vn 0.63738 0.43301 0.63738
vn 0.57735 -0.57735 -0.57735
vn 0.47803 -0.47803 -0.73686
vn 0.63738 -0.43301 -0.63738
vn 0.43301 -0.63738 -0.63738
vn 0.43301 -0.63738 -0.63738
vn 0.31869 -0.50775 -0.80039
vn 0.47803 -0.47803 -0.73686
vn 0.28868 -0.67700 -0.67700
vn 0.28868 -0.67700 -0.67700
vn 0.15934 -0.52478 -0.83619
vn 0.31869 -0.50775 -0.80039
vn 0.14434 -0.69970 -0.69970
vn 0.14434 -0.69970 -0.69970
vn 0.00000 -0.53033 -0.84779
vn 0.15934 -0.52478 -0.83619
vn 0.00000 -0.70711 -0.70711
vn 0.00000 -0.70711 -0.70711
vn 0.00000 -0.53033 -0.84779
vn 0.00000 -0.53033 -0.84779
vn 0.00000 -0.70711 -0.70711
vn 0.00000 -0.70711 -0.70711
vn -0.15934 -0.52478 -0.83619
vn 0.00000 -0.53033 -0.84779
vn -0.14434 -0.69970 -0.69970
vn -0.14434 -0.69970 -0.69970
vn -0.31869 -0.50775 -0.80039
vn -0.15934 -0.52478 -0.83619
vn -0.28868 -0.67700 -0.67700
vn -0.28868 -0.67700 -0.67700
vn -0.47803 -0.47803 -0.73686
vn -0.31869 -0.50775 -0.80039
vn -0.43301 -0.63738 -0.63738
vn -0.43301 -0.63738 -0.63738
vn -0.63738 -0.43301 -0.63738
vn -0.47803 -0.47803 -0.73686
vn -0.57735 -0.57735 -0.57735
vn 0.63738 -0.43301 -0.63738
vn 0.50775 -0.31869 -0.80039
vn 0.67700 -0.28868 -0.67700
vn 0.47803 -0.47803 -0.73686
vn 0.47803 -0.47803 -0.73686
vn 0.33850 -0.33850 -0.87797
vn 0.50775 -0.31869 -0.80039
vn 0.31869 -0.50775 -0.80039
vn 0.31869 -0.50775 -0.80039
vn 0.16925 -0.34985 -0.92139
vn 0.33850 -0.33850 -0.87797
vn 0.15934 -0.52478 -0.83619
vn 0.15934 -0.52478 -0.83619
vn 0.00000 -0.35355 -0.93541
vn 0.16925 -0.34985 -0.92139
vn 0.00000 -0.53033 -0.84779
vn 0.00000 -0.53033 -0.84779
vn 0.00000 -0.35355 -0.93541
vn 0.00000 -0.35355 -0.93541
vn 0.00000 -0.53033 -0.84779
vn 0.00000 -0.53033 -0.84779
vn -0.16925 -0.34985 -0.92139
vn 0.00000 -0.35355 -0.93541
vn -0.15934 -0.52478 -0.83619
vn -0.15934 -0.52478 -0.83619
vn -0.33850 -0.33850 -0.87797
vn -0.16925 -0.34985 -0.92139
vn -0.31869 -0.50775 -0.80039
vn -0.31869 -0.50775 -0.80039
vn -0.50775 -0.31869 -0.80039
vn -0.33850 -0.33850 -0.87797
vn -0.47803 -0.47803 -0.73686
vn -0.47803 -0.47803 -0.73686
vn -0.67700 -0.28868 -0.67700
vn -0.50775 -0.31869 -0.80039
vn -0.63738 -0.43301 -0.63738
vn 0.67700 -0.28868 -0.67700
vn 0.52478 -0.15934 -0.83619
vn 0.69970 -0.14434 -0.69970
vn 0.50775 -0.31869 -0.80039
vn 0.50775 -0.31869 -0.80039
vn 0.34985 -0.16925 -0.92139
vn 0.52478 -0.15934 -0.83619
vn 0.33850 -0.33850 -0.87797
vn 0.33850 -0.33850 -0.87797
vn 0.17493 -0.17493 -0.96892
vn 0.34985 -0.16925 -0.92139
vn 0.16925 -0.34985 -0.92139
vn 0.16925 -0.34985 -0.92139
vn 0.00000 -0.17678 -0.98425
vn 0.17493 -0.17493 -0.96892
vn 0.00000 -0.35355 -0.93541
vn 0.00000 -0.35355 -0.93541
vn 0.00000 -0.17678 -0.98425
vn 0.00000 -0.17678 -0.98425
vn 0.00000 -0.35355 -0.93541
vn 0.00000 -0.35355 -0.93541
vn -0.17493 -0.17493 -0.96892
vn 0.00000 -0.17678 -0.98425
vn -0.16925 -0.34985 -0.92139
vn -0.16925 -0.34985 -0.92139
vn -0.34985 -0.16925 -0.92139
vn -0.17493 -0.17493 -0.96892
vn -0.33850 -0.33850 -0.87797
vn -0.33850 -0.33850 -0.87797
vn -0.52478 -0.15934 -0.83619
vn -0.34985 -0.16925 -0.92139
vn -0.50775 -0.31869 -0.80039
vn -0.50775 -0.31869 -0.80039
vn -0.69970 -0.14434 -0.69970
vn -0.52478 -0.15934 -0.83619
vn -0.67700 -0.28868 -0.67700
vn 0.69970 -0.14434 -0.69970
vn 0.53033 0.00000 -0.84779
vn 0.70711 0.00000 -0.70711
vn 0.52478 -0.15934 -0.83619
vn 0.52478 -0.15934 -0.83619
vn 0.35355 0.00000 -0.93541
vn 0.53033 0.00000 -0.84779
vn 0.34985 -0.16925 -0.92139
vn 0.34985 -0.16925 -0.92139
vn 0.17678 0.00000 -0.98425
vn 0.35355 0.00000 -0.93541
vn 0.17493 -0.17493 -0.96892
vn 0.17493 -0.17493 -0.96892
vn 0.00000 0.00000 -1.00000
vn 0.17678 0.00000 -0.98425
vn 0.00000 -0.17678 -0.98425
vn 0.00000 -0.17678 -0.98425
vn 0.00000 0.00000 -1.00000
vn 0.00000 0.00000 -1.00000
vn 0.00000 -0.17678 -0.98425
vn 0.00000 -0.17678 -0.98425
vn -0.17678 0.00000 -0.98425
vn 0.00000 0.00000 -1.00000
vn -0.17493 -0.17493 -0.96892
vn -0.17493 -0.17493 -0.96892
vn -0.35355 0.00000 -0.93541
vn -0.17678 0.00000 -0.98425
vn -0.34985 -0.16925 -0.92139
vn -0.34985 -0.16925 -0.92139
vn -0.53033 0.00000 -0.84779
vn -0.35355 0.00000 -0.93541
vn -0.52478 -0.15934 -0.83619
vn -0.52478 -0.15934 -0.83619
vn -0.70711 0.00000 -0.70711
vn -0.53033 0.00000 -0.84779
vn -0.69970 -0.14434 -0.69970
vn 0.70711 0.00000 -0.70711
vn 0.53033 0.00000 -0.84779
vn 0.70711 0.00000 -0.70711
vn 0.53033 0.00000 -0.84779
vn 0.53033 0.00000 -0.84779
vn 0.35355 0.00000 -0.93541
vn 0.53033 0.00000 -0.84779
vn 0.35355 0.00000 -0.93541
vn 0.35355 0.00000 -0.93541
vn 0.17678 0.00000 -0.98425
vn 0.35355 0.00000 -0.93541
vn 0.17678 0.00000 -0.98425
vn 0.17678 0.00000 -0.98425
vn 0.00000 0.00000 -1.00000
vn 0.17678 0.00000 -0.98425
vn 0.00000 0.00000 -1.00000
vn 0.00000 0.00000 -1.00000
vn 0.00000 0.00000 -1.00000
vn 0.00000 0.00000 -1.00000
vn 0.00000 0.00000 -1.00000
vn 0.00000 0.00000 -1.00000
vn -0.17678 0.00000 -0.98425
vn 0.00000 0.00000 -1.00000
vn -0.17678 0.00000 -0.98425
vn -0.17678 0.00000 -0.98425
vn -0.35355 0.00000 -0.93541
vn -0.17678 0.00000 -0.98425
vn -0.35355 0.00000 -0.93541
vn -0.35355 0.00000 -0.93541
vn -0.53033 0.00000 -0.84779
vn -0.35355 0.00000 -0.93541
vn -0.53033 0.00000 -0.84779
vn -0.53033 0.00000 -0.84779
vn -0.70711 0.00000 -0.70711
vn -0.53033 0.00000 -0.84779
vn -0.70711 0.00000 -0.70711
vn 0.70711 0.00000 -0.70711
vn 0.52478 0.15934 -0.83619
vn 0.69970 0.14434 -0.69970
vn 0.53033 0.00000 -0.84779
vn 0.53033 0.00000 -0.84779
vn 0.34985 0.16925 -0.92139
vn 0.52478 0.15934 -0.83619
vn 0.35355 0.00000 -0.93541
vn 0.35355 0.00000 -0.93541
vn 0.17493 0.17493 -0.96892
vn 0.34985 0.16925 -0.92139
vn 0.17678 0.00000 -0.98425
vn 0.17678 0.00000 -0.98425
vn 0.00000 0.17678 -0.98425
vn 0.17493 0.17493 -0.96892
vn 0.00000 0.00000 -1.00000
vn 0.00000 0.00000 -1.00000
vn 0.00000 0.17678 -0.98425
vn 0.00000 0.17678 -0.98425
vn 0.00000 0.00000 -1.00000
vn 0.00000 0.00000 -1.00000
vn -0.17493 0.17493 -0.96892
vn 0.00000 0.17678 -0.98425
vn -0.17678 0.00000 -0.98425
vn -0.17678 0.00000 -0.98425
vn -0.34985 0.16925 -0.92139
vn -0.17493 0.17493 -0.96892
vn -0.35355 0.00000 -0.93541
vn -0.35355 0.00000 -0.93541
vn -0.52478 0.15934 -0.83619
vn -0.34985 0.16925 -0.92139
vn -0.53033 0.00000 -0.84779
vn -0.53033 0.00000 -0.84779
vn -0.69970 0.14434 -0.69970
vn -0.52478 0.15934 -0.83619
vn -0.70711 0.00000 -0.70711
vn 0.69970 0.14434 -0.69970
vn 0.50775 0.31869 -0.80039
vn 0.67700 0.28868 -0.67700
vn 0.52478 0.15934 -0.83619
vn 0.52478 0.15934 -0.83619
vn 0.33850 0.33850 -0.87797
vn 0.50775 0.31869 -0.80039
vn 0.34985 0.16925 -0.92139
vn 0.34985 0.16925 -0.92139
vn 0.16925 0.34985 -0.92139
vn 0.33850 0.33850 -0.87797
vn 0.17493 0.17493 -0.96892
vn 0.17493 0.17493 -0.96892
vn 0.00000 0.35355 -0.93541
vn 0.16925 0.34985 -0.92139
vn 0.00000 0.17678 -0.98425
vn 0.00000 0.17678 -0.98425
vn 0.00000 0.35355 -0.93541
vn 0.00000 0.35355 -0.93541
vn 0.00000 0.17678 -0.98425
vn 0.00000 0.17678 -0.98425
vn -0.16925 0.34985 -0.92139
vn 0.00000 0.35355 -0.93541
vn -0.17493 0.17493 -0.96892
vn -0.17493 0.17493 -0.96892
vn -0.33850 0.33850 -0.87797
vn -0.16925 0.34985 -0.92139
vn -0.34985 0.16925 -0.92139
vn -0.34985 0.16925 -0.92139
vn -0.50775 0.31869 -0.80039
vn -0.33850 0.33850 -0.87797
vn -0.52478 0.15934 -0.83619
vn -0.52478 0.15934 -0.83619
vn -0.67700 0.28868 -0.67700
vn -0.50775 0.31869 -0.80039
vn -0.69970 0.14434 -0.69970
vn 0.67700 0.28868 -0.67700
vn 0.47803 0.47803 -0.73686
vn 0.63738 0.43301 -0.63738
vn 0.50775 0.31869 -0.80039
vn 0.50775 0.31869 -0.80039
vn 0.31869 0.50775 -0.80039
vn 0.47803 0.47803 -0.73686
vn 0.33850 0.33850 -0.87797
vn 0.33850 0.33850 -0.87797
vn 0.15934 0.52478 -0.83619
vn 0.31869 0.50775 -0.80039
vn 0.16925 0.34985 -0.92139
vn 0.16925 0.34985 -0.92139
vn 0.00000 0.53033 -0.84779
vn 0.15934 0.52478 -0.83619
vn 0.00000 0.35355 -0.93541
vn 0.00000 0.35355 -0.93541
vn 0.00000 0.53033 -0.84779
vn 0.00000 0.53033 -0.84779
vn 0.00000 0.35355 -0.93541
vn 0.00000 0.35355 -0.93541
vn -0.15934 0.52478 -0.83619
vn 0.00000 0.53033 -0.84779
vn -0.16925 0.34985 -0.92139
vn -0.16925 0.34985 -0.92139
vn -0.31869 0.50775 -0.80039
vn -0.15934 0.52478 -0.83619
vn -0.33850 0.33850 -0.87797
vn -0.33850 0.33850 -0.87797
vn -0.47803 0.47803 -0.73686
vn -0.31869 0.50775 -0.80039
vn -0.50775 0.31869 -0.80039
vn -0.50775 0.31869 -0.80039
vn -0.63738 0.43301 -0.63738
vn -0.47803 0.47803 -0.73686
vn -0.67700 0.28868 -0.67700
vn 0.63738 0.43301 -0.63738
vn 0.43301 0.63738 -0.63738
vn 0.57735 0.57735 -0.57735
vn 0.47803 0.47803 -0.73686
vn 0.47803 0.47803 -0.73686
vn 0.28868 0.67700 -0.67700
vn 0.43301 0.63738 -0.63738
vn 0.31869 0.50775 -0.80039
vn 0.31869 0.50775 -0.80039
vn 0.14434 0.69970 -0.69970
vn 0.28868 0.67700 -0.67700
vn 0.15934 0.52478 -0.83619
vn 0.15934 0.52478 -0.83619
vn 0.00000 0.70711 -0.70711
vn 0.14434 0.69970 -0.69970
vn 0.00000 0.53033 -0.84779
vn 0.00000 0.53033 -0.84779
vn 0.00000 0.70711 -0.70711
vn 0.00000 0.70711 -0.70711
vn 0.00000 0.53033 -0.84779
vn 0.00000 0.53033 -0.84779
vn -0.14434 0.69970 -0.69970
vn 0.00000 0.70711 -0.70711
vn -0.15934 0.52478 -0.83619
vn -0.15934 0.52478 -0.83619
vn -0.28868 0.67700 -0.67700
vn -0.14434 0.69970 -0.69970
vn -0.31869 0.50775 -0.80039
vn -0.31869 0.50775 -0.80039
vn -0.43301 0.63738 -0.63738
vn -0.28868 0.67700 -0.67700
vn -0.47803 0.47803 -0.73686
vn -0.47803 0.47803 -0.73686
vn -0.57735 0.57735 -0.57735
vn -0.43301 0.63738 -0.63738
vn -0.63738 0.43301 -0.63738
vn 0.57735 -0.57735 0.57735
vn 0.73686 -0.47803 0.47803
vn 0.63738 -0.43301 0.63738
vn 0.63738 -0.63738 0.43301
vn 0.63738 -0.63738 0.43301
vn 0.80039 -0.50775 0.31869
vn 0.73686 -0.47803 0.47803
vn 0.67700 -0.67700 0.28868
vn 0.67700 -0.67700 0.28868
vn 0.83619 -0.52478 0.15934
vn 0.80039 -0.50775 0.31869
vn 0.69970 -0.69970 0.14434
vn 0.69970 -0.69970 0.14434
vn 0.84779 -0.53033 -0.00000
vn 0.83619 -0.52478 0.15934
vn 0.70711 -0.70711 -0.00000
vn 0.70711 -0.70711 -0.00000
vn 0.84779 -0.53033 -0.00000
vn 0.84779 -0.53033 -0.00000
vn 0.70711 -0.70711 -0.00000
vn 0.70711 -0.70711 -0.00000
vn 0.83619 -0.52478 -0.15934
vn 0.84779 -0.53033 -0.00000
vn 0.69970 -0.69970 -0.14434
vn 0.69970 -0.69970 -0.14434
vn 0.80039 -0.50775 -0.31869
vn 0.83619 -0.52478 -0.15934
vn 0.67700 -0.67700 -0.28868
vn 0.67700 -0.67700 -0.28868
vn 0.73686 -0.47803 -0.47803
vn 0.80039 -0.50775 -0.31869
vn 0.63738 -0.63738 -0.43301
vn 0.63738 -0.63738 -0.43301
vn 0.63738 -0.43301 -0.63738
vn 0.73686 -0.47803 -0.47803
vn 0.57735 -0.57735 -0.57735
vn 0.63738 -0.43301 0.63738
vn 0.80039 -0.31869 0.50775
vn 0.67700 -0.28868 0.67700
vn 0.73686 -0.47803 0.47803
vn 0.73686 -0.47803 0.47803
vn 0.87797 -0.33850 0.33850
vn 0.80039 -0.31869 0.50775
vn 0.80039 -0.50775 0.31869
vn 0.80039 -0.50775 0.31869
vn 0.92139 -0.34985 0.16925
vn 0.87797 -0.33850 0.33850
vn 0.83619 -0.52478 0.15934
vn 0.83619 -0.52478 0.15934
vn 0.93541 -0.35355 -0.00000
vn 0.92139 -0.34985 0.16925
vn 0.84779 -0.53033 -0.00000
vn 0.84779 -0.53033 -0.00000
vn 0.93541 -0.35355 -0.00000
vn 0.93541 -0.35355 -0.00000
vn 0.84779 -0.53033 -0.00000
vn 0.84779 -0.53033 -0.00000
vn 0.92139 -0.34985 -0.16925
vn 0.93541 -0.35355 -0.00000
vn 0.83619 -0.52478 -0.15934
vn 0.83619 -0.52478 -0.15934
vn 0.87797 -0.33850 -0.33850
vn 0.92139 -0.34985 -0.16925
vn 0.80039 -0.50775 -0.31869
vn 0.80039 -0.50775 -0.31869
vn 0.80039 -0.31869 -0.50775
vn 0.87797 -0.33850 -0.33850
vn 0.73686 -0.47803 -0.47803
vn 0.73686 -0.47803 -0.47803
vn 0.67700 -0.28868 -0.67700
vn 0.80039 -0.31869 -0.50775
vn 0.63738 -0.43301 -0.63738
vn 0.67700 -0.28868 0.67700
vn 0.83619 -0.15934 0.52478
vn 0.69970 -0.14434 0.69970
vn 0.80039 -0.31869 0.50775
vn 0.80039 -0.31869 0.50775
vn 0.92139 -0.16925 0.34985
vn 0.83619 -0.15934 0.52478
vn 0.87797 -0.33850 0.33850
vn 0.87797 -0.33850 0.33850
vn 0.96892 -0.17493 0.17493
vn 0.92139 -0.16925 0.34985
vn 0.92139 -0.34985 0.16925
vn 0.92139 -0.34985 0.16925
vn 0.98425 -0.17678 -0.00000
vn 0.96892 -0.17493 0.17493
vn 0.93541 -0.35355 -0.00000
vn 0.93541 -0.35355 -0.00000
vn 0.98425 -0.17678 -0.00000
vn 0.98425 -0.17678 -0.00000
vn 0.93541 -0.35355 -0.00000
vn 0.93541 -0.35355 -0.00000
vn 0.96892 -0.17493 -0.17493
vn 0.98425 -0.17678 -0.00000
vn 0.92139 -0.34985 -0.16925
vn 0.92139 -0.34985 -0.16925
vn 0.92139 -0.16925 -0.34985
vn 0.96892 -0.17493 -0.17493
vn 0.87797 -0.33850 -0.33850
vn 0.87797 -0.33850 -0.33850
vn 0.83619 -0.15934 -0.52478
vn 0.92139 -0.16925 -0.34985
vn 0.80039 -0.31869 -0.50775
vn 0.80039 -0.31869 -0.50775
vn 0.69970 -0.14434 -0.69970
vn 0.83619 -0.15934 -0.52478
vn 0.67700 -0.28868 -0.67700
vn 0.69970 -0.14434 0.69970
vn 0.84779 -0.00000 0.53033
vn 0.70711 -0.00000 0.70711
vn 0.83619 -0.15934 0.52478
vn 0.83619 -0.15934 0.52478
vn 0.93541 -0.00000 0.35355
vn 0.84779 -0.00000 0.53033
vn 0.92139 -0.16925 0.34985
vn 0.92139 -0.16925 0.34985
vn 0.98425 -0.00000 0.17678
vn 0.93541 -0.00000 0.35355
vn 0.96892 -0.17493 0.17493
vn 0.96892 -0.17493 0.17493
vn 1.00000 0.00000 0.00000
vn 0.98425 -0.00000 0.17678
vn 0.98425 -0.17678 -0.00000
vn 0.98425 -0.17678 -0.00000
vn 1.00000 0.00000 0.00000
vn 1.00000 0.00000 0.00000
vn 0.98425 -0.17678 -0.00000
vn 0.98425 -0.17678 -0.00000
vn 0.98425 0.00000 -0.17678
vn 1.00000 0.00000 0.00000
vn 0.96892 -0.17493 -0.17493
vn 0.96892 -0.17493 -0.17493
vn 0.93541 0.00000 -0.35355
vn 0.98425 0.00000 -0.17678
vn 0.92139 -0.16925 -0.34985
vn 0.92139 -0.16925 -0.34985
vn 0.84779 0.00000 -0.53033
vn 0.93541 0.00000 -0.35355
vn 0.83619 -0.15934 -0.52478
vn 0.83619 -0.15934 -0.52478
vn 0.70711 0.00000 -0.70711
vn 0.84779 0.00000 -0.53033
vn 0.69970 -0.14434 -0.69970
vn 0.70711 -0.00000 0.70711
vn 0.84779 -0.00000 0.53033
vn 0.70711 -0.00000 0.70711
vn 0.84779 -0.00000 0.53033
vn 0.84779 -0.00000 0.53033
vn 0.93541 -0.00000 0.35355
vn 0.84779 -0.00000 0.53033
vn 0.93541 -0.00000 0.35355
vn 0.93541 -0.00000 0.35355
vn 0.98425 -0.00000 0.17678
vn 0.93541 -0.00000 0.35355
vn 0.98425 -0.00000 0.17678
vn 0.98425 -0.00000 0.17678
vn 1.00000 0.00000 0.00000
vn 0.98425 -0.00000 0.17678
vn 1.00000 0.00000 0.00000
vn 1.00000 0.00000 0.00000
vn 1.00000 0.00000 0.00000
vn 1.00000 0.00000 0.00000
vn 1.00000 0.00000 0.00000
vn 1.00000 0.00000 0.00000
vn 0.98425 0.00000 -0.17678
vn 1.00000 0.00000 0.00000
vn 0.98425 0.00000 -0.17678
vn 0.98425 0.00000 -0.17678
vn 0.93541 0.00000 -0.35355
vn 0.98425 0.00000 -0.17678
vn 0.93541 0.00000 -0.35355
vn 0.93541 0.00000 -0.35355
vn 0.84779 0.00000 -0.53033
vn 0.93541 0.00000 -0.35355
vn 0.84779 0.00000 -0.53033
vn 0.84779 0.00000 -0.53033
vn 0.70711 0.00000 -0.70711
vn 0.84779 0.00000 -0.53033
vn 0.70711 0.00000 -0.70711
vn 0.70711 -0.00000 0.70711
vn 0.83619 0.15934 0.52478
vn 0.69970 0.14434 0.69970
vn 0.84779 -0.00000 0.53033
vn 0.84779 -0.00000 0.53033
vn 0.92139 0.16925 0.34985
vn 0.83619 0.15934 0.52478
vn 0.93541 -0.00000 0.35355
vn 0.93541 -0.00000 0.35355
vn 0.96892 0.17493 0.17493
vn 0.92139 0.16925 0.34985
vn 0.98425 -0.00000 0.17678
vn 0.98425 -0.00000 0.17678
vn 0.98425 0.17678 0.00000
vn 0.96892 0.17493 0.17493
vn 1.00000 0.00000 0.00000
vn 1.00000 0.00000 0.00000
vn 0.98425 0.17678 0.00000
vn 0.98425 0.17678 0.00000
vn 1.00000 0.00000 0.00000
vn 1.00000 0.00000 0.00000
vn 0.96892 0.17493 -0.17493
vn 0.98425 0.17678 0.00000
vn 0.98425 0.00000 -0.17678
vn 0.98425 0.00000 -0.17678
vn 0.92139 0.16925 -0.34985
vn 0.96892 0.17493 -0.17493
vn 0.93541 0.00000 -0.35355
vn 0.93541 0.00000 -0.35355
vn 0.83619 0.15934 -0.52478
vn 0.92139 0.16925 -0.34985
vn 0.84779 0.00000 -0.53033
vn 0.84779 0.00000 -0.53033
vn 0.69970 0.14434 -0.69970
vn 0.83619 0.15934 -0.52478
vn 0.70711 0.00000 -0.70711
vn 0.69970 0.14434 0.69970
vn 0.80039 0.31869 0.50775
vn 0.67700 0.28868 0.67700
vn 0.83619 0.15934 0.52478
vn 0.83619 0.15934 0.52478
vn 0.87797 0.33850 0.33850
vn 0.80039 0.31869 0.50775
vn 0.92139 0.16925 0.34985
vn 0.92139 0.16925 0.34985
vn 0.92139 0.34985 0.16925
vn 0.87797 0.33850 0.33850
vn 0.96892 0.17493 0.17493
vn 0.96892 0.17493 0.17493
vn 0.93541 0.35355 0.00000
vn 0.92139 0.34985 0.16925
vn 0.98425 0.17678 0.00000
vn 0.98425 0.17678 0.00000
vn 0.93541 0.35355 0.00000
vn 0.93541 0.35355 0.00000
vn 0.98425 0.17678 0.00000
vn 0.98425 0.17678 0.00000
vn 0.92139 0.34985 -0.16925
vn 0.93541 0.35355 0.00000
vn 0.96892 0.17493 -0.17493
vn 0.96892 0.17493 -0.17493
vn 0.87797 0.33850 -0.33850
vn 0.92139 0.34985 -0.16925
vn 0.92139 0.16925 -0.34985
vn 0.92139 0.16925 -0.34985
vn 0.80039 0.31869 -0.50775
vn 0.87797 0.33850 -0.33850
vn 0.83619 0.15934 -0.52478
vn 0.83619 0.15934 -0.52478
vn 0.67700 0.28868 -0.67700
vn 0.80039 0.31869 -0.50775
vn 0.69970 0.14434 -0.69970
vn 0.67700 0.28868 0.67700
vn 0.73686 0.47803 0.47803
vn 0.63738 0.43301 0.63738
vn 0.80039 0.31869 0.50775
vn 0.80039 0.31869 0.50775
vn 0.80039 0.50775 0.31869
vn 0.73686 0.47803 0.47803
vn 0.87797 0.33850 0.33850
vn 0.87797 0.33850 0.33850
vn 0.83619 0.52478 0.15934
vn 0.80039 0.50775 0.31869
vn 0.92139 0.34985 0.16925
vn 0.92139 0.34985 0.16925
vn 0.84779 0.53033 0.00000
vn 0.83619 0.52478 0.15934
vn 0.93541 0.35355 0.00000
vn 0.93541 0.35355 0.00000
vn 0.84779 0.53033 0.00000
vn 0.84779 0.53033 0.00000
vn 0.93541 0.35355 0.00000
vn 0.93541 0.35355 0.00000
vn 0.83619 0.52478 -0.15934
vn 0.84779 0.53033 0.00000
vn 0.92139 0.34985 -0.16925
vn 0.92139 0.34985 -0.16925
vn 0.80039 0.50775 -0.31869
vn 0.83619 0.52478 -0.15934
vn 0.87797 0.33850 -0.33850
vn 0.87797 0.33850 -0.33850
vn 0.73686 0.47803 -0.47803
vn 0.80039 0.50775 -0.31869
vn 0.80039 0.31869 -0.50775
vn 0.80039 0.31869 -0.50775
vn 0.63738 0.43301 -0.63738
vn 0.73686 0.47803 -0.47803
vn 0.67700 0.28868 -0.67700
vn 0.63738 0.43301 0.63738
vn 0.63738 0.63738 0.43301
vn 0.57735 0.57735 0.57735
vn 0.73686 0.47803 0.47803
vn 0.73686 0.47803 0.47803
vn 0.67700 0.67700 0.28868
vn 0.63738 0.63738 0.43301
vn 0.80039 0.50775 0.31869
vn 0.80039 0.50775 0.31869
vn 0.69970 0.69970 0.14434
vn 0.67700 0.67700 0.28868
vn 0.83619 0.52478 0.15934
vn 0.83619 0.52478 0.15934
vn 0.70711 0.70711 0.00000
vn 0.69970 0.69970 0.14434
vn 0.84779 0.53033 0.00000
vn 0.84779 0.53033 0.00000
vn 0.70711 0.70711 0.00000
vn 0.70711 0.70711 0.00000
vn 0.84779 0.53033 0.00000
vn 0.84779 0.53033 0.00000
vn 0.69970 0.69970 -0.14434
vn 0.70711 0.70711 0.00000
vn 0.83619 0.52478 -0.15934
vn 0.83619 0.52478 -0.15934
vn 0.67700 0.67700 -0.28868
vn 0.69970 0.69970 -0.14434
vn 0.80039 0.50775 -0.31869
vn 0.80039 0.50775 -0.31869
vn 0.63738 0.63738 -0.43301
vn 0.67700 0.67700 -0.28868
vn 0.73686 0.47803 -0.47803
vn 0.73686 0.47803 -0.47803
vn 0.57735 0.57735 -0.57735
vn 0.63738 0.63738 -0.43301
vn 0.63738 0.43301 -0.63738
vn -0.57735 0.57735 0.57735
vn -0.47803 0.73686 0.47803
vn -0.63738 0.63738 0.43301
vn -0.43301 0.63738 0.63738
vn -0.43301 0.63738 0.63738
vn -0.31869 0.80039 0.50775
vn -0.47803 0.73686 0.47803
vn -0.28868 0.67700 0.67700
vn -0.28868 0.67700 0.67700
vn -0.15934 0.83619 0.52478
vn -0.31869 0.80039 0.50775
vn -0.14434 0.69970 0.69970
vn -0.14434 0.69970 0.69970
vn 0.00000 0.84779 0.53033
vn -0.15934 0.83619 0.52478
vn 0.00000 0.70711 0.70711
vn 0.00000 0.70711 0.70711
vn 0.00000 0.84779 0.53033
vn 0.00000 0.84779 0.53033
vn 0.00000 0.70711 0.70711
vn 0.00000 0.70711 0.70711
vn 0.15934 0.83619 0.52478
vn 0.00000 0.84779 0.53033
vn 0.14434 0.69970 0.69970
vn 0.14434 0.69970 0.69970
vn 0.31869 0.80039 0.50775
vn 0.15934 0.83619 0.52478
vn 0.28868 0.67700 0.67700
vn 0.28868 0.67700 0.67700
vn 0.47803 0.73686 0.47803
vn 0.31869 0.80039 0.50775
vn 0.43301 0.63738 0.63738
vn 0.43301 0.63738 0.63738
vn 0.63738 0.63738 0.43301
vn 0.47803 0.73686 0.47803
vn 0.57735 0.57735 0.57735
vn -0.63738 0.63738 0.43301
vn -0.50775 0.80039 0.31869
vn -0.67700 0.67700 0.28868
vn -0.47803 0.73686 0.47803
vn -0.47803 0.73686 0.47803
vn -0.33850 0.87797 0.33850
vn -0.50775 0.80039 0.31869
vn -0.31869 0.80039 0.50775
vn -0.31869 0.80039 0.50775
vn -0.16925 0.92139 0.34985
vn -0.33850 0.87797 0.33850
vn -0.15934 0.83619 0.52478
vn -0.15934 0.83619 0.52478
vn 0.00000 0.93541 0.35355
vn -0.16925 0.92139 0.34985
vn 0.00000 0.84779 0.53033
vn 0.00000 0.84779 0.53033
vn 0.00000 0.93541 0.35355
vn 0.00000 0.93541 0.35355
vn 0.00000 0.84779 0.53033
vn 0.00000 0.84779 0.53033
vn 0.16925 0.92139 0.34985
vn 0.00000 0.93541 0.35355
vn 0.15934 0.83619 0.52478
vn 0.15934 0.83619 0.52478
vn 0.33850 0.87797 0.33850
vn 0.16925 0.92139 0.34985
vn 0.31869 0.80039 0.50775
vn 0.31869 0.80039 0.50775
vn 0.50775 0.80039 0.31869
vn 0.33850 0.87797 0.33850
vn 0.47803 0.73686 0.47803
vn 0.47803 0.73686 0.47803
vn 0.67700 0.67700 0.28868
vn 0.50775 0.80039 0.31869
vn 0.63738 0.63738 0.43301
vn -0.67700 0.67700 0.28868
vn -0.52478 0.83619 0.15934
vn -0.69970 0.69970 0.14434
vn -0.50775 0.80039 0.31869
vn -0.50775 0.80039 0.31869
vn -0.34985 0.92139 0.16925
vn -0.52478 0.83619 0.15934
vn -0.33850 0.87797 0.33850
vn -0.33850 0.87797 0.33850
vn -0.17493 0.96892 0.17493
vn -0.34985 0.92139 0.16925
vn -0.16925 0.92139 0.34985
vn -0.16925 0.92139 0.34985
vn 0.00000 0.98425 0.17678
vn -0.17493 0.96892 0.17493
vn 0.00000 0.93541 0.35355
vn 0.00000 0.93541 0.35355
vn 0.00000 0.98425 0.17678
vn 0.00000 0.98425 0.17678
vn 0.00000 0.93541 0.35355
vn 0.00000 0.93541 0.35355
vn 0.17493 0.96892 0.17493
vn 0.00000 0.98425 0.17678
vn 0.16925 0.92139 0.34985
vn 0.16925 0.92139 0.34985
vn 0.34985 0.92139 0.16925
vn 0.17493 0.96892 0.17493
vn 0.33850 0.87797 0.33850
vn 0.33850 0.87797 0.33850
vn 0.52478 0.83619 0.15934
vn 0.34985 0.92139 0.16925
vn 0.50775 0.80039 0.31869
vn 0.50775 0.80039 0.31869
vn 0.69970 0.69970 0.14434
vn 0.52478 0.83619 0.15934
vn 0.67700 0.67700 0.28868
vn -0.69970 0.69970 0.14434
vn -0.53033 0.84779 0.00000
vn -0.70711 0.70711 0.00000
vn -0.52478 0.83619 0.15934
vn -0.52478 0.83619 0.15934
vn -0.35355 0.93541 0.00000
vn -0.53033 0.84779 0.00000
vn -0.34985 0.92139 0.16925
vn -0.34985 0.92139 0.16925
vn -0.17678 0.98425 0.00000
vn -0.35355 0.93541 0.00000
vn -0.17493 0.96892 0.17493
vn -0.17493 0.96892 0.17493
vn 0.00000 1.00000 0.00000
vn -0.17678 0.98425 0.00000
vn 0.00000 0.98425 0.17678
vn 0.00000 0.98425 0.17678
vn 0.00000 1.00000 0.00000
vn 0.00000 1.00000 0.00000
vn 0.00000 0.98425 0.17678
vn 0.00000 0.98425 0.17678
vn 0.17678 0.98425 0.00000
vn 0.00000 1.00000 0.00000
vn 0.17493 0.96892 0.17493
vn 0.17493 0.96892 0.17493
vn 0.35355 0.93541 0.00000
vn 0.17678 0.98425 0.00000
vn 0.34985 0.92139 0.16925
vn 0.34985 0.92139 0.16925
vn 0.53033 0.84779 0.00000
vn 0.35355 0.93541 0.00000
vn 0.52478 0.83619 0.15934
vn 0.52478 0.83619 0.15934
vn 0.70711 0.70711 0.00000
vn 0.53033 0.84779 0.00000
vn 0.69970 0.69970 0.14434
vn -0.70711 0.70711 0.00000
vn -0.53033 0.84779 0.00000
vn -0.70711 0.70711 0.00000
vn -0.53033 0.84779 0.00000
vn -0.53033 0.84779 0.00000
vn -0.35355 0.93541 0.00000
vn -0.53033 0.84779 0.00000
vn -0.35355 0.93541 0.00000
vn -0.35355 0.93541 0.00000
vn -0.17678 0.98425 0.00000
vn -0.35355 0.93541 0.00000
vn -0.17678 0.98425 0.00000
vn -0.17678 0.98425 0.00000
vn 0.00000 1.00000 0.00000
vn -0.17678 0.98425 0.00000
vn 0.00000 1.00000 0.00000
vn 0.00000 1.00000 0.00000
vn 0.00000 1.00000 0.00000
vn 0.00000 1.00000 0.00000
vn 0.00000 1.00000 0.00000
vn 0.00000 1.00000 0.00000
vn 0.17678 0.98425 0.00000
vn 0.00000 1.00000 0.00000
vn 0.17678 0.98425 0.00000
vn 0.17678 0.98425 0.00000
vn 0.35355 0.93541 0.00000
vn 0.17678 0.98425 0.00000
vn 0.35355 0.93541 0.00000
vn 0.35355 0.93541 0.00000
vn 0.53033 0.84779 0.00000
vn 0.35355 0.93541 0.00000
vn 0.53033 0.84779 0.00000
vn 0.53033 0.84779 0.00000
vn 0.70711 0.70711 0.00000
vn 0.53033 0.84779 0.00000
vn 0.70711 0.70711 0.00000
vn -0.70711 0.70711 0.00000
vn -0.52478 0.83619 -0.15934
vn -0.69970 0.69970 -0.14434
vn -0.53033 0.84779 0.00000
vn -0.53033 0.84779 0.00000
vn -0.34985 0.92139 -0.16925
vn -0.52478 0.83619 -0.15934
vn -0.35355 0.93541 0.00000
vn -0.35355 0.93541 0.00000
vn -0.17493 0.96892 -0.17493
vn -0.34985 0.92139 -0.16925
vn -0.17678 0.98425 0.00000
vn -0.17678 0.98425 0.00000
vn 0.00000 0.98425 -0.17678
vn -0.17493 0.96892 -0.17493
vn 0.00000 1.00000 0.00000
vn 0.00000 1.00000 0.00000
vn 0.00000 0.98425 -0.17678
vn 0.00000 0.98425 -0.17678
vn 0.00000 1.00000 0.00000
vn 0.00000 1.00000 0.00000
vn 0.17493 0.96892 -0.17493
vn 0.00000 0.98425 -0.17678
vn 0.17678 0.98425 0.00000
vn 0.17678 0.98425 0.00000
vn 0.34985 0.92139 -0.16925
vn 0.17493 0.96892 -0.17493
vn 0.35355 0.93541 0.00000
vn 0.35355 0.93541 0.00000
vn 0.52478 0.83619 -0.15934
vn 0.34985 0.92139 -0.16925
vn 0.53033 0.84779 0.00000
vn 0.53033 0.84779 0.00000
vn 0.69970 0.69970 -0.14434
vn 0.52478 0.83619 -0.15934
vn 0.70711 0.70711 0.00000
vn -0.69970 0.69970 -0.14434
vn -0.50775 0.80039 -0.31869
vn -0.67700 0.67700 -0.28868
vn -0.52478 0.83619 -0.15934
vn -0.52478 0.83619 -0.15934
vn -0.33850 0.87797 -0.33850
vn -0.50775 0.80039 -0.31869
vn -0.34985 0.92139 -0.16925
vn -0.34985 0.92139 -0.16925
vn -0.16925 0.92139 -0.34985
vn -0.33850 0.87797 -0.33850
vn -0.17493 0.96892 -0.17493
vn -0.17493 0.96892 -0.17493
vn 0.00000 0.93541 -0.35355
vn -0.16925 0.92139 -0.34985
vn 0.00000 0.98425 -0.17678
vn 0.00000 0.98425 -0.17678
vn 0.00000 0.93541 -0.35355
vn 0.00000 0.93541 -0.35355
vn 0.00000 0.98425 -0.17678
vn 0.00000 0.98425 -0.17678
vn 0.16925 0.92139 -0.34985
vn 0.00000 0.93541 -0.35355
vn 0.17493 0.96892 -0.17493
vn 0.17493 0.96892 -0.17493
vn 0.33850 0.87797 -0.33850
vn 0.16925 0.92139 -0.34985
vn 0.34985 0.92139 -0.16925
vn 0.34985 0.92139 -0.16925
vn 0.50775 0.80039 -0.31869
vn 0.33850 0.87797 -0.33850
vn 0.52478 0.83619 -0.15934
vn 0.52478 0.83619 -0.15934
vn 0.67700 0.67700 -0.28868
vn 0.50775 0.80039 -0.31869
vn 0.69970 0.69970 -0.14434
vn -0.67700 0.67700 -0.28868
vn -0.47803 0.73686 -0.47803
vn -0.63738 0.63738 -0.43301
vn -0.50775 0.80039 -0.31869
vn -0.50775 0.80039 -0.31869
vn -0.31869 0.80039 -0.50775
vn -0.47803 0.73686 -0.47803
vn -0.33850 0.87797 -0.33850
vn -0.33850 0.87797 -0.33850
vn -0.15934 0.83619 -0.52478
vn -0.31869 0.80039 -0.50775
vn -0.16925 0.92139 -0.34985
vn -0.16925 0.92139 -0.34985
vn 0.00000 0.84779 -0.53033
vn -0.15934 0.83619 -0.52478
vn 0.00000 0.93541 -0.35355
vn 0.00000 0.93541 -0.35355
vn 0.00000 0.84779 -0.53033
vn 0.00000 0.84779 -0.53033
vn 0.00000 0.93541 -0.35355
vn 0.00000 0.93541 -0.35355
vn 0.15934 0.83619 -0.52478
vn 0.00000 0.84779 -0.53033
vn 0.16925 0.92139 -0.34985
vn 0.16925 0.92139 -0.34985
vn 0.31869 0.80039 -0.50775
vn 0.15934 0.83619 -0.52478
vn 0.33850 0.87797 -0.33850
vn 0.33850 0.87797 -0.33850
vn 0.47803 0.73686 -0.47803
vn 0.31869 0.80039 -0.50775
vn 0.50775 0.80039 -0.31869
vn 0.50775 0.80039 -0.31869
vn 0.63738 0.63738 -0.43301
vn 0.47803 0.73686 -0.47803
vn 0.67700 0.67700 -0.28868
vn -0.63738 0.63738 -0.43301
vn -0.43301 0.63738 -0.63738
vn -0.57735 0.57735 -0.57735
vn -0.47803 0.73686 -0.47803
vn -0.47803 0.73686 -0.47803
vn -0.28868 0.67700 -0.67700
vn -0.43301 0.63738 -0.63738
vn -0.31869 0.80039 -0.50775
vn -0.31869 0.80039 -0.50775
vn -0.14434 0.69970 -0.69970
vn -0.28868 0.67700 -0.67700
vn -0.15934 0.83619 -0.52478
vn -0.15934 0.83619 -0.52478
vn 0.00000 0.70711 -0.70711
vn -0.14434 0.69970 -0.69970
vn 0.00000 0.84779 -0.53033
vn 0.00000 0.84779 -0.53033
vn 0.00000 0.70711 -0.70711
vn 0.00000 0.70711 -0.70711
vn 0.00000 0.84779 -0.53033
vn 0.00000 0.84779 -0.53033
vn 0.14434 0.69970 -0.69970
vn 0.00000 0.70711 -0.70711
vn 0.15934 0.83619 -0.52478
vn 0.15934 0.83619 -0.52478
vn 0.28868 0.67700 -0.67700
vn 0.14434 0.69970 -0.69970
vn 0.31869 0.80039 -0.50775
vn 0.31869 0.80039 -0.50775
vn 0.43301 0.63738 -0.63738
vn 0.28868 0.67700 -0.67700
vn 0.47803 0.73686 -0.47803
vn 0.47803 0.73686 -0.47803
vn 0.57735 0.57735 -0.57735
vn 0.43301 0.63738 -0.63738
vn 0.63738 0.63738 -0.43301
f 978/978/3890 979/979/3891 977/977/3889 980/980/3892 
f 981/981/3894 978/978/3895 980/980/3893 982/982/3896 
f 983/983/3898 981/981/3899 982/982/3897 984/984/3900 
f 985/985/3902 983/983/3903 984/984/3901 986/986/3904 
f 987/987/3906 985/985/3907 986/986/3905 988/988/3908 
f 989/989/3910 987/987/3911 988/988/3909 990/990/3912 
f 991/991/3914 989/989/3915 990/990/3913 992/992/3916 
f 993/993/3918 991/991/3919 992/992/3917 994/994/3920 
f 995/995/3922 993/993/3923 994/994/3921 996/996/3924 
f 997/997/3926 998/998/3927 979/979/3925 978/978/3928 
f 999/999/3930 997/997/3931 978/978/3929 981/981/3932 
f 1000/1000/3934 999/999/3935 981/981/3933 983/983/3936 
f 1001/1001/3938 1000/1000/3939 983/983/3937 985/985/3940 
f 1002/1002/3942 1001/1001/3943 985/985/3941 987/987/3944 
f 1003/1003/3946 1002/1002/3947 987/987/3945 989/989/3948 
f 1004/1004/3950 1003/1003/3951 989/989/3949 991/991/3952 
f 1005/1005/3954 1004/1004/3955 991/991/3953 993/993/3956 
f 1006/1006/3958 1005/1005/3959 993/993/3957 995/995/3960 
f 1007/1007/3962 1008/1008/3963 998/998/3961 997/997/3964 
f 1009/1009/3966 1007/1007/3967 997/997/3965 999/999/3968 
f 1010/1010/3970 1009/1009/3971 999/999/3969 1000/1000/3972 
f 1011/1011/3974 1010/1010/3975 1000/1000/3973 1001/1001/3976 
f 1012/1012/3978 1011/1011/3979 1001/1001/3977 1002/1002/3980 
f 1013/1013/3982 1012/1012/3983 1002/1002/3981 1003/1003/3984 
f 1014/1014/3986 1013/1013/3987 1003/1003/3985 1004/1004/3988 
f 1015/1015/3990 1014/1014/3991 1004/1004/3989 1005/1005/3992 
f 1016/1016/3994 1015/1015/3995 1005/1005/3993 1006/1006/3996 
f 1017/1017/3998 1018/1018/3999 1008/1008/3997 1007/1007/4000 
f 1019/1019/4002 1017/1017/4003 1007/1007/4001 1009/1009/4004 
f 1020/1020/4006 1019/1019/4007 1009/1009/4005 1010/1010/4008 
f 1021/1021/4010 1020/1020/4011 1010/1010/4009 1011/1011/4012 
f 1022/1022/4014 1021/1021/4015 1011/1011/4013 1012/1012/4016 
f 1023/1023/4018 1022/1022/4019 1012/1012/4017 1013/1013/4020 
f 1024/1024/4022 1023/1023/4023 1013/1013/4021 1014/1014/4024 
f 1025/1025/4026 1024/1024/4027 1014/1014/4025 1015/1015/4028 
f 1026/1026/4030 1025/1025/4031 1015/1015/4029 1016/1016/4032 
f 1027/1027/4034 1028/1028/4035 1018/1018/4033 1017/1017/4036 
f 1029/1029/4038 1027/1027/4039 1017/1017/4037 1019/1019/4040 
f 1030/1030/4042 1029/1029/4043 1019/1019/4041 1020/1020/4044 
f 1031/1031/4046 1030/1030/4047 1020/1020/4045 1021/1021/4048 
f 1032/1032/4050 1031/1031/4051 1021/1021/4049 1022/1022/4052 
f 1033/1033/4054 1032/1032/4055 1022/1022/4053 1023/1023/4056 
f 1034/1034/4058 1033/1033/4059 1023/1023/4057 1024/1024/4060 
f 1035/1035/4062 1034/1034/4063 1024/1024/4061 1025/1025/4064 
f 1036/1036/4066 1035/1035/4067 1025/1025/4065 1026/1026/4068 
f 1037/1037/4070 1038/1038/4071 1028/1028/4069 1027/1027/4072 
f 1039/1039/4074 1037/1037/4075 1027/1027/4073 1029/1029/4076 
f 1040/1040/4078 1039/1039/4079 1029/1029/4077 1030/1030/4080 
f 1041/1041/4082 1040/1040/4083 1030/1030/4081 1031/1031/4084 
f 1042/1042/4086 1041/1041/4087 1031/1031/4085 1032/1032/4088 
f 1043/1043/4090 1042/1042/4091 1032/1032/4089 1033/1033/4092 
f 1044/1044/4094 1043/1043/4095 1033/1033/4093 1034/1034/4096 
f 1045/1045/4098 1044/1044/4099 1034/1034/4097 1035/1035/4100 
f 1046/1046/4102 1045/1045/4103 1035/1035/4101 1036/1036/4104 
f 1047/1047/4106 1048/1048/4107 1038/1038/4105 1037/1037/4108 
f 1049/1049/4110 1047/1047/4111 1037/1037/4109 1039/1039/4112 
f 1050/1050/4114 1049/1049/4115 1039/1039/4113 1040/1040/4116 
f 1051/1051/4118 1050/1050/4119 1040/1040/4117 1041/1041/4120 
f 1052/1052/4122 1051/1051/4123 1041/1041/4121 1042/1042/4124 
f 1053/1053/4126 1052/1052/4127 1042/1042/4125 1043/1043/4128 
f 1054/1054/4130 1053/1053/4131 1043/1043/4129 1044/1044/4132 
f 1055/1055/4134 1054/1054/4135 1044/1044/4133 1045/1045/4136 
f 1056/1056/4138 1055/1055/4139 1045/1045/4137 1046/1046/4140 
f 1057/1057/4142 1058/1058/4143 1048/1048/4141 1047/1047/4144 
f 1059/1059/4146 1057/1057/4147 1047/1047/4145 1049/1049/4148 
f 1060/1060/4150 1059/1059/4151 1049/1049/4149 1050/1050/4152 
f 1061/1061/4154 1060/1060/4155 1050/1050/4153 1051/1051/4156 
f 1062/1062/4158 1061/1061/4159 1051/1051/4157 1052/1052/4160 
f 1063/1063/4162 1062/1062/4163 1052/1052/4161 1053/1053/4164 
f 1064/1064/4166 1063/1063/4167 1053/1053/4165 1054/1054/4168 
f 1065/1065/4170 1064/1064/4171 1054/1054/4169 1055/1055/4172 
f 1066/1066/4174 1065/1065/4175 1055/1055/4173 1056/1056/4176 
f 1067/1067/4178 1068/1068/4179 1058/1058/4177 1057/1057/4180 
f 1069/1069/4182 1067/1067/4183 1057/1057/4181 1059/1059/4184 
f 1070/1070/4186 1069/1069/4187 1059/1059/4185 1060/1060/4188 
f 1071/1071/4190 1070/1070/4191 1060/1060/4189 1061/1061/4192 
f 1072/1072/4194 1071/1071/4195 1061/1061/4193 1062/1062/4196 
f 1073/1073/4198 1072/1072/4199 1062/1062/4197 1063/1063/4200 
f 1074/1074/4202 1073/1073/4203 1063/1063/4201 1064/1064/4204 
f 1075/1075/4206 1074/1074/4207 1064/1064/4205 1065/1065/4208 
f 1076/1076/4210 1075/1075/4211 1065/1065/4209 1066/1066/4212 
f 1077/1078/4214 1078/1079/4215 1076/1077/4213 1066/1080/4216 
f 1079/1081/4218 1077/1078/4219 1066/1080/4217 1056/1082/4220 
f 1080/1083/4222 1079/1081/4223 1056/1082/4221 1046/1084/4224 
f 1081/1085/4226 1080/1083/4227 1046/1084/4225 1036/1086/4228 
f 1082/1087/4230 1081/1085/4231 1036/1086/4229 1026/1088/4232 
f 1083/1089/4234 1082/1087/4235 1026/1088/4233 1016/1090/4236 
f 1084/1091/4238 1083/1089/4239 1016/1090/4237 1006/1092/4240 
f 1085/1093/4242 1084/1091/4243 1006/1092/4241 995/1094/4244 
f 1086/1095/4246 1085/1093/4247 995/1094/4245 996/1096/4248 
f 1087/1097/4250 1088/1098/4251 1078/1079/4249 1077/1078/4252 
f 1089/1099/4254 1087/1097/4255 1077/1078/4253 1079/1081/4256 
f 1090/1100/4258 1089/1099/4259 1079/1081/4257 1080/1083/4260 
f 1091/1101/4262 1090/1100/4263 1080/1083/4261 1081/1085/4264 
f 1092/1102/4266 1091/1101/4267 1081/1085/4265 1082/1087/4268 
f 1093/1103/4270 1092/1102/4271 1082/1087/4269 1083/1089/4272 
f 1094/1104/4274 1093/1103/4275 1083/1089/4273 1084/1091/4276 
f 1095/1105/4278 1094/1104/4279 1084/1091/4277 1085/1093/4280 
f 1096/1106/4282 1095/1105/4283 1085/1093/4281 1086/1095/4284 
f 1097/1107/4286 1098/1108/4287 1088/1098/4285 1087/1097/4288 
f 1099/1109/4290 1097/1107/4291 1087/1097/4289 1089/1099/4292 
f 1100/1110/4294 1099/1109/4295 1089/1099/4293 1090/1100/4296 
f 1101/1111/4298 1100/1110/4299 1090/1100/4297 1091/1101/4300 
f 1102/1112/4302 1101/1111/4303 1091/1101/4301 1092/1102/4304 
f 1103/1113/4306 1102/1112/4307 1092/1102/4305 1093/1103/4308 
f 1104/1114/4310 1103/1113/4311 1093/1103/4309 1094/1104/4312 
f 1105/1115/4314 1104/1114/4315 1094/1104/4313 1095/1105/4316 
f 1106/1116/4318 1105/1115/4319 1095/1105/4317 1096/1106/4320 
f 1107/1117/4322 1108/1118/4323 1098/1108/4321 1097/1107/4324 
f 1109/1119/4326 1107/1117/4327 1097/1107/4325 1099/1109/4328 
f 1110/1120/4330 1109/1119/4331 1099/1109/4329 1100/1110/4332 
f 1111/1121/4334 1110/1120/4335 1100/1110/4333 1101/1111/4336 
f 1112/1122/4338 1111/1121/4339 1101/1111/4337 1102/1112/4340 
f 1113/1123/4342 1112/1122/4343 1102/1112/4341 1103/1113/4344 
f 1114/1124/4346 1113/1123/4347 1103/1113/4345 1104/1114/4348 
f 1115/1125/4350 1114/1124/4351 1104/1114/4349 1105/1115/4352 
f 1116/1126/4354 1115/1125/4355 1105/1115/4353 1106/1116/4356 
f 1117/1127/4358 1118/1128/4359 1108/1118/4357 1107/1117/4360 
f 1119/1129/4362 1117/1127/4363 1107/1117/4361 1109/1119/4364 
f 1120/1130/4366 1119/1129/4367 1109/1119/4365 1110/1120/4368 
f 1121/1131/4370 1120/1130/4371 1110/1120/4369 1111/1121/4372 
f 1122/1132/4374 1121/1131/4375 1111/1121/4373 1112/1122/4376 
f 1123/1133/4378 1122/1132/4379 1112/1122/4377 1113/1123/4380 
f 1124/1134/4382 1123/1133/4383 1113/1123/4381 1114/1124/4384 
f 1125/1135/4386 1124/1134/4387 1114/1124/4385 1115/1125/4388 
f 1126/1136/4390 1125/1135/4391 1115/1125/4389 1116/1126/4392 
f 1127/1137/4394 1128/1138/4395 1118/1128/4393 1117/1127/4396 
f 1129/1139/4398 1127/1137/4399 1117/1127/4397 1119/1129/4400 
f 1130/1140/4402 1129/1139/4403 1119/1129/4401 1120/1130/4404 
f 1131/1141/4406 1130/1140/4407 1120/1130/4405 1121/1131/4408 
f 1132/1142/4410 1131/1141/4411 1121/1131/4409 1122/1132/4412 
f 1133/1143/4414 1132/1142/4415 1122/1132/4413 1123/1133/4416 
f 1134/1144/4418 1133/1143/4419 1123/1133/4417 1124/1134/4420 
f 1135/1145/4422 1134/1144/4423 1124/1134/4421 1125/1135/4424 
f 1136/1146/4426 1135/1145/4427 1125/1135/4425 1126/1136/4428 
f 1137/1147/4430 1138/1148/4431 1128/1138/4429 1127/1137/4432 
f 1139/1149/4434 1137/1147/4435 1127/1137/4433 1129/1139/4436 
f 1140/1150/4438 1139/1149/4439 1129/1139/4437 1130/1140/4440 
f 1141/1151/4442 1140/1150/4443 1130/1140/4441 1131/1141/4444 
f 1142/1152/4446 1141/1151/4447 1131/1141/4445 1132/1142/4448 
f 1143/1153/4450 1142/1152/4451 1132/1142/4449 1133/1143/4452 
f 1144/1154/4454 1143/1153/4455 1133/1143/4453 1134/1144/4456 
f 1145/1155/4458 1144/1154/4459 1134/1144/4457 1135/1145/4460 
f 1146/1156/4462 1145/1155/4463 1135/1145/4461 1136/1146/4464 
f 1147/1157/4466 1148/1158/4467 1138/1148/4465 1137/1147/4468 
f 1149/1159/4470 1147/1157/4471 1137/1147/4469 1139/1149/4472 
f 1150/1160/4474 1149/1159/4475 1139/1149/4473 1140/1150/4476 
f 1151/1161/4478 1150/1160/4479 1140/1150/4477 1141/1151/4480 
f 1152/1162/4482 1151/1161/4483 1141/1151/4481 1142/1152/4484 
f 1153/1163/4486 1152/1162/4487 1142/1152/4485 1143/1153/4488 
f 1154/1164/4490 1153/1163/4491 1143/1153/4489 1144/1154/4492 
f 1155/1165/4494 1154/1164/4495 1144/1154/4493 1145/1155/4496 
f 1156/1166/4498 1155/1165/4499 1145/1155/4497 1146/1156/4500 
f 1157/1167/4502 1158/1168/4503 1148/1158/4501 1147/1157/4504 
f 1159/1169/4506 1157/1167/4507 1147/1157/4505 1149/1159/4508 
f 1160/1170/4510 1159/1169/4511 1149/1159/4509 1150/1160/4512 
f 1161/1171/4514 1160/1170/4515 1150/1160/4513 1151/1161/4516 
f 1162/1172/4518 1161/1171/4519 1151/1161/4517 1152/1162/4520 
f 1163/1173/4522 1162/1172/4523 1152/1162/4521 1153/1163/4524 
f 1164/1174/4526 1163/1173/4527 1153/1163/4525 1154/1164/4528 
f 1165/1175/4530 1164/1174/4531 1154/1164/4529 1155/1165/4532 
f 1166/1176/4534 1165/1175/4535 1155/1165/4533 1156/1166/4536 
f 1167/1178/4538 1086/1179/4539 996/1177/4537 994/1180/4540 
f 1168/1181/4542 1167/1178/4543 994/1180/4541 992/1182/4544 
f 1169/1183/4546 1168/1181/4547 992/1182/4545 990/1184/4548 
f 1170/1185/4550 1169/1183/4551 990/1184/4549 988/1186/4552 
f 1171/1187/4554 1170/1185/4555 988/1186/4553 986/1188/4556 
f 1172/1189/4558 1171/1187/4559 986/1188/4557 984/1190/4560 
f 1173/1191/4562 1172/1189/4563 984/1190/4561 982/1192/4564 
f 1174/1193/4566 1173/1191/4567 982/1192/4565 980/1194/4568 
f 1175/1195/4570 1174/1193/4571 980/1194/4569 977/1196/4572 
f 1176/1197/4574 1096/1198/4575 1086/1179/4573 1167/1178/4576 
f 1177/1199/4578 1176/1197/4579 1167/1178/4577 1168/1181/4580 
f 1178/1200/4582 1177/1199/4583 1168/1181/4581 1169/1183/4584 
f 1179/1201/4586 1178/1200/4587 1169/1183/4585 1170/1185/4588 
f 1180/1202/4590 1179/1201/4591 1170/1185/4589 1171/1187/4592 
f 1181/1203/4594 1180/1202/4595 1171/1187/4593 1172/1189/4596 
f 1182/1204/4598 1181/1203/4599 1172/1189/4597 1173/1191/4600 
f 1183/1205/4602 1182/1204/4603 1173/1191/4601 1174/1193/4604 
f 1184/1206/4606 1183/1205/4607 1174/1193/4605 1175/1195/4608 
f 1185/1207/4610 1106/1208/4611 1096/1198/4609 1176/1197/4612 
f 1186/1209/4614 1185/1207/4615 1176/1197/4613 1177/1199/4616 
f 1187/1210/4618 1186/1209/4619 1177/1199/4617 1178/1200/4620 
f 1188/1211/4622 1187/1210/4623 1178/1200/4621 1179/1201/4624 
f 1189/1212/4626 1188/1211/4627 1179/1201/4625 1180/1202/4628 
f 1190/1213/4630 1189/1212/4631 1180/1202/4629 1181/1203/4632 
f 1191/1214/4634 1190/1213/4635 1181/1203/4633 1182/1204/4636 
f 1192/1215/4638 1191/1214/4639 1182/1204/4637 1183/1205/4640 
f 1193/1216/4642 1192/1215/4643 1183/1205/4641 1184/1206/4644 
f 1194/1217/4646 1116/1218/4647 1106/1208/4645 1185/1207/4648 
f 1195/1219/4650 1194/1217/4651 1185/1207/4649 1186/1209/4652 
f 1196/1220/4654 1195/1219/4655 1186/1209/4653 1187/1210/4656 
f 1197/1221/4658 1196/1220/4659 1187/1210/4657 1188/1211/4660 
f 1198/1222/4662 1197/1221/4663 1188/1211/4661 1189/1212/4664 
f 1199/1223/4666 1198/1222/4667 1189/1212/4665 1190/1213/4668 
f 1200/1224/4670 1199/1223/4671 1190/1213/4669 1191/1214/4672 
f 1201/1225/4674 1200/1224/4675 1191/1214/4673 1192/1215/4676 
f 1202/1226/4678 1201/1225/4679 1192/1215/4677 1193/1216/4680 
f 1203/1227/4682 1126/1228/4683 1116/1218/4681 1194/1217/4684 
f 1204/1229/4686 1203/1227/4687 1194/1217/4685 1195/1219/4688 
f 1205/1230/4690 1204/1229/4691 1195/1219/4689 1196/1220/4692 
f 1206/1231/4694 1205/1230/4695 1196/1220/4693 1197/1221/4696 
f 1207/1232/4698 1206/1231/4699 1197/1221/4697 1198/1222/4700 
f 1208/1233/4702 1207/1232/4703 1198/1222/4701 1199/1223/4704 
f 1209/1234/4706 1208/1233/4707 1199/1223/4705 1200/1224/4708 
f 1210/1235/4710 1209/1234/4711 1200/1224/4709 1201/1225/4712 
f 1211/1236/4714 1210/1235/4715 1201/1225/4713 1202/1226/4716 
f 1212/1237/4718 1136/1238/4719 1126/1228/4717 1203/1227/4720 
f 1213/1239/4722 1212/1237/4723 1203/1227/4721 1204/1229/4724 
f 1214/1240/4726 1213/1239/4727 1204/1229/4725 1205/1230/4728 
f 1215/1241/4730 1214/1240/4731 1205/1230/4729 1206/1231/4732 
f 1216/1242/4734 1215/1241/4735 1206/1231/4733 1207/1232/4736 
f 1217/1243/4738 1216/1242/4739 1207/1232/4737 1208/1233/4740 
f 1218/1244/4742 1217/1243/4743 1208/1233/4741 1209/1234/4744 
f 1219/1245/4746 1218/1244/4747 1209/1234/4745 1210/1235/4748 
f 1220/1246/4750 1219/1245/4751 1210/1235/4749 1211/1236/4752 
f 1221/1247/4754 1146/1248/4755 1136/1238/4753 1212/1237/4756 
f 1222/1249/4758 1221/1247/4759 1212/1237/4757 1213/1239/4760 
f 1223/1250/4762 1222/1249/4763 1213/1239/4761 1214/1240/4764 
f 1224/1251/4766 1223/1250/4767 1214/1240/4765 1215/1241/4768 
f 1225/1252/4770 1224/1251/4771 1215/1241/4769 1216/1242/4772 
f 1226/1253/4774 1225/1252/4775 1216/1242/4773 1217/1243/4776 
f 1227/1254/4778 1226/1253/4779 1217/1243/4777 1218/1244/4780 
f 1228/1255/4782 1227/1254/4783 1218/1244/4781 1219/1245/4784 
f 1229/1256/4786 1228/1255/4787 1219/1245/4785 1220/1246/4788 
f 1230/1257/4790 1156/1258/4791 1146/1248/4789 1221/1247/4792 
f 1231/1259/4794 1230/1257/4795 1221/1247/4793 1222/1249/4796 
f 1232/1260/4798 1231/1259/4799 1222/1249/4797 1223/1250/4800 
f 1233/1261/4802 1232/1260/4803 1223/1250/4801 1224/1251/4804 
f 1234/1262/4806 1233/1261/4807 1224/1251/4805 1225/1252/4808 
f 1235/1263/4810 1234/1262/4811 1225/1252/4809 1226/1253/4812 
f 1236/1264/4814 1235/1263/4815 1226/1253/4813 1227/1254/4816 
f 1237/1265/4818 1236/1264/4819 1227/1254/4817 1228/1255/4820 
f 1238/1266/4822 1237/1265/4823 1228/1255/4821 1229/1256/4824 
f 1239/1267/4826 1166/1268/4827 1156/1258/4825 1230/1257/4828 
f 1240/1269/4830 1239/1267/4831 1230/1257/4829 1231/1259/4832 
f 1241/1270/4834 1240/1269/4835 1231/1259/4833 1232/1260/4836 
f 1242/1271/4838 1241/1270/4839 1232/1260/4837 1233/1261/4840 
f 1243/1272/4842 1242/1271/4843 1233/1261/4841 1234/1262/4844 
f 1244/1273/4846 1243/1272/4847 1234/1262/4845 1235/1263/4848 
f 1245/1274/4850 1244/1273/4851 1235/1263/4849 1236/1264/4852 
f 1246/1275/4854 1245/1274/4855 1236/1264/4853 1237/1265/4856 
f 1247/1276/4858 1246/1275/4859 1237/1265/4857 1238/1266/4860 
f 1248/1278/4862 1249/1279/4863 1068/1277/4861 1067/1280/4864 
f 1250/1281/4866 1248/1278/4867 1067/1280/4865 1069/1282/4868 
f 1251/1283/4870 1250/1281/4871 1069/1282/4869 1070/1284/4872 
f 1252/1285/4874 1251/1283/4875 1070/1284/4873 1071/1286/4876 
f 1253/1287/4878 1252/1285/4879 1071/1286/4877 1072/1288/4880 
f 1254/1289/4882 1253/1287/4883 1072/1288/4881 1073/1290/4884 
f 1255/1291/4886 1254/1289/4887 1073/1290/4885 1074/1292/4888 
f 1256/1293/4890 1255/1291/4891 1074/1292/4889 1075/1294/4892 
f 1078/1295/4894 1256/1293/4895 1075/1294/4893 1076/1296/4896 
f 1257/1297/4898 1258/1298/4899 1249/1279/4897 1248/1278/4900 
f 1259/1299/4902 1257/1297/4903 1248/1278/4901 1250/1281/4904 
f 1260/1300/4906 1259/1299/4907 1250/1281/4905 1251/1283/4908 
f 1261/1301/4910 1260/1300/4911 1251/1283/4909 1252/1285/4912 
f 1262/1302/4914 1261/1301/4915 1252/1285/4913 1253/1287/4916 
f 1263/1303/4918 1262/1302/4919 1253/1287/4917 1254/1289/4920 
f 1264/1304/4922 1263/1303/4923 1254/1289/4921 1255/1291/4924 
f 1265/1305/4926 1264/1304/4927 1255/1291/4925 1256/1293/4928 
f 1088/1306/4930 1265/1305/4931 1256/1293/4929 1078/1295/4932 
f 1266/1307/4934 1267/1308/4935 1258/1298/4933 1257/1297/4936 
f 1268/1309/4938 1266/1307/4939 1257/1297/4937 1259/1299/4940 
f 1269/1310/4942 1268/1309/4943 1259/1299/4941 1260/1300/4944 
f 1270/1311/4946 1269/1310/4947 1260/1300/4945 1261/1301/4948 
f 1271/1312/4950 1270/1311/4951 1261/1301/4949 1262/1302/4952 
f 1272/1313/4954 1271/1312/4955 1262/1302/4953 1263/1303/4956 
f 1273/1314/4958 1272/1313/4959 1263/1303/4957 1264/1304/4960 
f 1274/1315/4962 1273/1314/4963 1264/1304/4961 1265/1305/4964 
f 1098/1316/4966 1274/1315/4967 1265/1305/4965 1088/1306/4968 
f 1275/1317/4970 1276/1318/4971 1267/1308/4969 1266/1307/4972 
f 1277/1319/4974 1275/1317/4975 1266/1307/4973 1268/1309/4976 
f 1278/1320/4978 1277/1319/4979 1268/1309/4977 1269/1310/4980 
f 1279/1321/4982 1278/1320/4983 1269/1310/4981 1270/1311/4984 
f 1280/1322/4986 1279/1321/4987 1270/1311/4985 1271/1312/4988 
f 1281/1323/4990 1280/1322/4991 1271/1312/4989 1272/1313/4992 
f 1282/1324/4994 1281/1323/4995 1272/1313/4993 1273/1314/4996 
f 1283/1325/4998 1282/1324/4999 1273/1314/4997 1274/1315/5000 
f 1108/1326/5002 1283/1325/5003 1274/1315/5001 1098/1316/5004 
f 1284/1327/5006 1285/1328/5007 1276/1318/5005 1275/1317/5008 
f 1286/1329/5010 1284/1327/5011 1275/1317/5009 1277/1319/5012 
f 1287/1330/5014 1286/1329/5015 1277/1319/5013 1278/1320/5016 
f 1288/1331/5018 1287/1330/5019 1278/1320/5017 1279/1321/5020 
f 1289/1332/5022 1288/1331/5023 1279/1321/5021 1280/1322/5024 
f 1290/1333/5026 1289/1332/5027 1280/1322/5025 1281/1323/5028 
f 1291/1334/5030 1290/1333/5031 1281/1323/5029 1282/1324/5032 
f 1292/1335/5034 1291/1334/5035 1282/1324/5033 1283/1325/5036 
f 1118/1336/5038 1292/1335/5039 1283/1325/5037 1108/1326/5040 
f 1293/1337/5042 1294/1338/5043 1285/1328/5041 1284/1327/5044 
f 1295/1339/5046 1293/1337/5047 1284/1327/5045 1286/1329/5048 
f 1296/1340/5050 1295/1339/5051 1286/1329/5049 1287/1330/5052 
f 1297/1341/5054 1296/1340/5055 1287/1330/5053 1288/1331/5056 
f 1298/1342/5058 1297/1341/5059 1288/1331/5057 1289/1332/5060 
f 1299/1343/5062 1298/1342/5063 1289/1332/5061 1290/1333/5064 
f 1300/1344/5066 1299/1343/5067 1290/1333/5065 1291/1334/5068 
f 1301/1345/5070 1300/1344/5071 1291/1334/5069 1292/1335/5072 
f 1128/1346/5074 1301/1345/5075 1292/1335/5073 1118/1336/5076 
f 1302/1347/5078 1303/1348/5079 1294/1338/5077 1293/1337/5080 
f 1304/1349/5082 1302/1347/5083 1293/1337/5081 1295/1339/5084 
f 1305/1350/5086 1304/1349/5087 1295/1339/5085 1296/1340/5088 
f 1306/1351/5090 1305/1350/5091 1296/1340/5089 1297/1341/5092 
f 1307/1352/5094 1306/1351/5095 1297/1341/5093 1298/1342/5096 
f 1308/1353/5098 1307/1352/5099 1298/1342/5097 1299/1343/5100 
f 1309/1354/5102 1308/1353/5103 1299/1343/5101 1300/1344/5104 
f 1310/1355/5106 1309/1354/5107 1300/1344/5105 1301/1345/5108 
f 1138/1356/5110 1310/1355/5111 1301/1345/5109 1128/1346/5112 
f 1311/1357/5114 1312/1358/5115 1303/1348/5113 1302/1347/5116 
f 1313/1359/5118 1311/1357/5119 1302/1347/5117 1304/1349/5120 
f 1314/1360/5122 1313/1359/5123 1304/1349/5121 1305/1350/5124 
f 1315/1361/5126 1314/1360/5127 1305/1350/5125 1306/1351/5128 
f 1316/1362/5130 1315/1361/5131 1306/1351/5129 1307/1352/5132 
f 1317/1363/5134 1316/1362/5135 1307/1352/5133 1308/1353/5136 
f 1318/1364/5138 1317/1363/5139 1308/1353/5137 1309/1354/5140 
f 1319/1365/5142 1318/1364/5143 1309/1354/5141 1310/1355/5144 
f 1148/1366/5146 1319/1365/5147 1310/1355/5145 1138/1356/5148 
f 1320/1367/5150 1321/1368/5151 1312/1358/5149 1311/1357/5152 
f 1322/1369/5154 1320/1367/5155 1311/1357/5153 1313/1359/5156 
f 1323/1370/5158 1322/1369/5159 1313/1359/5157 1314/1360/5160 
f 1324/1371/5162 1323/1370/5163 1314/1360/5161 1315/1361/5164 
f 1325/1372/5166 1324/1371/5167 1315/1361/5165 1316/1362/5168 
f 1326/1373/5170 1325/1372/5171 1316/1362/5169 1317/1363/5172 
f 1327/1374/5174 1326/1373/5175 1317/1363/5173 1318/1364/5176 
f 1328/1375/5178 1327/1374/5179 1318/1364/5177 1319/1365/5180 
f 1158/1376/5182 1328/1375/5183 1319/1365/5181 1148/1366/5184 
f 1329/1378/5186 1175/1379/5187 977/1377/5185 979/1380/5188 
f 1330/1381/5190 1329/1378/5191 979/1380/5189 998/1382/5192 
f 1331/1383/5194 1330/1381/5195 998/1382/5193 1008/1384/5196 
f 1332/1385/5198 1331/1383/5199 1008/1384/5197 1018/1386/5200 
f 1333/1387/5202 1332/1385/5203 1018/1386/5201 1028/1388/5204 
f 1334/1389/5206 1333/1387/5207 1028/1388/5205 1038/1390/5208 
f 1335/1391/5210 1334/1389/5211 1038/1390/5209 1048/1392/5212 
f 1336/1393/5214 1335/1391/5215 1048/1392/5213 1058/1394/5216 
f 1249/1395/5218 1336/1393/5219 1058/1394/5217 1068/1396/5220 
f 1337/1397/5222 1184/1398/5223 1175/1379/5221 1329/1378/5224 
f 1338/1399/5226 1337/1397/5227 1329/1378/5225 1330/1381/5228 
f 1339/1400/5230 1338/1399/5231 1330/1381/5229 1331/1383/5232 
f 1340/1401/5234 1339/1400/5235 1331/1383/5233 1332/1385/5236 
f 1341/1402/5238 1340/1401/5239 1332/1385/5237 1333/1387/5240 
f 1342/1403/5242 1341/1402/5243 1333/1387/5241 1334/1389/5244 
f 1343/1404/5246 1342/1403/5247 1334/1389/5245 1335/1391/5248 
f 1344/1405/5250 1343/1404/5251 1335/1391/5249 1336/1393/5252 
f 1258/1406/5254 1344/1405/5255 1336/1393/5253 1249/1395/5256 
f 1345/1407/5258 1193/1408/5259 1184/1398/5257 1337/1397/5260 
f 1346/1409/5262 1345/1407/5263 1337/1397/5261 1338/1399/5264 
f 1347/1410/5266 1346/1409/5267 1338/1399/5265 1339/1400/5268 
f 1348/1411/5270 1347/1410/5271 1339/1400/5269 1340/1401/5272 
f 1349/1412/5274 1348/1411/5275 1340/1401/5273 1341/1402/5276 
f 1350/1413/5278 1349/1412/5279 1341/1402/5277 1342/1403/5280 
f 1351/1414/5282 1350/1413/5283 1342/1403/5281 1343/1404/5284 
f 1352/1415/5286 1351/1414/5287 1343/1404/5285 1344/1405/5288 
f 1267/1416/5290 1352/1415/5291 1344/1405/5289 1258/1406/5292 
f 1353/1417/5294 1202/1418/5295 1193/1408/5293 1345/1407/5296 
f 1354/1419/5298 1353/1417/5299 1345/1407/5297 1346/1409/5300 
f 1355/1420/5302 1354/1419/5303 1346/1409/5301 1347/1410/5304 
f 1356/1421/5306 1355/1420/5307 1347/1410/5305 1348/1411/5308 
f 1357/1422/5310 1356/1421/5311 1348/1411/5309 1349/1412/5312 
f 1358/1423/5314 1357/1422/5315 1349/1412/5313 1350/1413/5316 
f 1359/1424/5318 1358/1423/5319 1350/1413/5317 1351/1414/5320 
f 1360/1425/5322 1359/1424/5323 1351/1414/5321 1352/1415/5324 
f 1276/1426/5326 1360/1425/5327 1352/1415/5325 1267/1416/5328 
f 1361/1427/5330 1211/1428/5331 1202/1418/5329 1353/1417/5332 
f 1362/1429/5334 1361/1427/5335 1353/1417/5333 1354/1419/5336 
f 1363/1430/5338 1362/1429/5339 1354/1419/5337 1355/1420/5340 
f 1364/1431/5342 1363/1430/5343 1355/1420/5341 1356/1421/5344 
f 1365/1432/5346 1364/1431/5347 1356/1421/5345 1357/1422/5348 
f 1366/1433/5350 1365/1432/5351 1357/1422/5349 1358/1423/5352 
f 1367/1434/5354 1366/1433/5355 1358/1423/5353 1359/1424/5356 
f 1368/1435/5358 1367/1434/5359 1359/1424/5357 1360/1425/5360 
f 1285/1436/5362 1368/1435/5363 1360/1425/5361 1276/1426/5364 
f 1369/1437/5366 1220/1438/5367 1211/1428/5365 1361/1427/5368 
f 1370/1439/5370 1369/1437/5371 1361/1427/5369 1362/1429/5372 
f 1371/1440/5374 1370/1439/5375 1362/1429/5373 1363/1430/5376 
f 1372/1441/5378 1371/1440/5379 1363/1430/5377 1364/1431/5380 
f 1373/1442/5382 1372/1441/5383 1364/1431/5381 1365/1432/5384 
f 1374/1443/5386 1373/1442/5387 1365/1432/5385 1366/1433/5388 
f 1375/1444/5390 1374/1443/5391 1366/1433/5389 1367/1434/5392 
f 1376/1445/5394 1375/1444/5395 1367/1434/5393 1368/1435/5396 
f 1294/1446/5398 1376/1445/5399 1368/1435/5397 1285/1436/5400 
f 1377/1447/5402 1229/1448/5403 1220/1438/5401 1369/1437/5404 
f 1378/1449/5406 1377/1447/5407 1369/1437/5405 1370/1439/5408 
f 1379/1450/5410 1378/1449/5411 1370/1439/5409 1371/1440/5412 
f 1380/1451/5414 1379/1450/5415 1371/1440/5413 1372/1441/5416 
f 1381/1452/5418 1380/1451/5419 1372/1441/5417 1373/1442/5420 
f 1382/1453/5422 1381/1452/5423 1373/1442/5421 1374/1443/5424 
f 1383/1454/5426 1382/1453/5427 1374/1443/5425 1375/1444/5428 
f 1384/1455/5430 1383/1454/5431 1375/1444/5429 1376/1445/5432 
f 1303/1456/5434 1384/1455/5435 1376/1445/5433 1294/1446/5436 
f 1385/1457/5438 1238/1458/5439 1229/1448/5437 1377/1447/5440 
f 1386/1459/5442 1385/1457/5443 1377/1447/5441 1378/1449/5444 
f 1387/1460/5446 1386/1459/5447 1378/1449/5445 1379/1450/5448 
f 1388/1461/5450 1387/1460/5451 1379/1450/5449 1380/1451/5452 
f 1389/1462/5454 1388/1461/5455 1380/1451/5453 1381/1452/5456 
f 1390/1463/5458 1389/1462/5459 1381/1452/5457 1382/1453/5460 
f 1391/1464/5462 1390/1463/5463 1382/1453/5461 1383/1454/5464 
f 1392/1465/5466 1391/1464/5467 1383/1454/5465 1384/1455/5468 
f 1312/1466/5470 1392/1465/5471 1384/1455/5469 1303/1456/5472 
f 1393/1467/5474 1247/1468/5475 1238/1458/5473 1385/1457/5476 
f 1394/1469/5478 1393/1467/5479 1385/1457/5477 1386/1459/5480 
f 1395/1470/5482 1394/1469/5483 1386/1459/5481 1387/1460/5484 
f 1396/1471/5486 1395/1470/5487 1387/1460/5485 1388/1461/5488 
f 1397/1472/5490 1396/1471/5491 1388/1461/5489 1389/1462/5492 
f 1398/1473/5494 1397/1472/5495 1389/1462/5493 1390/1463/5496 
f 1399/1474/5498 1398/1473/5499 1390/1463/5497 1391/1464/5500 
f 1400/1475/5502 1399/1474/5503 1391/1464/5501 1392/1465/5504 
f 1321/1476/5506 1400/1475/5507 1392/1465/5505 1312/1466/5508 
f 1401/1478/5510 1165/1479/5511 1166/1477/5509 1239/1480/5512 
f 1402/1481/5514 1401/1478/5515 1239/1480/5513 1240/1482/5516 
f 1403/1483/5518 1402/1481/5519 1240/1482/5517 1241/1484/5520 
f 1404/1485/5522 1403/1483/5523 1241/1484/5521 1242/1486/5524 
f 1405/1487/5526 1404/1485/5527 1242/1486/5525 1243/1488/5528 
f 1406/1489/5530 1405/1487/5531 1243/1488/5529 1244/1490/5532 
f 1407/1491/5534 1406/1489/5535 1244/1490/5533 1245/1492/5536 
f 1408/1493/5538 1407/1491/5539 1245/1492/5537 1246/1494/5540 
f 1393/1495/5542 1408/1493/5543 1246/1494/5541 1247/1496/5544 
f 1409/1497/5546 1164/1498/5547 1165/1479/5545 1401/1478/5548 
f 1410/1499/5550 1409/1497/5551 1401/1478/5549 1402/1481/5552 
f 1411/1500/5554 1410/1499/5555 1402/1481/5553 1403/1483/5556 
f 1412/1501/5558 1411/1500/5559 1403/1483/5557 1404/1485/5560 
f 1413/1502/5562 1412/1501/5563 1404/1485/5561 1405/1487/5564 
f 1414/1503/5566 1413/1502/5567 1405/1487/5565 1406/1489/5568 
f 1415/1504/5570 1414/1503/5571 1406/1489/5569 1407/1491/5572 
f 1416/1505/5574 1415/1504/5575 1407/1491/5573 1408/1493/5576 
f 1394/1506/5578 1416/1505/5579 1408/1493/5577 1393/1495/5580 
f 1417/1507/5582 1163/1508/5583 1164/1498/5581 1409/1497/5584 
f 1418/1509/5586 1417/1507/5587 1409/1497/5585 1410/1499/5588 
f 1419/1510/5590 1418/1509/5591 1410/1499/5589 1411/1500/5592 
f 1420/1511/5594 1419/1510/5595 1411/1500/5593 1412/1501/5596 
f 1421/1512/5598 1420/1511/5599 1412/1501/5597 1413/1502/5600 
f 1422/1513/5602 1421/1512/5603 1413/1502/5601 1414/1503/5604 
f 1423/1514/5606 1422/1513/5607 1414/1503/5605 1415/1504/5608 
f 1424/1515/5610 1423/1514/5611 1415/1504/5609 1416/1505/5612 
f 1395/1516/5614 1424/1515/5615 1416/1505/5613 1394/1506/5616 
f 1425/1517/5618 1162/1518/5619 1163/1508/5617 1417/1507/5620 
f 1426/1519/5622 1425/1517/5623 1417/1507/5621 1418/1509/5624 
f 1427/1520/5626 1426/1519/5627 1418/1509/5625 1419/1510/5628 
f 1428/1521/5630 1427/1520/5631 1419/1510/5629 1420/1511/5632 
f 1429/1522/5634 1428/1521/5635 1420/1511/5633 1421/1512/5636 
f 1430/1523/5638 1429/1522/5639 1421/1512/5637 1422/1513/5640 
f 1431/1524/5642 1430/1523/5643 1422/1513/5641 1423/1514/5644 
f 1432/1525/5646 1431/1524/5647 1423/1514/5645 1424/1515/5648 
f 1396/1526/5650 1432/1525/5651 1424/1515/5649 1395/1516/5652 
f 1433/1527/5654 1161/1528/5655 1162/1518/5653 1425/1517/5656 
f 1434/1529/5658 1433/1527/5659 1425/1517/5657 1426/1519/5660 
f 1435/1530/5662 1434/1529/5663 1426/1519/5661 1427/1520/5664 
f 1436/1531/5666 1435/1530/5667 1427/1520/5665 1428/1521/5668 
f 1437/1532/5670 1436/1531/5671 1428/1521/5669 1429/1522/5672 
f 1438/1533/5674 1437/1532/5675 1429/1522/5673 1430/1523/5676 
f 1439/1534/5678 1438/1533/5679 1430/1523/5677 1431/1524/5680 
f 1440/1535/5682 1439/1534/5683 1431/1524/5681 1432/1525/5684 
f 1397/1536/5686 1440/1535/5687 1432/1525/5685 1396/1526/5688 
f 1441/1537/5690 1160/1538/5691 1161/1528/5689 1433/1527/5692 
f 1442/1539/5694 1441/1537/5695 1433/1527/5693 1434/1529/5696 
f 1443/1540/5698 1442/1539/5699 1434/1529/5697 1435/1530/5700 
f 1444/1541/5702 1443/1540/5703 1435/1530/5701 1436/1531/5704 
f 1445/1542/5706 1444/1541/5707 1436/1531/5705 1437/1532/5708 
f 1446/1543/5710 1445/1542/5711 1437/1532/5709 1438/1533/5712 
f 1447/1544/5714 1446/1543/5715 1438/1533/5713 1439/1534/5716 
f 1448/1545/5718 1447/1544/5719 1439/1534/5717 1440/1535/5720 
f 1398/1546/5722 1448/1545/5723 1440/1535/5721 1397/1536/5724 
f 1449/1547/5726 1159/1548/5727 1160/1538/5725 1441/1537/5728 
f 1450/1549/5730 1449/1547/5731 1441/1537/5729 1442/1539/5732 
f 1451/1550/5734 1450/1549/5735 1442/1539/5733 1443/1540/5736 
f 1452/1551/5738 1451/1550/5739 1443/1540/5737 1444/1541/5740 
f 1453/1552/5742 1452/1551/5743 1444/1541/5741 1445/1542/5744 
f 1454/1553/5746 1453/1552/5747 1445/1542/5745 1446/1543/5748 
f 1455/1554/5750 1454/1553/5751 1446/1543/5749 1447/1544/5752 
f 1456/1555/5754 1455/1554/5755 1447/1544/5753 1448/1545/5756 
f 1399/1556/5758 1456/1555/5759 1448/1545/5757 1398/1546/5760 
f 1457/1557/5762 1157/1558/5763 1159/1548/5761 1449/1547/5764 
f 1458/1559/5766 1457/1557/5767 1449/1547/5765 1450/1549/5768 
f 1459/1560/5770 1458/1559/5771 1450/1549/5769 1451/1550/5772 
f 1460/1561/5774 1459/1560/5775 1451/1550/5773 1452/1551/5776 
f 1461/1562/5778 1460/1561/5779 1452/1551/5777 1453/1552/5780 
f 1462/1563/5782 1461/1562/5783 1453/1552/5781 1454/1553/5784 
f 1463/1564/5786 1462/1563/5787 1454/1553/5785 1455/1554/5788 
f 1464/1565/5790 1463/1564/5791 1455/1554/5789 1456/1555/5792 
f 1400/1566/5794 1464/1565/5795 1456/1555/5793 1399/1556/5796 
f 1328/1567/5798 1158/1568/5799 1157/1558/5797 1457/1557/5800 
f 1327/1569/5802 1328/1567/5803 1457/1557/5801 1458/1559/5804 
f 1326/1570/5806 1327/1569/5807 1458/1559/5805 1459/1560/5808 
f 1325/1571/5810 1326/1570/5811 1459/1560/5809 1460/1561/5812 
f 1324/1572/5814 1325/1571/5815 1460/1561/5813 1461/1562/5816 
f 1323/1573/5818 1324/1572/5819 1461/1562/5817 1462/1563/5820 
f 1322/1574/5822 1323/1573/5823 1462/1563/5821 1463/1564/5824 
f 1320/1575/5826 1322/1574/5827 1463/1564/5825 1464/1565/5828 
f 1321/1576/5830 1320/1575/5831 1464/1565/5829 1400/1566/5832 
o 003_Box_3
g Box_3
usemtl Cactus Valley
v 48.309 2.691 -51.691
v 47.912 2.053 -52.088
v 48.550 2.450 -52.268
v 47.732 2.450 -51.450
v 47.275 1.798 -51.969
v 47.155 2.292 -51.292
v 46.637 1.655 -51.901
v 46.577 2.201 -51.201
v 46.000 1.609 -51.879
v 46.000 2.172 -51.172
v -46.000 1.609 -51.879
v -46.000 2.172 -51.172
v -46.637 1.655 -51.901
v -46.577 2.201 -51.201
v -47.275 1.798 -51.969
v -47.155 2.292 -51.292
v -47.912 2.053 -52.088
v -47.732 2.450 -51.450
v -48.550 2.450 -52.268
v -48.309 2.691 -51.691
v 48.031 1.798 -52.725
v 48.708 2.292 -52.845
v 47.354 1.488 -52.646
v 46.677 1.314 -52.601
v 46.000 1.258 -52.586
v -46.000 1.258 -52.586
v -46.677 1.314 -52.601
v -47.354 1.488 -52.646
v -48.031 1.798 -52.725
v -48.708 2.292 -52.845
v 48.099 1.655 -53.363
v 48.799 2.201 -53.423
v 47.399 1.314 -53.323
v 46.700 1.124 -53.300
v 46.000 1.063 -53.293
v -46.000 1.063 -53.293
v -46.700 1.124 -53.300
v -47.399 1.314 -53.323
v -48.099 1.655 -53.363
v -48.799 2.201 -53.423
v 48.121 1.609 -54.000
v 48.828 2.172 -54.000
v 47.414 1.258 -54.000
v 46.707 1.063 -54.000
v 46.000 1.000 -54.000
v -46.000 1.000 -54.000
v -46.707 1.063 -54.000
v -47.414 1.258 -54.000
v -48.121 1.609 -54.000
v -48.828 2.172 -54.000
v 48.121 1.609 -146.000
v 48.828 2.172 -146.000
v 47.414 1.258 -146.000
v 46.707 1.063 -146.000
v 46.000 1.000 -146.000
v -46.000 1.000 -146.000
v -46.707 1.063 -146.000
v -47.414 1.258 -146.000
v -48.121 1.609 -146.000
v -48.828 2.172 -146.000
v 48.099 1.655 -146.637
v 48.799 2.201 -146.577
v 47.399 1.314 -146.677
v 46.700 1.124 -146.700
v 46.000 1.063 -146.707
v -46.000 1.063 -146.707
v -46.700 1.124 -146.700
v -47.399 1.314 -146.677
v -48.099 1.655 -146.637
v -48.799 2.201 -146.577
v 48.031 1.798 -147.275
v 48.708 2.292 -147.155
v 47.354 1.488 -147.354
v 46.677 1.314 -147.399
v 46.000 1.258 -147.414
v -46.000 1.258 -147.414
v -46.677 1.314 -147.399
v -47.354 1.488 -147.354
v -48.031 1.798 -147.275
v -48.708 2.292 -147.155
v 47.912 2.053 -147.912
v 48.550 2.450 -147.732
v 47.275 1.798 -148.031
v 46.637 1.655 -148.099
v 46.000 1.609 -148.121
v -46.000 1.609 -148.121
v -46.637 1.655 -148.099
v -47.275 1.798 -148.031
v -47.912 2.053 -147.912
v -48.550 2.450 -147.732
v 47.732 2.450 -148.550
v 48.309 2.691 -148.309
v 47.155 2.292 -148.708
v 46.577 2.201 -148.799
v 46.000 2.172 -148.828
v -46.000 2.172 -148.828
v -46.577 2.201 -148.799
v -47.155 2.292 -148.708
v -47.732 2.450 -148.550
v -48.309 2.691 -148.309
v -48.947 3.088 -147.912
v -48.550 3.268 -148.550
v -49.202 2.969 -147.275
v -49.345 2.901 -146.637
v -49.391 2.879 -146.000
v -49.391 2.879 -54.000
v -49.345 2.901 -53.363
v -49.202 2.969 -52.725
v -48.947 3.088 -52.088
v -48.550 3.268 -51.450
v -49.202 3.725 -148.031
v -48.708 3.845 -148.708
v -49.512 3.646 -147.354
v -49.686 3.601 -146.677
v -49.742 3.586 -146.000
v -49.742 3.586 -54.000
v -49.686 3.601 -53.323
v -49.512 3.646 -52.646
v -49.202 3.725 -51.969
v -48.708 3.845 -51.292
v -49.345 4.363 -148.099
v -48.799 4.423 -148.799
v -49.686 4.323 -147.399
v -49.876 4.300 -146.700
v -49.937 4.293 -146.000
v -49.937 4.293 -54.000
v -49.876 4.300 -53.300
v -49.686 4.323 -52.601
v -49.345 4.363 -51.901
v -48.799 4.423 -51.201
v -49.391 5.000 -148.121
v -48.828 5.000 -148.828
v -49.742 5.000 -147.414
v -49.937 5.000 -146.707
v -50.000 5.000 -146.000
v -50.000 5.000 -54.000
v -49.937 5.000 -53.293
v -49.742 5.000 -52.586
v -49.391 5.000 -51.879
v -48.828 5.000 -51.172
v -49.391 97.000 -148.121
v -48.828 97.000 -148.828
v -49.742 97.000 -147.414
v -49.937 97.000 -146.707
v -50.000 97.000 -146.000
v -50.000 97.000 -54.000
v -49.937 97.000 -53.293
v -49.742 97.000 -52.586
v -49.391 97.000 -51.879
v -48.828 97.000 -51.172
v -49.345 97.637 -148.099
v -48.799 97.577 -148.799
v -49.686 97.677 -147.399
v -49.876 97.700 -146.700
v -49.937 97.707 -146.000
v -49.937 97.707 -54.000
v -49.876 97.700 -53.300
v -49.686 97.677 -52.601
v -49.345 97.637 -51.901
v -48.799 97.577 -51.201
v -49.202 98.275 -148.031
v -48.708 98.155 -148.708
v -49.512 98.354 -147.354
v -49.686 98.399 -146.677
v -49.742 98.414 -146.000
v -49.742 98.414 -54.000
v -49.686 98.399 -53.323
v -49.512 98.354 -52.646
v -49.202 98.275 -51.969
v -48.708 98.155 -51.292
v -48.947 98.912 -147.912
v -48.550 98.732 -148.550
v -49.202 99.031 -147.275
v -49.345 99.099 -146.637
v -49.391 99.121 -146.000
v -49.391 99.121 -54.000
v -49.345 99.099 -53.363
v -49.202 99.031 -52.725
v -48.947 98.912 -52.088
v -48.550 98.732 -51.450
v -48.550 99.550 -147.732
v -48.309 99.309 -148.309
v -48.708 99.708 -147.155
v -48.799 99.799 -146.577
v -48.828 99.828 -146.000
v -48.828 99.828 -54.000
v -48.799 99.799 -53.423
v -48.708 99.708 -52.845
v -48.550 99.550 -52.268
v -48.309 99.309 -51.691
v -47.912 3.088 -51.053
v -47.275 2.969 -50.798
v -46.637 2.901 -50.655
v -46.000 2.879 -50.609
v 46.000 2.879 -50.609
v 46.637 2.901 -50.655
v 47.275 2.969 -50.798
v 47.912 3.088 -51.053
v 48.550 3.268 -51.450
v -48.031 3.725 -50.798
v -47.354 3.646 -50.488
v -46.677 3.601 -50.314
v -46.000 3.586 -50.258
v 46.000 3.586 -50.258
v 46.677 3.601 -50.314
v 47.354 3.646 -50.488
v 48.031 3.725 -50.798
v 48.708 3.845 -51.292
v -48.099 4.363 -50.655
v -47.399 4.323 -50.314
v -46.700 4.300 -50.124
v -46.000 4.293 -50.063
v 46.000 4.293 -50.063
v 46.700 4.300 -50.124
v 47.399 4.323 -50.314
v 48.099 4.363 -50.655
v 48.799 4.423 -51.201
v -48.121 5.000 -50.609
v -47.414 5.000 -50.258
v -46.707 5.000 -50.063
v -46.000 5.000 -50.000
v 46.000 5.000 -50.000
v 46.707 5.000 -50.063
v 47.414 5.000 -50.258
v 48.121 5.000 -50.609
v 48.828 5.000 -51.172
v -48.121 97.000 -50.609
v -47.414 97.000 -50.258
v -46.707 97.000 -50.063
v -46.000 97.000 -50.000
v 46.000 97.000 -50.000
v 46.707 97.000 -50.063
v 47.414 97.000 -50.258
v 48.121 97.000 -50.609
v 48.828 97.000 -51.172
v -48.099 97.637 -50.655
v -47.399 97.677 -50.314
v -46.700 97.700 -50.124
v -46.000 97.707 -50.063
v 46.000 97.707 -50.063
v 46.700 97.700 -50.124
v 47.399 97.677 -50.314
v 48.099 97.637 -50.655
v 48.799 97.577 -51.201
v -48.031 98.275 -50.798
v -47.354 98.354 -50.488
v -46.677 98.399 -50.314
v -46.000 98.414 -50.258
v 46.000 98.414 -50.258
v 46.677 98.399 -50.314
v 47.354 98.354 -50.488
v 48.031 98.275 -50.798
v 48.708 98.155 -51.292
v -47.912 98.912 -51.053
v -47.275 99.031 -50.798
v -46.637 99.099 -50.655
v -46.000 99.121 -50.609
v 46.000 99.121 -50.609
v 46.637 99.099 -50.655
v 47.275 99.031 -50.798
v 47.912 98.912 -51.053
v 48.550 98.732 -51.450
v -47.732 99.550 -51.450
v -47.155 99.708 -51.292
v -46.577 99.799 -51.201
v -46.000 99.828 -51.172
v 46.000 99.828 -51.172
v 46.577 99.799 -51.201
v 47.155 99.708 -51.292
v 47.732 99.550 -51.450
v 48.309 99.309 -51.691
v 47.912 3.088 -148.947
v 48.550 3.268 -148.550
v 47.275 2.969 -149.202
v 46.637 2.901 -149.345
v 46.000 2.879 -149.391
v -46.000 2.879 -149.391
v -46.637 2.901 -149.345
v -47.275 2.969 -149.202
v -47.912 3.088 -148.947
v 48.031 3.725 -149.202
v 48.708 3.845 -148.708
v 47.354 3.646 -149.512
v 46.677 3.601 -149.686
v 46.000 3.586 -149.742
v -46.000 3.586 -149.742
v -46.677 3.601 -149.686
v -47.354 3.646 -149.512
v -48.031 3.725 -149.202
v 48.099 4.363 -149.345
v 48.799 4.423 -148.799
v 47.399 4.323 -149.686
v 46.700 4.300 -149.876
v 46.000 4.293 -149.937
v -46.000 4.293 -149.937
v -46.700 4.300 -149.876
v -47.399 4.323 -149.686
v -48.099 4.363 -149.345
v 48.121 5.000 -149.391
v 48.828 5.000 -148.828
v 47.414 5.000 -149.742
v 46.707 5.000 -149.937
v 46.000 5.000 -150.000
v -46.000 5.000 -150.000
v -46.707 5.000 -149.937
v -47.414 5.000 -149.742
v -48.121 5.000 -149.391
v 48.121 97.000 -149.391
v 48.828 97.000 -148.828
v 47.414 97.000 -149.742
v 46.707 97.000 -149.937
v 46.000 97.000 -150.000
v -46.000 97.000 -150.000
v -46.707 97.000 -149.937
v -47.414 97.000 -149.742
v -48.121 97.000 -149.391
v 48.099 97.637 -149.345
v 48.799 97.577 -148.799
v 47.399 97.677 -149.686
v 46.700 97.700 -149.876
v 46.000 97.707 -149.937
v -46.000 97.707 -149.937
v -46.700 97.700 -149.876
v -47.399 97.677 -149.686
v -48.099 97.637 -149.345
v 48.031 98.275 -149.202
v 48.708 98.155 -148.708
v 47.354 98.354 -149.512
v 46.677 98.399 -149.686
v 46.000 98.414 -149.742
v -46.000 98.414 -149.742
v -46.677 98.399 -149.686
v -47.354 98.354 -149.512
v -48.031 98.275 -149.202
v 47.912 98.912 -148.947
v 48.550 98.732 -148.550
v 47.275 99.031 -149.202
v 46.637 99.099 -149.345
v 46.000 99.121 -149.391
v -46.000 99.121 -149.391
v -46.637 99.099 -149.345
v -47.275 99.031 -149.202
v -47.912 98.912 -148.947
v 47.732 99.550 -148.550
v 48.309 99.309 -148.309
v 47.155 99.708 -148.708
v 46.577 99.799 -148.799
v 46.000 99.828 -148.828
v -46.000 99.828 -148.828
v -46.577 99.799 -148.799
v -47.155 99.708 -148.708
v -47.732 99.550 -148.550
v 48.947 3.088 -52.088
v 49.202 2.969 -52.725
v 49.345 2.901 -53.363
v 49.391 2.879 -54.000
v 49.391 2.879 -146.000
v 49.345 2.901 -146.637
v 49.202 2.969 -147.275
v 48.947 3.088 -147.912
v 49.202 3.725 -51.969
v 49.512 3.646 -52.646
v 49.686 3.601 -53.323
v 49.742 3.586 -54.000
v 49.742 3.586 -146.000
v 49.686 3.601 -146.677
v 49.512 3.646 -147.354
v 49.202 3.725 -148.031
v 49.345 4.363 -51.901
v 49.686 4.323 -52.601
v 49.876 4.300 -53.300
v 49.937 4.293 -54.000
v 49.937 4.293 -146.000
v 49.876 4.300 -146.700
v 49.686 4.323 -147.399
v 49.345 4.363 -148.099
v 49.391 5.000 -51.879
v 49.742 5.000 -52.586
v 49.937 5.000 -53.293
v 50.000 5.000 -54.000
v 50.000 5.000 -146.000
v 49.937 5.000 -146.707
v 49.742 5.000 -147.414
v 49.391 5.000 -148.121
v 49.391 97.000 -51.879
v 49.742 97.000 -52.586
v 49.937 97.000 -53.293
v 50.000 97.000 -54.000
v 50.000 97.000 -146.000
v 49.937 97.000 -146.707
v 49.742 97.000 -147.414
v 49.391 97.000 -148.121
v 49.345 97.637 -51.901
v 49.686 97.677 -52.601
v 49.876 97.700 -53.300
v 49.937 97.707 -54.000
v 49.937 97.707 -146.000
v 49.876 97.700 -146.700
v 49.686 97.677 -147.399
v 49.345 97.637 -148.099
v 49.202 98.275 -51.969
v 49.512 98.354 -52.646
v 49.686 98.399 -53.323
v 49.742 98.414 -54.000
v 49.742 98.414 -146.000
v 49.686 98.399 -146.677
v 49.512 98.354 -147.354
v 49.202 98.275 -148.031
v 48.947 98.912 -52.088
v 49.202 99.031 -52.725
v 49.345 99.099 -53.363
v 49.391 99.121 -54.000
v 49.391 99.121 -146.000
v 49.345 99.099 -146.637
v 49.202 99.031 -147.275
v 48.947 98.912 -147.912
v 48.550 99.550 -52.268
v 48.708 99.708 -52.845
v 48.799 99.799 -53.423
v 48.828 99.828 -54.000
v 48.828 99.828 -146.000
v 48.799 99.799 -146.577
v 48.708 99.708 -147.155
v 48.550 99.550 -147.732
v -47.912 99.947 -52.088
v -47.275 100.202 -51.969
v -46.637 100.345 -51.901
v -46.000 100.391 -51.879
v 46.000 100.391 -51.879
v 46.637 100.345 -51.901
v 47.275 100.202 -51.969
v 47.912 99.947 -52.088
v -48.031 100.202 -52.725
v -47.354 100.512 -52.646
v -46.677 100.686 -52.601
v -46.000 100.742 -52.586
v 46.000 100.742 -52.586
v 46.677 100.686 -52.601
v 47.354 100.512 -52.646
v 48.031 100.202 -52.725
v -48.099 100.345 -53.363
v -47.399 100.686 -53.323
v -46.700 100.876 -53.300
v -46.000 100.937 -53.293
v 46.000 100.937 -53.293
v 46.700 100.876 -53.300
v 47.399 100.686 -53.323
v 48.099 100.345 -53.363
v -48.121 100.391 -54.000
v -47.414 100.742 -54.000
v -46.707 100.937 -54.000
v -46.000 101.000 -54.000
v 46.000 101.000 -54.000
v 46.707 100.937 -54.000
v 47.414 100.742 -54.000
v 48.121 100.391 -54.000
v -48.121 100.391 -146.000
v -47.414 100.742 -146.000
v -46.707 100.937 -146.000
v -46.000 101.000 -146.000
v 46.000 101.000 -146.000
v 46.707 100.937 -146.000
v 47.414 100.742 -146.000
v 48.121 100.391 -146.000
v -48.099 100.345 -146.637
v -47.399 100.686 -146.677
v -46.700 100.876 -146.700
v -46.000 100.937 -146.707
v 46.000 100.937 -146.707
v 46.700 100.876 -146.700
v 47.399 100.686 -146.677
v 48.099 100.345 -146.637
v -48.031 100.202 -147.275
v -47.354 100.512 -147.354
v -46.677 100.686 -147.399
v -46.000 100.742 -147.414
v 46.000 100.742 -147.414
v 46.677 100.686 -147.399
v 47.354 100.512 -147.354
v 48.031 100.202 -147.275
v -47.912 99.947 -147.912
v -47.275 100.202 -148.031
v -46.637 100.345 -148.099
v -46.000 100.391 -148.121
v 46.000 100.391 -148.121
v 46.637 100.345 -148.099
v 47.275 100.202 -148.031
v 47.912 99.947 -147.912
vt 0.00000 0.00000
vt 0.01000 0.01000
vt 0.00000 0.01000
vt 0.01000 0.00000
vt 0.02000 0.01000
vt 0.02000 0.00000
vt 0.03000 0.01000
vt 0.03000 0.00000
vt 0.04000 0.01000
vt 0.04000 0.00000
vt 0.96000 0.01000
vt 0.96000 0.00000
vt 0.97000 0.01000
vt 0.97000 0.00000
vt 0.98000 0.01000
vt 0.98000 0.00000
vt 0.99000 0.01000
vt 0.99000 0.00000
vt 1.00000 0.01000
vt 1.00000 0.00000
vt 0.01000 0.02000
vt 0.00000 0.02000
vt 0.02000 0.02000
vt 0.03000 0.02000
vt 0.04000 0.02000
vt 0.96000 0.02000
vt 0.97000 0.02000
vt 0.98000 0.02000
vt 0.99000 0.02000
vt 1.00000 0.02000
vt 0.01000 0.03000
vt 0.00000 0.03000
vt 0.02000 0.03000
vt 0.03000 0.03000
vt 0.04000 0.03000
vt 0.96000 0.03000
vt 0.97000 0.03000
vt 0.98000 0.03000
vt 0.99000 0.03000
vt 1.00000 0.03000
vt 0.01000 0.04000
vt 0.00000 0.04000
vt 0.02000 0.04000
vt 0.03000 0.04000
vt 0.04000 0.04000
vt 0.96000 0.04000
vt 0.97000 0.04000
vt 0.98000 0.04000
vt 0.99000 0.04000
vt 1.00000 0.04000
vt 0.01000 0.96000
vt 0.00000 0.96000
vt 0.02000 0.96000
vt 0.03000 0.96000
vt 0.04000 0.96000
vt 0.96000 0.96000
vt 0.97000 0.96000
vt 0.98000 0.96000
vt 0.99000 0.96000
vt 1.00000 0.96000
vt 0.01000 0.97000
vt 0.00000 0.97000
vt 0.02000 0.97000
vt 0.03000 0.97000
vt 0.04000 0.97000
vt 0.96000 0.97000
vt 0.97000 0.97000
vt 0.98000 0.97000
vt 0.99000 0.97000
vt 1.00000 0.97000
vt 0.01000 0.98000
vt 0.00000 0.98000
vt 0.02000 0.98000
vt 0.03000 0.98000
vt 0.04000 0.98000
vt 0.96000 0.98000
vt 0.97000 0.98000
vt 0.98000 0.98000
vt 0.99000 0.98000
vt 1.00000 0.98000
vt 0.01000 0.99000
vt 0.00000 0.99000
vt 0.02000 0.99000
vt 0.03000 0.99000
vt 0.04000 0.99000
vt 0.96000 0.99000
vt 0.97000 0.99000
vt 0.98000 0.99000
vt 0.99000 0.99000
vt 1.00000 0.99000
vt 0.01000 1.00000
vt 0.00000 1.00000
vt 0.02000 1.00000
vt 0.03000 1.00000
vt 0.04000 1.00000
vt 0.96000 1.00000
vt 0.97000 1.00000
vt 0.98000 1.00000
vt 0.99000 1.00000
vt 1.00000 1.00000
vt 0.00000 0.00000
vt 0.01000 0.01000
vt 0.00000 0.01000
vt 0.01000 0.00000
vt 0.02000 0.01000
vt 0.02000 0.00000
vt 0.03000 0.01000
vt 0.03000 0.00000
vt 0.04000 0.01000
vt 0.04000 0.00000
vt 0.96000 0.01000
vt 0.96000 0.00000
vt 0.97000 0.01000
vt 0.97000 0.00000
vt 0.98000 0.01000
vt 0.98000 0.00000
vt 0.99000 0.01000
vt 0.99000 0.00000
vt 1.00000 0.01000
vt 1.00000 0.00000
vt 0.01000 0.02000
vt 0.00000 0.02000
vt 0.02000 0.02000
vt 0.03000 0.02000
vt 0.04000 0.02000
vt 0.96000 0.02000
vt 0.97000 0.02000
vt 0.98000 0.02000
vt 0.99000 0.02000
vt 1.00000 0.02000
vt 0.01000 0.03000
vt 0.00000 0.03000
vt 0.02000 0.03000
vt 0.03000 0.03000
vt 0.04000 0.03000
vt 0.96000 0.03000
vt 0.97000 0.03000
vt 0.98000 0.03000
vt 0.99000 0.03000
vt 1.00000 0.03000
vt 0.01000 0.04000
vt 0.00000 0.04000
vt 0.02000 0.04000
vt 0.03000 0.04000
vt 0.04000 0.04000
vt 0.96000 0.04000
vt 0.97000 0.04000
vt 0.98000 0.04000
vt 0.99000 0.04000
vt 1.00000 0.04000
vt 0.01000 0.96000
vt 0.00000 0.96000
vt 0.02000 0.96000
vt 0.03000 0.96000
vt 0.04000 0.96000
vt 0.96000 0.96000
vt 0.97000 0.96000
vt 0.98000 0.96000
vt 0.99000 0.96000
vt 1.00000 0.96000
vt 0.01000 0.97000
vt 0.00000 0.97000
vt 0.02000 0.97000
vt 0.03000 0.97000
vt 0.04000 0.97000
vt 0.96000 0.97000
vt 0.97000 0.97000
vt 0.98000 0.97000
vt 0.99000 0.97000
vt 1.00000 0.97000
vt 0.01000 0.98000
vt 0.00000 0.98000
vt 0.02000 0.98000
vt 0.03000 0.98000
vt 0.04000 0.98000
vt 0.96000 0.98000
vt 0.97000 0.98000
vt 0.98000 0.98000
vt 0.99000 0.98000
vt 1.00000 0.98000
vt 0.01000 0.99000
vt 0.00000 0.99000
vt 0.02000 0.99000
vt 0.03000 0.99000
vt 0.04000 0.99000
vt 0.96000 0.99000
vt 0.97000 0.99000
vt 0.98000 0.99000
vt 0.99000 0.99000
vt 1.00000 0.99000
vt 0.01000 1.00000
vt 0.00000 1.00000
vt 0.02000 1.00000
vt 0.03000 1.00000
vt 0.04000 1.00000
vt 0.96000 1.00000
vt 0.97000 1.00000
vt 0.98000 1.00000
vt 0.99000 1.00000
vt 1.00000 1.00000
vt 0.00000 0.00000
vt 0.01000 0.01000
vt 0.00000 0.01000
vt 0.01000 0.00000
vt 0.02000 0.01000
vt 0.02000 0.00000
vt 0.03000 0.01000
vt 0.03000 0.00000
vt 0.04000 0.01000
vt 0.04000 0.00000
vt 0.96000 0.01000
vt 0.96000 0.00000
vt 0.97000 0.01000
vt 0.97000 0.00000
vt 0.98000 0.01000
vt 0.98000 0.00000
vt 0.99000 0.01000
vt 0.99000 0.00000
vt 1.00000 0.01000
vt 1.00000 0.00000
vt 0.01000 0.02000
vt 0.00000 0.02000
vt 0.02000 0.02000
vt 0.03000 0.02000
vt 0.04000 0.02000
vt 0.96000 0.02000
vt 0.97000 0.02000
vt 0.98000 0.02000
vt 0.99000 0.02000
vt 1.00000 0.02000
vt 0.01000 0.03000
vt 0.00000 0.03000
vt 0.02000 0.03000
vt 0.03000 0.03000
vt 0.04000 0.03000
vt 0.96000 0.03000
vt 0.97000 0.03000
vt 0.98000 0.03000
vt 0.99000 0.03000
vt 1.00000 0.03000
vt 0.01000 0.04000
vt 0.00000 0.04000
vt 0.02000 0.04000
vt 0.03000 0.04000
vt 0.04000 0.04000
vt 0.96000 0.04000
vt 0.97000 0.04000
vt 0.98000 0.04000
vt 0.99000 0.04000
vt 1.00000 0.04000
vt 0.01000 0.96000
vt 0.00000 0.96000
vt 0.02000 0.96000
vt 0.03000 0.96000
vt 0.04000 0.96000
vt 0.96000 0.96000
vt 0.97000 0.96000
vt 0.98000 0.96000
vt 0.99000 0.96000
vt 1.00000 0.96000
vt 0.01000 0.97000
vt 0.00000 0.97000
vt 0.02000 0.97000
vt 0.03000 0.97000
vt 0.04000 0.97000
vt 0.96000 0.97000
vt 0.97000 0.97000
vt 0.98000 0.97000
vt 0.99000 0.97000
vt 1.00000 0.97000
vt 0.01000 0.98000
vt 0.00000 0.98000
vt 0.02000 0.98000
vt 0.03000 0.98000
vt 0.04000 0.98000
vt 0.96000 0.98000
vt 0.97000 0.98000
vt 0.98000 0.98000
vt 0.99000 0.98000
vt 1.00000 0.98000
vt 0.01000 0.99000
vt 0.00000 0.99000
vt 0.02000 0.99000
vt 0.03000 0.99000
vt 0.04000 0.99000
vt 0.96000 0.99000
vt 0.97000 0.99000
vt 0.98000 0.99000
vt 0.99000 0.99000
vt 1.00000 0.99000
vt 0.01000 1.00000
vt 0.00000 1.00000
vt 0.02000 1.00000
vt 0.03000 1.00000
vt 0.04000 1.00000
vt 0.96000 1.00000
vt 0.97000 1.00000
vt 0.98000 1.00000
vt 0.99000 1.00000
vt 1.00000 1.00000
vt 0.00000 0.00000
vt 0.01000 0.01000
vt 0.00000 0.01000
vt 0.01000 0.00000
vt 0.02000 0.01000
vt 0.02000 0.00000
vt 0.03000 0.01000
vt 0.03000 0.00000
vt 0.04000 0.01000
vt 0.04000 0.00000
vt 0.96000 0.01000
vt 0.96000 0.00000
vt 0.97000 0.01000
vt 0.97000 0.00000
vt 0.98000 0.01000
vt 0.98000 0.00000
vt 0.99000 0.01000
vt 0.99000 0.00000
vt 1.00000 0.01000
vt 1.00000 0.00000
vt 0.01000 0.02000
vt 0.00000 0.02000
vt 0.02000 0.02000
vt 0.03000 0.02000
vt 0.04000 0.02000
vt 0.96000 0.02000
vt 0.97000 0.02000
vt 0.98000 0.02000
vt 0.99000 0.02000
vt 1.00000 0.02000
vt 0.01000 0.03000
vt 0.00000 0.03000
vt 0.02000 0.03000
vt 0.03000 0.03000
vt 0.04000 0.03000
vt 0.96000 0.03000
vt 0.97000 0.03000
vt 0.98000 0.03000
vt 0.99000 0.03000
vt 1.00000 0.03000
vt 0.01000 0.04000
vt 0.00000 0.04000
vt 0.02000 0.04000
vt 0.03000 0.04000
vt 0.04000 0.04000
vt 0.96000 0.04000
vt 0.97000 0.04000
vt 0.98000 0.04000
vt 0.99000 0.04000
vt 1.00000 0.04000
vt 0.01000 0.96000
vt 0.00000 0.96000
vt 0.02000 0.96000
vt 0.03000 0.96000
vt 0.04000 0.96000
vt 0.96000 0.96000
vt 0.97000 0.96000
vt 0.98000 0.96000
vt 0.99000 0.96000
vt 1.00000 0.96000
vt 0.01000 0.97000
vt 0.00000 0.97000
vt 0.02000 0.97000
vt 0.03000 0.97000
vt 0.04000 0.97000
vt 0.96000 0.97000
vt 0.97000 0.97000
vt 0.98000 0.97000
vt 0.99000 0.97000
vt 1.00000 0.97000
vt 0.01000 0.98000
vt 0.00000 0.98000
vt 0.02000 0.98000
vt 0.03000 0.98000
vt 0.04000 0.98000
vt 0.96000 0.98000
vt 0.97000 0.98000
vt 0.98000 0.98000
vt 0.99000 0.98000
vt 1.00000 0.98000
vt 0.01000 0.99000
vt 0.00000 0.99000
vt 0.02000 0.99000
vt 0.03000 0.99000
vt 0.04000 0.99000
vt 0.96000 0.99000
vt 0.97000 0.99000
vt 0.98000 0.99000
vt 0.99000 0.99000
vt 1.00000 0.99000
vt 0.01000 1.00000
vt 0.00000 1.00000
vt 0.02000 1.00000
vt 0.03000 1.00000
vt 0.04000 1.00000
vt 0.96000 1.00000
vt 0.97000 1.00000
vt 0.98000 1.00000
vt 0.99000 1.00000
vt 1.00000 1.00000
vt 0.00000 0.00000
vt 0.01000 0.01000
vt 0.00000 0.01000
vt 0.01000 0.00000
vt 0.02000 0.01000
vt 0.02000 0.00000
vt 0.03000 0.01000
vt 0.03000 0.00000
vt 0.04000 0.01000
vt 0.04000 0.00000
vt 0.96000 0.01000
vt 0.96000 0.00000
vt 0.97000 0.01000
vt 0.97000 0.00000
vt 0.98000 0.01000
vt 0.98000 0.00000
vt 0.99000 0.01000
vt 0.99000 0.00000
vt 1.00000 0.01000
vt 1.00000 0.00000
vt 0.01000 0.02000
vt 0.00000 0.02000
vt 0.02000 0.02000
vt 0.03000 0.02000
vt 0.04000 0.02000
vt 0.96000 0.02000
vt 0.97000 0.02000
vt 0.98000 0.02000
vt 0.99000 0.02000
vt 1.00000 0.02000
vt 0.01000 0.03000
vt 0.00000 0.03000
vt 0.02000 0.03000
vt 0.03000 0.03000
vt 0.04000 0.03000
vt 0.96000 0.03000
vt 0.97000 0.03000
vt 0.98000 0.03000
vt 0.99000 0.03000
vt 1.00000 0.03000
vt 0.01000 0.04000
vt 0.00000 0.04000
vt 0.02000 0.04000
vt 0.03000 0.04000
vt 0.04000 0.04000
vt 0.96000 0.04000
vt 0.97000 0.04000
vt 0.98000 0.04000
vt 0.99000 0.04000
vt 1.00000 0.04000
vt 0.01000 0.96000
vt 0.00000 0.96000
vt 0.02000 0.96000
vt 0.03000 0.96000
vt 0.04000 0.96000
vt 0.96000 0.96000
vt 0.97000 0.96000
vt 0.98000 0.96000
vt 0.99000 0.96000
vt 1.00000 0.96000
vt 0.01000 0.97000
vt 0.00000 0.97000
vt 0.02000 0.97000
vt 0.03000 0.97000
vt 0.04000 0.97000
vt 0.96000 0.97000
vt 0.97000 0.97000
vt 0.98000 0.97000
vt 0.99000 0.97000
vt 1.00000 0.97000
vt 0.01000 0.98000
vt 0.00000 0.98000
vt 0.02000 0.98000
vt 0.03000 0.98000
vt 0.04000 0.98000
vt 0.96000 0.98000
vt 0.97000 0.98000
vt 0.98000 0.98000
vt 0.99000 0.98000
vt 1.00000 0.98000
vt 0.01000 0.99000
vt 0.00000 0.99000
vt 0.02000 0.99000
vt 0.03000 0.99000
vt 0.04000 0.99000
vt 0.96000 0.99000
vt 0.97000 0.99000
vt 0.98000 0.99000
vt 0.99000 0.99000
vt 1.00000 0.99000
vt 0.01000 1.00000
vt 0.00000 1.00000
vt 0.02000 1.00000
vt 0.03000 1.00000
vt 0.04000 1.00000
vt 0.96000 1.00000
vt 0.97000 1.00000
vt 0.98000 1.00000
vt 0.99000 1.00000
vt 1.00000 1.00000
vt 0.00000 0.00000
vt 0.01000 0.01000
vt 0.00000 0.01000
vt 0.01000 0.00000
vt 0.02000 0.01000
vt 0.02000 0.00000
vt 0.03000 0.01000
vt 0.03000 0.00000
vt 0.04000 0.01000
vt 0.04000 0.00000
vt 0.96000 0.01000
vt 0.96000 0.00000
vt 0.97000 0.01000
vt 0.97000 0.00000
vt 0.98000 0.01000
vt 0.98000 0.00000
vt 0.99000 0.01000
vt 0.99000 0.00000
vt 1.00000 0.01000
vt 1.00000 0.00000
vt 0.01000 0.02000
vt 0.00000 0.02000
vt 0.02000 0.02000
vt 0.03000 0.02000
vt 0.04000 0.02000
vt 0.96000 0.02000
vt 0.97000 0.02000
vt 0.98000 0.02000
vt 0.99000 0.02000
vt 1.00000 0.02000
vt 0.01000 0.03000
vt 0.00000 0.03000
vt 0.02000 0.03000
vt 0.03000 0.03000
vt 0.04000 0.03000
vt 0.96000 0.03000
vt 0.97000 0.03000
vt 0.98000 0.03000
vt 0.99000 0.03000
vt 1.00000 0.03000
vt 0.01000 0.04000
vt 0.00000 0.04000
vt 0.02000 0.04000
vt 0.03000 0.04000
vt 0.04000 0.04000
vt 0.96000 0.04000
vt 0.97000 0.04000
vt 0.98000 0.04000
vt 0.99000 0.04000
vt 1.00000 0.04000
vt 0.01000 0.96000
vt 0.00000 0.96000
vt 0.02000 0.96000
vt 0.03000 0.96000
vt 0.04000 0.96000
vt 0.96000 0.96000
vt 0.97000 0.96000
vt 0.98000 0.96000
vt 0.99000 0.96000
vt 1.00000 0.96000
vt 0.01000 0.97000
vt 0.00000 0.97000
vt 0.02000 0.97000
vt 0.03000 0.97000
vt 0.04000 0.97000
vt 0.96000 0.97000
vt 0.97000 0.97000
vt 0.98000 0.97000
vt 0.99000 0.97000
vt 1.00000 0.97000
vt 0.01000 0.98000
vt 0.00000 0.98000
vt 0.02000 0.98000
vt 0.03000 0.98000
vt 0.04000 0.98000
vt 0.96000 0.98000
vt 0.97000 0.98000
vt 0.98000 0.98000
vt 0.99000 0.98000
vt 1.00000 0.98000
vt 0.01000 0.99000
vt 0.00000 0.99000
vt 0.02000 0.99000
vt 0.03000 0.99000
vt 0.04000 0.99000
vt 0.96000 0.99000
vt 0.97000 0.99000
vt 0.98000 0.99000
vt 0.99000 0.99000
vt 1.00000 0.99000
vt 0.01000 1.00000
vt 0.00000 1.00000
vt 0.02000 1.00000
vt 0.03000 1.00000
vt 0.04000 1.00000
vt 0.96000 1.00000
vt 0.97000 1.00000
vt 0.98000 1.00000
vt 0.99000 1.00000
vt 1.00000 1.00000
vn 0.57735 -0.57735 0.57735
vn 0.47803 -0.73686 0.47803
vn 0.63738 -0.63738 0.43301
vn 0.43301 -0.63738 0.63738
vn 0.43301 -0.63738 0.63738
vn 0.31869 -0.80039 0.50775
vn 0.47803 -0.73686 0.47803
vn 0.28868 -0.67700 0.67700
vn 0.28868 -0.67700 0.67700
vn 0.15934 -0.83619 0.52478
vn 0.31869 -0.80039 0.50775
vn 0.14434 -0.69970 0.69970
vn 0.14434 -0.69970 0.69970
vn 0.00000 -0.84779 0.53033
vn 0.15934 -0.83619 0.52478
vn 0.00000 -0.70711 0.70711
vn 0.00000 -0.70711 0.70711
vn 0.00000 -0.84779 0.53033
vn 0.00000 -0.84779 0.53033
vn 0.00000 -0.70711 0.70711
vn 0.00000 -0.70711 0.70711
vn -0.15934 -0.83619 0.52478
vn 0.00000 -0.84779 0.53033
vn -0.14434 -0.69970 0.69970
vn -0.14434 -0.69970 0.69970
vn -0.31869 -0.80039 0.50775
vn -0.15934 -0.83619 0.52478
vn -0.28868 -0.67700 0.67700
vn -0.28868 -0.67700 0.67700
vn -0.47803 -0.73686 0.47803
vn -0.31869 -0.80039 0.50775
vn -0.43301 -0.63738 0.63738
vn -0.43301 -0.63738 0.63738
vn -0.63738 -0.63738 0.43301
vn -0.47803 -0.73686 0.47803
vn -0.57735 -0.57735 0.57735
vn 0.63738 -0.63738 0.43301
vn 0.50775 -0.80039 0.31869
vn 0.67700 -0.67700 0.28868
vn 0.47803 -0.73686 0.47803
vn 0.47803 -0.73686 0.47803
vn 0.33850 -0.87797 0.33850
vn 0.50775 -0.80039 0.31869
vn 0.31869 -0.80039 0.50775
vn 0.31869 -0.80039 0.50775
vn 0.16925 -0.92139 0.34985
vn 0.33850 -0.87797 0.33850
vn 0.15934 -0.83619 0.52478
vn 0.15934 -0.83619 0.52478
vn 0.00000 -0.93541 0.35355
vn 0.16925 -0.92139 0.34985
vn 0.00000 -0.84779 0.53033
vn 0.00000 -0.84779 0.53033
vn 0.00000 -0.93541 0.35355
vn 0.00000 -0.93541 0.35355
vn 0.00000 -0.84779 0.53033
vn 0.00000 -0.84779 0.53033
vn -0.16925 -0.92139 0.34985
vn 0.00000 -0.93541 0.35355
vn -0.15934 -0.83619 0.52478
vn -0.15934 -0.83619 0.52478
vn -0.33850 -0.87797 0.33850
vn -0.16925 -0.92139 0.34985
vn -0.31869 -0.80039 0.50775
vn -0.31869 -0.80039 0.50775
vn -0.50775 -0.80039 0.31869
vn -0.33850 -0.87797 0.33850
vn -0.47803 -0.73686 0.47803
vn -0.47803 -0.73686 0.47803
vn -0.67700 -0.67700 0.28868
vn -0.50775 -0.80039 0.31869
vn -0.63738 -0.63738 0.43301
vn 0.67700 -0.67700 0.28868
vn 0.52478 -0.83619 0.15934
vn 0.69970 -0.69970 0.14434
vn 0.50775 -0.80039 0.31869
vn 0.50775 -0.80039 0.31869
vn 0.34985 -0.92139 0.16925
vn 0.52478 -0.83619 0.15934
vn 0.33850 -0.87797 0.33850
vn 0.33850 -0.87797 0.33850
vn 0.17493 -0.96892 0.17493
vn 0.34985 -0.92139 0.16925
vn 0.16925 -0.92139 0.34985
vn 0.16925 -0.92139 0.34985
vn 0.00000 -0.98425 0.17678
vn 0.17493 -0.96892 0.17493
vn 0.00000 -0.93541 0.35355
vn 0.00000 -0.93541 0.35355
vn 0.00000 -0.98425 0.17678
vn 0.00000 -0.98425 0.17678
vn 0.00000 -0.93541 0.35355
vn 0.00000 -0.93541 0.35355
vn -0.17493 -0.96892 0.17493
vn 0.00000 -0.98425 0.17678
vn -0.16925 -0.92139 0.34985
vn -0.16925 -0.92139 0.34985
vn -0.34985 -0.92139 0.16925
vn -0.17493 -0.96892 0.17493
vn -0.33850 -0.87797 0.33850
vn -0.33850 -0.87797 0.33850
vn -0.52478 -0.83619 0.15934
vn -0.34985 -0.92139 0.16925
vn -0.50775 -0.80039 0.31869
vn -0.50775 -0.80039 0.31869
vn -0.69970 -0.69970 0.14434
vn -0.52478 -0.83619 0.15934
vn -0.67700 -0.67700 0.28868
vn 0.69970 -0.69970 0.14434
vn 0.53033 -0.84779 -0.00000
vn 0.70711 -0.70711 -0.00000
vn 0.52478 -0.83619 0.15934
vn 0.52478 -0.83619 0.15934
vn 0.35355 -0.93541 -0.00000
vn 0.53033 -0.84779 -0.00000
vn 0.34985 -0.92139 0.16925
vn 0.34985 -0.92139 0.16925
vn 0.17678 -0.98425 -0.00000
vn 0.35355 -0.93541 -0.00000
vn 0.17493 -0.96892 0.17493
vn 0.17493 -0.96892 0.17493
vn 0.00000 -1.00000 -0.00000
vn 0.17678 -0.98425 -0.00000
vn 0.00000 -0.98425 0.17678
vn 0.00000 -0.98425 0.17678
vn 0.00000 -1.00000 -0.00000
vn 0.00000 -1.00000 -0.00000
vn 0.00000 -0.98425 0.17678
vn 0.00000 -0.98425 0.17678
vn -0.17678 -0.98425 -0.00000
vn 0.00000 -1.00000 -0.00000
vn -0.17493 -0.96892 0.17493
vn -0.17493 -0.96892 0.17493
vn -0.35355 -0.93541 -0.00000
vn -0.17678 -0.98425 -0.00000
vn -0.34985 -0.92139 0.16925
vn -0.34985 -0.92139 0.16925
vn -0.53033 -0.84779 -0.00000
vn -0.35355 -0.93541 -0.00000
vn -0.52478 -0.83619 0.15934
vn -0.52478 -0.83619 0.15934
vn -0.70711 -0.70711 -0.00000
vn -0.53033 -0.84779 -0.00000
vn -0.69970 -0.69970 0.14434
vn 0.70711 -0.70711 -0.00000
vn 0.53033 -0.84779 -0.00000
vn 0.70711 -0.70711 -0.00000
vn 0.53033 -0.84779 -0.00000
vn 0.53033 -0.84779 -0.00000
vn 0.35355 -0.93541 -0.00000
vn 0.53033 -0.84779 -0.00000
vn 0.35355 -0.93541 -0.00000
vn 0.35355 -0.93541 -0.00000
vn 0.17678 -0.98425 -0.00000
vn 0.35355 -0.93541 -0.00000
vn 0.17678 -0.98425 -0.00000
vn 0.17678 -0.98425 -0.00000
vn 0.00000 -1.00000 -0.00000
vn 0.17678 -0.98425 -0.00000
vn 0.00000 -1.00000 -0.00000
vn 0.00000 -1.00000 -0.00000
vn 0.00000 -1.00000 -0.00000
vn 0.00000 -1.00000 -0.00000
vn 0.00000 -1.00000 -0.00000
vn 0.00000 -1.00000 -0.00000
vn -0.17678 -0.98425 -0.00000
vn 0.00000 -1.00000 -0.00000
vn -0.17678 -0.98425 -0.00000
vn -0.17678 -0.98425 -0.00000
vn -0.35355 -0.93541 -0.00000
vn -0.17678 -0.98425 -0.00000
vn -0.35355 -0.93541 -0.00000
vn -0.35355 -0.93541 -0.00000
vn -0.53033 -0.84779 -0.00000
vn -0.35355 -0.93541 -0.00000
vn -0.53033 -0.84779 -0.00000
vn -0.53033 -0.84779 -0.00000
vn -0.70711 -0.70711 -0.00000
vn -0.53033 -0.84779 -0.00000
vn -0.70711 -0.70711 -0.00000
vn 0.70711 -0.70711 -0.00000
vn 0.52478 -0.83619 -0.15934
vn 0.69970 -0.69970 -0.14434
vn 0.53033 -0.84779 -0.00000
vn 0.53033 -0.84779 -0.00000
vn 0.34985 -0.92139 -0.16925
vn 0.52478 -0.83619 -0.15934
vn 0.35355 -0.93541 -0.00000
vn 0.35355 -0.93541 -0.00000
vn 0.17493 -0.96892 -0.17493
vn 0.34985 -0.92139 -0.16925
vn 0.17678 -0.98425 -0.00000
vn 0.17678 -0.98425 -0.00000
vn 0.00000 -0.98425 -0.17678
vn 0.17493 -0.96892 -0.17493
vn 0.00000 -1.00000 -0.00000
vn 0.00000 -1.00000 -0.00000
vn 0.00000 -0.98425 -0.17678
vn 0.00000 -0.98425 -0.17678
vn 0.00000 -1.00000 -0.00000
vn 0.00000 -1.00000 -0.00000
vn -0.17493 -0.96892 -0.17493
vn 0.00000 -0.98425 -0.17678
vn -0.17678 -0.98425 -0.00000
vn -0.17678 -0.98425 -0.00000
vn -0.34985 -0.92139 -0.16925
vn -0.17493 -0.96892 -0.17493
vn -0.35355 -0.93541 -0.00000
vn -0.35355 -0.93541 -0.00000
vn -0.52478 -0.83619 -0.15934
vn -0.34985 -0.92139 -0.16925
vn -0.53033 -0.84779 -0.00000
vn -0.53033 -0.84779 -0.00000
vn -0.69970 -0.69970 -0.14434
vn -0.52478 -0.83619 -0.15934
vn -0.70711 -0.70711 -0.00000
vn 0.69970 -0.69970 -0.14434
vn 0.50775 -0.80039 -0.31869
vn 0.67700 -0.67700 -0.28868
vn 0.52478 -0.83619 -0.15934
vn 0.52478 -0.83619 -0.15934
vn 0.33850 -0.87797 -0.33850
vn 0.50775 -0.80039 -0.31869
vn 0.34985 -0.92139 -0.16925
vn 0.34985 -0.92139 -0.16925
vn 0.16925 -0.92139 -0.34985
vn 0.33850 -0.87797 -0.33850
vn 0.17493 -0.96892 -0.17493
vn 0.17493 -0.96892 -0.17493
vn 0.00000 -0.93541 -0.35355
vn 0.16925 -0.92139 -0.34985
vn 0.00000 -0.98425 -0.17678
vn 0.00000 -0.98425 -0.17678
vn 0.00000 -0.93541 -0.35355
vn 0.00000 -0.93541 -0.35355
vn 0.00000 -0.98425 -0.17678
vn 0.00000 -0.98425 -0.17678
vn -0.16925 -0.92139 -0.34985
vn 0.00000 -0.93541 -0.35355
vn -0.17493 -0.96892 -0.17493
vn -0.17493 -0.96892 -0.17493
vn -0.33850 -0.87797 -0.33850
vn -0.16925 -0.92139 -0.34985
vn -0.34985 -0.92139 -0.16925
vn -0.34985 -0.92139 -0.16925
vn -0.50775 -0.80039 -0.31869
vn -0.33850 -0.87797 -0.33850
vn -0.52478 -0.83619 -0.15934
vn -0.52478 -0.83619 -0.15934
vn -0.67700 -0.67700 -0.28868
vn -0.50775 -0.80039 -0.31869
vn -0.69970 -0.69970 -0.14434
vn 0.67700 -0.67700 -0.28868
vn 0.47803 -0.73686 -0.47803
vn 0.63738 -0.63738 -0.43301
vn 0.50775 -0.80039 -0.31869
vn 0.50775 -0.80039 -0.31869
vn 0.31869 -0.80039 -0.50775
vn 0.47803 -0.73686 -0.47803
vn 0.33850 -0.87797 -0.33850
vn 0.33850 -0.87797 -0.33850
vn 0.15934 -0.83619 -0.52478
vn 0.31869 -0.80039 -0.50775
vn 0.16925 -0.92139 -0.34985
vn 0.16925 -0.92139 -0.34985
vn 0.00000 -0.84779 -0.53033
vn 0.15934 -0.83619 -0.52478
vn 0.00000 -0.93541 -0.35355
vn 0.00000 -0.93541 -0.35355
vn 0.00000 -0.84779 -0.53033
vn 0.00000 -0.84779 -0.53033
vn 0.00000 -0.93541 -0.35355
vn 0.00000 -0.93541 -0.35355
vn -0.15934 -0.83619 -0.52478
vn 0.00000 -0.84779 -0.53033
vn -0.16925 -0.92139 -0.34985
vn -0.16925 -0.92139 -0.34985
vn -0.31869 -0.80039 -0.50775
vn -0.15934 -0.83619 -0.52478
vn -0.33850 -0.87797 -0.33850
vn -0.33850 -0.87797 -0.33850
vn -0.47803 -0.73686 -0.47803
vn -0.31869 -0.80039 -0.50775
vn -0.50775 -0.80039 -0.31869
vn -0.50775 -0.80039 -0.31869
vn -0.63738 -0.63738 -0.43301
vn -0.47803 -0.73686 -0.47803
vn -0.67700 -0.67700 -0.28868
vn 0.63738 -0.63738 -0.43301
vn 0.43301 -0.63738 -0.63738
vn 0.57735 -0.57735 -0.57735
vn 0.47803 -0.73686 -0.47803
vn 0.47803 -0.73686 -0.47803
vn 0.28868 -0.67700 -0.67700
vn 0.43301 -0.63738 -0.63738
vn 0.31869 -0.80039 -0.50775
vn 0.31869 -0.80039 -0.50775
vn 0.14434 -0.69970 -0.69970
vn 0.28868 -0.67700 -0.67700
vn 0.15934 -0.83619 -0.52478
vn 0.15934 -0.83619 -0.52478
vn 0.00000 -0.70711 -0.70711
vn 0.14434 -0.69970 -0.69970
vn 0.00000 -0.84779 -0.53033
vn 0.00000 -0.84779 -0.53033
vn 0.00000 -0.70711 -0.70711
vn 0.00000 -0.70711 -0.70711
vn 0.00000 -0.84779 -0.53033
vn 0.00000 -0.84779 -0.53033
vn -0.14434 -0.69970 -0.69970
vn 0.00000 -0.70711 -0.70711
vn -0.15934 -0.83619 -0.52478
vn -0.15934 -0.83619 -0.52478
vn -0.28868 -0.67700 -0.67700
vn -0.14434 -0.69970 -0.69970
vn -0.31869 -0.80039 -0.50775
vn -0.31869 -0.80039 -0.50775
vn -0.43301 -0.63738 -0.63738
vn -0.28868 -0.67700 -0.67700
vn -0.47803 -0.73686 -0.47803
vn -0.47803 -0.73686 -0.47803
vn -0.57735 -0.57735 -0.57735
vn -0.43301 -0.63738 -0.63738
vn -0.63738 -0.63738 -0.43301
vn -0.57735 -0.57735 -0.57735
vn -0.73686 -0.47803 -0.47803
vn -0.63738 -0.43301 -0.63738
vn -0.63738 -0.63738 -0.43301
vn -0.63738 -0.63738 -0.43301
vn -0.80039 -0.50775 -0.31869
vn -0.73686 -0.47803 -0.47803
vn -0.67700 -0.67700 -0.28868
vn -0.67700 -0.67700 -0.28868
vn -0.83619 -0.52478 -0.15934
vn -0.80039 -0.50775 -0.31869
vn -0.69970 -0.69970 -0.14434
vn -0.69970 -0.69970 -0.14434
vn -0.84779 -0.53033 -0.00000
vn -0.83619 -0.52478 -0.15934
vn -0.70711 -0.70711 -0.00000
vn -0.70711 -0.70711 -0.00000
vn -0.84779 -0.53033 -0.00000
vn -0.84779 -0.53033 -0.00000
vn -0.70711 -0.70711 -0.00000
vn -0.70711 -0.70711 -0.00000
vn -0.83619 -0.52478 0.15934
vn -0.84779 -0.53033 -0.00000
vn -0.69970 -0.69970 0.14434
vn -0.69970 -0.69970 0.14434
vn -0.80039 -0.50775 0.31869
vn -0.83619 -0.52478 0.15934
vn -0.67700 -0.67700 0.28868
vn -0.67700 -0.67700 0.28868
vn -0.73686 -0.47803 0.47803
vn -0.80039 -0.50775 0.31869
vn -0.63738 -0.63738 0.43301
vn -0.63738 -0.63738 0.43301
vn -0.63738 -0.43301 0.63738
vn -0.73686 -0.47803 0.47803
vn -0.57735 -0.57735 0.57735
vn -0.63738 -0.43301 -0.63738
vn -0.80039 -0.31869 -0.50775
vn -0.67700 -0.28868 -0.67700
vn -0.73686 -0.47803 -0.47803
vn -0.73686 -0.47803 -0.47803
vn -0.87797 -0.33850 -0.33850
vn -0.80039 -0.31869 -0.50775
vn -0.80039 -0.50775 -0.31869
vn -0.80039 -0.50775 -0.31869
vn -0.92139 -0.34985 -0.16925
vn -0.87797 -0.33850 -0.33850
vn -0.83619 -0.52478 -0.15934
vn -0.83619 -0.52478 -0.15934
vn -0.93541 -0.35355 -0.00000
vn -0.92139 -0.34985 -0.16925
vn -0.84779 -0.53033 -0.00000
vn -0.84779 -0.53033 -0.00000
vn -0.93541 -0.35355 -0.00000
vn -0.93541 -0.35355 -0.00000
vn -0.84779 -0.53033 -0.00000
vn -0.84779 -0.53033 -0.00000
vn -0.92139 -0.34985 0.16925
vn -0.93541 -0.35355 -0.00000
vn -0.83619 -0.52478 0.15934
vn -0.83619 -0.52478 0.15934
vn -0.87797 -0.33850 0.33850
vn -0.92139 -0.34985 0.16925
vn -0.80039 -0.50775 0.31869
vn -0.80039 -0.50775 0.31869
vn -0.80039 -0.31869 0.50775
vn -0.87797 -0.33850 0.33850
vn -0.73686 -0.47803 0.47803
vn -0.73686 -0.47803 0.47803
vn -0.67700 -0.28868 0.67700
vn -0.80039 -0.31869 0.50775
vn -0.63738 -0.43301 0.63738
vn -0.67700 -0.28868 -0.67700
vn -0.83619 -0.15934 -0.52478
vn -0.69970 -0.14434 -0.69970
vn -0.80039 -0.31869 -0.50775
vn -0.80039 -0.31869 -0.50775
vn -0.92139 -0.16925 -0.34985
vn -0.83619 -0.15934 -0.52478
vn -0.87797 -0.33850 -0.33850
vn -0.87797 -0.33850 -0.33850
vn -0.96892 -0.17493 -0.17493
vn -0.92139 -0.16925 -0.34985
vn -0.92139 -0.34985 -0.16925
vn -0.92139 -0.34985 -0.16925
vn -0.98425 -0.17678 -0.00000
vn -0.96892 -0.17493 -0.17493
vn -0.93541 -0.35355 -0.00000
vn -0.93541 -0.35355 -0.00000
vn -0.98425 -0.17678 -0.00000
vn -0.98425 -0.17678 -0.00000
vn -0.93541 -0.35355 -0.00000
vn -0.93541 -0.35355 -0.00000
vn -0.96892 -0.17493 0.17493
vn -0.98425 -0.17678 -0.00000
vn -0.92139 -0.34985 0.16925
vn -0.92139 -0.34985 0.16925
vn -0.92139 -0.16925 0.34985
vn -0.96892 -0.17493 0.17493
vn -0.87797 -0.33850 0.33850
vn -0.87797 -0.33850 0.33850
vn -0.83619 -0.15934 0.52478
vn -0.92139 -0.16925 0.34985
vn -0.80039 -0.31869 0.50775
vn -0.80039 -0.31869 0.50775
vn -0.69970 -0.14434 0.69970
vn -0.83619 -0.15934 0.52478
vn -0.67700 -0.28868 0.67700
vn -0.69970 -0.14434 -0.69970
vn -0.84779 0.00000 -0.53033
vn -0.70711 0.00000 -0.70711
vn -0.83619 -0.15934 -0.52478
vn -0.83619 -0.15934 -0.52478
vn -0.93541 0.00000 -0.35355
vn -0.84779 0.00000 -0.53033
vn -0.92139 -0.16925 -0.34985
vn -0.92139 -0.16925 -0.34985
vn -0.98425 0.00000 -0.17678
vn -0.93541 0.00000 -0.35355
vn -0.96892 -0.17493 -0.17493
vn -0.96892 -0.17493 -0.17493
vn -1.00000 0.00000 0.00000
vn -0.98425 0.00000 -0.17678
vn -0.98425 -0.17678 -0.00000
vn -0.98425 -0.17678 -0.00000
vn -1.00000 0.00000 0.00000
vn -1.00000 0.00000 0.00000
vn -0.98425 -0.17678 -0.00000
vn -0.98425 -0.17678 -0.00000
vn -0.98425 -0.00000 0.17678
vn -1.00000 0.00000 0.00000
vn -0.96892 -0.17493 0.17493
vn -0.96892 -0.17493 0.17493
vn -0.93541 -0.00000 0.35355
vn -0.98425 -0.00000 0.17678
vn -0.92139 -0.16925 0.34985
vn -0.92139 -0.16925 0.34985
vn -0.84779 -0.00000 0.53033
vn -0.93541 -0.00000 0.35355
vn -0.83619 -0.15934 0.52478
vn -0.83619 -0.15934 0.52478
vn -0.70711 -0.00000 0.70711
vn -0.84779 -0.00000 0.53033
vn -0.69970 -0.14434 0.69970
vn -0.70711 0.00000 -0.70711
vn -0.84779 0.00000 -0.53033
vn -0.70711 0.00000 -0.70711
vn -0.84779 0.00000 -0.53033
vn -0.84779 0.00000 -0.53033
vn -0.93541 0.00000 -0.35355
vn -0.84779 0.00000 -0.53033
vn -0.93541 0.00000 -0.35355
vn -0.93541 0.00000 -0.35355
vn -0.98425 0.00000 -0.17678
vn -0.93541 0.00000 -0.35355
vn -0.98425 0.00000 -0.17678
vn -0.98425 0.00000 -0.17678
vn -1.00000 0.00000 0.00000
vn -0.98425 0.00000 -0.17678
vn -1.00000 0.00000 0.00000
vn -1.00000 0.00000 0.00000
vn -1.00000 0.00000 0.00000
vn -1.00000 0.00000 0.00000
vn -1.00000 0.00000 0.00000
vn -1.00000 0.00000 0.00000
vn -0.98425 -0.00000 0.17678
vn -1.00000 0.00000 0.00000
vn -0.98425 -0.00000 0.17678
vn -0.98425 -0.00000 0.17678
vn -0.93541 -0.00000 0.35355
vn -0.98425 -0.00000 0.17678
vn -0.93541 -0.00000 0.35355
vn -0.93541 -0.00000 0.35355
vn -0.84779 -0.00000 0.53033
vn -0.93541 -0.00000 0.35355
vn -0.84779 -0.00000 0.53033
vn -0.84779 -0.00000 0.53033
vn -0.70711 -0.00000 0.70711
vn -0.84779 -0.00000 0.53033
vn -0.70711 -0.00000 0.70711
vn -0.70711 0.00000 -0.70711
vn -0.83619 0.15934 -0.52478
vn -0.69970 0.14434 -0.69970
vn -0.84779 0.00000 -0.53033
vn -0.84779 0.00000 -0.53033
vn -0.92139 0.16925 -0.34985
vn -0.83619 0.15934 -0.52478
vn -0.93541 0.00000 -0.35355
vn -0.93541 0.00000 -0.35355
vn -0.96892 0.17493 -0.17493
vn -0.92139 0.16925 -0.34985
vn -0.98425 0.00000 -0.17678
vn -0.98425 0.00000 -0.17678
vn -0.98425 0.17678 0.00000
vn -0.96892 0.17493 -0.17493
vn -1.00000 0.00000 0.00000
vn -1.00000 0.00000 0.00000
vn -0.98425 0.17678 0.00000
vn -0.98425 0.17678 0.00000
vn -1.00000 0.00000 0.00000
vn -1.00000 0.00000 0.00000
vn -0.96892 0.17493 0.17493
vn -0.98425 0.17678 0.00000
vn -0.98425 -0.00000 0.17678
vn -0.98425 -0.00000 0.17678
vn -0.92139 0.16925 0.34985
vn -0.96892 0.17493 0.17493
vn -0.93541 -0.00000 0.35355
vn -0.93541 -0.00000 0.35355
vn -0.83619 0.15934 0.52478
vn -0.92139 0.16925 0.34985
vn -0.84779 -0.00000 0.53033
vn -0.84779 -0.00000 0.53033
vn -0.69970 0.14434 0.69970
vn -0.83619 0.15934 0.52478
vn -0.70711 -0.00000 0.70711
vn -0.69970 0.14434 -0.69970
vn -0.80039 0.31869 -0.50775
vn -0.67700 0.28868 -0.67700
vn -0.83619 0.15934 -0.52478
vn -0.83619 0.15934 -0.52478
vn -0.87797 0.33850 -0.33850
vn -0.80039 0.31869 -0.50775
vn -0.92139 0.16925 -0.34985
vn -0.92139 0.16925 -0.34985
vn -0.92139 0.34985 -0.16925
vn -0.87797 0.33850 -0.33850
vn -0.96892 0.17493 -0.17493
vn -0.96892 0.17493 -0.17493
vn -0.93541 0.35355 0.00000
vn -0.92139 0.34985 -0.16925
vn -0.98425 0.17678 0.00000
vn -0.98425 0.17678 0.00000
vn -0.93541 0.35355 0.00000
vn -0.93541 0.35355 0.00000
vn -0.98425 0.17678 0.00000
vn -0.98425 0.17678 0.00000
vn -0.92139 0.34985 0.16925
vn -0.93541 0.35355 0.00000
vn -0.96892 0.17493 0.17493
vn -0.96892 0.17493 0.17493
vn -0.87797 0.33850 0.33850
vn -0.92139 0.34985 0.16925
vn -0.92139 0.16925 0.34985
vn -0.92139 0.16925 0.34985
vn -0.80039 0.31869 0.50775
vn -0.87797 0.33850 0.33850
vn -0.83619 0.15934 0.52478
vn -0.83619 0.15934 0.52478
vn -0.67700 0.28868 0.67700
vn -0.80039 0.31869 0.50775
vn -0.69970 0.14434 0.69970
vn -0.67700 0.28868 -0.67700
vn -0.73686 0.47803 -0.47803
vn -0.63738 0.43301 -0.63738
vn -0.80039 0.31869 -0.50775
vn -0.80039 0.31869 -0.50775
vn -0.80039 0.50775 -0.31869
vn -0.73686 0.47803 -0.47803
vn -0.87797 0.33850 -0.33850
vn -0.87797 0.33850 -0.33850
vn -0.83619 0.52478 -0.15934
vn -0.80039 0.50775 -0.31869
vn -0.92139 0.34985 -0.16925
vn -0.92139 0.34985 -0.16925
vn -0.84779 0.53033 0.00000
vn -0.83619 0.52478 -0.15934
vn -0.93541 0.35355 0.00000
vn -0.93541 0.35355 0.00000
vn -0.84779 0.53033 0.00000
vn -0.84779 0.53033 0.00000
vn -0.93541 0.35355 0.00000
vn -0.93541 0.35355 0.00000
vn -0.83619 0.52478 0.15934
vn -0.84779 0.53033 0.00000
vn -0.92139 0.34985 0.16925
vn -0.92139 0.34985 0.16925
vn -0.80039 0.50775 0.31869
vn -0.83619 0.52478 0.15934
vn -0.87797 0.33850 0.33850
vn -0.87797 0.33850 0.33850
vn -0.73686 0.47803 0.47803
vn -0.80039 0.50775 0.31869
vn -0.80039 0.31869 0.50775
vn -0.80039 0.31869 0.50775
vn -0.63738 0.43301 0.63738
vn -0.73686 0.47803 0.47803
vn -0.67700 0.28868 0.67700
vn -0.63738 0.43301 -0.63738
vn -0.63738 0.63738 -0.43301
vn -0.57735 0.57735 -0.57735
vn -0.73686 0.47803 -0.47803
vn -0.73686 0.47803 -0.47803
vn -0.67700 0.67700 -0.28868
vn -0.63738 0.63738 -0.43301
vn -0.80039 0.50775 -0.31869
vn -0.80039 0.50775 -0.31869
vn -0.69970 0.69970 -0.14434
vn -0.67700 0.67700 -0.28868
vn -0.83619 0.52478 -0.15934
vn -0.83619 0.52478 -0.15934
vn -0.70711 0.70711 0.00000
vn -0.69970 0.69970 -0.14434
vn -0.84779 0.53033 0.00000
vn -0.84779 0.53033 0.00000
vn -0.70711 0.70711 0.00000
vn -0.70711 0.70711 0.00000
vn -0.84779 0.53033 0.00000
vn -0.84779 0.53033 0.00000
vn -0.69970 0.69970 0.14434
vn -0.70711 0.70711 0.00000
vn -0.83619 0.52478 0.15934
vn -0.83619 0.52478 0.15934
vn -0.67700 0.67700 0.28868
vn -0.69970 0.69970 0.14434
vn -0.80039 0.50775 0.31869
vn -0.80039 0.50775 0.31869
vn -0.63738 0.63738 0.43301
vn -0.67700 0.67700 0.28868
vn -0.73686 0.47803 0.47803
vn -0.73686 0.47803 0.47803
vn -0.57735 0.57735 0.57735
vn -0.63738 0.63738 0.43301
vn -0.63738 0.43301 0.63738
vn -0.57735 -0.57735 0.57735
vn -0.47803 -0.47803 0.73686
vn -0.63738 -0.43301 0.63738
vn -0.43301 -0.63738 0.63738
vn -0.43301 -0.63738 0.63738
vn -0.31869 -0.50775 0.80039
vn -0.47803 -0.47803 0.73686
vn -0.28868 -0.67700 0.67700
vn -0.28868 -0.67700 0.67700
vn -0.15934 -0.52478 0.83619
vn -0.31869 -0.50775 0.80039
vn -0.14434 -0.69970 0.69970
vn -0.14434 -0.69970 0.69970
vn 0.00000 -0.53033 0.84779
vn -0.15934 -0.52478 0.83619
vn 0.00000 -0.70711 0.70711
vn 0.00000 -0.70711 0.70711
vn 0.00000 -0.53033 0.84779
vn 0.00000 -0.53033 0.84779
vn 0.00000 -0.70711 0.70711
vn 0.00000 -0.70711 0.70711
vn 0.15934 -0.52478 0.83619
vn 0.00000 -0.53033 0.84779
vn 0.14434 -0.69970 0.69970
vn 0.14434 -0.69970 0.69970
vn 0.31869 -0.50775 0.80039
vn 0.15934 -0.52478 0.83619
vn 0.28868 -0.67700 0.67700
vn 0.28868 -0.67700 0.67700
vn 0.47803 -0.47803 0.73686
vn 0.31869 -0.50775 0.80039
vn 0.43301 -0.63738 0.63738
vn 0.43301 -0.63738 0.63738
vn 0.63738 -0.43301 0.63738
vn 0.47803 -0.47803 0.73686
vn 0.57735 -0.57735 0.57735
vn -0.63738 -0.43301 0.63738
vn -0.50775 -0.31869 0.80039
vn -0.67700 -0.28868 0.67700
vn -0.47803 -0.47803 0.73686
vn -0.47803 -0.47803 0.73686
vn -0.33850 -0.33850 0.87797
vn -0.50775 -0.31869 0.80039
vn -0.31869 -0.50775 0.80039
vn -0.31869 -0.50775 0.80039
vn -0.16925 -0.34985 0.92139
vn -0.33850 -0.33850 0.87797
vn -0.15934 -0.52478 0.83619
vn -0.15934 -0.52478 0.83619
vn 0.00000 -0.35355 0.93541
vn -0.16925 -0.34985 0.92139
vn 0.00000 -0.53033 0.84779
vn 0.00000 -0.53033 0.84779
vn 0.00000 -0.35355 0.93541
vn 0.00000 -0.35355 0.93541
vn 0.00000 -0.53033 0.84779
vn 0.00000 -0.53033 0.84779
vn 0.16925 -0.34985 0.92139
vn 0.00000 -0.35355 0.93541
vn 0.15934 -0.52478 0.83619
vn 0.15934 -0.52478 0.83619
vn 0.33850 -0.33850 0.87797
vn 0.16925 -0.34985 0.92139
vn 0.31869 -0.50775 0.80039
vn 0.31869 -0.50775 0.80039
vn 0.50775 -0.31869 0.80039
vn 0.33850 -0.33850 0.87797
vn 0.47803 -0.47803 0.73686
vn 0.47803 -0.47803 0.73686
vn 0.67700 -0.28868 0.67700
vn 0.50775 -0.31869 0.80039
vn 0.63738 -0.43301 0.63738
vn -0.67700 -0.28868 0.67700
vn -0.52478 -0.15934 0.83619
vn -0.69970 -0.14434 0.69970
vn -0.50775 -0.31869 0.80039
vn -0.50775 -0.31869 0.80039
vn -0.34985 -0.16925 0.92139
vn -0.52478 -0.15934 0.83619
vn -0.33850 -0.33850 0.87797
vn -0.33850 -0.33850 0.87797
vn -0.17493 -0.17493 0.96892
vn -0.34985 -0.16925 0.92139
vn -0.16925 -0.34985 0.92139
vn -0.16925 -0.34985 0.92139
vn 0.00000 -0.17678 0.98425
vn -0.17493 -0.17493 0.96892
vn 0.00000 -0.35355 0.93541
vn 0.00000 -0.35355 0.93541
vn 0.00000 -0.17678 0.98425
vn 0.00000 -0.17678 0.98425
vn 0.00000 -0.35355 0.93541
vn 0.00000 -0.35355 0.93541
vn 0.17493 -0.17493 0.96892
vn 0.00000 -0.17678 0.98425
vn 0.16925 -0.34985 0.92139
vn 0.16925 -0.34985 0.92139
vn 0.34985 -0.16925 0.92139
vn 0.17493 -0.17493 0.96892
vn 0.33850 -0.33850 0.87797
vn 0.33850 -0.33850 0.87797
vn 0.52478 -0.15934 0.83619
vn 0.34985 -0.16925 0.92139
vn 0.50775 -0.31869 0.80039
vn 0.50775 -0.31869 0.80039
vn 0.69970 -0.14434 0.69970
vn 0.52478 -0.15934 0.83619
vn 0.67700 -0.28868 0.67700
vn -0.69970 -0.14434 0.69970
vn -0.53033 -0.00000 0.84779
vn -0.70711 -0.00000 0.70711
vn -0.52478 -0.15934 0.83619
vn -0.52478 -0.15934 0.83619
vn -0.35355 -0.00000 0.93541
vn -0.53033 -0.00000 0.84779
vn -0.34985 -0.16925 0.92139
vn -0.34985 -0.16925 0.92139
vn -0.17678 -0.00000 0.98425
vn -0.35355 -0.00000 0.93541
vn -0.17493 -0.17493 0.96892
vn -0.17493 -0.17493 0.96892
vn 0.00000 -0.00000 1.00000
vn -0.17678 -0.00000 0.98425
vn 0.00000 -0.17678 0.98425
vn 0.00000 -0.17678 0.98425
vn 0.00000 -0.00000 1.00000
vn 0.00000 -0.00000 1.00000
vn 0.00000 -0.17678 0.98425
vn 0.00000 -0.17678 0.98425
vn 0.17678 -0.00000 0.98425
vn 0.00000 -0.00000 1.00000
vn 0.17493 -0.17493 0.96892
vn 0.17493 -0.17493 0.96892
vn 0.35355 -0.00000 0.93541
vn 0.17678 -0.00000 0.98425
vn 0.34985 -0.16925 0.92139
vn 0.34985 -0.16925 0.92139
vn 0.53033 -0.00000 0.84779
vn 0.35355 -0.00000 0.93541
vn 0.52478 -0.15934 0.83619
vn 0.52478 -0.15934 0.83619
vn 0.70711 -0.00000 0.70711
vn 0.53033 -0.00000 0.84779
vn 0.69970 -0.14434 0.69970
vn -0.70711 -0.00000 0.70711
vn -0.53033 -0.00000 0.84779
vn -0.70711 -0.00000 0.70711
vn -0.53033 -0.00000 0.84779
vn -0.53033 -0.00000 0.84779
vn -0.35355 -0.00000 0.93541
vn -0.53033 -0.00000 0.84779
vn -0.35355 -0.00000 0.93541
vn -0.35355 -0.00000 0.93541
vn -0.17678 -0.00000 0.98425
vn -0.35355 -0.00000 0.93541
vn -0.17678 -0.00000 0.98425
vn -0.17678 -0.00000 0.98425
vn 0.00000 -0.00000 1.00000
vn -0.17678 -0.00000 0.98425
vn 0.00000 -0.00000 1.00000
vn 0.00000 -0.00000 1.00000
vn 0.00000 -0.00000 1.00000
vn 0.00000 -0.00000 1.00000
vn 0.00000 -0.00000 1.00000
vn 0.00000 -0.00000 1.00000
vn 0.17678 -0.00000 0.98425
vn 0.00000 -0.00000 1.00000
vn 0.17678 -0.00000 0.98425
vn 0.17678 -0.00000 0.98425
vn 0.35355 -0.00000 0.93541
vn 0.17678 -0.00000 0.98425
vn 0.35355 -0.00000 0.93541
vn 0.35355 -0.00000 0.93541
vn 0.53033 -0.00000 0.84779
vn 0.35355 -0.00000 0.93541
vn 0.53033 -0.00000 0.84779
vn 0.53033 -0.00000 0.84779
vn 0.70711 -0.00000 0.70711
vn 0.53033 -0.00000 0.84779
vn 0.70711 -0.00000 0.70711
vn -0.70711 -0.00000 0.70711
vn -0.52478 0.15934 0.83619
vn -0.69970 0.14434 0.69970
vn -0.53033 -0.00000 0.84779
vn -0.53033 -0.00000 0.84779
vn -0.34985 0.16925 0.92139
vn -0.52478 0.15934 0.83619
vn -0.35355 -0.00000 0.93541
vn -0.35355 -0.00000 0.93541
vn -0.17493 0.17493 0.96892
vn -0.34985 0.16925 0.92139
vn -0.17678 -0.00000 0.98425
vn -0.17678 -0.00000 0.98425
vn 0.00000 0.17678 0.98425
vn -0.17493 0.17493 0.96892
vn 0.00000 -0.00000 1.00000
vn 0.00000 -0.00000 1.00000
vn 0.00000 0.17678 0.98425
vn 0.00000 0.17678 0.98425
vn 0.00000 -0.00000 1.00000
vn 0.00000 -0.00000 1.00000
vn 0.17493 0.17493 0.96892
vn 0.00000 0.17678 0.98425
vn 0.17678 -0.00000 0.98425
vn 0.17678 -0.00000 0.98425
vn 0.34985 0.16925 0.92139
vn 0.17493 0.17493 0.96892
vn 0.35355 -0.00000 0.93541
vn 0.35355 -0.00000 0.93541
vn 0.52478 0.15934 0.83619
vn 0.34985 0.16925 0.92139
vn 0.53033 -0.00000 0.84779
vn 0.53033 -0.00000 0.84779
vn 0.69970 0.14434 0.69970
vn 0.52478 0.15934 0.83619
vn 0.70711 -0.00000 0.70711
vn -0.69970 0.14434 0.69970
vn -0.50775 0.31869 0.80039
vn -0.67700 0.28868 0.67700
vn -0.52478 0.15934 0.83619
vn -0.52478 0.15934 0.83619
vn -0.33850 0.33850 0.87797
vn -0.50775 0.31869 0.80039
vn -0.34985 0.16925 0.92139
vn -0.34985 0.16925 0.92139
vn -0.16925 0.34985 0.92139
vn -0.33850 0.33850 0.87797
vn -0.17493 0.17493 0.96892
vn -0.17493 0.17493 0.96892
vn 0.00000 0.35355 0.93541
vn -0.16925 0.34985 0.92139
vn 0.00000 0.17678 0.98425
vn 0.00000 0.17678 0.98425
vn 0.00000 0.35355 0.93541
vn 0.00000 0.35355 0.93541
vn 0.00000 0.17678 0.98425
vn 0.00000 0.17678 0.98425
vn 0.16925 0.34985 0.92139
vn 0.00000 0.35355 0.93541
vn 0.17493 0.17493 0.96892
vn 0.17493 0.17493 0.96892
vn 0.33850 0.33850 0.87797
vn 0.16925 0.34985 0.92139
vn 0.34985 0.16925 0.92139
vn 0.34985 0.16925 0.92139
vn 0.50775 0.31869 0.80039
vn 0.33850 0.33850 0.87797
vn 0.52478 0.15934 0.83619
vn 0.52478 0.15934 0.83619
vn 0.67700 0.28868 0.67700
vn 0.50775 0.31869 0.80039
vn 0.69970 0.14434 0.69970
vn -0.67700 0.28868 0.67700
vn -0.47803 0.47803 0.73686
vn -0.63738 0.43301 0.63738
vn -0.50775 0.31869 0.80039
vn -0.50775 0.31869 0.80039
vn -0.31869 0.50775 0.80039
vn -0.47803 0.47803 0.73686
vn -0.33850 0.33850 0.87797
vn -0.33850 0.33850 0.87797
vn -0.15934 0.52478 0.83619
vn -0.31869 0.50775 0.80039
vn -0.16925 0.34985 0.92139
vn -0.16925 0.34985 0.92139
vn 0.00000 0.53033 0.84779
vn -0.15934 0.52478 0.83619
vn 0.00000 0.35355 0.93541
vn 0.00000 0.35355 0.93541
vn 0.00000 0.53033 0.84779
vn 0.00000 0.53033 0.84779
vn 0.00000 0.35355 0.93541
vn 0.00000 0.35355 0.93541
vn 0.15934 0.52478 0.83619
vn 0.00000 0.53033 0.84779
vn 0.16925 0.34985 0.92139
vn 0.16925 0.34985 0.92139
vn 0.31869 0.50775 0.80039
vn 0.15934 0.52478 0.83619
vn 0.33850 0.33850 0.87797
vn 0.33850 0.33850 0.87797
vn 0.47803 0.47803 0.73686
vn 0.31869 0.50775 0.80039
vn 0.50775 0.31869 0.80039
vn 0.50775 0.31869 0.80039
vn 0.63738 0.43301 0.63738
vn 0.47803 0.47803 0.73686
vn 0.67700 0.28868 0.67700
vn -0.63738 0.43301 0.63738
vn -0.43301 0.63738 0.63738
vn -0.57735 0.57735 0.57735
vn -0.47803 0.47803 0.73686
vn -0.47803 0.47803 0.73686
vn -0.28868 0.67700 0.67700
vn -0.43301 0.63738 0.63738
vn -0.31869 0.50775 0.80039
vn -0.31869 0.50775 0.80039
vn -0.14434 0.69970 0.69970
vn -0.28868 0.67700 0.67700
vn -0.15934 0.52478 0.83619
vn -0.15934 0.52478 0.83619
vn 0.00000 0.70711 0.70711
vn -0.14434 0.69970 0.69970
vn 0.00000 0.53033 0.84779
vn 0.00000 0.53033 0.84779
vn 0.00000 0.70711 0.70711
vn 0.00000 0.70711 0.70711
vn 0.00000 0.53033 0.84779
vn 0.00000 0.53033 0.84779
vn 0.14434 0.69970 0.69970
vn 0.00000 0.70711 0.70711
vn 0.15934 0.52478 0.83619
vn 0.15934 0.52478 0.83619
vn 0.28868 0.67700 0.67700
vn 0.14434 0.69970 0.69970
vn 0.31869 0.50775 0.80039
vn 0.31869 0.50775 0.80039
vn 0.43301 0.63738 0.63738
vn 0.28868 0.67700 0.67700
vn 0.47803 0.47803 0.73686
vn 0.47803 0.47803 0.73686
vn 0.57735 0.57735 0.57735
vn 0.43301 0.63738 0.63738
vn 0.63738 0.43301 0.63738
vn 0.57735 -0.57735 -0.57735
vn 0.47803 -0.47803 -0.73686
vn 0.63738 -0.43301 -0.63738
vn 0.43301 -0.63738 -0.63738
vn 0.43301 -0.63738 -0.63738
vn 0.31869 -0.50775 -0.80039
vn 0.47803 -0.47803 -0.73686
vn 0.28868 -0.67700 -0.67700
vn 0.28868 -0.67700 -0.67700
vn 0.15934 -0.52478 -0.83619
vn 0.31869 -0.50775 -0.80039
vn 0.14434 -0.69970 -0.69970
vn 0.14434 -0.69970 -0.69970
vn 0.00000 -0.53033 -0.84779
vn 0.15934 -0.52478 -0.83619
vn 0.00000 -0.70711 -0.70711
vn 0.00000 -0.70711 -0.70711
vn 0.00000 -0.53033 -0.84779
vn 0.00000 -0.53033 -0.84779
vn 0.00000 -0.70711 -0.70711
vn 0.00000 -0.70711 -0.70711
vn -0.15934 -0.52478 -0.83619
vn 0.00000 -0.53033 -0.84779
vn -0.14434 -0.69970 -0.69970
vn -0.14434 -0.69970 -0.69970
vn -0.31869 -0.50775 -0.80039
vn -0.15934 -0.52478 -0.83619
vn -0.28868 -0.67700 -0.67700
vn -0.28868 -0.67700 -0.67700
vn -0.47803 -0.47803 -0.73686
vn -0.31869 -0.50775 -0.80039
vn -0.43301 -0.63738 -0.63738
vn -0.43301 -0.63738 -0.63738
vn -0.63738 -0.43301 -0.63738
vn -0.47803 -0.47803 -0.73686
vn -0.57735 -0.57735 -0.57735
vn 0.63738 -0.43301 -0.63738
vn 0.50775 -0.31869 -0.80039
vn 0.67700 -0.28868 -0.67700
vn 0.47803 -0.47803 -0.73686
vn 0.47803 -0.47803 -0.73686
vn 0.33850 -0.33850 -0.87797
vn 0.50775 -0.31869 -0.80039
vn 0.31869 -0.50775 -0.80039
vn 0.31869 -0.50775 -0.80039
vn 0.16925 -0.34985 -0.92139
vn 0.33850 -0.33850 -0.87797
vn 0.15934 -0.52478 -0.83619
vn 0.15934 -0.52478 -0.83619
vn 0.00000 -0.35355 -0.93541
vn 0.16925 -0.34985 -0.92139
vn 0.00000 -0.53033 -0.84779
vn 0.00000 -0.53033 -0.84779
vn 0.00000 -0.35355 -0.93541
vn 0.00000 -0.35355 -0.93541
vn 0.00000 -0.53033 -0.84779
vn 0.00000 -0.53033 -0.84779
vn -0.16925 -0.34985 -0.92139
vn 0.00000 -0.35355 -0.93541
vn -0.15934 -0.52478 -0.83619
vn -0.15934 -0.52478 -0.83619
vn -0.33850 -0.33850 -0.87797
vn -0.16925 -0.34985 -0.92139
vn -0.31869 -0.50775 -0.80039
vn -0.31869 -0.50775 -0.80039
vn -0.50775 -0.31869 -0.80039
vn -0.33850 -0.33850 -0.87797
vn -0.47803 -0.47803 -0.73686
vn -0.47803 -0.47803 -0.73686
vn -0.67700 -0.28868 -0.67700
vn -0.50775 -0.31869 -0.80039
vn -0.63738 -0.43301 -0.63738
vn 0.67700 -0.28868 -0.67700
vn 0.52478 -0.15934 -0.83619
vn 0.69970 -0.14434 -0.69970
vn 0.50775 -0.31869 -0.80039
vn 0.50775 -0.31869 -0.80039
vn 0.34985 -0.16925 -0.92139
vn 0.52478 -0.15934 -0.83619
vn 0.33850 -0.33850 -0.87797
vn 0.33850 -0.33850 -0.87797
vn 0.17493 -0.17493 -0.96892
vn 0.34985 -0.16925 -0.92139
vn 0.16925 -0.34985 -0.92139
vn 0.16925 -0.34985 -0.92139
vn 0.00000 -0.17678 -0.98425
vn 0.17493 -0.17493 -0.96892
vn 0.00000 -0.35355 -0.93541
vn 0.00000 -0.35355 -0.93541
vn 0.00000 -0.17678 -0.98425
vn 0.00000 -0.17678 -0.98425
vn 0.00000 -0.35355 -0.93541
vn 0.00000 -0.35355 -0.93541
vn -0.17493 -0.17493 -0.96892
vn 0.00000 -0.17678 -0.98425
vn -0.16925 -0.34985 -0.92139
vn -0.16925 -0.34985 -0.92139
vn -0.34985 -0.16925 -0.92139
vn -0.17493 -0.17493 -0.96892
vn -0.33850 -0.33850 -0.87797
vn -0.33850 -0.33850 -0.87797
vn -0.52478 -0.15934 -0.83619
vn -0.34985 -0.16925 -0.92139
vn -0.50775 -0.31869 -0.80039
vn -0.50775 -0.31869 -0.80039
vn -0.69970 -0.14434 -0.69970
vn -0.52478 -0.15934 -0.83619
vn -0.67700 -0.28868 -0.67700
vn 0.69970 -0.14434 -0.69970
vn 0.53033 0.00000 -0.84779
vn 0.70711 0.00000 -0.70711
vn 0.52478 -0.15934 -0.83619
vn 0.52478 -0.15934 -0.83619
vn 0.35355 0.00000 -0.93541
vn 0.53033 0.00000 -0.84779
vn 0.34985 -0.16925 -0.92139
vn 0.34985 -0.16925 -0.92139
vn 0.17678 0.00000 -0.98425
vn 0.35355 0.00000 -0.93541
vn 0.17493 -0.17493 -0.96892
vn 0.17493 -0.17493 -0.96892
vn 0.00000 0.00000 -1.00000
vn 0.17678 0.00000 -0.98425
vn 0.00000 -0.17678 -0.98425
vn 0.00000 -0.17678 -0.98425
vn 0.00000 0.00000 -1.00000
vn 0.00000 0.00000 -1.00000
vn 0.00000 -0.17678 -0.98425
vn 0.00000 -0.17678 -0.98425
vn -0.17678 0.00000 -0.98425
vn 0.00000 0.00000 -1.00000
vn -0.17493 -0.17493 -0.96892
vn -0.17493 -0.17493 -0.96892
vn -0.35355 0.00000 -0.93541
vn -0.17678 0.00000 -0.98425
vn -0.34985 -0.16925 -0.92139
vn -0.34985 -0.16925 -0.92139
vn -0.53033 0.00000 -0.84779
vn -0.35355 0.00000 -0.93541
vn -0.52478 -0.15934 -0.83619
vn -0.52478 -0.15934 -0.83619
vn -0.70711 0.00000 -0.70711
vn -0.53033 0.00000 -0.84779
vn -0.69970 -0.14434 -0.69970
vn 0.70711 0.00000 -0.70711
vn 0.53033 0.00000 -0.84779
vn 0.70711 0.00000 -0.70711
vn 0.53033 0.00000 -0.84779
vn 0.53033 0.00000 -0.84779
vn 0.35355 0.00000 -0.93541
vn 0.53033 0.00000 -0.84779
vn 0.35355 0.00000 -0.93541
vn 0.35355 0.00000 -0.93541
vn 0.17678 0.00000 -0.98425
vn 0.35355 0.00000 -0.93541
vn 0.17678 0.00000 -0.98425
vn 0.17678 0.00000 -0.98425
vn 0.00000 0.00000 -1.00000
vn 0.17678 0.00000 -0.98425
vn 0.00000 0.00000 -1.00000
vn 0.00000 0.00000 -1.00000
vn 0.00000 0.00000 -1.00000
vn 0.00000 0.00000 -1.00000
vn 0.00000 0.00000 -1.00000
vn 0.00000 0.00000 -1.00000
vn -0.17678 0.00000 -0.98425
vn 0.00000 0.00000 -1.00000
vn -0.17678 0.00000 -0.98425
vn -0.17678 0.00000 -0.98425
vn -0.35355 0.00000 -0.93541
vn -0.17678 0.00000 -0.98425
vn -0.35355 0.00000 -0.93541
vn -0.35355 0.00000 -0.93541
vn -0.53033 0.00000 -0.84779
vn -0.35355 0.00000 -0.93541
vn -0.53033 0.00000 -0.84779
vn -0.53033 0.00000 -0.84779
vn -0.70711 0.00000 -0.70711
vn -0.53033 0.00000 -0.84779
vn -0.70711 0.00000 -0.70711
vn 0.70711 0.00000 -0.70711
vn 0.52478 0.15934 -0.83619
vn 0.69970 0.14434 -0.69970
vn 0.53033 0.00000 -0.84779
vn 0.53033 0.00000 -0.84779
vn 0.34985 0.16925 -0.92139
vn 0.52478 0.15934 -0.83619
vn 0.35355 0.00000 -0.93541
vn 0.35355 0.00000 -0.93541
vn 0.17493 0.17493 -0.96892
vn 0.34985 0.16925 -0.92139
vn 0.17678 0.00000 -0.98425
vn 0.17678 0.00000 -0.98425
vn 0.00000 0.17678 -0.98425
vn 0.17493 0.17493 -0.96892
vn 0.00000 0.00000 -1.00000
vn 0.00000 0.00000 -1.00000
vn 0.00000 0.17678 -0.98425
vn 0.00000 0.17678 -0.98425
vn 0.00000 0.00000 -1.00000
vn 0.00000 0.00000 -1.00000
vn -0.17493 0.17493 -0.96892
vn 0.00000 0.17678 -0.98425
vn -0.17678 0.00000 -0.98425
vn -0.17678 0.00000 -0.98425
vn -0.34985 0.16925 -0.92139
vn -0.17493 0.17493 -0.96892
vn -0.35355 0.00000 -0.93541
vn -0.35355 0.00000 -0.93541
vn -0.52478 0.15934 -0.83619
vn -0.34985 0.16925 -0.92139
vn -0.53033 0.00000 -0.84779
vn -0.53033 0.00000 -0.84779
vn -0.69970 0.14434 -0.69970
vn -0.52478 0.15934 -0.83619
vn -0.70711 0.00000 -0.70711
vn 0.69970 0.14434 -0.69970
vn 0.50775 0.31869 -0.80039
vn 0.67700 0.28868 -0.67700
vn 0.52478 0.15934 -0.83619
vn 0.52478 0.15934 -0.83619
vn 0.33850 0.33850 -0.87797
vn 0.50775 0.31869 -0.80039
vn 0.34985 0.16925 -0.92139
vn 0.34985 0.16925 -0.92139
vn 0.16925 0.34985 -0.92139
vn 0.33850 0.33850 -0.87797
vn 0.17493 0.17493 -0.96892
vn 0.17493 0.17493 -0.96892
vn 0.00000 0.35355 -0.93541
vn 0.16925 0.34985 -0.92139
vn 0.00000 0.17678 -0.98425
vn 0.00000 0.17678 -0.98425
vn 0.00000 0.35355 -0.93541
vn 0.00000 0.35355 -0.93541
vn 0.00000 0.17678 -0.98425
vn 0.00000 0.17678 -0.98425
vn -0.16925 0.34985 -0.92139
vn 0.00000 0.35355 -0.93541
vn -0.17493 0.17493 -0.96892
vn -0.17493 0.17493 -0.96892
vn -0.33850 0.33850 -0.87797
vn -0.16925 0.34985 -0.92139
vn -0.34985 0.16925 -0.92139
vn -0.34985 0.16925 -0.92139
vn -0.50775 0.31869 -0.80039
vn -0.33850 0.33850 -0.87797
vn -0.52478 0.15934 -0.83619
vn -0.52478 0.15934 -0.83619
vn -0.67700 0.28868 -0.67700
vn -0.50775 0.31869 -0.80039
vn -0.69970 0.14434 -0.69970
vn 0.67700 0.28868 -0.67700
vn 0.47803 0.47803 -0.73686
vn 0.63738 0.43301 -0.63738
vn 0.50775 0.31869 -0.80039
vn 0.50775 0.31869 -0.80039
vn 0.31869 0.50775 -0.80039
vn 0.47803 0.47803 -0.73686
vn 0.33850 0.33850 -0.87797
vn 0.33850 0.33850 -0.87797
vn 0.15934 0.52478 -0.83619
vn 0.31869 0.50775 -0.80039
vn 0.16925 0.34985 -0.92139
vn 0.16925 0.34985 -0.92139
vn 0.00000 0.53033 -0.84779
vn 0.15934 0.52478 -0.83619
vn 0.00000 0.35355 -0.93541
vn 0.00000 0.35355 -0.93541
vn 0.00000 0.53033 -0.84779
vn 0.00000 0.53033 -0.84779
vn 0.00000 0.35355 -0.93541
vn 0.00000 0.35355 -0.93541
vn -0.15934 0.52478 -0.83619
vn 0.00000 0.53033 -0.84779
vn -0.16925 0.34985 -0.92139
vn -0.16925 0.34985 -0.92139
vn -0.31869 0.50775 -0.80039
vn -0.15934 0.52478 -0.83619
vn -0.33850 0.33850 -0.87797
vn -0.33850 0.33850 -0.87797
vn -0.47803 0.47803 -0.73686
vn -0.31869 0.50775 -0.80039
vn -0.50775 0.31869 -0.80039
vn -0.50775 0.31869 -0.80039
vn -0.63738 0.43301 -0.63738
vn -0.47803 0.47803 -0.73686
vn -0.67700 0.28868 -0.67700
vn 0.63738 0.43301 -0.63738
vn 0.43301 0.63738 -0.63738
vn 0.57735 0.57735 -0.57735
vn 0.47803 0.47803 -0.73686
vn 0.47803 0.47803 -0.73686
vn 0.28868 0.67700 -0.67700
vn 0.43301 0.63738 -0.63738
vn 0.31869 0.50775 -0.80039
vn 0.31869 0.50775 -0.80039
vn 0.14434 0.69970 -0.69970
vn 0.28868 0.67700 -0.67700
vn 0.15934 0.52478 -0.83619
vn 0.15934 0.52478 -0.83619
vn 0.00000 0.70711 -0.70711
vn 0.14434 0.69970 -0.69970
vn 0.00000 0.53033 -0.84779
vn 0.00000 0.53033 -0.84779
vn 0.00000 0.70711 -0.70711
vn 0.00000 0.70711 -0.70711
vn 0.00000 0.53033 -0.84779
vn 0.00000 0.53033 -0.84779
vn -0.14434 0.69970 -0.69970
vn 0.00000 0.70711 -0.70711
vn -0.15934 0.52478 -0.83619
vn -0.15934 0.52478 -0.83619
vn -0.28868 0.67700 -0.67700
vn -0.14434 0.69970 -0.69970
vn -0.31869 0.50775 -0.80039
vn -0.31869 0.50775 -0.80039
vn -0.43301 0.63738 -0.63738
vn -0.28868 0.67700 -0.67700
vn -0.47803 0.47803 -0.73686
vn -0.47803 0.47803 -0.73686
vn -0.57735 0.57735 -0.57735
vn -0.43301 0.63738 -0.63738
vn -0.63738 0.43301 -0.63738
vn 0.57735 -0.57735 0.57735
vn 0.73686 -0.47803 0.47803
vn 0.63738 -0.43301 0.63738
vn 0.63738 -0.63738 0.43301
vn 0.63738 -0.63738 0.43301
vn 0.80039 -0.50775 0.31869
vn 0.73686 -0.47803 0.47803
vn 0.67700 -0.67700 0.28868
vn 0.67700 -0.67700 0.28868
vn 0.83619 -0.52478 0.15934
vn 0.80039 -0.50775 0.31869
vn 0.69970 -0.69970 0.14434
vn 0.69970 -0.69970 0.14434
vn 0.84779 -0.53033 -0.00000
vn 0.83619 -0.52478 0.15934
vn 0.70711 -0.70711 -0.00000
vn 0.70711 -0.70711 -0.00000
vn 0.84779 -0.53033 -0.00000
vn 0.84779 -0.53033 -0.00000
vn 0.70711 -0.70711 -0.00000
vn 0.70711 -0.70711 -0.00000
vn 0.83619 -0.52478 -0.15934
vn 0.84779 -0.53033 -0.00000
vn 0.69970 -0.69970 -0.14434
vn 0.69970 -0.69970 -0.14434
vn 0.80039 -0.50775 -0.31869
vn 0.83619 -0.52478 -0.15934
vn 0.67700 -0.67700 -0.28868
vn 0.67700 -0.67700 -0.28868
vn 0.73686 -0.47803 -0.47803
vn 0.80039 -0.50775 -0.31869
vn 0.63738 -0.63738 -0.43301
vn 0.63738 -0.63738 -0.43301
vn 0.63738 -0.43301 -0.63738
vn 0.73686 -0.47803 -0.47803
vn 0.57735 -0.57735 -0.57735
vn 0.63738 -0.43301 0.63738
vn 0.80039 -0.31869 0.50775
vn 0.67700 -0.28868 0.67700
vn 0.73686 -0.47803 0.47803
vn 0.73686 -0.47803 0.47803
vn 0.87797 -0.33850 0.33850
vn 0.80039 -0.31869 0.50775
vn 0.80039 -0.50775 0.31869
vn 0.80039 -0.50775 0.31869
vn 0.92139 -0.34985 0.16925
vn 0.87797 -0.33850 0.33850
vn 0.83619 -0.52478 0.15934
vn 0.83619 -0.52478 0.15934
vn 0.93541 -0.35355 -0.00000
vn 0.92139 -0.34985 0.16925
vn 0.84779 -0.53033 -0.00000
vn 0.84779 -0.53033 -0.00000
vn 0.93541 -0.35355 -0.00000
vn 0.93541 -0.35355 -0.00000
vn 0.84779 -0.53033 -0.00000
vn 0.84779 -0.53033 -0.00000
vn 0.92139 -0.34985 -0.16925
vn 0.93541 -0.35355 -0.00000
vn 0.83619 -0.52478 -0.15934
vn 0.83619 -0.52478 -0.15934
vn 0.87797 -0.33850 -0.33850
vn 0.92139 -0.34985 -0.16925
vn 0.80039 -0.50775 -0.31869
vn 0.80039 -0.50775 -0.31869
vn 0.80039 -0.31869 -0.50775
vn 0.87797 -0.33850 -0.33850
vn 0.73686 -0.47803 -0.47803
vn 0.73686 -0.47803 -0.47803
vn 0.67700 -0.28868 -0.67700
vn 0.80039 -0.31869 -0.50775
vn 0.63738 -0.43301 -0.63738
vn 0.67700 -0.28868 0.67700
vn 0.83619 -0.15934 0.52478
vn 0.69970 -0.14434 0.69970
vn 0.80039 -0.31869 0.50775
vn 0.80039 -0.31869 0.50775
vn 0.92139 -0.16925 0.34985
vn 0.83619 -0.15934 0.52478
vn 0.87797 -0.33850 0.33850
vn 0.87797 -0.33850 0.33850
vn 0.96892 -0.17493 0.17493
vn 0.92139 -0.16925 0.34985
vn 0.92139 -0.34985 0.16925
vn 0.92139 -0.34985 0.16925
vn 0.98425 -0.17678 -0.00000
vn 0.96892 -0.17493 0.17493
vn 0.93541 -0.35355 -0.00000
vn 0.93541 -0.35355 -0.00000
vn 0.98425 -0.17678 -0.00000
vn 0.98425 -0.17678 -0.00000
vn 0.93541 -0.35355 -0.00000
vn 0.93541 -0.35355 -0.00000
vn 0.96892 -0.17493 -0.17493
vn 0.98425 -0.17678 -0.00000
vn 0.92139 -0.34985 -0.16925
vn 0.92139 -0.34985 -0.16925
vn 0.92139 -0.16925 -0.34985
vn 0.96892 -0.17493 -0.17493
vn 0.87797 -0.33850 -0.33850
vn 0.87797 -0.33850 -0.33850
vn 0.83619 -0.15934 -0.52478
vn 0.92139 -0.16925 -0.34985
vn 0.80039 -0.31869 -0.50775
vn 0.80039 -0.31869 -0.50775
vn 0.69970 -0.14434 -0.69970
vn 0.83619 -0.15934 -0.52478
vn 0.67700 -0.28868 -0.67700
vn 0.69970 -0.14434 0.69970
vn 0.84779 -0.00000 0.53033
vn 0.70711 -0.00000 0.70711
vn 0.83619 -0.15934 0.52478
vn 0.83619 -0.15934 0.52478
vn 0.93541 -0.00000 0.35355
vn 0.84779 -0.00000 0.53033
vn 0.92139 -0.16925 0.34985
vn 0.92139 -0.16925 0.34985
vn 0.98425 -0.00000 0.17678
vn 0.93541 -0.00000 0.35355
vn 0.96892 -0.17493 0.17493
vn 0.96892 -0.17493 0.17493
vn 1.00000 0.00000 0.00000
vn 0.98425 -0.00000 0.17678
vn 0.98425 -0.17678 -0.00000
vn 0.98425 -0.17678 -0.00000
vn 1.00000 0.00000 0.00000
vn 1.00000 0.00000 0.00000
vn 0.98425 -0.17678 -0.00000
vn 0.98425 -0.17678 -0.00000
vn 0.98425 0.00000 -0.17678
vn 1.00000 0.00000 0.00000
vn 0.96892 -0.17493 -0.17493
vn 0.96892 -0.17493 -0.17493
vn 0.93541 0.00000 -0.35355
vn 0.98425 0.00000 -0.17678
vn 0.92139 -0.16925 -0.34985
vn 0.92139 -0.16925 -0.34985
vn 0.84779 0.00000 -0.53033
vn 0.93541 0.00000 -0.35355
vn 0.83619 -0.15934 -0.52478
vn 0.83619 -0.15934 -0.52478
vn 0.70711 0.00000 -0.70711
vn 0.84779 0.00000 -0.53033
vn 0.69970 -0.14434 -0.69970
vn 0.70711 -0.00000 0.70711
vn 0.84779 -0.00000 0.53033
vn 0.70711 -0.00000 0.70711
vn 0.84779 -0.00000 0.53033
vn 0.84779 -0.00000 0.53033
vn 0.93541 -0.00000 0.35355
vn 0.84779 -0.00000 0.53033
vn 0.93541 -0.00000 0.35355
vn 0.93541 -0.00000 0.35355
vn 0.98425 -0.00000 0.17678
vn 0.93541 -0.00000 0.35355
vn 0.98425 -0.00000 0.17678
vn 0.98425 -0.00000 0.17678
vn 1.00000 0.00000 0.00000
vn 0.98425 -0.00000 0.17678
vn 1.00000 0.00000 0.00000
vn 1.00000 0.00000 0.00000
vn 1.00000 0.00000 0.00000
vn 1.00000 0.00000 0.00000
vn 1.00000 0.00000 0.00000
vn 1.00000 0.00000 0.00000
vn 0.98425 0.00000 -0.17678
vn 1.00000 0.00000 0.00000
vn 0.98425 0.00000 -0.17678
vn 0.98425 0.00000 -0.17678
vn 0.93541 0.00000 -0.35355
vn 0.98425 0.00000 -0.17678
vn 0.93541 0.00000 -0.35355
vn 0.93541 0.00000 -0.35355
vn 0.84779 0.00000 -0.53033
vn 0.93541 0.00000 -0.35355
vn 0.84779 0.00000 -0.53033
vn 0.84779 0.00000 -0.53033
vn 0.70711 0.00000 -0.70711
vn 0.84779 0.00000 -0.53033
vn 0.70711 0.00000 -0.70711
vn 0.70711 -0.00000 0.70711
vn 0.83619 0.15934 0.52478
vn 0.69970 0.14434 0.69970
vn 0.84779 -0.00000 0.53033
vn 0.84779 -0.00000 0.53033
vn 0.92139 0.16925 0.34985
vn 0.83619 0.15934 0.52478
vn 0.93541 -0.00000 0.35355
vn 0.93541 -0.00000 0.35355
vn 0.96892 0.17493 0.17493
vn 0.92139 0.16925 0.34985
vn 0.98425 -0.00000 0.17678
vn 0.98425 -0.00000 0.17678
vn 0.98425 0.17678 0.00000
vn 0.96892 0.17493 0.17493
vn 1.00000 0.00000 0.00000
vn 1.00000 0.00000 0.00000
vn 0.98425 0.17678 0.00000
vn 0.98425 0.17678 0.00000
vn 1.00000 0.00000 0.00000
vn 1.00000 0.00000 0.00000
vn 0.96892 0.17493 -0.17493
vn 0.98425 0.17678 0.00000
vn 0.98425 0.00000 -0.17678
vn 0.98425 0.00000 -0.17678
vn 0.92139 0.16925 -0.34985
vn 0.96892 0.17493 -0.17493
vn 0.93541 0.00000 -0.35355
vn 0.93541 0.00000 -0.35355
vn 0.83619 0.15934 -0.52478
vn 0.92139 0.16925 -0.34985
vn 0.84779 0.00000 -0.53033
vn 0.84779 0.00000 -0.53033
vn 0.69970 0.14434 -0.69970
vn 0.83619 0.15934 -0.52478
vn 0.70711 0.00000 -0.70711
vn 0.69970 0.14434 0.69970
vn 0.80039 0.31869 0.50775
vn 0.67700 0.28868 0.67700
vn 0.83619 0.15934 0.52478
vn 0.83619 0.15934 0.52478
vn 0.87797 0.33850 0.33850
vn 0.80039 0.31869 0.50775
vn 0.92139 0.16925 0.34985
vn 0.92139 0.16925 0.34985
vn 0.92139 0.34985 0.16925
vn 0.87797 0.33850 0.33850
vn 0.96892 0.17493 0.17493
vn 0.96892 0.17493 0.17493
vn 0.93541 0.35355 0.00000
vn 0.92139 0.34985 0.16925
vn 0.98425 0.17678 0.00000
vn 0.98425 0.17678 0.00000
vn 0.93541 0.35355 0.00000
vn 0.93541 0.35355 0.00000
vn 0.98425 0.17678 0.00000
vn 0.98425 0.17678 0.00000
vn 0.92139 0.34985 -0.16925
vn 0.93541 0.35355 0.00000
vn 0.96892 0.17493 -0.17493
vn 0.96892 0.17493 -0.17493
vn 0.87797 0.33850 -0.33850
vn 0.92139 0.34985 -0.16925
vn 0.92139 0.16925 -0.34985
vn 0.92139 0.16925 -0.34985
vn 0.80039 0.31869 -0.50775
vn 0.87797 0.33850 -0.33850
vn 0.83619 0.15934 -0.52478
vn 0.83619 0.15934 -0.52478
vn 0.67700 0.28868 -0.67700
vn 0.80039 0.31869 -0.50775
vn 0.69970 0.14434 -0.69970
vn 0.67700 0.28868 0.67700
vn 0.73686 0.47803 0.47803
vn 0.63738 0.43301 0.63738
vn 0.80039 0.31869 0.50775
vn 0.80039 0.31869 0.50775
vn 0.80039 0.50775 0.31869
vn 0.73686 0.47803 0.47803
vn 0.87797 0.33850 0.33850
vn 0.87797 0.33850 0.33850
vn 0.83619 0.52478 0.15934
vn 0.80039 0.50775 0.31869
vn 0.92139 0.34985 0.16925
vn 0.92139 0.34985 0.16925
vn 0.84779 0.53033 0.00000
vn 0.83619 0.52478 0.15934
vn 0.93541 0.35355 0.00000
vn 0.93541 0.35355 0.00000
vn 0.84779 0.53033 0.00000
vn 0.84779 0.53033 0.00000
vn 0.93541 0.35355 0.00000
vn 0.93541 0.35355 0.00000
vn 0.83619 0.52478 -0.15934
vn 0.84779 0.53033 0.00000
vn 0.92139 0.34985 -0.16925
vn 0.92139 0.34985 -0.16925
vn 0.80039 0.50775 -0.31869
vn 0.83619 0.52478 -0.15934
vn 0.87797 0.33850 -0.33850
vn 0.87797 0.33850 -0.33850
vn 0.73686 0.47803 -0.47803
vn 0.80039 0.50775 -0.31869
vn 0.80039 0.31869 -0.50775
vn 0.80039 0.31869 -0.50775
vn 0.63738 0.43301 -0.63738
vn 0.73686 0.47803 -0.47803
vn 0.67700 0.28868 -0.67700
vn 0.63738 0.43301 0.63738
vn 0.63738 0.63738 0.43301
vn 0.57735 0.57735 0.57735
vn 0.73686 0.47803 0.47803
vn 0.73686 0.47803 0.47803
vn 0.67700 0.67700 0.28868
vn 0.63738 0.63738 0.43301
vn 0.80039 0.50775 0.31869
vn 0.80039 0.50775 0.31869
vn 0.69970 0.69970 0.14434
vn 0.67700 0.67700 0.28868
vn 0.83619 0.52478 0.15934
vn 0.83619 0.52478 0.15934
vn 0.70711 0.70711 0.00000
vn 0.69970 0.69970 0.14434
vn 0.84779 0.53033 0.00000
vn 0.84779 0.53033 0.00000
vn 0.70711 0.70711 0.00000
vn 0.70711 0.70711 0.00000
vn 0.84779 0.53033 0.00000
vn 0.84779 0.53033 0.00000
vn 0.69970 0.69970 -0.14434
vn 0.70711 0.70711 0.00000
vn 0.83619 0.52478 -0.15934
vn 0.83619 0.52478 -0.15934
vn 0.67700 0.67700 -0.28868
vn 0.69970 0.69970 -0.14434
vn 0.80039 0.50775 -0.31869
vn 0.80039 0.50775 -0.31869
vn 0.63738 0.63738 -0.43301
vn 0.67700 0.67700 -0.28868
vn 0.73686 0.47803 -0.47803
vn 0.73686 0.47803 -0.47803
vn 0.57735 0.57735 -0.57735
vn 0.63738 0.63738 -0.43301
vn 0.63738 0.43301 -0.63738
vn -0.57735 0.57735 0.57735
vn -0.47803 0.73686 0.47803
vn -0.63738 0.63738 0.43301
vn -0.43301 0.63738 0.63738
vn -0.43301 0.63738 0.63738
vn -0.31869 0.80039 0.50775
vn -0.47803 0.73686 0.47803
vn -0.28868 0.67700 0.67700
vn -0.28868 0.67700 0.67700
vn -0.15934 0.83619 0.52478
vn -0.31869 0.80039 0.50775
vn -0.14434 0.69970 0.69970
vn -0.14434 0.69970 0.69970
vn 0.00000 0.84779 0.53033
vn -0.15934 0.83619 0.52478
vn 0.00000 0.70711 0.70711
vn 0.00000 0.70711 0.70711
vn 0.00000 0.84779 0.53033
vn 0.00000 0.84779 0.53033
vn 0.00000 0.70711 0.70711
vn 0.00000 0.70711 0.70711
vn 0.15934 0.83619 0.52478
vn 0.00000 0.84779 0.53033
vn 0.14434 0.69970 0.69970
vn 0.14434 0.69970 0.69970
vn 0.31869 0.80039 0.50775
vn 0.15934 0.83619 0.52478
vn 0.28868 0.67700 0.67700
vn 0.28868 0.67700 0.67700
vn 0.47803 0.73686 0.47803
vn 0.31869 0.80039 0.50775
vn 0.43301 0.63738 0.63738
vn 0.43301 0.63738 0.63738
vn 0.63738 0.63738 0.43301
vn 0.47803 0.73686 0.47803
vn 0.57735 0.57735 0.57735
vn -0.63738 0.63738 0.43301
vn -0.50775 0.80039 0.31869
vn -0.67700 0.67700 0.28868
vn -0.47803 0.73686 0.47803
vn -0.47803 0.73686 0.47803
vn -0.33850 0.87797 0.33850
vn -0.50775 0.80039 0.31869
vn -0.31869 0.80039 0.50775
vn -0.31869 0.80039 0.50775
vn -0.16925 0.92139 0.34985
vn -0.33850 0.87797 0.33850
vn -0.15934 0.83619 0.52478
vn -0.15934 0.83619 0.52478
vn 0.00000 0.93541 0.35355
vn -0.16925 0.92139 0.34985
vn 0.00000 0.84779 0.53033
vn 0.00000 0.84779 0.53033
vn 0.00000 0.93541 0.35355
vn 0.00000 0.93541 0.35355
vn 0.00000 0.84779 0.53033
vn 0.00000 0.84779 0.53033
vn 0.16925 0.92139 0.34985
vn 0.00000 0.93541 0.35355
vn 0.15934 0.83619 0.52478
vn 0.15934 0.83619 0.52478
vn 0.33850 0.87797 0.33850
vn 0.16925 0.92139 0.34985
vn 0.31869 0.80039 0.50775
vn 0.31869 0.80039 0.50775
vn 0.50775 0.80039 0.31869
vn 0.33850 0.87797 0.33850
vn 0.47803 0.73686 0.47803
vn 0.47803 0.73686 0.47803
vn 0.67700 0.67700 0.28868
vn 0.50775 0.80039 0.31869
vn 0.63738 0.63738 0.43301
vn -0.67700 0.67700 0.28868
vn -0.52478 0.83619 0.15934
vn -0.69970 0.69970 0.14434
vn -0.50775 0.80039 0.31869
vn -0.50775 0.80039 0.31869
vn -0.34985 0.92139 0.16925
vn -0.52478 0.83619 0.15934
vn -0.33850 0.87797 0.33850
vn -0.33850 0.87797 0.33850
vn -0.17493 0.96892 0.17493
vn -0.34985 0.92139 0.16925
vn -0.16925 0.92139 0.34985
vn -0.16925 0.92139 0.34985
vn 0.00000 0.98425 0.17678
vn -0.17493 0.96892 0.17493
vn 0.00000 0.93541 0.35355
vn 0.00000 0.93541 0.35355
vn 0.00000 0.98425 0.17678
vn 0.00000 0.98425 0.17678
vn 0.00000 0.93541 0.35355
vn 0.00000 0.93541 0.35355
vn 0.17493 0.96892 0.17493
vn 0.00000 0.98425 0.17678
vn 0.16925 0.92139 0.34985
vn 0.16925 0.92139 0.34985
vn 0.34985 0.92139 0.16925
vn 0.17493 0.96892 0.17493
vn 0.33850 0.87797 0.33850
vn 0.33850 0.87797 0.33850
vn 0.52478 0.83619 0.15934
vn 0.34985 0.92139 0.16925
vn 0.50775 0.80039 0.31869
vn 0.50775 0.80039 0.31869
vn 0.69970 0.69970 0.14434
vn 0.52478 0.83619 0.15934
vn 0.67700 0.67700 0.28868
vn -0.69970 0.69970 0.14434
vn -0.53033 0.84779 0.00000
vn -0.70711 0.70711 0.00000
vn -0.52478 0.83619 0.15934
vn -0.52478 0.83619 0.15934
vn -0.35355 0.93541 0.00000
vn -0.53033 0.84779 0.00000
vn -0.34985 0.92139 0.16925
vn -0.34985 0.92139 0.16925
vn -0.17678 0.98425 0.00000
vn -0.35355 0.93541 0.00000
vn -0.17493 0.96892 0.17493
vn -0.17493 0.96892 0.17493
vn 0.00000 1.00000 0.00000
vn -0.17678 0.98425 0.00000
vn 0.00000 0.98425 0.17678
vn 0.00000 0.98425 0.17678
vn 0.00000 1.00000 0.00000
vn 0.00000 1.00000 0.00000
vn 0.00000 0.98425 0.17678
vn 0.00000 0.98425 0.17678
vn 0.17678 0.98425 0.00000
vn 0.00000 1.00000 0.00000
vn 0.17493 0.96892 0.17493
vn 0.17493 0.96892 0.17493
vn 0.35355 0.93541 0.00000
vn 0.17678 0.98425 0.00000
vn 0.34985 0.92139 0.16925
vn 0.34985 0.92139 0.16925
vn 0.53033 0.84779 0.00000
vn 0.35355 0.93541 0.00000
vn 0.52478 0.83619 0.15934
vn 0.52478 0.83619 0.15934
vn 0.70711 0.70711 0.00000
vn 0.53033 0.84779 0.00000
vn 0.69970 0.69970 0.14434
vn -0.70711 0.70711 0.00000
vn -0.53033 0.84779 0.00000
vn -0.70711 0.70711 0.00000
vn -0.53033 0.84779 0.00000
vn -0.53033 0.84779 0.00000
vn -0.35355 0.93541 0.00000
vn -0.53033 0.84779 0.00000
vn -0.35355 0.93541 0.00000
vn -0.35355 0.93541 0.00000
vn -0.17678 0.98425 0.00000
vn -0.35355 0.93541 0.00000
vn -0.17678 0.98425 0.00000
vn -0.17678 0.98425 0.00000
vn 0.00000 1.00000 0.00000
vn -0.17678 0.98425 0.00000
vn 0.00000 1.00000 0.00000
vn 0.00000 1.00000 0.00000
vn 0.00000 1.00000 0.00000
vn 0.00000 1.00000 0.00000
vn 0.00000 1.00000 0.00000
vn 0.00000 1.00000 0.00000
vn 0.17678 0.98425 0.00000
vn 0.00000 1.00000 0.00000
vn 0.17678 0.98425 0.00000
vn 0.17678 0.98425 0.00000
vn 0.35355 0.93541 0.00000
vn 0.17678 0.98425 0.00000
vn 0.35355 0.93541 0.00000
vn 0.35355 0.93541 0.00000
vn 0.53033 0.84779 0.00000
vn 0.35355 0.93541 0.00000
vn 0.53033 0.84779 0.00000
vn 0.53033 0.84779 0.00000
vn 0.70711 0.70711 0.00000
vn 0.53033 0.84779 0.00000
vn 0.70711 0.70711 0.00000
vn -0.70711 0.70711 0.00000
vn -0.52478 0.83619 -0.15934
vn -0.69970 0.69970 -0.14434
vn -0.53033 0.84779 0.00000
vn -0.53033 0.84779 0.00000
vn -0.34985 0.92139 -0.16925
vn -0.52478 0.83619 -0.15934
vn -0.35355 0.93541 0.00000
vn -0.35355 0.93541 0.00000
vn -0.17493 0.96892 -0.17493
vn -0.34985 0.92139 -0.16925
vn -0.17678 0.98425 0.00000
vn -0.17678 0.98425 0.00000
vn 0.00000 0.98425 -0.17678
vn -0.17493 0.96892 -0.17493
vn 0.00000 1.00000 0.00000
vn 0.00000 1.00000 0.00000
vn 0.00000 0.98425 -0.17678
vn 0.00000 0.98425 -0.17678
vn 0.00000 1.00000 0.00000
vn 0.00000 1.00000 0.00000
vn 0.17493 0.96892 -0.17493
vn 0.00000 0.98425 -0.17678
vn 0.17678 0.98425 0.00000
vn 0.17678 0.98425 0.00000
vn 0.34985 0.92139 -0.16925
vn 0.17493 0.96892 -0.17493
vn 0.35355 0.93541 0.00000
vn 0.35355 0.93541 0.00000
vn 0.52478 0.83619 -0.15934
vn 0.34985 0.92139 -0.16925
vn 0.53033 0.84779 0.00000
vn 0.53033 0.84779 0.00000
vn 0.69970 0.69970 -0.14434
vn 0.52478 0.83619 -0.15934
vn 0.70711 0.70711 0.00000
vn -0.69970 0.69970 -0.14434
vn -0.50775 0.80039 -0.31869
vn -0.67700 0.67700 -0.28868
vn -0.52478 0.83619 -0.15934
vn -0.52478 0.83619 -0.15934
vn -0.33850 0.87797 -0.33850
vn -0.50775 0.80039 -0.31869
vn -0.34985 0.92139 -0.16925
vn -0.34985 0.92139 -0.16925
vn -0.16925 0.92139 -0.34985
vn -0.33850 0.87797 -0.33850
vn -0.17493 0.96892 -0.17493
vn -0.17493 0.96892 -0.17493
vn 0.00000 0.93541 -0.35355
vn -0.16925 0.92139 -0.34985
vn 0.00000 0.98425 -0.17678
vn 0.00000 0.98425 -0.17678
vn 0.00000 0.93541 -0.35355
vn 0.00000 0.93541 -0.35355
vn 0.00000 0.98425 -0.17678
vn 0.00000 0.98425 -0.17678
vn 0.16925 0.92139 -0.34985
vn 0.00000 0.93541 -0.35355
vn 0.17493 0.96892 -0.17493
vn 0.17493 0.96892 -0.17493
vn 0.33850 0.87797 -0.33850
vn 0.16925 0.92139 -0.34985
vn 0.34985 0.92139 -0.16925
vn 0.34985 0.92139 -0.16925
vn 0.50775 0.80039 -0.31869
vn 0.33850 0.87797 -0.33850
vn 0.52478 0.83619 -0.15934
vn 0.52478 0.83619 -0.15934
vn 0.67700 0.67700 -0.28868
vn 0.50775 0.80039 -0.31869
vn 0.69970 0.69970 -0.14434
vn -0.67700 0.67700 -0.28868
vn -0.47803 0.73686 -0.47803
vn -0.63738 0.63738 -0.43301
vn -0.50775 0.80039 -0.31869
vn -0.50775 0.80039 -0.31869
vn -0.31869 0.80039 -0.50775
vn -0.47803 0.73686 -0.47803
vn -0.33850 0.87797 -0.33850
vn -0.33850 0.87797 -0.33850
vn -0.15934 0.83619 -0.52478
vn -0.31869 0.80039 -0.50775
vn -0.16925 0.92139 -0.34985
vn -0.16925 0.92139 -0.34985
vn 0.00000 0.84779 -0.53033
vn -0.15934 0.83619 -0.52478
vn 0.00000 0.93541 -0.35355
vn 0.00000 0.93541 -0.35355
vn 0.00000 0.84779 -0.53033
vn 0.00000 0.84779 -0.53033
vn 0.00000 0.93541 -0.35355
vn 0.00000 0.93541 -0.35355
vn 0.15934 0.83619 -0.52478
vn 0.00000 0.84779 -0.53033
vn 0.16925 0.92139 -0.34985
vn 0.16925 0.92139 -0.34985
vn 0.31869 0.80039 -0.50775
vn 0.15934 0.83619 -0.52478
vn 0.33850 0.87797 -0.33850
vn 0.33850 0.87797 -0.33850
vn 0.47803 0.73686 -0.47803
vn 0.31869 0.80039 -0.50775
vn 0.50775 0.80039 -0.31869
vn 0.50775 0.80039 -0.31869
vn 0.63738 0.63738 -0.43301
vn 0.47803 0.73686 -0.47803
vn 0.67700 0.67700 -0.28868
vn -0.63738 0.63738 -0.43301
vn -0.43301 0.63738 -0.63738
vn -0.57735 0.57735 -0.57735
vn -0.47803 0.73686 -0.47803
vn -0.47803 0.73686 -0.47803
vn -0.28868 0.67700 -0.67700
vn -0.43301 0.63738 -0.63738
vn -0.31869 0.80039 -0.50775
vn -0.31869 0.80039 -0.50775
vn -0.14434 0.69970 -0.69970
vn -0.28868 0.67700 -0.67700
vn -0.15934 0.83619 -0.52478
vn -0.15934 0.83619 -0.52478
vn 0.00000 0.70711 -0.70711
vn -0.14434 0.69970 -0.69970
vn 0.00000 0.84779 -0.53033
vn 0.00000 0.84779 -0.53033
vn 0.00000 0.70711 -0.70711
vn 0.00000 0.70711 -0.70711
vn 0.00000 0.84779 -0.53033
vn 0.00000 0.84779 -0.53033
vn 0.14434 0.69970 -0.69970
vn 0.00000 0.70711 -0.70711
vn 0.15934 0.83619 -0.52478
vn 0.15934 0.83619 -0.52478
vn 0.28868 0.67700 -0.67700
vn 0.14434 0.69970 -0.69970
vn 0.31869 0.80039 -0.50775
vn 0.31869 0.80039 -0.50775
vn 0.43301 0.63738 -0.63738
vn 0.28868 0.67700 -0.67700
vn 0.47803 0.73686 -0.47803
vn 0.47803 0.73686 -0.47803
vn 0.57735 0.57735 -0.57735
vn 0.43301 0.63738 -0.63738
vn 0.63738 0.63738 -0.43301
f 1466/1578/5834 1467/1579/5835 1465/1577/5833 1468/1580/5836 
f 1469/1581/5838 1466/1578/5839 1468/1580/5837 1470/1582/5840 
f 1471/1583/5842 1469/1581/5843 1470/1582/5841 1472/1584/5844 
f 1473/1585/5846 1471/1583/5847 1472/1584/5845 1474/1586/5848 
f 1475/1587/5850 1473/1585/5851 1474/1586/5849 1476/1588/5852 
f 1477/1589/5854 1475/1587/5855 1476/1588/5853 1478/1590/5856 
f 1479/1591/5858 1477/1589/5859 1478/1590/5857 1480/1592/5860 
f 1481/1593/5862 1479/1591/5863 1480/1592/5861 1482/1594/5864 
f 1483/1595/5866 1481/1593/5867 1482/1594/5865 1484/1596/5868 
f 1485/1597/5870 1486/1598/5871 1467/1579/5869 1466/1578/5872 
f 1487/1599/5874 1485/1597/5875 1466/1578/5873 1469/1581/5876 
f 1488/1600/5878 1487/1599/5879 1469/1581/5877 1471/1583/5880 
f 1489/1601/5882 1488/1600/5883 1471/1583/5881 1473/1585/5884 
f 1490/1602/5886 1489/1601/5887 1473/1585/5885 1475/1587/5888 
f 1491/1603/5890 1490/1602/5891 1475/1587/5889 1477/1589/5892 
f 1492/1604/5894 1491/1603/5895 1477/1589/5893 1479/1591/5896 
f 1493/1605/5898 1492/1604/5899 1479/1591/5897 1481/1593/5900 
f 1494/1606/5902 1493/1605/5903 1481/1593/5901 1483/1595/5904 
f 1495/1607/5906 1496/1608/5907 1486/1598/5905 1485/1597/5908 
f 1497/1609/5910 1495/1607/5911 1485/1597/5909 1487/1599/5912 
f 1498/1610/5914 1497/1609/5915 1487/1599/5913 1488/1600/5916 
f 1499/1611/5918 1498/1610/5919 1488/1600/5917 1489/1601/5920 
f 1500/1612/5922 1499/1611/5923 1489/1601/5921 1490/1602/5924 
f 1501/1613/5926 1500/1612/5927 1490/1602/5925 1491/1603/5928 
f 1502/1614/5930 1501/1613/5931 1491/1603/5929 1492/1604/5932 
f 1503/1615/5934 1502/1614/5935 1492/1604/5933 1493/1605/5936 
f 1504/1616/5938 1503/1615/5939 1493/1605/5937 1494/1606/5940 
f 1505/1617/5942 1506/1618/5943 1496/1608/5941 1495/1607/5944 
f 1507/1619/5946 1505/1617/5947 1495/1607/5945 1497/1609/5948 
f 1508/1620/5950 1507/1619/5951 1497/1609/5949 1498/1610/5952 
f 1509/1621/5954 1508/1620/5955 1498/1610/5953 1499/1611/5956 
f 1510/1622/5958 1509/1621/5959 1499/1611/5957 1500/1612/5960 
f 1511/1623/5962 1510/1622/5963 1500/1612/5961 1501/1613/5964 
f 1512/1624/5966 1511/1623/5967 1501/1613/5965 1502/1614/5968 
f 1513/1625/5970 1512/1624/5971 1502/1614/5969 1503/1615/5972 
f 1514/1626/5974 1513/1625/5975 1503/1615/5973 1504/1616/5976 
f 1515/1627/5978 1516/1628/5979 1506/1618/5977 1505/1617/5980 
f 1517/1629/5982 1515/1627/5983 1505/1617/5981 1507/1619/5984 
f 1518/1630/5986 1517/1629/5987 1507/1619/5985 1508/1620/5988 
f 1519/1631/5990 1518/1630/5991 1508/1620/5989 1509/1621/5992 
f 1520/1632/5994 1519/1631/5995 1509/1621/5993 1510/1622/5996 
f 1521/1633/5998 1520/1632/5999 1510/1622/5997 1511/1623/6000 
f 1522/1634/6002 1521/1633/6003 1511/1623/6001 1512/1624/6004 
f 1523/1635/6006 1522/1634/6007 1512/1624/6005 1513/1625/6008 
f 1524/1636/6010 1523/1635/6011 1513/1625/6009 1514/1626/6012 
f 1525/1637/6014 1526/1638/6015 1516/1628/6013 1515/1627/6016 
f 1527/1639/6018 1525/1637/6019 1515/1627/6017 1517/1629/6020 
f 1528/1640/6022 1527/1639/6023 1517/1629/6021 1518/1630/6024 
f 1529/1641/6026 1528/1640/6027 1518/1630/6025 1519/1631/6028 
f 1530/1642/6030 1529/1641/6031 1519/1631/6029 1520/1632/6032 
f 1531/1643/6034 1530/1642/6035 1520/1632/6033 1521/1633/6036 
f 1532/1644/6038 1531/1643/6039 1521/1633/6037 1522/1634/6040 
f 1533/1645/6042 1532/1644/6043 1522/1634/6041 1523/1635/6044 
f 1534/1646/6046 1533/1645/6047 1523/1635/6045 1524/1636/6048 
f 1535/1647/6050 1536/1648/6051 1526/1638/6049 1525/1637/6052 
f 1537/1649/6054 1535/1647/6055 1525/1637/6053 1527/1639/6056 
f 1538/1650/6058 1537/1649/6059 1527/1639/6057 1528/1640/6060 
f 1539/1651/6062 1538/1650/6063 1528/1640/6061 1529/1641/6064 
f 1540/1652/6066 1539/1651/6067 1529/1641/6065 1530/1642/6068 
f 1541/1653/6070 1540/1652/6071 1530/1642/6069 1531/1643/6072 
f 1542/1654/6074 1541/1653/6075 1531/1643/6073 1532/1644/6076 
f 1543/1655/6078 1542/1654/6079 1532/1644/6077 1533/1645/6080 
f 1544/1656/6082 1543/1655/6083 1533/1645/6081 1534/1646/6084 
f 1545/1657/6086 1546/1658/6087 1536/1648/6085 1535/1647/6088 
f 1547/1659/6090 1545/1657/6091 1535/1647/6089 1537/1649/6092 
f 1548/1660/6094 1547/1659/6095 1537/1649/6093 1538/1650/6096 
f 1549/1661/6098 1548/1660/6099 1538/1650/6097 1539/1651/6100 
f 1550/1662/6102 1549/1661/6103 1539/1651/6101 1540/1652/6104 
f 1551/1663/6106 1550/1662/6107 1540/1652/6105 1541/1653/6108 
f 1552/1664/6110 1551/1663/6111 1541/1653/6109 1542/1654/6112 
f 1553/1665/6114 1552/1664/6115 1542/1654/6113 1543/1655/6116 
f 1554/1666/6118 1553/1665/6119 1543/1655/6117 1544/1656/6120 
f 1555/1667/6122 1556/1668/6123 1546/1658/6121 1545/1657/6124 
f 1557/1669/6126 1555/1667/6127 1545/1657/6125 1547/1659/6128 
f 1558/1670/6130 1557/1669/6131 1547/1659/6129 1548/1660/6132 
f 1559/1671/6134 1558/1670/6135 1548/1660/6133 1549/1661/6136 
f 1560/1672/6138 1559/1671/6139 1549/1661/6137 1550/1662/6140 
f 1561/1673/6142 1560/1672/6143 1550/1662/6141 1551/1663/6144 
f 1562/1674/6146 1561/1673/6147 1551/1663/6145 1552/1664/6148 
f 1563/1675/6150 1562/1674/6151 1552/1664/6149 1553/1665/6152 
f 1564/1676/6154 1563/1675/6155 1553/1665/6153 1554/1666/6156 
f 1565/1678/6158 1566/1679/6159 1564/1677/6157 1554/1680/6160 
f 1567/1681/6162 1565/1678/6163 1554/1680/6161 1544/1682/6164 
f 1568/1683/6166 1567/1681/6167 1544/1682/6165 1534/1684/6168 
f 1569/1685/6170 1568/1683/6171 1534/1684/6169 1524/1686/6172 
f 1570/1687/6174 1569/1685/6175 1524/1686/6173 1514/1688/6176 
f 1571/1689/6178 1570/1687/6179 1514/1688/6177 1504/1690/6180 
f 1572/1691/6182 1571/1689/6183 1504/1690/6181 1494/1692/6184 
f 1573/1693/6186 1572/1691/6187 1494/1692/6185 1483/1694/6188 
f 1574/1695/6190 1573/1693/6191 1483/1694/6189 1484/1696/6192 
f 1575/1697/6194 1576/1698/6195 1566/1679/6193 1565/1678/6196 
f 1577/1699/6198 1575/1697/6199 1565/1678/6197 1567/1681/6200 
f 1578/1700/6202 1577/1699/6203 1567/1681/6201 1568/1683/6204 
f 1579/1701/6206 1578/1700/6207 1568/1683/6205 1569/1685/6208 
f 1580/1702/6210 1579/1701/6211 1569/1685/6209 1570/1687/6212 
f 1581/1703/6214 1580/1702/6215 1570/1687/6213 1571/1689/6216 
f 1582/1704/6218 1581/1703/6219 1571/1689/6217 1572/1691/6220 
f 1583/1705/6222 1582/1704/6223 1572/1691/6221 1573/1693/6224 
f 1584/1706/6226 1583/1705/6227 1573/1693/6225 1574/1695/6228 
f 1585/1707/6230 1586/1708/6231 1576/1698/6229 1575/1697/6232 
f 1587/1709/6234 1585/1707/6235 1575/1697/6233 1577/1699/6236 
f 1588/1710/6238 1587/1709/6239 1577/1699/6237 1578/1700/6240 
f 1589/1711/6242 1588/1710/6243 1578/1700/6241 1579/1701/6244 
f 1590/1712/6246 1589/1711/6247 1579/1701/6245 1580/1702/6248 
f 1591/1713/6250 1590/1712/6251 1580/1702/6249 1581/1703/6252 
f 1592/1714/6254 1591/1713/6255 1581/1703/6253 1582/1704/6256 
f 1593/1715/6258 1592/1714/6259 1582/1704/6257 1583/1705/6260 
f 1594/1716/6262 1593/1715/6263 1583/1705/6261 1584/1706/6264 
f 1595/1717/6266 1596/1718/6267 1586/1708/6265 1585/1707/6268 
f 1597/1719/6270 1595/1717/6271 1585/1707/6269 1587/1709/6272 
f 1598/1720/6274 1597/1719/6275 1587/1709/6273 1588/1710/6276 
f 1599/1721/6278 1598/1720/6279 1588/1710/6277 1589/1711/6280 
f 1600/1722/6282 1599/1721/6283 1589/1711/6281 1590/1712/6284 
f 1601/1723/6286 1600/1722/6287 1590/1712/6285 1591/1713/6288 
f 1602/1724/6290 1601/1723/6291 1591/1713/6289 1592/1714/6292 
f 1603/1725/6294 1602/1724/6295 1592/1714/6293 1593/1715/6296 
f 1604/1726/6298 1603/1725/6299 1593/1715/6297 1594/1716/6300 
f 1605/1727/6302 1606/1728/6303 1596/1718/6301 1595/1717/6304 
f 1607/1729/6306 1605/1727/6307 1595/1717/6305 1597/1719/6308 
f 1608/1730/6310 1607/1729/6311 1597/1719/6309 1598/1720/6312 
f 1609/1731/6314 1608/1730/6315 1598/1720/6313 1599/1721/6316 
f 1610/1732/6318 1609/1731/6319 1599/1721/6317 1600/1722/6320 
f 1611/1733/6322 1610/1732/6323 1600/1722/6321 1601/1723/6324 
f 1612/1734/6326 1611/1733/6327 1601/1723/6325 1602/1724/6328 
f 1613/1735/6330 1612/1734/6331 1602/1724/6329 1603/1725/6332 
f 1614/1736/6334 1613/1735/6335 1603/1725/6333 1604/1726/6336 
f 1615/1737/6338 1616/1738/6339 1606/1728/6337 1605/1727/6340 
f 1617/1739/6342 1615/1737/6343 1605/1727/6341 1607/1729/6344 
f 1618/1740/6346 1617/1739/6347 1607/1729/6345 1608/1730/6348 
f 1619/1741/6350 1618/1740/6351 1608/1730/6349 1609/1731/6352 
f 1620/1742/6354 1619/1741/6355 1609/1731/6353 1610/1732/6356 
f 1621/1743/6358 1620/1742/6359 1610/1732/6357 1611/1733/6360 
f 1622/1744/6362 1621/1743/6363 1611/1733/6361 1612/1734/6364 
f 1623/1745/6366 1622/1744/6367 1612/1734/6365 1613/1735/6368 
f 1624/1746/6370 1623/1745/6371 1613/1735/6369 1614/1736/6372 
f 1625/1747/6374 1626/1748/6375 1616/1738/6373 1615/1737/6376 
f 1627/1749/6378 1625/1747/6379 1615/1737/6377 1617/1739/6380 
f 1628/1750/6382 1627/1749/6383 1617/1739/6381 1618/1740/6384 
f 1629/1751/6386 1628/1750/6387 1618/1740/6385 1619/1741/6388 
f 1630/1752/6390 1629/1751/6391 1619/1741/6389 1620/1742/6392 
f 1631/1753/6394 1630/1752/6395 1620/1742/6393 1621/1743/6396 
f 1632/1754/6398 1631/1753/6399 1621/1743/6397 1622/1744/6400 
f 1633/1755/6402 1632/1754/6403 1622/1744/6401 1623/1745/6404 
f 1634/1756/6406 1633/1755/6407 1623/1745/6405 1624/1746/6408 
f 1635/1757/6410 1636/1758/6411 1626/1748/6409 1625/1747/6412 
f 1637/1759/6414 1635/1757/6415 1625/1747/6413 1627/1749/6416 
f 1638/1760/6418 1637/1759/6419 1627/1749/6417 1628/1750/6420 
f 1639/1761/6422 1638/1760/6423 1628/1750/6421 1629/1751/6424 
f 1640/1762/6426 1639/1761/6427 1629/1751/6425 1630/1752/6428 
f 1641/1763/6430 1640/1762/6431 1630/1752/6429 1631/1753/6432 
f 1642/1764/6434 1641/1763/6435 1631/1753/6433 1632/1754/6436 
f 1643/1765/6438 1642/1764/6439 1632/1754/6437 1633/1755/6440 
f 1644/1766/6442 1643/1765/6443 1633/1755/6441 1634/1756/6444 
f 1645/1767/6446 1646/1768/6447 1636/1758/6445 1635/1757/6448 
f 1647/1769/6450 1645/1767/6451 1635/1757/6449 1637/1759/6452 
f 1648/1770/6454 1647/1769/6455 1637/1759/6453 1638/1760/6456 
f 1649/1771/6458 1648/1770/6459 1638/1760/6457 1639/1761/6460 
f 1650/1772/6462 1649/1771/6463 1639/1761/6461 1640/1762/6464 
f 1651/1773/6466 1650/1772/6467 1640/1762/6465 1641/1763/6468 
f 1652/1774/6470 1651/1773/6471 1641/1763/6469 1642/1764/6472 
f 1653/1775/6474 1652/1774/6475 1642/1764/6473 1643/1765/6476 
f 1654/1776/6478 1653/1775/6479 1643/1765/6477 1644/1766/6480 
f 1655/1778/6482 1574/1779/6483 1484/1777/6481 1482/1780/6484 
f 1656/1781/6486 1655/1778/6487 1482/1780/6485 1480/1782/6488 
f 1657/1783/6490 1656/1781/6491 1480/1782/6489 1478/1784/6492 
f 1658/1785/6494 1657/1783/6495 1478/1784/6493 1476/1786/6496 
f 1659/1787/6498 1658/1785/6499 1476/1786/6497 1474/1788/6500 
f 1660/1789/6502 1659/1787/6503 1474/1788/6501 1472/1790/6504 
f 1661/1791/6506 1660/1789/6507 1472/1790/6505 1470/1792/6508 
f 1662/1793/6510 1661/1791/6511 1470/1792/6509 1468/1794/6512 
f 1663/1795/6514 1662/1793/6515 1468/1794/6513 1465/1796/6516 
f 1664/1797/6518 1584/1798/6519 1574/1779/6517 1655/1778/6520 
f 1665/1799/6522 1664/1797/6523 1655/1778/6521 1656/1781/6524 
f 1666/1800/6526 1665/1799/6527 1656/1781/6525 1657/1783/6528 
f 1667/1801/6530 1666/1800/6531 1657/1783/6529 1658/1785/6532 
f 1668/1802/6534 1667/1801/6535 1658/1785/6533 1659/1787/6536 
f 1669/1803/6538 1668/1802/6539 1659/1787/6537 1660/1789/6540 
f 1670/1804/6542 1669/1803/6543 1660/1789/6541 1661/1791/6544 
f 1671/1805/6546 1670/1804/6547 1661/1791/6545 1662/1793/6548 
f 1672/1806/6550 1671/1805/6551 1662/1793/6549 1663/1795/6552 
f 1673/1807/6554 1594/1808/6555 1584/1798/6553 1664/1797/6556 
f 1674/1809/6558 1673/1807/6559 1664/1797/6557 1665/1799/6560 
f 1675/1810/6562 1674/1809/6563 1665/1799/6561 1666/1800/6564 
f 1676/1811/6566 1675/1810/6567 1666/1800/6565 1667/1801/6568 
f 1677/1812/6570 1676/1811/6571 1667/1801/6569 1668/1802/6572 
f 1678/1813/6574 1677/1812/6575 1668/1802/6573 1669/1803/6576 
f 1679/1814/6578 1678/1813/6579 1669/1803/6577 1670/1804/6580 
f 1680/1815/6582 1679/1814/6583 1670/1804/6581 1671/1805/6584 
f 1681/1816/6586 1680/1815/6587 1671/1805/6585 1672/1806/6588 
f 1682/1817/6590 1604/1818/6591 1594/1808/6589 1673/1807/6592 
f 1683/1819/6594 1682/1817/6595 1673/1807/6593 1674/1809/6596 
f 1684/1820/6598 1683/1819/6599 1674/1809/6597 1675/1810/6600 
f 1685/1821/6602 1684/1820/6603 1675/1810/6601 1676/1811/6604 
f 1686/1822/6606 1685/1821/6607 1676/1811/6605 1677/1812/6608 
f 1687/1823/6610 1686/1822/6611 1677/1812/6609 1678/1813/6612 
f 1688/1824/6614 1687/1823/6615 1678/1813/6613 1679/1814/6616 
f 1689/1825/6618 1688/1824/6619 1679/1814/6617 1680/1815/6620 
f 1690/1826/6622 1689/1825/6623 1680/1815/6621 1681/1816/6624 
f 1691/1827/6626 1614/1828/6627 1604/1818/6625 1682/1817/6628 
f 1692/1829/6630 1691/1827/6631 1682/1817/6629 1683/1819/6632 
f 1693/1830/6634 1692/1829/6635 1683/1819/6633 1684/1820/6636 
f 1694/1831/6638 1693/1830/6639 1684/1820/6637 1685/1821/6640 
f 1695/1832/6642 1694/1831/6643 1685/1821/6641 1686/1822/6644 
f 1696/1833/6646 1695/1832/6647 1686/1822/6645 1687/1823/6648 
f 1697/1834/6650 1696/1833/6651 1687/1823/6649 1688/1824/6652 
f 1698/1835/6654 1697/1834/6655 1688/1824/6653 1689/1825/6656 
f 1699/1836/6658 1698/1835/6659 1689/1825/6657 1690/1826/6660 
f 1700/1837/6662 1624/1838/6663 1614/1828/6661 1691/1827/6664 
f 1701/1839/6666 1700/1837/6667 1691/1827/6665 1692/1829/6668 
f 1702/1840/6670 1701/1839/6671 1692/1829/6669 1693/1830/6672 
f 1703/1841/6674 1702/1840/6675 1693/1830/6673 1694/1831/6676 
f 1704/1842/6678 1703/1841/6679 1694/1831/6677 1695/1832/6680 
f 1705/1843/6682 1704/1842/6683 1695/1832/6681 1696/1833/6684 
f 1706/1844/6686 1705/1843/6687 1696/1833/6685 1697/1834/6688 
f 1707/1845/6690 1706/1844/6691 1697/1834/6689 1698/1835/6692 
f 1708/1846/6694 1707/1845/6695 1698/1835/6693 1699/1836/6696 
f 1709/1847/6698 1634/1848/6699 1624/1838/6697 1700/1837/6700 
f 1710/1849/6702 1709/1847/6703 1700/1837/6701 1701/1839/6704 
f 1711/1850/6706 1710/1849/6707 1701/1839/6705 1702/1840/6708 
f 1712/1851/6710 1711/1850/6711 1702/1840/6709 1703/1841/6712 
f 1713/1852/6714 1712/1851/6715 1703/1841/6713 1704/1842/6716 
f 1714/1853/6718 1713/1852/6719 1704/1842/6717 1705/1843/6720 
f 1715/1854/6722 1714/1853/6723 1705/1843/6721 1706/1844/6724 
f 1716/1855/6726 1715/1854/6727 1706/1844/6725 1707/1845/6728 
f 1717/1856/6730 1716/1855/6731 1707/1845/6729 1708/1846/6732 
f 1718/1857/6734 1644/1858/6735 1634/1848/6733 1709/1847/6736 
f 1719/1859/6738 1718/1857/6739 1709/1847/6737 1710/1849/6740 
f 1720/1860/6742 1719/1859/6743 1710/1849/6741 1711/1850/6744 
f 1721/1861/6746 1720/1860/6747 1711/1850/6745 1712/1851/6748 
f 1722/1862/6750 1721/1861/6751 1712/1851/6749 1713/1852/6752 
f 1723/1863/6754 1722/1862/6755 1713/1852/6753 1714/1853/6756 
f 1724/1864/6758 1723/1863/6759 1714/1853/6757 1715/1854/6760 
f 1725/1865/6762 1724/1864/6763 1715/1854/6761 1716/1855/6764 
f 1726/1866/6766 1725/1865/6767 1716/1855/6765 1717/1856/6768 
f 1727/1867/6770 1654/1868/6771 1644/1858/6769 1718/1857/6772 
f 1728/1869/6774 1727/1867/6775 1718/1857/6773 1719/1859/6776 
f 1729/1870/6778 1728/1869/6779 1719/1859/6777 1720/1860/6780 
f 1730/1871/6782 1729/1870/6783 1720/1860/6781 1721/1861/6784 
f 1731/1872/6786 1730/1871/6787 1721/1861/6785 1722/1862/6788 
f 1732/1873/6790 1731/1872/6791 1722/1862/6789 1723/1863/6792 
f 1733/1874/6794 1732/1873/6795 1723/1863/6793 1724/1864/6796 
f 1734/1875/6798 1733/1874/6799 1724/1864/6797 1725/1865/6800 
f 1735/1876/6802 1734/1875/6803 1725/1865/6801 1726/1866/6804 
f 1736/1878/6806 1737/1879/6807 1556/1877/6805 1555/1880/6808 
f 1738/1881/6810 1736/1878/6811 1555/1880/6809 1557/1882/6812 
f 1739/1883/6814 1738/1881/6815 1557/1882/6813 1558/1884/6816 
f 1740/1885/6818 1739/1883/6819 1558/1884/6817 1559/1886/6820 
f 1741/1887/6822 1740/1885/6823 1559/1886/6821 1560/1888/6824 
f 1742/1889/6826 1741/1887/6827 1560/1888/6825 1561/1890/6828 
f 1743/1891/6830 1742/1889/6831 1561/1890/6829 1562/1892/6832 
f 1744/1893/6834 1743/1891/6835 1562/1892/6833 1563/1894/6836 
f 1566/1895/6838 1744/1893/6839 1563/1894/6837 1564/1896/6840 
f 1745/1897/6842 1746/1898/6843 1737/1879/6841 1736/1878/6844 
f 1747/1899/6846 1745/1897/6847 1736/1878/6845 1738/1881/6848 
f 1748/1900/6850 1747/1899/6851 1738/1881/6849 1739/1883/6852 
f 1749/1901/6854 1748/1900/6855 1739/1883/6853 1740/1885/6856 
f 1750/1902/6858 1749/1901/6859 1740/1885/6857 1741/1887/6860 
f 1751/1903/6862 1750/1902/6863 1741/1887/6861 1742/1889/6864 
f 1752/1904/6866 1751/1903/6867 1742/1889/6865 1743/1891/6868 
f 1753/1905/6870 1752/1904/6871 1743/1891/6869 1744/1893/6872 
f 1576/1906/6874 1753/1905/6875 1744/1893/6873 1566/1895/6876 
f 1754/1907/6878 1755/1908/6879 1746/1898/6877 1745/1897/6880 
f 1756/1909/6882 1754/1907/6883 1745/1897/6881 1747/1899/6884 
f 1757/1910/6886 1756/1909/6887 1747/1899/6885 1748/1900/6888 
f 1758/1911/6890 1757/1910/6891 1748/1900/6889 1749/1901/6892 
f 1759/1912/6894 1758/1911/6895 1749/1901/6893 1750/1902/6896 
f 1760/1913/6898 1759/1912/6899 1750/1902/6897 1751/1903/6900 
f 1761/1914/6902 1760/1913/6903 1751/1903/6901 1752/1904/6904 
f 1762/1915/6906 1761/1914/6907 1752/1904/6905 1753/1905/6908 
f 1586/1916/6910 1762/1915/6911 1753/1905/6909 1576/1906/6912 
f 1763/1917/6914 1764/1918/6915 1755/1908/6913 1754/1907/6916 
f 1765/1919/6918 1763/1917/6919 1754/1907/6917 1756/1909/6920 
f 1766/1920/6922 1765/1919/6923 1756/1909/6921 1757/1910/6924 
f 1767/1921/6926 1766/1920/6927 1757/1910/6925 1758/1911/6928 
f 1768/1922/6930 1767/1921/6931 1758/1911/6929 1759/1912/6932 
f 1769/1923/6934 1768/1922/6935 1759/1912/6933 1760/1913/6936 
f 1770/1924/6938 1769/1923/6939 1760/1913/6937 1761/1914/6940 
f 1771/1925/6942 1770/1924/6943 1761/1914/6941 1762/1915/6944 
f 1596/1926/6946 1771/1925/6947 1762/1915/6945 1586/1916/6948 
f 1772/1927/6950 1773/1928/6951 1764/1918/6949 1763/1917/6952 
f 1774/1929/6954 1772/1927/6955 1763/1917/6953 1765/1919/6956 
f 1775/1930/6958 1774/1929/6959 1765/1919/6957 1766/1920/6960 
f 1776/1931/6962 1775/1930/6963 1766/1920/6961 1767/1921/6964 
f 1777/1932/6966 1776/1931/6967 1767/1921/6965 1768/1922/6968 
f 1778/1933/6970 1777/1932/6971 1768/1922/6969 1769/1923/6972 
f 1779/1934/6974 1778/1933/6975 1769/1923/6973 1770/1924/6976 
f 1780/1935/6978 1779/1934/6979 1770/1924/6977 1771/1925/6980 
f 1606/1936/6982 1780/1935/6983 1771/1925/6981 1596/1926/6984 
f 1781/1937/6986 1782/1938/6987 1773/1928/6985 1772/1927/6988 
f 1783/1939/6990 1781/1937/6991 1772/1927/6989 1774/1929/6992 
f 1784/1940/6994 1783/1939/6995 1774/1929/6993 1775/1930/6996 
f 1785/1941/6998 1784/1940/6999 1775/1930/6997 1776/1931/7000 
f 1786/1942/7002 1785/1941/7003 1776/1931/7001 1777/1932/7004 
f 1787/1943/7006 1786/1942/7007 1777/1932/7005 1778/1933/7008 
f 1788/1944/7010 1787/1943/7011 1778/1933/7009 1779/1934/7012 
f 1789/1945/7014 1788/1944/7015 1779/1934/7013 1780/1935/7016 
f 1616/1946/7018 1789/1945/7019 1780/1935/7017 1606/1936/7020 
f 1790/1947/7022 1791/1948/7023 1782/1938/7021 1781/1937/7024 
f 1792/1949/7026 1790/1947/7027 1781/1937/7025 1783/1939/7028 
f 1793/1950/7030 1792/1949/7031 1783/1939/7029 1784/1940/7032 
f 1794/1951/7034 1793/1950/7035 1784/1940/7033 1785/1941/7036 
f 1795/1952/7038 1794/1951/7039 1785/1941/7037 1786/1942/7040 
f 1796/1953/7042 1795/1952/7043 1786/1942/7041 1787/1943/7044 
f 1797/1954/7046 1796/1953/7047 1787/1943/7045 1788/1944/7048 
f 1798/1955/7050 1797/1954/7051 1788/1944/7049 1789/1945/7052 
f 1626/1956/7054 1798/1955/7055 1789/1945/7053 1616/1946/7056 
f 1799/1957/7058 1800/1958/7059 1791/1948/7057 1790/1947/7060 
f 1801/1959/7062 1799/1957/7063 1790/1947/7061 1792/1949/7064 
f 1802/1960/7066 1801/1959/7067 1792/1949/7065 1793/1950/7068 
f 1803/1961/7070 1802/1960/7071 1793/1950/7069 1794/1951/7072 
f 1804/1962/7074 1803/1961/7075 1794/1951/7073 1795/1952/7076 
f 1805/1963/7078 1804/1962/7079 1795/1952/7077 1796/1953/7080 
f 1806/1964/7082 1805/1963/7083 1796/1953/7081 1797/1954/7084 
f 1807/1965/7086 1806/1964/7087 1797/1954/7085 1798/1955/7088 
f 1636/1966/7090 1807/1965/7091 1798/1955/7089 1626/1956/7092 
f 1808/1967/7094 1809/1968/7095 1800/1958/7093 1799/1957/7096 
f 1810/1969/7098 1808/1967/7099 1799/1957/7097 1801/1959/7100 
f 1811/1970/7102 1810/1969/7103 1801/1959/7101 1802/1960/7104 
f 1812/1971/7106 1811/1970/7107 1802/1960/7105 1803/1961/7108 
f 1813/1972/7110 1812/1971/7111 1803/1961/7109 1804/1962/7112 
f 1814/1973/7114 1813/1972/7115 1804/1962/7113 1805/1963/7116 
f 1815/1974/7118 1814/1973/7119 1805/1963/7117 1806/1964/7120 
f 1816/1975/7122 1815/1974/7123 1806/1964/7121 1807/1965/7124 
f 1646/1976/7126 1816/1975/7127 1807/1965/7125 1636/1966/7128 
f 1817/1978/7130 1663/1979/7131 1465/1977/7129 1467/1980/7132 
f 1818/1981/7134 1817/1978/7135 1467/1980/7133 1486/1982/7136 
f 1819/1983/7138 1818/1981/7139 1486/1982/7137 1496/1984/7140 
f 1820/1985/7142 1819/1983/7143 1496/1984/7141 1506/1986/7144 
f 1821/1987/7146 1820/1985/7147 1506/1986/7145 1516/1988/7148 
f 1822/1989/7150 1821/1987/7151 1516/1988/7149 1526/1990/7152 
f 1823/1991/7154 1822/1989/7155 1526/1990/7153 1536/1992/7156 
f 1824/1993/7158 1823/1991/7159 1536/1992/7157 1546/1994/7160 
f 1737/1995/7162 1824/1993/7163 1546/1994/7161 1556/1996/7164 
f 1825/1997/7166 1672/1998/7167 1663/1979/7165 1817/1978/7168 
f 1826/1999/7170 1825/1997/7171 1817/1978/7169 1818/1981/7172 
f 1827/2000/7174 1826/1999/7175 1818/1981/7173 1819/1983/7176 
f 1828/2001/7178 1827/2000/7179 1819/1983/7177 1820/1985/7180 
f 1829/2002/7182 1828/2001/7183 1820/1985/7181 1821/1987/7184 
f 1830/2003/7186 1829/2002/7187 1821/1987/7185 1822/1989/7188 
f 1831/2004/7190 1830/2003/7191 1822/1989/7189 1823/1991/7192 
f 1832/2005/7194 1831/2004/7195 1823/1991/7193 1824/1993/7196 
f 1746/2006/7198 1832/2005/7199 1824/1993/7197 1737/1995/7200 
f 1833/2007/7202 1681/2008/7203 1672/1998/7201 1825/1997/7204 
f 1834/2009/7206 1833/2007/7207 1825/1997/7205 1826/1999/7208 
f 1835/2010/7210 1834/2009/7211 1826/1999/7209 1827/2000/7212 
f 1836/2011/7214 1835/2010/7215 1827/2000/7213 1828/2001/7216 
f 1837/2012/7218 1836/2011/7219 1828/2001/7217 1829/2002/7220 
f 1838/2013/7222 1837/2012/7223 1829/2002/7221 1830/2003/7224 
f 1839/2014/7226 1838/2013/7227 1830/2003/7225 1831/2004/7228 
f 1840/2015/7230 1839/2014/7231 1831/2004/7229 1832/2005/7232 
f 1755/2016/7234 1840/2015/7235 1832/2005/7233 1746/2006/7236 
f 1841/2017/7238 1690/2018/7239 1681/2008/7237 1833/2007/7240 
f 1842/2019/7242 1841/2017/7243 1833/2007/7241 1834/2009/7244 
f 1843/2020/7246 1842/2019/7247 1834/2009/7245 1835/2010/7248 
f 1844/2021/7250 1843/2020/7251 1835/2010/7249 1836/2011/7252 
f 1845/2022/7254 1844/2021/7255 1836/2011/7253 1837/2012/7256 
f 1846/2023/7258 1845/2022/7259 1837/2012/7257 1838/2013/7260 
f 1847/2024/7262 1846/2023/7263 1838/2013/7261 1839/2014/7264 
f 1848/2025/7266 1847/2024/7267 1839/2014/7265 1840/2015/7268 
f 1764/2026/7270 1848/2025/7271 1840/2015/7269 1755/2016/7272 
f 1849/2027/7274 1699/2028/7275 1690/2018/7273 1841/2017/7276 
f 1850/2029/7278 1849/2027/7279 1841/2017/7277 1842/2019/7280 
f 1851/2030/7282 1850/2029/7283 1842/2019/7281 1843/2020/7284 
f 1852/2031/7286 1851/2030/7287 1843/2020/7285 1844/2021/7288 
f 1853/2032/7290 1852/2031/7291 1844/2021/7289 1845/2022/7292 
f 1854/2033/7294 1853/2032/7295 1845/2022/7293 1846/2023/7296 
f 1855/2034/7298 1854/2033/7299 1846/2023/7297 1847/2024/7300 
f 1856/2035/7302 1855/2034/7303 1847/2024/7301 1848/2025/7304 
f 1773/2036/7306 1856/2035/7307 1848/2025/7305 1764/2026/7308 
f 1857/2037/7310 1708/2038/7311 1699/2028/7309 1849/2027/7312 
f 1858/2039/7314 1857/2037/7315 1849/2027/7313 1850/2029/7316 
f 1859/2040/7318 1858/2039/7319 1850/2029/7317 1851/2030/7320 
f 1860/2041/7322 1859/2040/7323 1851/2030/7321 1852/2031/7324 
f 1861/2042/7326 1860/2041/7327 1852/2031/7325 1853/2032/7328 
f 1862/2043/7330 1861/2042/7331 1853/2032/7329 1854/2033/7332 
f 1863/2044/7334 1862/2043/7335 1854/2033/7333 1855/2034/7336 
f 1864/2045/7338 1863/2044/7339 1855/2034/7337 1856/2035/7340 
f 1782/2046/7342 1864/2045/7343 1856/2035/7341 1773/2036/7344 
f 1865/2047/7346 1717/2048/7347 1708/2038/7345 1857/2037/7348 
f 1866/2049/7350 1865/2047/7351 1857/2037/7349 1858/2039/7352 
f 1867/2050/7354 1866/2049/7355 1858/2039/7353 1859/2040/7356 
f 1868/2051/7358 1867/2050/7359 1859/2040/7357 1860/2041/7360 
f 1869/2052/7362 1868/2051/7363 1860/2041/7361 1861/2042/7364 
f 1870/2053/7366 1869/2052/7367 1861/2042/7365 1862/2043/7368 
f 1871/2054/7370 1870/2053/7371 1862/2043/7369 1863/2044/7372 
f 1872/2055/7374 1871/2054/7375 1863/2044/7373 1864/2045/7376 
f 1791/2056/7378 1872/2055/7379 1864/2045/7377 1782/2046/7380 
f 1873/2057/7382 1726/2058/7383 1717/2048/7381 1865/2047/7384 
f 1874/2059/7386 1873/2057/7387 1865/2047/7385 1866/2049/7388 
f 1875/2060/7390 1874/2059/7391 1866/2049/7389 1867/2050/7392 
f 1876/2061/7394 1875/2060/7395 1867/2050/7393 1868/2051/7396 
f 1877/2062/7398 1876/2061/7399 1868/2051/7397 1869/2052/7400 
f 1878/2063/7402 1877/2062/7403 1869/2052/7401 1870/2053/7404 
f 1879/2064/7406 1878/2063/7407 1870/2053/7405 1871/2054/7408 
f 1880/2065/7410 1879/2064/7411 1871/2054/7409 1872/2055/7412 
f 1800/2066/7414 1880/2065/7415 1872/2055/7413 1791/2056/7416 
f 1881/2067/7418 1735/2068/7419 1726/2058/7417 1873/2057/7420 
f 1882/2069/7422 1881/2067/7423 1873/2057/7421 1874/2059/7424 
f 1883/2070/7426 1882/2069/7427 1874/2059/7425 1875/2060/7428 
f 1884/2071/7430 1883/2070/7431 1875/2060/7429 1876/2061/7432 
f 1885/2072/7434 1884/2071/7435 1876/2061/7433 1877/2062/7436 
f 1886/2073/7438 1885/2072/7439 1877/2062/7437 1878/2063/7440 
f 1887/2074/7442 1886/2073/7443 1878/2063/7441 1879/2064/7444 
f 1888/2075/7446 1887/2074/7447 1879/2064/7445 1880/2065/7448 
f 1809/2076/7450 1888/2075/7451 1880/2065/7449 1800/2066/7452 
f 1889/2078/7454 1653/2079/7455 1654/2077/7453 1727/2080/7456 
f 1890/2081/7458 1889/2078/7459 1727/2080/7457 1728/2082/7460 
f 1891/2083/7462 1890/2081/7463 1728/2082/7461 1729/2084/7464 
f 1892/2085/7466 1891/2083/7467 1729/2084/7465 1730/2086/7468 
f 1893/2087/7470 1892/2085/7471 1730/2086/7469 1731/2088/7472 
f 1894/2089/7474 1893/2087/7475 1731/2088/7473 1732/2090/7476 
f 1895/2091/7478 1894/2089/7479 1732/2090/7477 1733/2092/7480 
f 1896/2093/7482 1895/2091/7483 1733/2092/7481 1734/2094/7484 
f 1881/2095/7486 1896/2093/7487 1734/2094/7485 1735/2096/7488 
f 1897/2097/7490 1652/2098/7491 1653/2079/7489 1889/2078/7492 
f 1898/2099/7494 1897/2097/7495 1889/2078/7493 1890/2081/7496 
f 1899/2100/7498 1898/2099/7499 1890/2081/7497 1891/2083/7500 
f 1900/2101/7502 1899/2100/7503 1891/2083/7501 1892/2085/7504 
f 1901/2102/7506 1900/2101/7507 1892/2085/7505 1893/2087/7508 
f 1902/2103/7510 1901/2102/7511 1893/2087/7509 1894/2089/7512 
f 1903/2104/7514 1902/2103/7515 1894/2089/7513 1895/2091/7516 
f 1904/2105/7518 1903/2104/7519 1895/2091/7517 1896/2093/7520 
f 1882/2106/7522 1904/2105/7523 1896/2093/7521 1881/2095/7524 
f 1905/2107/7526 1651/2108/7527 1652/2098/7525 1897/2097/7528 
f 1906/2109/7530 1905/2107/7531 1897/2097/7529 1898/2099/7532 
f 1907/2110/7534 1906/2109/7535 1898/2099/7533 1899/2100/7536 
f 1908/2111/7538 1907/2110/7539 1899/2100/7537 1900/2101/7540 
f 1909/2112/7542 1908/2111/7543 1900/2101/7541 1901/2102/7544 
f 1910/2113/7546 1909/2112/7547 1901/2102/7545 1902/2103/7548 
f 1911/2114/7550 1910/2113/7551 1902/2103/7549 1903/2104/7552 
f 1912/2115/7554 1911/2114/7555 1903/2104/7553 1904/2105/7556 
f 1883/2116/7558 1912/2115/7559 1904/2105/7557 1882/2106/7560 
f 1913/2117/7562 1650/2118/7563 1651/2108/7561 1905/2107/7564 
f 1914/2119/7566 1913/2117/7567 1905/2107/7565 1906/2109/7568 
f 1915/2120/7570 1914/2119/7571 1906/2109/7569 1907/2110/7572 
f 1916/2121/7574 1915/2120/7575 1907/2110/7573 1908/2111/7576 
f 1917/2122/7578 1916/2121/7579 1908/2111/7577 1909/2112/7580 
f 1918/2123/7582 1917/2122/7583 1909/2112/7581 1910/2113/7584 
f 1919/2124/7586 1918/2123/7587 1910/2113/7585 1911/2114/7588 
f 1920/2125/7590 1919/2124/7591 1911/2114/7589 1912/2115/7592 
f 1884/2126/7594 1920/2125/7595 1912/2115/7593 1883/2116/7596 
f 1921/2127/7598 1649/2128/7599 1650/2118/7597 1913/2117/7600 
f 1922/2129/7602 1921/2127/7603 1913/2117/7601 1914/2119/7604 
f 1923/2130/7606 1922/2129/7607 1914/2119/7605 1915/2120/7608 
f 1924/2131/7610 1923/2130/7611 1915/2120/7609 1916/2121/7612 
f 1925/2132/7614 1924/2131/7615 1916/2121/7613 1917/2122/7616 
f 1926/2133/7618 1925/2132/7619 1917/2122/7617 1918/2123/7620 
f 1927/2134/7622 1926/2133/7623 1918/2123/7621 1919/2124/7624 
f 1928/2135/7626 1927/2134/7627 1919/2124/7625 1920/2125/7628 
f 1885/2136/7630 1928/2135/7631 1920/2125/7629 1884/2126/7632 
f 1929/2137/7634 1648/2138/7635 1649/2128/7633 1921/2127/7636 
f 1930/2139/7638 1929/2137/7639 1921/2127/7637 1922/2129/7640 
f 1931/2140/7642 1930/2139/7643 1922/2129/7641 1923/2130/7644 
f 1932/2141/7646 1931/2140/7647 1923/2130/7645 1924/2131/7648 
f 1933/2142/7650 1932/2141/7651 1924/2131/7649 1925/2132/7652 
f 1934/2143/7654 1933/2142/7655 1925/2132/7653 1926/2133/7656 
f 1935/2144/7658 1934/2143/7659 1926/2133/7657 1927/2134/7660 
f 1936/2145/7662 1935/2144/7663 1927/2134/7661 1928/2135/7664 
f 1886/2146/7666 1936/2145/7667 1928/2135/7665 1885/2136/7668 
f 1937/2147/7670 1647/2148/7671 1648/2138/7669 1929/2137/7672 
f 1938/2149/7674 1937/2147/7675 1929/2137/7673 1930/2139/7676 
f 1939/2150/7678 1938/2149/7679 1930/2139/7677 1931/2140/7680 
f 1940/2151/7682 1939/2150/7683 1931/2140/7681 1932/2141/7684 
f 1941/2152/7686 1940/2151/7687 1932/2141/7685 1933/2142/7688 
f 1942/2153/7690 1941/2152/7691 1933/2142/7689 1934/2143/7692 
f 1943/2154/7694 1942/2153/7695 1934/2143/7693 1935/2144/7696 
f 1944/2155/7698 1943/2154/7699 1935/2144/7697 1936/2145/7700 
f 1887/2156/7702 1944/2155/7703 1936/2145/7701 1886/2146/7704 
f 1945/2157/7706 1645/2158/7707 1647/2148/7705 1937/2147/7708 
f 1946/2159/7710 1945/2157/7711 1937/2147/7709 1938/2149/7712 
f 1947/2160/7714 1946/2159/7715 1938/2149/7713 1939/2150/7716 
f 1948/2161/7718 1947/2160/7719 1939/2150/7717 1940/2151/7720 
f 1949/2162/7722 1948/2161/7723 1940/2151/7721 1941/2152/7724 
f 1950/2163/7726 1949/2162/7727 1941/2152/7725 1942/2153/7728 
f 1951/2164/7730 1950/2163/7731 1942/2153/7729 1943/2154/7732 
f 1952/2165/7734 1951/2164/7735 1943/2154/7733 1944/2155/7736 
f 1888/2166/7738 1952/2165/7739 1944/2155/7737 1887/2156/7740 
f 1816/2167/7742 1646/2168/7743 1645/2158/7741 1945/2157/7744 
f 1815/2169/7746 1816/2167/7747 1945/2157/7745 1946/2159/7748 
f 1814/2170/7750 1815/2169/7751 1946/2159/7749 1947/2160/7752 
f 1813/2171/7754 1814/2170/7755 1947/2160/7753 1948/2161/7756 
f 1812/2172/7758 1813/2171/7759 1948/2161/7757 1949/2162/7760 
f 1811/2173/7762 1812/2172/7763 1949/2162/7761 1950/2163/7764 
f 1810/2174/7766 1811/2173/7767 1950/2163/7765 1951/2164/7768 
f 1808/2175/7770 1810/2174/7771 1951/2164/7769 1952/2165/7772 
f 1809/2176/7774 1808/2175/7775 1952/2165/7773 1888/2166/7776 
o 004_Box_4
g Box_4
usemtl Jasper
v 48.309 2.691 -151.691
v 47.912 2.053 -152.088
v 48.550 2.450 -152.268
v 47.732 2.450 -151.450
v 47.275 1.798 -151.969
v 47.155 2.292 -151.292
v 46.637 1.655 -151.901
v 46.577 2.201 -151.201
v 46.000 1.609 -151.879
v 46.000 2.172 -151.172
v -46.000 1.609 -151.879
v -46.000 2.172 -151.172
v -46.637 1.655 -151.901
v -46.577 2.201 -151.201
v -47.275 1.798 -151.969
v -47.155 2.292 -151.292
v -47.912 2.053 -152.088
v -47.732 2.450 -151.450
v -48.550 2.450 -152.268
v -48.309 2.691 -151.691
v 48.031 1.798 -152.725
v 48.708 2.292 -152.845
v 47.354 1.488 -152.646
v 46.677 1.314 -152.601
v 46.000 1.258 -152.586
v -46.000 1.258 -152.586
v -46.677 1.314 -152.601
v -47.354 1.488 -152.646
v -48.031 1.798 -152.725
v -48.708 2.292 -152.845
v 48.099 1.655 -153.363
v 48.799 2.201 -153.423
v 47.399 1.314 -153.323
v 46.700 1.124 -153.300
v 46.000 1.063 -153.293
v -46.000 1.063 -153.293
v -46.700 1.124 -153.300
v -47.399 1.314 -153.323
v -48.099 1.655 -153.363
v -48.799 2.201 -153.423
v 48.121 1.609 -154.000
v 48.828 2.172 -154.000
v 47.414 1.258 -154.000
v 46.707 1.063 -154.000
v 46.000 1.000 -154.000
v -46.000 1.000 -154.000
v -46.707 1.063 -154.000
v -47.414 1.258 -154.000
v -48.121 1.609 -154.000
v -48.828 2.172 -154.000
v 48.121 1.609 -246.000
v 48.828 2.172 -246.000
v 47.414 1.258 -246.000
v 46.707 1.063 -246.000
v 46.000 1.000 -246.000
v -46.000 1.000 -246.000
v -46.707 1.063 -246.000
v -47.414 1.258 -246.000
v -48.121 1.609 -246.000
v -48.828 2.172 -246.000
v 48.099 1.655 -246.637
v 48.799 2.201 -246.577
v 47.399 1.314 -246.677
v 46.700 1.124 -246.700
v 46.000 1.063 -246.707
v -46.000 1.063 -246.707
v -46.700 1.124 -246.700
v -47.399 1.314 -246.677
v -48.099 1.655 -246.637
v -48.799 2.201 -246.577
v 48.031 1.798 -247.275
v 48.708 2.292 -247.155
v 47.354 1.488 -247.354
v 46.677 1.314 -247.399
v 46.000 1.258 -247.414
v -46.000 1.258 -247.414
v -46.677 1.314 -247.399
v -47.354 1.488 -247.354
v -48.031 1.798 -247.275
v -48.708 2.292 -247.155
v 47.912 2.053 -247.912
v 48.550 2.450 -247.732
v 47.275 1.798 -248.031
v 46.637 1.655 -248.099
v 46.000 1.609 -248.121
v -46.000 1.609 -248.121
v -46.637 1.655 -248.099
v -47.275 1.798 -248.031
v -47.912 2.053 -247.912
v -48.550 2.450 -247.732
v 47.732 2.450 -248.550
v 48.309 2.691 -248.309
v 47.155 2.292 -248.708
v 46.577 2.201 -248.799
v 46.000 2.172 -248.828
v -46.000 2.172 -248.828
v -46.577 2.201 -248.799
v -47.155 2.292 -248.708
v -47.732 2.450 -248.550
v -48.309 2.691 -248.309
v -48.947 3.088 -247.912
v -48.550 3.268 -248.550
v -49.202 2.969 -247.275
v -49.345 2.901 -246.637
v -49.391 2.879 -246.000
v -49.391 2.879 -154.000
v -49.345 2.901 -153.363
v -49.202 2.969 -152.725
v -48.947 3.088 -152.088
v -48.550 3.268 -151.450
v -49.202 3.725 -248.031
v -48.708 3.845 -248.708
v -49.512 3.646 -247.354
v -49.686 3.601 -246.677
v -49.742 3.586 -246.000
v -49.742 3.586 -154.000
v -49.686 3.601 -153.323
v -49.512 3.646 -152.646
v -49.202 3.725 -151.969
v -48.708 3.845 -151.292
v -49.345 4.363 -248.099
v -48.799 4.423 -248.799
v -49.686 4.323 -247.399
v -49.876 4.300 -246.700
v -49.937 4.293 -246.000
v -49.937 4.293 -154.000
v -49.876 4.300 -153.300
v -49.686 4.323 -152.601
v -49.345 4.363 -151.901
v -48.799 4.423 -151.201
v -49.391 5.000 -248.121
v -48.828 5.000 -248.828
v -49.742 5.000 -247.414
v -49.937 5.000 -246.707
v -50.000 5.000 -246.000
v -50.000 5.000 -154.000
v -49.937 5.000 -153.293
v -49.742 5.000 -152.586
v -49.391 5.000 -151.879
v -48.828 5.000 -151.172
v -49.391 97.000 -248.121
v -48.828 97.000 -248.828
v -49.742 97.000 -247.414
v -49.937 97.000 -246.707
v -50.000 97.000 -246.000
v -50.000 97.000 -154.000
v -49.937 97.000 -153.293
v -49.742 97.000 -152.586
v -49.391 97.000 -151.879
v -48.828 97.000 -151.172
v -49.345 97.637 -248.099
v -48.799 97.577 -248.799
v -49.686 97.677 -247.399
v -49.876 97.700 -246.700
v -49.937 97.707 -246.000
v -49.937 97.707 -154.000
v -49.876 97.700 -153.300
v -49.686 97.677 -152.601
v -49.345 97.637 -151.901
v -48.799 97.577 -151.201
v -49.202 98.275 -248.031
v -48.708 98.155 -248.708
v -49.512 98.354 -247.354
v -49.686 98.399 -246.677
v -49.742 98.414 -246.000
v -49.742 98.414 -154.000
v -49.686 98.399 -153.323
v -49.512 98.354 -152.646
v -49.202 98.275 -151.969
v -48.708 98.155 -151.292
v -48.947 98.912 -247.912
v -48.550 98.732 -248.550
v -49.202 99.031 -247.275
v -49.345 99.099 -246.637
v -49.391 99.121 -246.000
v -49.391 99.121 -154.000
v -49.345 99.099 -153.363
v -49.202 99.031 -152.725
v -48.947 98.912 -152.088
v -48.550 98.732 -151.450
v -48.550 99.550 -247.732
v -48.309 99.309 -248.309
v -48.708 99.708 -247.155
v -48.799 99.799 -246.577
v -48.828 99.828 -246.000
v -48.828 99.828 -154.000
v -48.799 99.799 -153.423
v -48.708 99.708 -152.845
v -48.550 99.550 -152.268
v -48.309 99.309 -151.691
v -47.912 3.088 -151.053
v -47.275 2.969 -150.798
v -46.637 2.901 -150.655
v -46.000 2.879 -150.609
v 46.000 2.879 -150.609
v 46.637 2.901 -150.655
v 47.275 2.969 -150.798
v 47.912 3.088 -151.053
v 48.550 3.268 -151.450
v -48.031 3.725 -150.798
v -47.354 3.646 -150.488
v -46.677 3.601 -150.314
v -46.000 3.586 -150.258
v 46.000 3.586 -150.258
v 46.677 3.601 -150.314
v 47.354 3.646 -150.488
v 48.031 3.725 -150.798
v 48.708 3.845 -151.292
v -48.099 4.363 -150.655
v -47.399 4.323 -150.314
v -46.700 4.300 -150.124
v -46.000 4.293 -150.063
v 46.000 4.293 -150.063
v 46.700 4.300 -150.124
v 47.399 4.323 -150.314
v 48.099 4.363 -150.655
v 48.799 4.423 -151.201
v -48.121 5.000 -150.609
v -47.414 5.000 -150.258
v -46.707 5.000 -150.063
v -46.000 5.000 -150.000
v 46.000 5.000 -150.000
v 46.707 5.000 -150.063
v 47.414 5.000 -150.258
v 48.121 5.000 -150.609
v 48.828 5.000 -151.172
v -48.121 97.000 -150.609
v -47.414 97.000 -150.258
v -46.707 97.000 -150.063
v -46.000 97.000 -150.000
v 46.000 97.000 -150.000
v 46.707 97.000 -150.063
v 47.414 97.000 -150.258
v 48.121 97.000 -150.609
v 48.828 97.000 -151.172
v -48.099 97.637 -150.655
v -47.399 97.677 -150.314
v -46.700 97.700 -150.124
v -46.000 97.707 -150.063
v 46.000 97.707 -150.063
v 46.700 97.700 -150.124
v 47.399 97.677 -150.314
v 48.099 97.637 -150.655
v 48.799 97.577 -151.201
v -48.031 98.275 -150.798
v -47.354 98.354 -150.488
v -46.677 98.399 -150.314
v -46.000 98.414 -150.258
v 46.000 98.414 -150.258
v 46.677 98.399 -150.314
v 47.354 98.354 -150.488
v 48.031 98.275 -150.798
v 48.708 98.155 -151.292
v -47.912 98.912 -151.053
v -47.275 99.031 -150.798
v -46.637 99.099 -150.655
v -46.000 99.121 -150.609
v 46.000 99.121 -150.609
v 46.637 99.099 -150.655
v 47.275 99.031 -150.798
v 47.912 98.912 -151.053
v 48.550 98.732 -151.450
v -47.732 99.550 -151.450
v -47.155 99.708 -151.292
v -46.577 99.799 -151.201
v -46.000 99.828 -151.172
v 46.000 99.828 -151.172
v 46.577 99.799 -151.201
v 47.155 99.708 -151.292
v 47.732 99.550 -151.450
v 48.309 99.309 -151.691
v 47.912 3.088 -248.947
v 48.550 3.268 -248.550
v 47.275 2.969 -249.202
v 46.637 2.901 -249.345
v 46.000 2.879 -249.391
v -46.000 2.879 -249.391
v -46.637 2.901 -249.345
v -47.275 2.969 -249.202
v -47.912 3.088 -248.947
v 48.031 3.725 -249.202
v 48.708 3.845 -248.708
v 47.354 3.646 -249.512
v 46.677 3.601 -249.686
v 46.000 3.586 -249.742
v -46.000 3.586 -249.742
v -46.677 3.601 -249.686
v -47.354 3.646 -249.512
v -48.031 3.725 -249.202
v 48.099 4.363 -249.345
v 48.799 4.423 -248.799
v 47.399 4.323 -249.686
v 46.700 4.300 -249.876
v 46.000 4.293 -249.937
v -46.000 4.293 -249.937
v -46.700 4.300 -249.876
v -47.399 4.323 -249.686
v -48.099 4.363 -249.345
v 48.121 5.000 -249.391
v 48.828 5.000 -248.828
v 47.414 5.000 -249.742
v 46.707 5.000 -249.937
v 46.000 5.000 -250.000
v -46.000 5.000 -250.000
v -46.707 5.000 -249.937
v -47.414 5.000 -249.742
v -48.121 5.000 -249.391
v 48.121 97.000 -249.391
v 48.828 97.000 -248.828
v 47.414 97.000 -249.742
v 46.707 97.000 -249.937
v 46.000 97.000 -250.000
v -46.000 97.000 -250.000
v -46.707 97.000 -249.937
v -47.414 97.000 -249.742
v -48.121 97.000 -249.391
v 48.099 97.637 -249.345
v 48.799 97.577 -248.799
v 47.399 97.677 -249.686
v 46.700 97.700 -249.876
v 46.000 97.707 -249.937
v -46.000 97.707 -249.937
v -46.700 97.700 -249.876
v -47.399 97.677 -249.686
v -48.099 97.637 -249.345
v 48.031 98.275 -249.202
v 48.708 98.155 -248.708
v 47.354 98.354 -249.512
v 46.677 98.399 -249.686
v 46.000 98.414 -249.742
v -46.000 98.414 -249.742
v -46.677 98.399 -249.686
v -47.354 98.354 -249.512
v -48.031 98.275 -249.202
v 47.912 98.912 -248.947
v 48.550 98.732 -248.550
v 47.275 99.031 -249.202
v 46.637 99.099 -249.345
v 46.000 99.121 -249.391
v -46.000 99.121 -249.391
v -46.637 99.099 -249.345
v -47.275 99.031 -249.202
v -47.912 98.912 -248.947
v 47.732 99.550 -248.550
v 48.309 99.309 -248.309
v 47.155 99.708 -248.708
v 46.577 99.799 -248.799
v 46.000 99.828 -248.828
v -46.000 99.828 -248.828
v -46.577 99.799 -248.799
v -47.155 99.708 -248.708
v -47.732 99.550 -248.550
v 48.947 3.088 -152.088
v 49.202 2.969 -152.725
v 49.345 2.901 -153.363
v 49.391 2.879 -154.000
v 49.391 2.879 -246.000
v 49.345 2.901 -246.637
v 49.202 2.969 -247.275
v 48.947 3.088 -247.912
v 49.202 3.725 -151.969
v 49.512 3.646 -152.646
v 49.686 3.601 -153.323
v 49.742 3.586 -154.000
v 49.742 3.586 -246.000
v 49.686 3.601 -246.677
v 49.512 3.646 -247.354
v 49.202 3.725 -248.031
v 49.345 4.363 -151.901
v 49.686 4.323 -152.601
v 49.876 4.300 -153.300
v 49.937 4.293 -154.000
v 49.937 4.293 -246.000
v 49.876 4.300 -246.700
v 49.686 4.323 -247.399
v 49.345 4.363 -248.099
v 49.391 5.000 -151.879
v 49.742 5.000 -152.586
v 49.937 5.000 -153.293
v 50.000 5.000 -154.000
v 50.000 5.000 -246.000
v 49.937 5.000 -246.707
v 49.742 5.000 -247.414
v 49.391 5.000 -248.121
v 49.391 97.000 -151.879
v 49.742 97.000 -152.586
v 49.937 97.000 -153.293
v 50.000 97.000 -154.000
v 50.000 97.000 -246.000
v 49.937 97.000 -246.707
v 49.742 97.000 -247.414
v 49.391 97.000 -248.121
v 49.345 97.637 -151.901
v 49.686 97.677 -152.601
v 49.876 97.700 -153.300
v 49.937 97.707 -154.000
v 49.937 97.707 -246.000
v 49.876 97.700 -246.700
v 49.686 97.677 -247.399
v 49.345 97.637 -248.099
v 49.202 98.275 -151.969
v 49.512 98.354 -152.646
v 49.686 98.399 -153.323
v 49.742 98.414 -154.000
v 49.742 98.414 -246.000
v 49.686 98.399 -246.677
v 49.512 98.354 -247.354
v 49.202 98.275 -248.031
v 48.947 98.912 -152.088
v 49.202 99.031 -152.725
v 49.345 99.099 -153.363
v 49.391 99.121 -154.000
v 49.391 99.121 -246.000
v 49.345 99.099 -246.637
v 49.202 99.031 -247.275
v 48.947 98.912 -247.912
v 48.550 99.550 -152.268
v 48.708 99.708 -152.845
v 48.799 99.799 -153.423
v 48.828 99.828 -154.000
v 48.828 99.828 -246.000
v 48.799 99.799 -246.577
v 48.708 99.708 -247.155
v 48.550 99.550 -247.732
v -47.912 99.947 -152.088
v -47.275 100.202 -151.969
v -46.637 100.345 -151.901
v -46.000 100.391 -151.879
v 46.000 100.391 -151.879
v 46.637 100.345 -151.901
v 47.275 100.202 -151.969
v 47.912 99.947 -152.088
v -48.031 100.202 -152.725
v -47.354 100.512 -152.646
v -46.677 100.686 -152.601
v -46.000 100.742 -152.586
v 46.000 100.742 -152.586
v 46.677 100.686 -152.601
v 47.354 100.512 -152.646
v 48.031 100.202 -152.725
v -48.099 100.345 -153.363
v -47.399 100.686 -153.323
v -46.700 100.876 -153.300
v -46.000 100.937 -153.293
v 46.000 100.937 -153.293
v 46.700 100.876 -153.300
v 47.399 100.686 -153.323
v 48.099 100.345 -153.363
v -48.121 100.391 -154.000
v -47.414 100.742 -154.000
v -46.707 100.937 -154.000
v -46.000 101.000 -154.000
v 46.000 101.000 -154.000
v 46.707 100.937 -154.000
v 47.414 100.742 -154.000
v 48.121 100.391 -154.000
v -48.121 100.391 -246.000
v -47.414 100.742 -246.000
v -46.707 100.937 -246.000
v -46.000 101.000 -246.000
v 46.000 101.000 -246.000
v 46.707 100.937 -246.000
v 47.414 100.742 -246.000
v 48.121 100.391 -246.000
v -48.099 100.345 -246.637
v -47.399 100.686 -246.677
v -46.700 100.876 -246.700
v -46.000 100.937 -246.707
v 46.000 100.937 -246.707
v 46.700 100.876 -246.700
v 47.399 100.686 -246.677
v 48.099 100.345 -246.637
v -48.031 100.202 -247.275
v -47.354 100.512 -247.354
v -46.677 100.686 -247.399
v -46.000 100.742 -247.414
v 46.000 100.742 -247.414
v 46.677 100.686 -247.399
v 47.354 100.512 -247.354
v 48.031 100.202 -247.275
v -47.912 99.947 -247.912
v -47.275 100.202 -248.031
v -46.637 100.345 -248.099
v -46.000 100.391 -248.121
v 46.000 100.391 -248.121
v 46.637 100.345 -248.099
v 47.275 100.202 -248.031
v 47.912 99.947 -247.912
vt 0.00000 0.00000
vt 0.01000 0.01000
vt 0.00000 0.01000
vt 0.01000 0.00000
vt 0.02000 0.01000
vt 0.02000 0.00000
vt 0.03000 0.01000
vt 0.03000 0.00000
vt 0.04000 0.01000
vt 0.04000 0.00000
vt 0.96000 0.01000
vt 0.96000 0.00000
vt 0.97000 0.01000
vt 0.97000 0.00000
vt 0.98000 0.01000
vt 0.98000 0.00000
vt 0.99000 0.01000
vt 0.99000 0.00000
vt 1.00000 0.01000
vt 1.00000 0.00000
vt 0.01000 0.02000
vt 0.00000 0.02000
vt 0.02000 0.02000
vt 0.03000 0.02000
vt 0.04000 0.02000
vt 0.96000 0.02000
vt 0.97000 0.02000
vt 0.98000 0.02000
vt 0.99000 0.02000
vt 1.00000 0.02000
vt 0.01000 0.03000
vt 0.00000 0.03000
vt 0.02000 0.03000
vt 0.03000 0.03000
vt 0.04000 0.03000
vt 0.96000 0.03000
vt 0.97000 0.03000
vt 0.98000 0.03000
vt 0.99000 0.03000
vt 1.00000 0.03000
vt 0.01000 0.04000
vt 0.00000 0.04000
vt 0.02000 0.04000
vt 0.03000 0.04000
vt 0.04000 0.04000
vt 0.96000 0.04000
vt 0.97000 0.04000
vt 0.98000 0.04000
vt 0.99000 0.04000
vt 1.00000 0.04000
vt 0.01000 0.96000
vt 0.00000 0.96000
vt 0.02000 0.96000
vt 0.03000 0.96000
vt 0.04000 0.96000
vt 0.96000 0.96000
vt 0.97000 0.96000
vt 0.98000 0.96000
vt 0.99000 0.96000
vt 1.00000 0.96000
vt 0.01000 0.97000
vt 0.00000 0.97000
vt 0.02000 0.97000
vt 0.03000 0.97000
vt 0.04000 0.97000
vt 0.96000 0.97000
vt 0.97000 0.97000
vt 0.98000 0.97000
vt 0.99000 0.97000
vt 1.00000 0.97000
vt 0.01000 0.98000
vt 0.00000 0.98000
vt 0.02000 0.98000
vt 0.03000 0.98000
vt 0.04000 0.98000
vt 0.96000 0.98000
vt 0.97000 0.98000
vt 0.98000 0.98000
vt 0.99000 0.98000
vt 1.00000 0.98000
vt 0.01000 0.99000
vt 0.00000 0.99000
vt 0.02000 0.99000
vt 0.03000 0.99000
vt 0.04000 0.99000
vt 0.96000 0.99000
vt 0.97000 0.99000
vt 0.98000 0.99000
vt 0.99000 0.99000
vt 1.00000 0.99000
vt 0.01000 1.00000
vt 0.00000 1.00000
vt 0.02000 1.00000
vt 0.03000 1.00000
vt 0.04000 1.00000
vt 0.96000 1.00000
vt 0.97000 1.00000
vt 0.98000 1.00000
vt 0.99000 1.00000
vt 1.00000 1.00000
vt 0.00000 0.00000
vt 0.01000 0.01000
vt 0.00000 0.01000
vt 0.01000 0.00000
vt 0.02000 0.01000
vt 0.02000 0.00000
vt 0.03000 0.01000
vt 0.03000 0.00000
vt 0.04000 0.01000
vt 0.04000 0.00000
vt 0.96000 0.01000
vt 0.96000 0.00000
vt 0.97000 0.01000
vt 0.97000 0.00000
vt 0.98000 0.01000
vt 0.98000 0.00000
vt 0.99000 0.01000
vt 0.99000 0.00000
vt 1.00000 0.01000
vt 1.00000 0.00000
vt 0.01000 0.02000
vt 0.00000 0.02000
vt 0.02000 0.02000
vt 0.03000 0.02000
vt 0.04000 0.02000
vt 0.96000 0.02000
vt 0.97000 0.02000
vt 0.98000 0.02000
vt 0.99000 0.02000
vt 1.00000 0.02000
vt 0.01000 0.03000
vt 0.00000 0.03000
vt 0.02000 0.03000
vt 0.03000 0.03000
vt 0.04000 0.03000
vt 0.96000 0.03000
vt 0.97000 0.03000
vt 0.98000 0.03000
vt 0.99000 0.03000
vt 1.00000 0.03000
vt 0.01000 0.04000
vt 0.00000 0.04000
vt 0.02000 0.04000
vt 0.03000 0.04000
vt 0.04000 0.04000
vt 0.96000 0.04000
vt 0.97000 0.04000
vt 0.98000 0.04000
vt 0.99000 0.04000
vt 1.00000 0.04000
vt 0.01000 0.96000
vt 0.00000 0.96000
vt 0.02000 0.96000
vt 0.03000 0.96000
vt 0.04000 0.96000
vt 0.96000 0.96000
vt 0.97000 0.96000
vt 0.98000 0.96000
vt 0.99000 0.96000
vt 1.00000 0.96000
vt 0.01000 0.97000
vt 0.00000 0.97000
vt 0.02000 0.97000
vt 0.03000 0.97000
vt 0.04000 0.97000
vt 0.96000 0.97000
vt 0.97000 0.97000
vt 0.98000 0.97000
vt 0.99000 0.97000
vt 1.00000 0.97000
vt 0.01000 0.98000
vt 0.00000 0.98000
vt 0.02000 0.98000
vt 0.03000 0.98000
vt 0.04000 0.98000
vt 0.96000 0.98000
vt 0.97000 0.98000
vt 0.98000 0.98000
vt 0.99000 0.98000
vt 1.00000 0.98000
vt 0.01000 0.99000
vt 0.00000 0.99000
vt 0.02000 0.99000
vt 0.03000 0.99000
vt 0.04000 0.99000
vt 0.96000 0.99000
vt 0.97000 0.99000
vt 0.98000 0.99000
vt 0.99000 0.99000
vt 1.00000 0.99000
vt 0.01000 1.00000
vt 0.00000 1.00000
vt 0.02000 1.00000
vt 0.03000 1.00000
vt 0.04000 1.00000
vt 0.96000 1.00000
vt 0.97000 1.00000
vt 0.98000 1.00000
vt 0.99000 1.00000
vt 1.00000 1.00000
vt 0.00000 0.00000
vt 0.01000 0.01000
vt 0.00000 0.01000
vt 0.01000 0.00000
vt 0.02000 0.01000
vt 0.02000 0.00000
vt 0.03000 0.01000
vt 0.03000 0.00000
vt 0.04000 0.01000
vt 0.04000 0.00000
vt 0.96000 0.01000
vt 0.96000 0.00000
vt 0.97000 0.01000
vt 0.97000 0.00000
vt 0.98000 0.01000
vt 0.98000 0.00000
vt 0.99000 0.01000
vt 0.99000 0.00000
vt 1.00000 0.01000
vt 1.00000 0.00000
vt 0.01000 0.02000
vt 0.00000 0.02000
vt 0.02000 0.02000
vt 0.03000 0.02000
vt 0.04000 0.02000
vt 0.96000 0.02000
vt 0.97000 0.02000
vt 0.98000 0.02000
vt 0.99000 0.02000
vt 1.00000 0.02000
vt 0.01000 0.03000
vt 0.00000 0.03000
vt 0.02000 0.03000
vt 0.03000 0.03000
vt 0.04000 0.03000
vt 0.96000 0.03000
vt 0.97000 0.03000
vt 0.98000 0.03000
vt 0.99000 0.03000
vt 1.00000 0.03000
vt 0.01000 0.04000
vt 0.00000 0.04000
vt 0.02000 0.04000
vt 0.03000 0.04000
vt 0.04000 0.04000
vt 0.96000 0.04000
vt 0.97000 0.04000
vt 0.98000 0.04000
vt 0.99000 0.04000
vt 1.00000 0.04000
vt 0.01000 0.96000
vt 0.00000 0.96000
vt 0.02000 0.96000
vt 0.03000 0.96000
vt 0.04000 0.96000
vt 0.96000 0.96000
vt 0.97000 0.96000
vt 0.98000 0.96000
vt 0.99000 0.96000
vt 1.00000 0.96000
vt 0.01000 0.97000
vt 0.00000 0.97000
vt 0.02000 0.97000
vt 0.03000 0.97000
vt 0.04000 0.97000
vt 0.96000 0.97000
vt 0.97000 0.97000
vt 0.98000 0.97000
vt 0.99000 0.97000
vt 1.00000 0.97000
vt 0.01000 0.98000
vt 0.00000 0.98000
vt 0.02000 0.98000
vt 0.03000 0.98000
vt 0.04000 0.98000
vt 0.96000 0.98000
vt 0.97000 0.98000
vt 0.98000 0.98000
vt 0.99000 0.98000
vt 1.00000 0.98000
vt 0.01000 0.99000
vt 0.00000 0.99000
vt 0.02000 0.99000
vt 0.03000 0.99000
vt 0.04000 0.99000
vt 0.96000 0.99000
vt 0.97000 0.99000
vt 0.98000 0.99000
vt 0.99000 0.99000
vt 1.00000 0.99000
vt 0.01000 1.00000
vt 0.00000 1.00000
vt 0.02000 1.00000
vt 0.03000 1.00000
vt 0.04000 1.00000
vt 0.96000 1.00000
vt 0.97000 1.00000
vt 0.98000 1.00000
vt 0.99000 1.00000
vt 1.00000 1.00000
vt 0.00000 0.00000
vt 0.01000 0.01000
vt 0.00000 0.01000
vt 0.01000 0.00000
vt 0.02000 0.01000
vt 0.02000 0.00000
vt 0.03000 0.01000
vt 0.03000 0.00000
vt 0.04000 0.01000
vt 0.04000 0.00000
vt 0.96000 0.01000
vt 0.96000 0.00000
vt 0.97000 0.01000
vt 0.97000 0.00000
vt 0.98000 0.01000
vt 0.98000 0.00000
vt 0.99000 0.01000
vt 0.99000 0.00000
vt 1.00000 0.01000
vt 1.00000 0.00000
vt 0.01000 0.02000
vt 0.00000 0.02000
vt 0.02000 0.02000
vt 0.03000 0.02000
vt 0.04000 0.02000
vt 0.96000 0.02000
vt 0.97000 0.02000
vt 0.98000 0.02000
vt 0.99000 0.02000
vt 1.00000 0.02000
vt 0.01000 0.03000
vt 0.00000 0.03000
vt 0.02000 0.03000
vt 0.03000 0.03000
vt 0.04000 0.03000
vt 0.96000 0.03000
vt 0.97000 0.03000
vt 0.98000 0.03000
vt 0.99000 0.03000
vt 1.00000 0.03000
vt 0.01000 0.04000
vt 0.00000 0.04000
vt 0.02000 0.04000
vt 0.03000 0.04000
vt 0.04000 0.04000
vt 0.96000 0.04000
vt 0.97000 0.04000
vt 0.98000 0.04000
vt 0.99000 0.04000
vt 1.00000 0.04000
vt 0.01000 0.96000
vt 0.00000 0.96000
vt 0.02000 0.96000
vt 0.03000 0.96000
vt 0.04000 0.96000
vt 0.96000 0.96000
vt 0.97000 0.96000
vt 0.98000 0.96000
vt 0.99000 0.96000
vt 1.00000 0.96000
vt 0.01000 0.97000
vt 0.00000 0.97000
vt 0.02000 0.97000
vt 0.03000 0.97000
vt 0.04000 0.97000
vt 0.96000 0.97000
vt 0.97000 0.97000
vt 0.98000 0.97000
vt 0.99000 0.97000
vt 1.00000 0.97000
vt 0.01000 0.98000
vt 0.00000 0.98000
vt 0.02000 0.98000
vt 0.03000 0.98000
vt 0.04000 0.98000
vt 0.96000 0.98000
vt 0.97000 0.98000
vt 0.98000 0.98000
vt 0.99000 0.98000
vt 1.00000 0.98000
vt 0.01000 0.99000
vt 0.00000 0.99000
vt 0.02000 0.99000
vt 0.03000 0.99000
vt 0.04000 0.99000
vt 0.96000 0.99000
vt 0.97000 0.99000
vt 0.98000 0.99000
vt 0.99000 0.99000
vt 1.00000 0.99000
vt 0.01000 1.00000
vt 0.00000 1.00000
vt 0.02000 1.00000
vt 0.03000 1.00000
vt 0.04000 1.00000
vt 0.96000 1.00000
vt 0.97000 1.00000
vt 0.98000 1.00000
vt 0.99000 1.00000
vt 1.00000 1.00000
vt 0.00000 0.00000
vt 0.01000 0.01000
vt 0.00000 0.01000
vt 0.01000 0.00000
vt 0.02000 0.01000
vt 0.02000 0.00000
vt 0.03000 0.01000
vt 0.03000 0.00000
vt 0.04000 0.01000
vt 0.04000 0.00000
vt 0.96000 0.01000
vt 0.96000 0.00000
vt 0.97000 0.01000
vt 0.97000 0.00000
vt 0.98000 0.01000
vt 0.98000 0.00000
vt 0.99000 0.01000
vt 0.99000 0.00000
vt 1.00000 0.01000
vt 1.00000 0.00000
vt 0.01000 0.02000
vt 0.00000 0.02000
vt 0.02000 0.02000
vt 0.03000 0.02000
vt 0.04000 0.02000
vt 0.96000 0.02000
vt 0.97000 0.02000
vt 0.98000 0.02000
vt 0.99000 0.02000
vt 1.00000 0.02000
vt 0.01000 0.03000
vt 0.00000 0.03000
vt 0.02000 0.03000
vt 0.03000 0.03000
vt 0.04000 0.03000
vt 0.96000 0.03000
vt 0.97000 0.03000
vt 0.98000 0.03000
vt 0.99000 0.03000
vt 1.00000 0.03000
vt 0.01000 0.04000
vt 0.00000 0.04000
vt 0.02000 0.04000
vt 0.03000 0.04000
vt 0.04000 0.04000
vt 0.96000 0.04000
vt 0.97000 0.04000
vt 0.98000 0.04000
vt 0.99000 0.04000
vt 1.00000 0.04000
vt 0.01000 0.96000
vt 0.00000 0.96000
vt 0.02000 0.96000
vt 0.03000 0.96000
vt 0.04000 0.96000
vt 0.96000 0.96000
vt 0.97000 0.96000
vt 0.98000 0.96000
vt 0.99000 0.96000
vt 1.00000 0.96000
vt 0.01000 0.97000
vt 0.00000 0.97000
vt 0.02000 0.97000
vt 0.03000 0.97000
vt 0.04000 0.97000
vt 0.96000 0.97000
vt 0.97000 0.97000
vt 0.98000 0.97000
vt 0.99000 0.97000
vt 1.00000 0.97000
vt 0.01000 0.98000
vt 0.00000 0.98000
vt 0.02000 0.98000
vt 0.03000 0.98000
vt 0.04000 0.98000
vt 0.96000 0.98000
vt 0.97000 0.98000
vt 0.98000 0.98000
vt 0.99000 0.98000
vt 1.00000 0.98000
vt 0.01000 0.99000
vt 0.00000 0.99000
vt 0.02000 0.99000
vt 0.03000 0.99000
vt 0.04000 0.99000
vt 0.96000 0.99000
vt 0.97000 0.99000
vt 0.98000 0.99000
vt 0.99000 0.99000
vt 1.00000 0.99000
vt 0.01000 1.00000
vt 0.00000 1.00000
vt 0.02000 1.00000
vt 0.03000 1.00000
vt 0.04000 1.00000
vt 0.96000 1.00000
vt 0.97000 1.00000
vt 0.98000 1.00000
vt 0.99000 1.00000
vt 1.00000 1.00000
vt 0.00000 0.00000
vt 0.01000 0.01000
vt 0.00000 0.01000
vt 0.01000 0.00000
vt 0.02000 0.01000
vt 0.02000 0.00000
vt 0.03000 0.01000
vt 0.03000 0.00000
vt 0.04000 0.01000
vt 0.04000 0.00000
vt 0.96000 0.01000
vt 0.96000 0.00000
vt 0.97000 0.01000
vt 0.97000 0.00000
vt 0.98000 0.01000
vt 0.98000 0.00000
vt 0.99000 0.01000
vt 0.99000 0.00000
vt 1.00000 0.01000
vt 1.00000 0.00000
vt 0.01000 0.02000
vt 0.00000 0.02000
vt 0.02000 0.02000
vt 0.03000 0.02000
vt 0.04000 0.02000
vt 0.96000 0.02000
vt 0.97000 0.02000
vt 0.98000 0.02000
vt 0.99000 0.02000
vt 1.00000 0.02000
vt 0.01000 0.03000
vt 0.00000 0.03000
vt 0.02000 0.03000
vt 0.03000 0.03000
vt 0.04000 0.03000
vt 0.96000 0.03000
vt 0.97000 0.03000
vt 0.98000 0.03000
vt 0.99000 0.03000
vt 1.00000 0.03000
vt 0.01000 0.04000
vt 0.00000 0.04000
vt 0.02000 0.04000
vt 0.03000 0.04000
vt 0.04000 0.04000
vt 0.96000 0.04000
vt 0.97000 0.04000
vt 0.98000 0.04000
vt 0.99000 0.04000
vt 1.00000 0.04000
vt 0.01000 0.96000
vt 0.00000 0.96000
vt 0.02000 0.96000
vt 0.03000 0.96000
vt 0.04000 0.96000
vt 0.96000 0.96000
vt 0.97000 0.96000
vt 0.98000 0.96000
vt 0.99000 0.96000
vt 1.00000 0.96000
vt 0.01000 0.97000
vt 0.00000 0.97000
vt 0.02000 0.97000
vt 0.03000 0.97000
vt 0.04000 0.97000
vt 0.96000 0.97000
vt 0.97000 0.97000
vt 0.98000 0.97000
vt 0.99000 0.97000
vt 1.00000 0.97000
vt 0.01000 0.98000
vt 0.00000 0.98000
vt 0.02000 0.98000
vt 0.03000 0.98000
vt 0.04000 0.98000
vt 0.96000 0.98000
vt 0.97000 0.98000
vt 0.98000 0.98000
vt 0.99000 0.98000
vt 1.00000 0.98000
vt 0.01000 0.99000
vt 0.00000 0.99000
vt 0.02000 0.99000
vt 0.03000 0.99000
vt 0.04000 0.99000
vt 0.96000 0.99000
vt 0.97000 0.99000
vt 0.98000 0.99000
vt 0.99000 0.99000
vt 1.00000 0.99000
vt 0.01000 1.00000
vt 0.00000 1.00000
vt 0.02000 1.00000
vt 0.03000 1.00000
vt 0.04000 1.00000
vt 0.96000 1.00000
vt 0.97000 1.00000
vt 0.98000 1.00000
vt 0.99000 1.00000
vt 1.00000 1.00000
vn 0.57735 -0.57735 0.57735
vn 0.47803 -0.73686 0.47803
vn 0.63738 -0.63738 0.43301
vn 0.43301 -0.63738 0.63738
vn 0.43301 -0.63738 0.63738
vn 0.31869 -0.80039 0.50775
vn 0.47803 -0.73686 0.47803
vn 0.28868 -0.67700 0.67700
vn 0.28868 -0.67700 0.67700
vn 0.15934 -0.83619 0.52478
vn 0.31869 -0.80039 0.50775
vn 0.14434 -0.69970 0.69970
vn 0.14434 -0.69970 0.69970
vn 0.00000 -0.84779 0.53033
vn 0.15934 -0.83619 0.52478
vn 0.00000 -0.70711 0.70711
vn 0.00000 -0.70711 0.70711
vn 0.00000 -0.84779 0.53033
vn 0.00000 -0.84779 0.53033
vn 0.00000 -0.70711 0.70711
vn 0.00000 -0.70711 0.70711
vn -0.15934 -0.83619 0.52478
vn 0.00000 -0.84779 0.53033
vn -0.14434 -0.69970 0.69970
vn -0.14434 -0.69970 0.69970
vn -0.31869 -0.80039 0.50775
vn -0.15934 -0.83619 0.52478
vn -0.28868 -0.67700 0.67700
vn -0.28868 -0.67700 0.67700
vn -0.47803 -0.73686 0.47803
vn -0.31869 -0.80039 0.50775
vn -0.43301 -0.63738 0.63738
vn -0.43301 -0.63738 0.63738
vn -0.63738 -0.63738 0.43301
vn -0.47803 -0.73686 0.47803
vn -0.57735 -0.57735 0.57735
vn 0.63738 -0.63738 0.43301
vn 0.50775 -0.80039 0.31869
vn 0.67700 -0.67700 0.28868
vn 0.47803 -0.73686 0.47803
vn 0.47803 -0.73686 0.47803
vn 0.33850 -0.87797 0.33850
vn 0.50775 -0.80039 0.31869
vn 0.31869 -0.80039 0.50775
vn 0.31869 -0.80039 0.50775
vn 0.16925 -0.92139 0.34985
vn 0.33850 -0.87797 0.33850
vn 0.15934 -0.83619 0.52478
vn 0.15934 -0.83619 0.52478
vn 0.00000 -0.93541 0.35355
vn 0.16925 -0.92139 0.34985
vn 0.00000 -0.84779 0.53033
vn 0.00000 -0.84779 0.53033
vn 0.00000 -0.93541 0.35355
vn 0.00000 -0.93541 0.35355
vn 0.00000 -0.84779 0.53033
vn 0.00000 -0.84779 0.53033
vn -0.16925 -0.92139 0.34985
vn 0.00000 -0.93541 0.35355
vn -0.15934 -0.83619 0.52478
vn -0.15934 -0.83619 0.52478
vn -0.33850 -0.87797 0.33850
vn -0.16925 -0.92139 0.34985
vn -0.31869 -0.80039 0.50775
vn -0.31869 -0.80039 0.50775
vn -0.50775 -0.80039 0.31869
vn -0.33850 -0.87797 0.33850
vn -0.47803 -0.73686 0.47803
vn -0.47803 -0.73686 0.47803
vn -0.67700 -0.67700 0.28868
vn -0.50775 -0.80039 0.31869
vn -0.63738 -0.63738 0.43301
vn 0.67700 -0.67700 0.28868
vn 0.52478 -0.83619 0.15934
vn 0.69970 -0.69970 0.14434
vn 0.50775 -0.80039 0.31869
vn 0.50775 -0.80039 0.31869
vn 0.34985 -0.92139 0.16925
vn 0.52478 -0.83619 0.15934
vn 0.33850 -0.87797 0.33850
vn 0.33850 -0.87797 0.33850
vn 0.17493 -0.96892 0.17493
vn 0.34985 -0.92139 0.16925
vn 0.16925 -0.92139 0.34985
vn 0.16925 -0.92139 0.34985
vn 0.00000 -0.98425 0.17678
vn 0.17493 -0.96892 0.17493
vn 0.00000 -0.93541 0.35355
vn 0.00000 -0.93541 0.35355
vn 0.00000 -0.98425 0.17678
vn 0.00000 -0.98425 0.17678
vn 0.00000 -0.93541 0.35355
vn 0.00000 -0.93541 0.35355
vn -0.17493 -0.96892 0.17493
vn 0.00000 -0.98425 0.17678
vn -0.16925 -0.92139 0.34985
vn -0.16925 -0.92139 0.34985
vn -0.34985 -0.92139 0.16925
vn -0.17493 -0.96892 0.17493
vn -0.33850 -0.87797 0.33850
vn -0.33850 -0.87797 0.33850
vn -0.52478 -0.83619 0.15934
vn -0.34985 -0.92139 0.16925
vn -0.50775 -0.80039 0.31869
vn -0.50775 -0.80039 0.31869
vn -0.69970 -0.69970 0.14434
vn -0.52478 -0.83619 0.15934
vn -0.67700 -0.67700 0.28868
vn 0.69970 -0.69970 0.14434
vn 0.53033 -0.84779 -0.00000
vn 0.70711 -0.70711 -0.00000
vn 0.52478 -0.83619 0.15934
vn 0.52478 -0.83619 0.15934
vn 0.35355 -0.93541 -0.00000
vn 0.53033 -0.84779 -0.00000
vn 0.34985 -0.92139 0.16925
vn 0.34985 -0.92139 0.16925
vn 0.17678 -0.98425 -0.00000
vn 0.35355 -0.93541 -0.00000
vn 0.17493 -0.96892 0.17493
vn 0.17493 -0.96892 0.17493
vn 0.00000 -1.00000 -0.00000
vn 0.17678 -0.98425 -0.00000
vn 0.00000 -0.98425 0.17678
vn 0.00000 -0.98425 0.17678
vn 0.00000 -1.00000 -0.00000
vn 0.00000 -1.00000 -0.00000
vn 0.00000 -0.98425 0.17678
vn 0.00000 -0.98425 0.17678
vn -0.17678 -0.98425 -0.00000
vn 0.00000 -1.00000 -0.00000
vn -0.17493 -0.96892 0.17493
vn -0.17493 -0.96892 0.17493
vn -0.35355 -0.93541 -0.00000
vn -0.17678 -0.98425 -0.00000
vn -0.34985 -0.92139 0.16925
vn -0.34985 -0.92139 0.16925
vn -0.53033 -0.84779 -0.00000
vn -0.35355 -0.93541 -0.00000
vn -0.52478 -0.83619 0.15934
vn -0.52478 -0.83619 0.15934
vn -0.70711 -0.70711 -0.00000
vn -0.53033 -0.84779 -0.00000
vn -0.69970 -0.69970 0.14434
vn 0.70711 -0.70711 -0.00000
vn 0.53033 -0.84779 -0.00000
vn 0.70711 -0.70711 -0.00000
vn 0.53033 -0.84779 -0.00000
vn 0.53033 -0.84779 -0.00000
vn 0.35355 -0.93541 -0.00000
vn 0.53033 -0.84779 -0.00000
vn 0.35355 -0.93541 -0.00000
vn 0.35355 -0.93541 -0.00000
vn 0.17678 -0.98425 -0.00000
vn 0.35355 -0.93541 -0.00000
vn 0.17678 -0.98425 -0.00000
vn 0.17678 -0.98425 -0.00000
vn 0.00000 -1.00000 -0.00000
vn 0.17678 -0.98425 -0.00000
vn 0.00000 -1.00000 -0.00000
vn 0.00000 -1.00000 -0.00000
vn 0.00000 -1.00000 -0.00000
vn 0.00000 -1.00000 -0.00000
vn 0.00000 -1.00000 -0.00000
vn 0.00000 -1.00000 -0.00000
vn -0.17678 -0.98425 -0.00000
vn 0.00000 -1.00000 -0.00000
vn -0.17678 -0.98425 -0.00000
vn -0.17678 -0.98425 -0.00000
vn -0.35355 -0.93541 -0.00000
vn -0.17678 -0.98425 -0.00000
vn -0.35355 -0.93541 -0.00000
vn -0.35355 -0.93541 -0.00000
vn -0.53033 -0.84779 -0.00000
vn -0.35355 -0.93541 -0.00000
vn -0.53033 -0.84779 -0.00000
vn -0.53033 -0.84779 -0.00000
vn -0.70711 -0.70711 -0.00000
vn -0.53033 -0.84779 -0.00000
vn -0.70711 -0.70711 -0.00000
vn 0.70711 -0.70711 -0.00000
vn 0.52478 -0.83619 -0.15934
vn 0.69970 -0.69970 -0.14434
vn 0.53033 -0.84779 -0.00000
vn 0.53033 -0.84779 -0.00000
vn 0.34985 -0.92139 -0.16925
vn 0.52478 -0.83619 -0.15934
vn 0.35355 -0.93541 -0.00000
vn 0.35355 -0.93541 -0.00000
vn 0.17493 -0.96892 -0.17493
vn 0.34985 -0.92139 -0.16925
vn 0.17678 -0.98425 -0.00000
vn 0.17678 -0.98425 -0.00000
vn 0.00000 -0.98425 -0.17678
vn 0.17493 -0.96892 -0.17493
vn 0.00000 -1.00000 -0.00000
vn 0.00000 -1.00000 -0.00000
vn 0.00000 -0.98425 -0.17678
vn 0.00000 -0.98425 -0.17678
vn 0.00000 -1.00000 -0.00000
vn 0.00000 -1.00000 -0.00000
vn -0.17493 -0.96892 -0.17493
vn 0.00000 -0.98425 -0.17678
vn -0.17678 -0.98425 -0.00000
vn -0.17678 -0.98425 -0.00000
vn -0.34985 -0.92139 -0.16925
vn -0.17493 -0.96892 -0.17493
vn -0.35355 -0.93541 -0.00000
vn -0.35355 -0.93541 -0.00000
vn -0.52478 -0.83619 -0.15934
vn -0.34985 -0.92139 -0.16925
vn -0.53033 -0.84779 -0.00000
vn -0.53033 -0.84779 -0.00000
vn -0.69970 -0.69970 -0.14434
vn -0.52478 -0.83619 -0.15934
vn -0.70711 -0.70711 -0.00000
vn 0.69970 -0.69970 -0.14434
vn 0.50775 -0.80039 -0.31869
vn 0.67700 -0.67700 -0.28868
vn 0.52478 -0.83619 -0.15934
vn 0.52478 -0.83619 -0.15934
vn 0.33850 -0.87797 -0.33850
vn 0.50775 -0.80039 -0.31869
vn 0.34985 -0.92139 -0.16925
vn 0.34985 -0.92139 -0.16925
vn 0.16925 -0.92139 -0.34985
vn 0.33850 -0.87797 -0.33850
vn 0.17493 -0.96892 -0.17493
vn 0.17493 -0.96892 -0.17493
vn 0.00000 -0.93541 -0.35355
vn 0.16925 -0.92139 -0.34985
vn 0.00000 -0.98425 -0.17678
vn 0.00000 -0.98425 -0.17678
vn 0.00000 -0.93541 -0.35355
vn 0.00000 -0.93541 -0.35355
vn 0.00000 -0.98425 -0.17678
vn 0.00000 -0.98425 -0.17678
vn -0.16925 -0.92139 -0.34985
vn 0.00000 -0.93541 -0.35355
vn -0.17493 -0.96892 -0.17493
vn -0.17493 -0.96892 -0.17493
vn -0.33850 -0.87797 -0.33850
vn -0.16925 -0.92139 -0.34985
vn -0.34985 -0.92139 -0.16925
vn -0.34985 -0.92139 -0.16925
vn -0.50775 -0.80039 -0.31869
vn -0.33850 -0.87797 -0.33850
vn -0.52478 -0.83619 -0.15934
vn -0.52478 -0.83619 -0.15934
vn -0.67700 -0.67700 -0.28868
vn -0.50775 -0.80039 -0.31869
vn -0.69970 -0.69970 -0.14434
vn 0.67700 -0.67700 -0.28868
vn 0.47803 -0.73686 -0.47803
vn 0.63738 -0.63738 -0.43301
vn 0.50775 -0.80039 -0.31869
vn 0.50775 -0.80039 -0.31869
vn 0.31869 -0.80039 -0.50775
vn 0.47803 -0.73686 -0.47803
vn 0.33850 -0.87797 -0.33850
vn 0.33850 -0.87797 -0.33850
vn 0.15934 -0.83619 -0.52478
vn 0.31869 -0.80039 -0.50775
vn 0.16925 -0.92139 -0.34985
vn 0.16925 -0.92139 -0.34985
vn 0.00000 -0.84779 -0.53033
vn 0.15934 -0.83619 -0.52478
vn 0.00000 -0.93541 -0.35355
vn 0.00000 -0.93541 -0.35355
vn 0.00000 -0.84779 -0.53033
vn 0.00000 -0.84779 -0.53033
vn 0.00000 -0.93541 -0.35355
vn 0.00000 -0.93541 -0.35355
vn -0.15934 -0.83619 -0.52478
vn 0.00000 -0.84779 -0.53033
vn -0.16925 -0.92139 -0.34985
vn -0.16925 -0.92139 -0.34985
vn -0.31869 -0.80039 -0.50775
vn -0.15934 -0.83619 -0.52478
vn -0.33850 -0.87797 -0.33850
vn -0.33850 -0.87797 -0.33850
vn -0.47803 -0.73686 -0.47803
vn -0.31869 -0.80039 -0.50775
vn -0.50775 -0.80039 -0.31869
vn -0.50775 -0.80039 -0.31869
vn -0.63738 -0.63738 -0.43301
vn -0.47803 -0.73686 -0.47803
vn -0.67700 -0.67700 -0.28868
vn 0.63738 -0.63738 -0.43301
vn 0.43301 -0.63738 -0.63738
vn 0.57735 -0.57735 -0.57735
vn 0.47803 -0.73686 -0.47803
vn 0.47803 -0.73686 -0.47803
vn 0.28868 -0.67700 -0.67700
vn 0.43301 -0.63738 -0.63738
vn 0.31869 -0.80039 -0.50775
vn 0.31869 -0.80039 -0.50775
vn 0.14434 -0.69970 -0.69970
vn 0.28868 -0.67700 -0.67700
vn 0.15934 -0.83619 -0.52478
vn 0.15934 -0.83619 -0.52478
vn 0.00000 -0.70711 -0.70711
vn 0.14434 -0.69970 -0.69970
vn 0.00000 -0.84779 -0.53033
vn 0.00000 -0.84779 -0.53033
vn 0.00000 -0.70711 -0.70711
vn 0.00000 -0.70711 -0.70711
vn 0.00000 -0.84779 -0.53033
vn 0.00000 -0.84779 -0.53033
vn -0.14434 -0.69970 -0.69970
vn 0.00000 -0.70711 -0.70711
vn -0.15934 -0.83619 -0.52478
vn -0.15934 -0.83619 -0.52478
vn -0.28868 -0.67700 -0.67700
vn -0.14434 -0.69970 -0.69970
vn -0.31869 -0.80039 -0.50775
vn -0.31869 -0.80039 -0.50775
vn -0.43301 -0.63738 -0.63738
vn -0.28868 -0.67700 -0.67700
vn -0.47803 -0.73686 -0.47803
vn -0.47803 -0.73686 -0.47803
vn -0.57735 -0.57735 -0.57735
vn -0.43301 -0.63738 -0.63738
vn -0.63738 -0.63738 -0.43301
vn -0.57735 -0.57735 -0.57735
vn -0.73686 -0.47803 -0.47803
vn -0.63738 -0.43301 -0.63738
vn -0.63738 -0.63738 -0.43301
vn -0.63738 -0.63738 -0.43301
vn -0.80039 -0.50775 -0.31869
vn -0.73686 -0.47803 -0.47803
vn -0.67700 -0.67700 -0.28868
vn -0.67700 -0.67700 -0.28868
vn -0.83619 -0.52478 -0.15934
vn -0.80039 -0.50775 -0.31869
vn -0.69970 -0.69970 -0.14434
vn -0.69970 -0.69970 -0.14434
vn -0.84779 -0.53033 -0.00000
vn -0.83619 -0.52478 -0.15934
vn -0.70711 -0.70711 -0.00000
vn -0.70711 -0.70711 -0.00000
vn -0.84779 -0.53033 -0.00000
vn -0.84779 -0.53033 -0.00000
vn -0.70711 -0.70711 -0.00000
vn -0.70711 -0.70711 -0.00000
vn -0.83619 -0.52478 0.15934
vn -0.84779 -0.53033 -0.00000
vn -0.69970 -0.69970 0.14434
vn -0.69970 -0.69970 0.14434
vn -0.80039 -0.50775 0.31869
vn -0.83619 -0.52478 0.15934
vn -0.67700 -0.67700 0.28868
vn -0.67700 -0.67700 0.28868
vn -0.73686 -0.47803 0.47803
vn -0.80039 -0.50775 0.31869
vn -0.63738 -0.63738 0.43301
vn -0.63738 -0.63738 0.43301
vn -0.63738 -0.43301 0.63738
vn -0.73686 -0.47803 0.47803
vn -0.57735 -0.57735 0.57735
vn -0.63738 -0.43301 -0.63738
vn -0.80039 -0.31869 -0.50775
vn -0.67700 -0.28868 -0.67700
vn -0.73686 -0.47803 -0.47803
vn -0.73686 -0.47803 -0.47803
vn -0.87797 -0.33850 -0.33850
vn -0.80039 -0.31869 -0.50775
vn -0.80039 -0.50775 -0.31869
vn -0.80039 -0.50775 -0.31869
vn -0.92139 -0.34985 -0.16925
vn -0.87797 -0.33850 -0.33850
vn -0.83619 -0.52478 -0.15934
vn -0.83619 -0.52478 -0.15934
vn -0.93541 -0.35355 -0.00000
vn -0.92139 -0.34985 -0.16925
vn -0.84779 -0.53033 -0.00000
vn -0.84779 -0.53033 -0.00000
vn -0.93541 -0.35355 -0.00000
vn -0.93541 -0.35355 -0.00000
vn -0.84779 -0.53033 -0.00000
vn -0.84779 -0.53033 -0.00000
vn -0.92139 -0.34985 0.16925
vn -0.93541 -0.35355 -0.00000
vn -0.83619 -0.52478 0.15934
vn -0.83619 -0.52478 0.15934
vn -0.87797 -0.33850 0.33850
vn -0.92139 -0.34985 0.16925
vn -0.80039 -0.50775 0.31869
vn -0.80039 -0.50775 0.31869
vn -0.80039 -0.31869 0.50775
vn -0.87797 -0.33850 0.33850
vn -0.73686 -0.47803 0.47803
vn -0.73686 -0.47803 0.47803
vn -0.67700 -0.28868 0.67700
vn -0.80039 -0.31869 0.50775
vn -0.63738 -0.43301 0.63738
vn -0.67700 -0.28868 -0.67700
vn -0.83619 -0.15934 -0.52478
vn -0.69970 -0.14434 -0.69970
vn -0.80039 -0.31869 -0.50775
vn -0.80039 -0.31869 -0.50775
vn -0.92139 -0.16925 -0.34985
vn -0.83619 -0.15934 -0.52478
vn -0.87797 -0.33850 -0.33850
vn -0.87797 -0.33850 -0.33850
vn -0.96892 -0.17493 -0.17493
vn -0.92139 -0.16925 -0.34985
vn -0.92139 -0.34985 -0.16925
vn -0.92139 -0.34985 -0.16925
vn -0.98425 -0.17678 -0.00000
vn -0.96892 -0.17493 -0.17493
vn -0.93541 -0.35355 -0.00000
vn -0.93541 -0.35355 -0.00000
vn -0.98425 -0.17678 -0.00000
vn -0.98425 -0.17678 -0.00000
vn -0.93541 -0.35355 -0.00000
vn -0.93541 -0.35355 -0.00000
vn -0.96892 -0.17493 0.17493
vn -0.98425 -0.17678 -0.00000
vn -0.92139 -0.34985 0.16925
vn -0.92139 -0.34985 0.16925
vn -0.92139 -0.16925 0.34985
vn -0.96892 -0.17493 0.17493
vn -0.87797 -0.33850 0.33850
vn -0.87797 -0.33850 0.33850
vn -0.83619 -0.15934 0.52478
vn -0.92139 -0.16925 0.34985
vn -0.80039 -0.31869 0.50775
vn -0.80039 -0.31869 0.50775
vn -0.69970 -0.14434 0.69970
vn -0.83619 -0.15934 0.52478
vn -0.67700 -0.28868 0.67700
vn -0.69970 -0.14434 -0.69970
vn -0.84779 0.00000 -0.53033
vn -0.70711 0.00000 -0.70711
vn -0.83619 -0.15934 -0.52478
vn -0.83619 -0.15934 -0.52478
vn -0.93541 0.00000 -0.35355
vn -0.84779 0.00000 -0.53033
vn -0.92139 -0.16925 -0.34985
vn -0.92139 -0.16925 -0.34985
vn -0.98425 0.00000 -0.17678
vn -0.93541 0.00000 -0.35355
vn -0.96892 -0.17493 -0.17493
vn -0.96892 -0.17493 -0.17493
vn -1.00000 0.00000 0.00000
vn -0.98425 0.00000 -0.17678
vn -0.98425 -0.17678 -0.00000
vn -0.98425 -0.17678 -0.00000
vn -1.00000 0.00000 0.00000
vn -1.00000 0.00000 0.00000
vn -0.98425 -0.17678 -0.00000
vn -0.98425 -0.17678 -0.00000
vn -0.98425 -0.00000 0.17678
vn -1.00000 0.00000 0.00000
vn -0.96892 -0.17493 0.17493
vn -0.96892 -0.17493 0.17493
vn -0.93541 -0.00000 0.35355
vn -0.98425 -0.00000 0.17678
vn -0.92139 -0.16925 0.34985
vn -0.92139 -0.16925 0.34985
vn -0.84779 -0.00000 0.53033
vn -0.93541 -0.00000 0.35355
vn -0.83619 -0.15934 0.52478
vn -0.83619 -0.15934 0.52478
vn -0.70711 -0.00000 0.70711
vn -0.84779 -0.00000 0.53033
vn -0.69970 -0.14434 0.69970
vn -0.70711 0.00000 -0.70711
vn -0.84779 0.00000 -0.53033
vn -0.70711 0.00000 -0.70711
vn -0.84779 0.00000 -0.53033
vn -0.84779 0.00000 -0.53033
vn -0.93541 0.00000 -0.35355
vn -0.84779 0.00000 -0.53033
vn -0.93541 0.00000 -0.35355
vn -0.93541 0.00000 -0.35355
vn -0.98425 0.00000 -0.17678
vn -0.93541 0.00000 -0.35355
vn -0.98425 0.00000 -0.17678
vn -0.98425 0.00000 -0.17678
vn -1.00000 0.00000 0.00000
vn -0.98425 0.00000 -0.17678
vn -1.00000 0.00000 0.00000
vn -1.00000 0.00000 0.00000
vn -1.00000 0.00000 0.00000
vn -1.00000 0.00000 0.00000
vn -1.00000 0.00000 0.00000
vn -1.00000 0.00000 0.00000
vn -0.98425 -0.00000 0.17678
vn -1.00000 0.00000 0.00000
vn -0.98425 -0.00000 0.17678
vn -0.98425 -0.00000 0.17678
vn -0.93541 -0.00000 0.35355
vn -0.98425 -0.00000 0.17678
vn -0.93541 -0.00000 0.35355
vn -0.93541 -0.00000 0.35355
vn -0.84779 -0.00000 0.53033
vn -0.93541 -0.00000 0.35355
vn -0.84779 -0.00000 0.53033
vn -0.84779 -0.00000 0.53033
vn -0.70711 -0.00000 0.70711
vn -0.84779 -0.00000 0.53033
vn -0.70711 -0.00000 0.70711
vn -0.70711 0.00000 -0.70711
vn -0.83619 0.15934 -0.52478
vn -0.69970 0.14434 -0.69970
vn -0.84779 0.00000 -0.53033
vn -0.84779 0.00000 -0.53033
vn -0.92139 0.16925 -0.34985
vn -0.83619 0.15934 -0.52478
vn -0.93541 0.00000 -0.35355
vn -0.93541 0.00000 -0.35355
vn -0.96892 0.17493 -0.17493
vn -0.92139 0.16925 -0.34985
vn -0.98425 0.00000 -0.17678
vn -0.98425 0.00000 -0.17678
vn -0.98425 0.17678 0.00000
vn -0.96892 0.17493 -0.17493
vn -1.00000 0.00000 0.00000
vn -1.00000 0.00000 0.00000
vn -0.98425 0.17678 0.00000
vn -0.98425 0.17678 0.00000
vn -1.00000 0.00000 0.00000
vn -1.00000 0.00000 0.00000
vn -0.96892 0.17493 0.17493
vn -0.98425 0.17678 0.00000
vn -0.98425 -0.00000 0.17678
vn -0.98425 -0.00000 0.17678
vn -0.92139 0.16925 0.34985
vn -0.96892 0.17493 0.17493
vn -0.93541 -0.00000 0.35355
vn -0.93541 -0.00000 0.35355
vn -0.83619 0.15934 0.52478
vn -0.92139 0.16925 0.34985
vn -0.84779 -0.00000 0.53033
vn -0.84779 -0.00000 0.53033
vn -0.69970 0.14434 0.69970
vn -0.83619 0.15934 0.52478
vn -0.70711 -0.00000 0.70711
vn -0.69970 0.14434 -0.69970
vn -0.80039 0.31869 -0.50775
vn -0.67700 0.28868 -0.67700
vn -0.83619 0.15934 -0.52478
vn -0.83619 0.15934 -0.52478
vn -0.87797 0.33850 -0.33850
vn -0.80039 0.31869 -0.50775
vn -0.92139 0.16925 -0.34985
vn -0.92139 0.16925 -0.34985
vn -0.92139 0.34985 -0.16925
vn -0.87797 0.33850 -0.33850
vn -0.96892 0.17493 -0.17493
vn -0.96892 0.17493 -0.17493
vn -0.93541 0.35355 0.00000
vn -0.92139 0.34985 -0.16925
vn -0.98425 0.17678 0.00000
vn -0.98425 0.17678 0.00000
vn -0.93541 0.35355 0.00000
vn -0.93541 0.35355 0.00000
vn -0.98425 0.17678 0.00000
vn -0.98425 0.17678 0.00000
vn -0.92139 0.34985 0.16925
vn -0.93541 0.35355 0.00000
vn -0.96892 0.17493 0.17493
vn -0.96892 0.17493 0.17493
vn -0.87797 0.33850 0.33850
vn -0.92139 0.34985 0.16925
vn -0.92139 0.16925 0.34985
vn -0.92139 0.16925 0.34985
vn -0.80039 0.31869 0.50775
vn -0.87797 0.33850 0.33850
vn -0.83619 0.15934 0.52478
vn -0.83619 0.15934 0.52478
vn -0.67700 0.28868 0.67700
vn -0.80039 0.31869 0.50775
vn -0.69970 0.14434 0.69970
vn -0.67700 0.28868 -0.67700
vn -0.73686 0.47803 -0.47803
vn -0.63738 0.43301 -0.63738
vn -0.80039 0.31869 -0.50775
vn -0.80039 0.31869 -0.50775
vn -0.80039 0.50775 -0.31869
vn -0.73686 0.47803 -0.47803
vn -0.87797 0.33850 -0.33850
vn -0.87797 0.33850 -0.33850
vn -0.83619 0.52478 -0.15934
vn -0.80039 0.50775 -0.31869
vn -0.92139 0.34985 -0.16925
vn -0.92139 0.34985 -0.16925
vn -0.84779 0.53033 0.00000
vn -0.83619 0.52478 -0.15934
vn -0.93541 0.35355 0.00000
vn -0.93541 0.35355 0.00000
vn -0.84779 0.53033 0.00000
vn -0.84779 0.53033 0.00000
vn -0.93541 0.35355 0.00000
vn -0.93541 0.35355 0.00000
vn -0.83619 0.52478 0.15934
vn -0.84779 0.53033 0.00000
vn -0.92139 0.34985 0.16925
vn -0.92139 0.34985 0.16925
vn -0.80039 0.50775 0.31869
vn -0.83619 0.52478 0.15934
vn -0.87797 0.33850 0.33850
vn -0.87797 0.33850 0.33850
vn -0.73686 0.47803 0.47803
vn -0.80039 0.50775 0.31869
vn -0.80039 0.31869 0.50775
vn -0.80039 0.31869 0.50775
vn -0.63738 0.43301 0.63738
vn -0.73686 0.47803 0.47803
vn -0.67700 0.28868 0.67700
vn -0.63738 0.43301 -0.63738
vn -0.63738 0.63738 -0.43301
vn -0.57735 0.57735 -0.57735
vn -0.73686 0.47803 -0.47803
vn -0.73686 0.47803 -0.47803
vn -0.67700 0.67700 -0.28868
vn -0.63738 0.63738 -0.43301
vn -0.80039 0.50775 -0.31869
vn -0.80039 0.50775 -0.31869
vn -0.69970 0.69970 -0.14434
vn -0.67700 0.67700 -0.28868
vn -0.83619 0.52478 -0.15934
vn -0.83619 0.52478 -0.15934
vn -0.70711 0.70711 0.00000
vn -0.69970 0.69970 -0.14434
vn -0.84779 0.53033 0.00000
vn -0.84779 0.53033 0.00000
vn -0.70711 0.70711 0.00000
vn -0.70711 0.70711 0.00000
vn -0.84779 0.53033 0.00000
vn -0.84779 0.53033 0.00000
vn -0.69970 0.69970 0.14434
vn -0.70711 0.70711 0.00000
vn -0.83619 0.52478 0.15934
vn -0.83619 0.52478 0.15934
vn -0.67700 0.67700 0.28868
vn -0.69970 0.69970 0.14434
vn -0.80039 0.50775 0.31869
vn -0.80039 0.50775 0.31869
vn -0.63738 0.63738 0.43301
vn -0.67700 0.67700 0.28868
vn -0.73686 0.47803 0.47803
vn -0.73686 0.47803 0.47803
vn -0.57735 0.57735 0.57735
vn -0.63738 0.63738 0.43301
vn -0.63738 0.43301 0.63738
vn -0.57735 -0.57735 0.57735
vn -0.47803 -0.47803 0.73686
vn -0.63738 -0.43301 0.63738
vn -0.43301 -0.63738 0.63738
vn -0.43301 -0.63738 0.63738
vn -0.31869 -0.50775 0.80039
vn -0.47803 -0.47803 0.73686
vn -0.28868 -0.67700 0.67700
vn -0.28868 -0.67700 0.67700
vn -0.15934 -0.52478 0.83619
vn -0.31869 -0.50775 0.80039
vn -0.14434 -0.69970 0.69970
vn -0.14434 -0.69970 0.69970
vn 0.00000 -0.53033 0.84779
vn -0.15934 -0.52478 0.83619
vn 0.00000 -0.70711 0.70711
vn 0.00000 -0.70711 0.70711
vn 0.00000 -0.53033 0.84779
vn 0.00000 -0.53033 0.84779
vn 0.00000 -0.70711 0.70711
vn 0.00000 -0.70711 0.70711
vn 0.15934 -0.52478 0.83619
vn 0.00000 -0.53033 0.84779
vn 0.14434 -0.69970 0.69970
vn 0.14434 -0.69970 0.69970
vn 0.31869 -0.50775 0.80039
vn 0.15934 -0.52478 0.83619
vn 0.28868 -0.67700 0.67700
vn 0.28868 -0.67700 0.67700
vn 0.47803 -0.47803 0.73686
vn 0.31869 -0.50775 0.80039
vn 0.43301 -0.63738 0.63738
vn 0.43301 -0.63738 0.63738
vn 0.63738 -0.43301 0.63738
vn 0.47803 -0.47803 0.73686
vn 0.57735 -0.57735 0.57735
vn -0.63738 -0.43301 0.63738
vn -0.50775 -0.31869 0.80039
vn -0.67700 -0.28868 0.67700
vn -0.47803 -0.47803 0.73686
vn -0.47803 -0.47803 0.73686
vn -0.33850 -0.33850 0.87797
vn -0.50775 -0.31869 0.80039
vn -0.31869 -0.50775 0.80039
vn -0.31869 -0.50775 0.80039
vn -0.16925 -0.34985 0.92139
vn -0.33850 -0.33850 0.87797
vn -0.15934 -0.52478 0.83619
vn -0.15934 -0.52478 0.83619
vn 0.00000 -0.35355 0.93541
vn -0.16925 -0.34985 0.92139
vn 0.00000 -0.53033 0.84779
vn 0.00000 -0.53033 0.84779
vn 0.00000 -0.35355 0.93541
vn 0.00000 -0.35355 0.93541
vn 0.00000 -0.53033 0.84779
vn 0.00000 -0.53033 0.84779
vn 0.16925 -0.34985 0.92139
vn 0.00000 -0.35355 0.93541
vn 0.15934 -0.52478 0.83619
vn 0.15934 -0.52478 0.83619
vn 0.33850 -0.33850 0.87797
vn 0.16925 -0.34985 0.92139
vn 0.31869 -0.50775 0.80039
vn 0.31869 -0.50775 0.80039
vn 0.50775 -0.31869 0.80039
vn 0.33850 -0.33850 0.87797
vn 0.47803 -0.47803 0.73686
vn 0.47803 -0.47803 0.73686
vn 0.67700 -0.28868 0.67700
vn 0.50775 -0.31869 0.80039
vn 0.63738 -0.43301 0.63738
vn -0.67700 -0.28868 0.67700
vn -0.52478 -0.15934 0.83619
vn -0.69970 -0.14434 0.69970
vn -0.50775 -0.31869 0.80039
vn -0.50775 -0.31869 0.80039
vn -0.34985 -0.16925 0.92139
vn -0.52478 -0.15934 0.83619
vn -0.33850 -0.33850 0.87797
vn -0.33850 -0.33850 0.87797
vn -0.17493 -0.17493 0.96892
vn -0.34985 -0.16925 0.92139
vn -0.16925 -0.34985 0.92139
vn -0.16925 -0.34985 0.92139
vn 0.00000 -0.17678 0.98425
vn -0.17493 -0.17493 0.96892
vn 0.00000 -0.35355 0.93541
vn 0.00000 -0.35355 0.93541
vn 0.00000 -0.17678 0.98425
vn 0.00000 -0.17678 0.98425
vn 0.00000 -0.35355 0.93541
vn 0.00000 -0.35355 0.93541
vn 0.17493 -0.17493 0.96892
vn 0.00000 -0.17678 0.98425
vn 0.16925 -0.34985 0.92139
vn 0.16925 -0.34985 0.92139
vn 0.34985 -0.16925 0.92139
vn 0.17493 -0.17493 0.96892
vn 0.33850 -0.33850 0.87797
vn 0.33850 -0.33850 0.87797
vn 0.52478 -0.15934 0.83619
vn 0.34985 -0.16925 0.92139
vn 0.50775 -0.31869 0.80039
vn 0.50775 -0.31869 0.80039
vn 0.69970 -0.14434 0.69970
vn 0.52478 -0.15934 0.83619
vn 0.67700 -0.28868 0.67700
vn -0.69970 -0.14434 0.69970
vn -0.53033 -0.00000 0.84779
vn -0.70711 -0.00000 0.70711
vn -0.52478 -0.15934 0.83619
vn -0.52478 -0.15934 0.83619
vn -0.35355 -0.00000 0.93541
vn -0.53033 -0.00000 0.84779
vn -0.34985 -0.16925 0.92139
vn -0.34985 -0.16925 0.92139
vn -0.17678 -0.00000 0.98425
vn -0.35355 -0.00000 0.93541
vn -0.17493 -0.17493 0.96892
vn -0.17493 -0.17493 0.96892
vn 0.00000 -0.00000 1.00000
vn -0.17678 -0.00000 0.98425
vn 0.00000 -0.17678 0.98425
vn 0.00000 -0.17678 0.98425
vn 0.00000 -0.00000 1.00000
vn 0.00000 -0.00000 1.00000
vn 0.00000 -0.17678 0.98425
vn 0.00000 -0.17678 0.98425
vn 0.17678 -0.00000 0.98425
vn 0.00000 -0.00000 1.00000
vn 0.17493 -0.17493 0.96892
vn 0.17493 -0.17493 0.96892
vn 0.35355 -0.00000 0.93541
vn 0.17678 -0.00000 0.98425
vn 0.34985 -0.16925 0.92139
vn 0.34985 -0.16925 0.92139
vn 0.53033 -0.00000 0.84779
vn 0.35355 -0.00000 0.93541
vn 0.52478 -0.15934 0.83619
vn 0.52478 -0.15934 0.83619
vn 0.70711 -0.00000 0.70711
vn 0.53033 -0.00000 0.84779
vn 0.69970 -0.14434 0.69970
vn -0.70711 -0.00000 0.70711
vn -0.53033 -0.00000 0.84779
vn -0.70711 -0.00000 0.70711
vn -0.53033 -0.00000 0.84779
vn -0.53033 -0.00000 0.84779
vn -0.35355 -0.00000 0.93541
vn -0.53033 -0.00000 0.84779
vn -0.35355 -0.00000 0.93541
vn -0.35355 -0.00000 0.93541
vn -0.17678 -0.00000 0.98425
vn -0.35355 -0.00000 0.93541
vn -0.17678 -0.00000 0.98425
vn -0.17678 -0.00000 0.98425
vn 0.00000 -0.00000 1.00000
vn -0.17678 -0.00000 0.98425
vn 0.00000 -0.00000 1.00000
vn 0.00000 -0.00000 1.00000
vn 0.00000 -0.00000 1.00000
vn 0.00000 -0.00000 1.00000
vn 0.00000 -0.00000 1.00000
vn 0.00000 -0.00000 1.00000
vn 0.17678 -0.00000 0.98425
vn 0.00000 -0.00000 1.00000
vn 0.17678 -0.00000 0.98425
vn 0.17678 -0.00000 0.98425
vn 0.35355 -0.00000 0.93541
vn 0.17678 -0.00000 0.98425
vn 0.35355 -0.00000 0.93541
vn 0.35355 -0.00000 0.93541
vn 0.53033 -0.00000 0.84779
vn 0.35355 -0.00000 0.93541
vn 0.53033 -0.00000 0.84779
vn 0.53033 -0.00000 0.84779
vn 0.70711 -0.00000 0.70711
vn 0.53033 -0.00000 0.84779
vn 0.70711 -0.00000 0.70711
vn -0.70711 -0.00000 0.70711
vn -0.52478 0.15934 0.83619
vn -0.69970 0.14434 0.69970
vn -0.53033 -0.00000 0.84779
vn -0.53033 -0.00000 0.84779
vn -0.34985 0.16925 0.92139
vn -0.52478 0.15934 0.83619
vn -0.35355 -0.00000 0.93541
vn -0.35355 -0.00000 0.93541
vn -0.17493 0.17493 0.96892
vn -0.34985 0.16925 0.92139
vn -0.17678 -0.00000 0.98425
vn -0.17678 -0.00000 0.98425
vn 0.00000 0.17678 0.98425
vn -0.17493 0.17493 0.96892
vn 0.00000 -0.00000 1.00000
vn 0.00000 -0.00000 1.00000
vn 0.00000 0.17678 0.98425
vn 0.00000 0.17678 0.98425
vn 0.00000 -0.00000 1.00000
vn 0.00000 -0.00000 1.00000
vn 0.17493 0.17493 0.96892
vn 0.00000 0.17678 0.98425
vn 0.17678 -0.00000 0.98425
vn 0.17678 -0.00000 0.98425
vn 0.34985 0.16925 0.92139
vn 0.17493 0.17493 0.96892
vn 0.35355 -0.00000 0.93541
vn 0.35355 -0.00000 0.93541
vn 0.52478 0.15934 0.83619
vn 0.34985 0.16925 0.92139
vn 0.53033 -0.00000 0.84779
vn 0.53033 -0.00000 0.84779
vn 0.69970 0.14434 0.69970
vn 0.52478 0.15934 0.83619
vn 0.70711 -0.00000 0.70711
vn -0.69970 0.14434 0.69970
vn -0.50775 0.31869 0.80039
vn -0.67700 0.28868 0.67700
vn -0.52478 0.15934 0.83619
vn -0.52478 0.15934 0.83619
vn -0.33850 0.33850 0.87797
vn -0.50775 0.31869 0.80039
vn -0.34985 0.16925 0.92139
vn -0.34985 0.16925 0.92139
vn -0.16925 0.34985 0.92139
vn -0.33850 0.33850 0.87797
vn -0.17493 0.17493 0.96892
vn -0.17493 0.17493 0.96892
vn 0.00000 0.35355 0.93541
vn -0.16925 0.34985 0.92139
vn 0.00000 0.17678 0.98425
vn 0.00000 0.17678 0.98425
vn 0.00000 0.35355 0.93541
vn 0.00000 0.35355 0.93541
vn 0.00000 0.17678 0.98425
vn 0.00000 0.17678 0.98425
vn 0.16925 0.34985 0.92139
vn 0.00000 0.35355 0.93541
vn 0.17493 0.17493 0.96892
vn 0.17493 0.17493 0.96892
vn 0.33850 0.33850 0.87797
vn 0.16925 0.34985 0.92139
vn 0.34985 0.16925 0.92139
vn 0.34985 0.16925 0.92139
vn 0.50775 0.31869 0.80039
vn 0.33850 0.33850 0.87797
vn 0.52478 0.15934 0.83619
vn 0.52478 0.15934 0.83619
vn 0.67700 0.28868 0.67700
vn 0.50775 0.31869 0.80039
vn 0.69970 0.14434 0.69970
vn -0.67700 0.28868 0.67700
vn -0.47803 0.47803 0.73686
vn -0.63738 0.43301 0.63738
vn -0.50775 0.31869 0.80039
vn -0.50775 0.31869 0.80039
vn -0.31869 0.50775 0.80039
vn -0.47803 0.47803 0.73686
vn -0.33850 0.33850 0.87797
vn -0.33850 0.33850 0.87797
vn -0.15934 0.52478 0.83619
vn -0.31869 0.50775 0.80039
vn -0.16925 0.34985 0.92139
vn -0.16925 0.34985 0.92139
vn 0.00000 0.53033 0.84779
vn -0.15934 0.52478 0.83619
vn 0.00000 0.35355 0.93541
vn 0.00000 0.35355 0.93541
vn 0.00000 0.53033 0.84779
vn 0.00000 0.53033 0.84779
vn 0.00000 0.35355 0.93541
vn 0.00000 0.35355 0.93541
vn 0.15934 0.52478 0.83619
vn 0.00000 0.53033 0.84779
vn 0.16925 0.34985 0.92139
vn 0.16925 0.34985 0.92139
vn 0.31869 0.50775 0.80039
vn 0.15934 0.52478 0.83619
vn 0.33850 0.33850 0.87797
vn 0.33850 0.33850 0.87797
vn 0.47803 0.47803 0.73686
vn 0.31869 0.50775 0.80039
vn 0.50775 0.31869 0.80039
vn 0.50775 0.31869 0.80039
vn 0.63738 0.43301 0.63738
vn 0.47803 0.47803 0.73686
vn 0.67700 0.28868 0.67700
vn -0.63738 0.43301 0.63738
vn -0.43301 0.63738 0.63738
vn -0.57735 0.57735 0.57735
vn -0.47803 0.47803 0.73686
vn -0.47803 0.47803 0.73686
vn -0.28868 0.67700 0.67700
vn -0.43301 0.63738 0.63738
vn -0.31869 0.50775 0.80039
vn -0.31869 0.50775 0.80039
vn -0.14434 0.69970 0.69970
vn -0.28868 0.67700 0.67700
vn -0.15934 0.52478 0.83619
vn -0.15934 0.52478 0.83619
vn 0.00000 0.70711 0.70711
vn -0.14434 0.69970 0.69970
vn 0.00000 0.53033 0.84779
vn 0.00000 0.53033 0.84779
vn 0.00000 0.70711 0.70711
vn 0.00000 0.70711 0.70711
vn 0.00000 0.53033 0.84779
vn 0.00000 0.53033 0.84779
vn 0.14434 0.69970 0.69970
vn 0.00000 0.70711 0.70711
vn 0.15934 0.52478 0.83619
vn 0.15934 0.52478 0.83619
vn 0.28868 0.67700 0.67700
vn 0.14434 0.69970 0.69970
vn 0.31869 0.50775 0.80039
vn 0.31869 0.50775 0.80039
vn 0.43301 0.63738 0.63738
vn 0.28868 0.67700 0.67700
vn 0.47803 0.47803 0.73686
vn 0.47803 0.47803 0.73686
vn 0.57735 0.57735 0.57735
vn 0.43301 0.63738 0.63738
vn 0.63738 0.43301 0.63738
vn 0.57735 -0.57735 -0.57735
vn 0.47803 -0.47803 -0.73686
vn 0.63738 -0.43301 -0.63738
vn 0.43301 -0.63738 -0.63738
vn 0.43301 -0.63738 -0.63738
vn 0.31869 -0.50775 -0.80039
vn 0.47803 -0.47803 -0.73686
vn 0.28868 -0.67700 -0.67700
vn 0.28868 -0.67700 -0.67700
vn 0.15934 -0.52478 -0.83619
vn 0.31869 -0.50775 -0.80039
vn 0.14434 -0.69970 -0.69970
vn 0.14434 -0.69970 -0.69970
vn 0.00000 -0.53033 -0.84779
vn 0.15934 -0.52478 -0.83619
vn 0.00000 -0.70711 -0.70711
vn 0.00000 -0.70711 -0.70711
vn 0.00000 -0.53033 -0.84779
vn 0.00000 -0.53033 -0.84779
vn 0.00000 -0.70711 -0.70711
vn 0.00000 -0.70711 -0.70711
vn -0.15934 -0.52478 -0.83619
vn 0.00000 -0.53033 -0.84779
vn -0.14434 -0.69970 -0.69970
vn -0.14434 -0.69970 -0.69970
vn -0.31869 -0.50775 -0.80039
vn -0.15934 -0.52478 -0.83619
vn -0.28868 -0.67700 -0.67700
vn -0.28868 -0.67700 -0.67700
vn -0.47803 -0.47803 -0.73686
vn -0.31869 -0.50775 -0.80039
vn -0.43301 -0.63738 -0.63738
vn -0.43301 -0.63738 -0.63738
vn -0.63738 -0.43301 -0.63738
vn -0.47803 -0.47803 -0.73686
vn -0.57735 -0.57735 -0.57735
vn 0.63738 -0.43301 -0.63738
vn 0.50775 -0.31869 -0.80039
vn 0.67700 -0.28868 -0.67700
vn 0.47803 -0.47803 -0.73686
vn 0.47803 -0.47803 -0.73686
vn 0.33850 -0.33850 -0.87797
vn 0.50775 -0.31869 -0.80039
vn 0.31869 -0.50775 -0.80039
vn 0.31869 -0.50775 -0.80039
vn 0.16925 -0.34985 -0.92139
vn 0.33850 -0.33850 -0.87797
vn 0.15934 -0.52478 -0.83619
vn 0.15934 -0.52478 -0.83619
vn 0.00000 -0.35355 -0.93541
vn 0.16925 -0.34985 -0.92139
vn 0.00000 -0.53033 -0.84779
vn 0.00000 -0.53033 -0.84779
vn 0.00000 -0.35355 -0.93541
vn 0.00000 -0.35355 -0.93541
vn 0.00000 -0.53033 -0.84779
vn 0.00000 -0.53033 -0.84779
vn -0.16925 -0.34985 -0.92139
vn 0.00000 -0.35355 -0.93541
vn -0.15934 -0.52478 -0.83619
vn -0.15934 -0.52478 -0.83619
vn -0.33850 -0.33850 -0.87797
vn -0.16925 -0.34985 -0.92139
vn -0.31869 -0.50775 -0.80039
vn -0.31869 -0.50775 -0.80039
vn -0.50775 -0.31869 -0.80039
vn -0.33850 -0.33850 -0.87797
vn -0.47803 -0.47803 -0.73686
vn -0.47803 -0.47803 -0.73686
vn -0.67700 -0.28868 -0.67700
vn -0.50775 -0.31869 -0.80039
vn -0.63738 -0.43301 -0.63738
vn 0.67700 -0.28868 -0.67700
vn 0.52478 -0.15934 -0.83619
vn 0.69970 -0.14434 -0.69970
vn 0.50775 -0.31869 -0.80039
vn 0.50775 -0.31869 -0.80039
vn 0.34985 -0.16925 -0.92139
vn 0.52478 -0.15934 -0.83619
vn 0.33850 -0.33850 -0.87797
vn 0.33850 -0.33850 -0.87797
vn 0.17493 -0.17493 -0.96892
vn 0.34985 -0.16925 -0.92139
vn 0.16925 -0.34985 -0.92139
vn 0.16925 -0.34985 -0.92139
vn 0.00000 -0.17678 -0.98425
vn 0.17493 -0.17493 -0.96892
vn 0.00000 -0.35355 -0.93541
vn 0.00000 -0.35355 -0.93541
vn 0.00000 -0.17678 -0.98425
vn 0.00000 -0.17678 -0.98425
vn 0.00000 -0.35355 -0.93541
vn 0.00000 -0.35355 -0.93541
vn -0.17493 -0.17493 -0.96892
vn 0.00000 -0.17678 -0.98425
vn -0.16925 -0.34985 -0.92139
vn -0.16925 -0.34985 -0.92139
vn -0.34985 -0.16925 -0.92139
vn -0.17493 -0.17493 -0.96892
vn -0.33850 -0.33850 -0.87797
vn -0.33850 -0.33850 -0.87797
vn -0.52478 -0.15934 -0.83619
vn -0.34985 -0.16925 -0.92139
vn -0.50775 -0.31869 -0.80039
vn -0.50775 -0.31869 -0.80039
vn -0.69970 -0.14434 -0.69970
vn -0.52478 -0.15934 -0.83619
vn -0.67700 -0.28868 -0.67700
vn 0.69970 -0.14434 -0.69970
vn 0.53033 0.00000 -0.84779
vn 0.70711 0.00000 -0.70711
vn 0.52478 -0.15934 -0.83619
vn 0.52478 -0.15934 -0.83619
vn 0.35355 0.00000 -0.93541
vn 0.53033 0.00000 -0.84779
vn 0.34985 -0.16925 -0.92139
vn 0.34985 -0.16925 -0.92139
vn 0.17678 0.00000 -0.98425
vn 0.35355 0.00000 -0.93541
vn 0.17493 -0.17493 -0.96892
vn 0.17493 -0.17493 -0.96892
vn 0.00000 0.00000 -1.00000
vn 0.17678 0.00000 -0.98425
vn 0.00000 -0.17678 -0.98425
vn 0.00000 -0.17678 -0.98425
vn 0.00000 0.00000 -1.00000
vn 0.00000 0.00000 -1.00000
vn 0.00000 -0.17678 -0.98425
vn 0.00000 -0.17678 -0.98425
vn -0.17678 0.00000 -0.98425
vn 0.00000 0.00000 -1.00000
vn -0.17493 -0.17493 -0.96892
vn -0.17493 -0.17493 -0.96892
vn -0.35355 0.00000 -0.93541
vn -0.17678 0.00000 -0.98425
vn -0.34985 -0.16925 -0.92139
vn -0.34985 -0.16925 -0.92139
vn -0.53033 0.00000 -0.84779
vn -0.35355 0.00000 -0.93541
vn -0.52478 -0.15934 -0.83619
vn -0.52478 -0.15934 -0.83619
vn -0.70711 0.00000 -0.70711
vn -0.53033 0.00000 -0.84779
vn -0.69970 -0.14434 -0.69970
vn 0.70711 0.00000 -0.70711
vn 0.53033 0.00000 -0.84779
vn 0.70711 0.00000 -0.70711
vn 0.53033 0.00000 -0.84779
vn 0.53033 0.00000 -0.84779
vn 0.35355 0.00000 -0.93541
vn 0.53033 0.00000 -0.84779
vn 0.35355 0.00000 -0.93541
vn 0.35355 0.00000 -0.93541
vn 0.17678 0.00000 -0.98425
vn 0.35355 0.00000 -0.93541
vn 0.17678 0.00000 -0.98425
vn 0.17678 0.00000 -0.98425
vn 0.00000 0.00000 -1.00000
vn 0.17678 0.00000 -0.98425
vn 0.00000 0.00000 -1.00000
vn 0.00000 0.00000 -1.00000
vn 0.00000 0.00000 -1.00000
vn 0.00000 0.00000 -1.00000
vn 0.00000 0.00000 -1.00000
vn 0.00000 0.00000 -1.00000
vn -0.17678 0.00000 -0.98425
vn 0.00000 0.00000 -1.00000
vn -0.17678 0.00000 -0.98425
vn -0.17678 0.00000 -0.98425
vn -0.35355 0.00000 -0.93541
vn -0.17678 0.00000 -0.98425
vn -0.35355 0.00000 -0.93541
vn -0.35355 0.00000 -0.93541
vn -0.53033 0.00000 -0.84779
vn -0.35355 0.00000 -0.93541
vn -0.53033 0.00000 -0.84779
vn -0.53033 0.00000 -0.84779
vn -0.70711 0.00000 -0.70711
vn -0.53033 0.00000 -0.84779
vn -0.70711 0.00000 -0.70711
vn 0.70711 0.00000 -0.70711
vn 0.52478 0.15934 -0.83619
vn 0.69970 0.14434 -0.69970
vn 0.53033 0.00000 -0.84779
vn 0.53033 0.00000 -0.84779
vn 0.34985 0.16925 -0.92139
vn 0.52478 0.15934 -0.83619
vn 0.35355 0.00000 -0.93541
vn 0.35355 0.00000 -0.93541
vn 0.17493 0.17493 -0.96892
vn 0.34985 0.16925 -0.92139
vn 0.17678 0.00000 -0.98425
vn 0.17678 0.00000 -0.98425
vn 0.00000 0.17678 -0.98425
vn 0.17493 0.17493 -0.96892
vn 0.00000 0.00000 -1.00000
vn 0.00000 0.00000 -1.00000
vn 0.00000 0.17678 -0.98425
vn 0.00000 0.17678 -0.98425
vn 0.00000 0.00000 -1.00000
vn 0.00000 0.00000 -1.00000
vn -0.17493 0.17493 -0.96892
vn 0.00000 0.17678 -0.98425
vn -0.17678 0.00000 -0.98425
vn -0.17678 0.00000 -0.98425
vn -0.34985 0.16925 -0.92139
vn -0.17493 0.17493 -0.96892
vn -0.35355 0.00000 -0.93541
vn -0.35355 0.00000 -0.93541
vn -0.52478 0.15934 -0.83619
vn -0.34985 0.16925 -0.92139
vn -0.53033 0.00000 -0.84779
vn -0.53033 0.00000 -0.84779
vn -0.69970 0.14434 -0.69970
vn -0.52478 0.15934 -0.83619
vn -0.70711 0.00000 -0.70711
vn 0.69970 0.14434 -0.69970
vn 0.50775 0.31869 -0.80039
vn 0.67700 0.28868 -0.67700
vn 0.52478 0.15934 -0.83619
vn 0.52478 0.15934 -0.83619
vn 0.33850 0.33850 -0.87797
vn 0.50775 0.31869 -0.80039
vn 0.34985 0.16925 -0.92139
vn 0.34985 0.16925 -0.92139
vn 0.16925 0.34985 -0.92139
vn 0.33850 0.33850 -0.87797
vn 0.17493 0.17493 -0.96892
vn 0.17493 0.17493 -0.96892
vn 0.00000 0.35355 -0.93541
vn 0.16925 0.34985 -0.92139
vn 0.00000 0.17678 -0.98425
vn 0.00000 0.17678 -0.98425
vn 0.00000 0.35355 -0.93541
vn 0.00000 0.35355 -0.93541
vn 0.00000 0.17678 -0.98425
vn 0.00000 0.17678 -0.98425
vn -0.16925 0.34985 -0.92139
vn 0.00000 0.35355 -0.93541
vn -0.17493 0.17493 -0.96892
vn -0.17493 0.17493 -0.96892
vn -0.33850 0.33850 -0.87797
vn -0.16925 0.34985 -0.92139
vn -0.34985 0.16925 -0.92139
vn -0.34985 0.16925 -0.92139
vn -0.50775 0.31869 -0.80039
vn -0.33850 0.33850 -0.87797
vn -0.52478 0.15934 -0.83619
vn -0.52478 0.15934 -0.83619
vn -0.67700 0.28868 -0.67700
vn -0.50775 0.31869 -0.80039
vn -0.69970 0.14434 -0.69970
vn 0.67700 0.28868 -0.67700
vn 0.47803 0.47803 -0.73686
vn 0.63738 0.43301 -0.63738
vn 0.50775 0.31869 -0.80039
vn 0.50775 0.31869 -0.80039
vn 0.31869 0.50775 -0.80039
vn 0.47803 0.47803 -0.73686
vn 0.33850 0.33850 -0.87797
vn 0.33850 0.33850 -0.87797
vn 0.15934 0.52478 -0.83619
vn 0.31869 0.50775 -0.80039
vn 0.16925 0.34985 -0.92139
vn 0.16925 0.34985 -0.92139
vn 0.00000 0.53033 -0.84779
vn 0.15934 0.52478 -0.83619
vn 0.00000 0.35355 -0.93541
vn 0.00000 0.35355 -0.93541
vn 0.00000 0.53033 -0.84779
vn 0.00000 0.53033 -0.84779
vn 0.00000 0.35355 -0.93541
vn 0.00000 0.35355 -0.93541
vn -0.15934 0.52478 -0.83619
vn 0.00000 0.53033 -0.84779
vn -0.16925 0.34985 -0.92139
vn -0.16925 0.34985 -0.92139
vn -0.31869 0.50775 -0.80039
vn -0.15934 0.52478 -0.83619
vn -0.33850 0.33850 -0.87797
vn -0.33850 0.33850 -0.87797
vn -0.47803 0.47803 -0.73686
vn -0.31869 0.50775 -0.80039
vn -0.50775 0.31869 -0.80039
vn -0.50775 0.31869 -0.80039
vn -0.63738 0.43301 -0.63738
vn -0.47803 0.47803 -0.73686
vn -0.67700 0.28868 -0.67700
vn 0.63738 0.43301 -0.63738
vn 0.43301 0.63738 -0.63738
vn 0.57735 0.57735 -0.57735
vn 0.47803 0.47803 -0.73686
vn 0.47803 0.47803 -0.73686
vn 0.28868 0.67700 -0.67700
vn 0.43301 0.63738 -0.63738
vn 0.31869 0.50775 -0.80039
vn 0.31869 0.50775 -0.80039
vn 0.14434 0.69970 -0.69970
vn 0.28868 0.67700 -0.67700
vn 0.15934 0.52478 -0.83619
vn 0.15934 0.52478 -0.83619
vn 0.00000 0.70711 -0.70711
vn 0.14434 0.69970 -0.69970
vn 0.00000 0.53033 -0.84779
vn 0.00000 0.53033 -0.84779
vn 0.00000 0.70711 -0.70711
vn 0.00000 0.70711 -0.70711
vn 0.00000 0.53033 -0.84779
vn 0.00000 0.53033 -0.84779
vn -0.14434 0.69970 -0.69970
vn 0.00000 0.70711 -0.70711
vn -0.15934 0.52478 -0.83619
vn -0.15934 0.52478 -0.83619
vn -0.28868 0.67700 -0.67700
vn -0.14434 0.69970 -0.69970
vn -0.31869 0.50775 -0.80039
vn -0.31869 0.50775 -0.80039
vn -0.43301 0.63738 -0.63738
vn -0.28868 0.67700 -0.67700
vn -0.47803 0.47803 -0.73686
vn -0.47803 0.47803 -0.73686
vn -0.57735 0.57735 -0.57735
vn -0.43301 0.63738 -0.63738
vn -0.63738 0.43301 -0.63738
vn 0.57735 -0.57735 0.57735
vn 0.73686 -0.47803 0.47803
vn 0.63738 -0.43301 0.63738
vn 0.63738 -0.63738 0.43301
vn 0.63738 -0.63738 0.43301
vn 0.80039 -0.50775 0.31869
vn 0.73686 -0.47803 0.47803
vn 0.67700 -0.67700 0.28868
vn 0.67700 -0.67700 0.28868
vn 0.83619 -0.52478 0.15934
vn 0.80039 -0.50775 0.31869
vn 0.69970 -0.69970 0.14434
vn 0.69970 -0.69970 0.14434
vn 0.84779 -0.53033 -0.00000
vn 0.83619 -0.52478 0.15934
vn 0.70711 -0.70711 -0.00000
vn 0.70711 -0.70711 -0.00000
vn 0.84779 -0.53033 -0.00000
vn 0.84779 -0.53033 -0.00000
vn 0.70711 -0.70711 -0.00000
vn 0.70711 -0.70711 -0.00000
vn 0.83619 -0.52478 -0.15934
vn 0.84779 -0.53033 -0.00000
vn 0.69970 -0.69970 -0.14434
vn 0.69970 -0.69970 -0.14434
vn 0.80039 -0.50775 -0.31869
vn 0.83619 -0.52478 -0.15934
vn 0.67700 -0.67700 -0.28868
vn 0.67700 -0.67700 -0.28868
vn 0.73686 -0.47803 -0.47803
vn 0.80039 -0.50775 -0.31869
vn 0.63738 -0.63738 -0.43301
vn 0.63738 -0.63738 -0.43301
vn 0.63738 -0.43301 -0.63738
vn 0.73686 -0.47803 -0.47803
vn 0.57735 -0.57735 -0.57735
vn 0.63738 -0.43301 0.63738
vn 0.80039 -0.31869 0.50775
vn 0.67700 -0.28868 0.67700
vn 0.73686 -0.47803 0.47803
vn 0.73686 -0.47803 0.47803
vn 0.87797 -0.33850 0.33850
vn 0.80039 -0.31869 0.50775
vn 0.80039 -0.50775 0.31869
vn 0.80039 -0.50775 0.31869
vn 0.92139 -0.34985 0.16925
vn 0.87797 -0.33850 0.33850
vn 0.83619 -0.52478 0.15934
vn 0.83619 -0.52478 0.15934
vn 0.93541 -0.35355 -0.00000
vn 0.92139 -0.34985 0.16925
vn 0.84779 -0.53033 -0.00000
vn 0.84779 -0.53033 -0.00000
vn 0.93541 -0.35355 -0.00000
vn 0.93541 -0.35355 -0.00000
vn 0.84779 -0.53033 -0.00000
vn 0.84779 -0.53033 -0.00000
vn 0.92139 -0.34985 -0.16925
vn 0.93541 -0.35355 -0.00000
vn 0.83619 -0.52478 -0.15934
vn 0.83619 -0.52478 -0.15934
vn 0.87797 -0.33850 -0.33850
vn 0.92139 -0.34985 -0.16925
vn 0.80039 -0.50775 -0.31869
vn 0.80039 -0.50775 -0.31869
vn 0.80039 -0.31869 -0.50775
vn 0.87797 -0.33850 -0.33850
vn 0.73686 -0.47803 -0.47803
vn 0.73686 -0.47803 -0.47803
vn 0.67700 -0.28868 -0.67700
vn 0.80039 -0.31869 -0.50775
vn 0.63738 -0.43301 -0.63738
vn 0.67700 -0.28868 0.67700
vn 0.83619 -0.15934 0.52478
vn 0.69970 -0.14434 0.69970
vn 0.80039 -0.31869 0.50775
vn 0.80039 -0.31869 0.50775
vn 0.92139 -0.16925 0.34985
vn 0.83619 -0.15934 0.52478
vn 0.87797 -0.33850 0.33850
vn 0.87797 -0.33850 0.33850
vn 0.96892 -0.17493 0.17493
vn 0.92139 -0.16925 0.34985
vn 0.92139 -0.34985 0.16925
vn 0.92139 -0.34985 0.16925
vn 0.98425 -0.17678 -0.00000
vn 0.96892 -0.17493 0.17493
vn 0.93541 -0.35355 -0.00000
vn 0.93541 -0.35355 -0.00000
vn 0.98425 -0.17678 -0.00000
vn 0.98425 -0.17678 -0.00000
vn 0.93541 -0.35355 -0.00000
vn 0.93541 -0.35355 -0.00000
vn 0.96892 -0.17493 -0.17493
vn 0.98425 -0.17678 -0.00000
vn 0.92139 -0.34985 -0.16925
vn 0.92139 -0.34985 -0.16925
vn 0.92139 -0.16925 -0.34985
vn 0.96892 -0.17493 -0.17493
vn 0.87797 -0.33850 -0.33850
vn 0.87797 -0.33850 -0.33850
vn 0.83619 -0.15934 -0.52478
vn 0.92139 -0.16925 -0.34985
vn 0.80039 -0.31869 -0.50775
vn 0.80039 -0.31869 -0.50775
vn 0.69970 -0.14434 -0.69970
vn 0.83619 -0.15934 -0.52478
vn 0.67700 -0.28868 -0.67700
vn 0.69970 -0.14434 0.69970
vn 0.84779 -0.00000 0.53033
vn 0.70711 -0.00000 0.70711
vn 0.83619 -0.15934 0.52478
vn 0.83619 -0.15934 0.52478
vn 0.93541 -0.00000 0.35355
vn 0.84779 -0.00000 0.53033
vn 0.92139 -0.16925 0.34985
vn 0.92139 -0.16925 0.34985
vn 0.98425 -0.00000 0.17678
vn 0.93541 -0.00000 0.35355
vn 0.96892 -0.17493 0.17493
vn 0.96892 -0.17493 0.17493
vn 1.00000 0.00000 0.00000
vn 0.98425 -0.00000 0.17678
vn 0.98425 -0.17678 -0.00000
vn 0.98425 -0.17678 -0.00000
vn 1.00000 0.00000 0.00000
vn 1.00000 0.00000 0.00000
vn 0.98425 -0.17678 -0.00000
vn 0.98425 -0.17678 -0.00000
vn 0.98425 0.00000 -0.17678
vn 1.00000 0.00000 0.00000
vn 0.96892 -0.17493 -0.17493
vn 0.96892 -0.17493 -0.17493
vn 0.93541 0.00000 -0.35355
vn 0.98425 0.00000 -0.17678
vn 0.92139 -0.16925 -0.34985
vn 0.92139 -0.16925 -0.34985
vn 0.84779 0.00000 -0.53033
vn 0.93541 0.00000 -0.35355
vn 0.83619 -0.15934 -0.52478
vn 0.83619 -0.15934 -0.52478
vn 0.70711 0.00000 -0.70711
vn 0.84779 0.00000 -0.53033
vn 0.69970 -0.14434 -0.69970
vn 0.70711 -0.00000 0.70711
vn 0.84779 -0.00000 0.53033
vn 0.70711 -0.00000 0.70711
vn 0.84779 -0.00000 0.53033
vn 0.84779 -0.00000 0.53033
vn 0.93541 -0.00000 0.35355
vn 0.84779 -0.00000 0.53033
vn 0.93541 -0.00000 0.35355
vn 0.93541 -0.00000 0.35355
vn 0.98425 -0.00000 0.17678
vn 0.93541 -0.00000 0.35355
vn 0.98425 -0.00000 0.17678
vn 0.98425 -0.00000 0.17678
vn 1.00000 0.00000 0.00000
vn 0.98425 -0.00000 0.17678
vn 1.00000 0.00000 0.00000
vn 1.00000 0.00000 0.00000
vn 1.00000 0.00000 0.00000
vn 1.00000 0.00000 0.00000
vn 1.00000 0.00000 0.00000
vn 1.00000 0.00000 0.00000
vn 0.98425 0.00000 -0.17678
vn 1.00000 0.00000 0.00000
vn 0.98425 0.00000 -0.17678
vn 0.98425 0.00000 -0.17678
vn 0.93541 0.00000 -0.35355
vn 0.98425 0.00000 -0.17678
vn 0.93541 0.00000 -0.35355
vn 0.93541 0.00000 -0.35355
vn 0.84779 0.00000 -0.53033
vn 0.93541 0.00000 -0.35355
vn 0.84779 0.00000 -0.53033
vn 0.84779 0.00000 -0.53033
vn 0.70711 0.00000 -0.70711
vn 0.84779 0.00000 -0.53033
vn 0.70711 0.00000 -0.70711
vn 0.70711 -0.00000 0.70711
vn 0.83619 0.15934 0.52478
vn 0.69970 0.14434 0.69970
vn 0.84779 -0.00000 0.53033
vn 0.84779 -0.00000 0.53033
vn 0.92139 0.16925 0.34985
vn 0.83619 0.15934 0.52478
vn 0.93541 -0.00000 0.35355
vn 0.93541 -0.00000 0.35355
vn 0.96892 0.17493 0.17493
vn 0.92139 0.16925 0.34985
vn 0.98425 -0.00000 0.17678
vn 0.98425 -0.00000 0.17678
vn 0.98425 0.17678 0.00000
vn 0.96892 0.17493 0.17493
vn 1.00000 0.00000 0.00000
vn 1.00000 0.00000 0.00000
vn 0.98425 0.17678 0.00000
vn 0.98425 0.17678 0.00000
vn 1.00000 0.00000 0.00000
vn 1.00000 0.00000 0.00000
vn 0.96892 0.17493 -0.17493
vn 0.98425 0.17678 0.00000
vn 0.98425 0.00000 -0.17678
vn 0.98425 0.00000 -0.17678
vn 0.92139 0.16925 -0.34985
vn 0.96892 0.17493 -0.17493
vn 0.93541 0.00000 -0.35355
vn 0.93541 0.00000 -0.35355
vn 0.83619 0.15934 -0.52478
vn 0.92139 0.16925 -0.34985
vn 0.84779 0.00000 -0.53033
vn 0.84779 0.00000 -0.53033
vn 0.69970 0.14434 -0.69970
vn 0.83619 0.15934 -0.52478
vn 0.70711 0.00000 -0.70711
vn 0.69970 0.14434 0.69970
vn 0.80039 0.31869 0.50775
vn 0.67700 0.28868 0.67700
vn 0.83619 0.15934 0.52478
vn 0.83619 0.15934 0.52478
vn 0.87797 0.33850 0.33850
vn 0.80039 0.31869 0.50775
vn 0.92139 0.16925 0.34985
vn 0.92139 0.16925 0.34985
vn 0.92139 0.34985 0.16925
vn 0.87797 0.33850 0.33850
vn 0.96892 0.17493 0.17493
vn 0.96892 0.17493 0.17493
vn 0.93541 0.35355 0.00000
vn 0.92139 0.34985 0.16925
vn 0.98425 0.17678 0.00000
vn 0.98425 0.17678 0.00000
vn 0.93541 0.35355 0.00000
vn 0.93541 0.35355 0.00000
vn 0.98425 0.17678 0.00000
vn 0.98425 0.17678 0.00000
vn 0.92139 0.34985 -0.16925
vn 0.93541 0.35355 0.00000
vn 0.96892 0.17493 -0.17493
vn 0.96892 0.17493 -0.17493
vn 0.87797 0.33850 -0.33850
vn 0.92139 0.34985 -0.16925
vn 0.92139 0.16925 -0.34985
vn 0.92139 0.16925 -0.34985
vn 0.80039 0.31869 -0.50775
vn 0.87797 0.33850 -0.33850
vn 0.83619 0.15934 -0.52478
vn 0.83619 0.15934 -0.52478
vn 0.67700 0.28868 -0.67700
vn 0.80039 0.31869 -0.50775
vn 0.69970 0.14434 -0.69970
vn 0.67700 0.28868 0.67700
vn 0.73686 0.47803 0.47803
vn 0.63738 0.43301 0.63738
vn 0.80039 0.31869 0.50775
vn 0.80039 0.31869 0.50775
vn 0.80039 0.50775 0.31869
vn 0.73686 0.47803 0.47803
vn 0.87797 0.33850 0.33850
vn 0.87797 0.33850 0.33850
vn 0.83619 0.52478 0.15934
vn 0.80039 0.50775 0.31869
vn 0.92139 0.34985 0.16925
vn 0.92139 0.34985 0.16925
vn 0.84779 0.53033 0.00000
vn 0.83619 0.52478 0.15934
vn 0.93541 0.35355 0.00000
vn 0.93541 0.35355 0.00000
vn 0.84779 0.53033 0.00000
vn 0.84779 0.53033 0.00000
vn 0.93541 0.35355 0.00000
vn 0.93541 0.35355 0.00000
vn 0.83619 0.52478 -0.15934
vn 0.84779 0.53033 0.00000
vn 0.92139 0.34985 -0.16925
vn 0.92139 0.34985 -0.16925
vn 0.80039 0.50775 -0.31869
vn 0.83619 0.52478 -0.15934
vn 0.87797 0.33850 -0.33850
vn 0.87797 0.33850 -0.33850
vn 0.73686 0.47803 -0.47803
vn 0.80039 0.50775 -0.31869
vn 0.80039 0.31869 -0.50775
vn 0.80039 0.31869 -0.50775
vn 0.63738 0.43301 -0.63738
vn 0.73686 0.47803 -0.47803
vn 0.67700 0.28868 -0.67700
vn 0.63738 0.43301 0.63738
vn 0.63738 0.63738 0.43301
vn 0.57735 0.57735 0.57735
vn 0.73686 0.47803 0.47803
vn 0.73686 0.47803 0.47803
vn 0.67700 0.67700 0.28868
vn 0.63738 0.63738 0.43301
vn 0.80039 0.50775 0.31869
vn 0.80039 0.50775 0.31869
vn 0.69970 0.69970 0.14434
vn 0.67700 0.67700 0.28868
vn 0.83619 0.52478 0.15934
vn 0.83619 0.52478 0.15934
vn 0.70711 0.70711 0.00000
vn 0.69970 0.69970 0.14434
vn 0.84779 0.53033 0.00000
vn 0.84779 0.53033 0.00000
vn 0.70711 0.70711 0.00000
vn 0.70711 0.70711 0.00000
vn 0.84779 0.53033 0.00000
vn 0.84779 0.53033 0.00000
vn 0.69970 0.69970 -0.14434
vn 0.70711 0.70711 0.00000
vn 0.83619 0.52478 -0.15934
vn 0.83619 0.52478 -0.15934
vn 0.67700 0.67700 -0.28868
vn 0.69970 0.69970 -0.14434
vn 0.80039 0.50775 -0.31869
vn 0.80039 0.50775 -0.31869
vn 0.63738 0.63738 -0.43301
vn 0.67700 0.67700 -0.28868
vn 0.73686 0.47803 -0.47803
vn 0.73686 0.47803 -0.47803
vn 0.57735 0.57735 -0.57735
vn 0.63738 0.63738 -0.43301
vn 0.63738 0.43301 -0.63738
vn -0.57735 0.57735 0.57735
vn -0.47803 0.73686 0.47803
vn -0.63738 0.63738 0.43301
vn -0.43301 0.63738 0.63738
vn -0.43301 0.63738 0.63738
vn -0.31869 0.80039 0.50775
vn -0.47803 0.73686 0.47803
vn -0.28868 0.67700 0.67700
vn -0.28868 0.67700 0.67700
vn -0.15934 0.83619 0.52478
vn -0.31869 0.80039 0.50775
vn -0.14434 0.69970 0.69970
vn -0.14434 0.69970 0.69970
vn 0.00000 0.84779 0.53033
vn -0.15934 0.83619 0.52478
vn 0.00000 0.70711 0.70711
vn 0.00000 0.70711 0.70711
vn 0.00000 0.84779 0.53033
vn 0.00000 0.84779 0.53033
vn 0.00000 0.70711 0.70711
vn 0.00000 0.70711 0.70711
vn 0.15934 0.83619 0.52478
vn 0.00000 0.84779 0.53033
vn 0.14434 0.69970 0.69970
vn 0.14434 0.69970 0.69970
vn 0.31869 0.80039 0.50775
vn 0.15934 0.83619 0.52478
vn 0.28868 0.67700 0.67700
vn 0.28868 0.67700 0.67700
vn 0.47803 0.73686 0.47803
vn 0.31869 0.80039 0.50775
vn 0.43301 0.63738 0.63738
vn 0.43301 0.63738 0.63738
vn 0.63738 0.63738 0.43301
vn 0.47803 0.73686 0.47803
vn 0.57735 0.57735 0.57735
vn -0.63738 0.63738 0.43301
vn -0.50775 0.80039 0.31869
vn -0.67700 0.67700 0.28868
vn -0.47803 0.73686 0.47803
vn -0.47803 0.73686 0.47803
vn -0.33850 0.87797 0.33850
vn -0.50775 0.80039 0.31869
vn -0.31869 0.80039 0.50775
vn -0.31869 0.80039 0.50775
vn -0.16925 0.92139 0.34985
vn -0.33850 0.87797 0.33850
vn -0.15934 0.83619 0.52478
vn -0.15934 0.83619 0.52478
vn 0.00000 0.93541 0.35355
vn -0.16925 0.92139 0.34985
vn 0.00000 0.84779 0.53033
vn 0.00000 0.84779 0.53033
vn 0.00000 0.93541 0.35355
vn 0.00000 0.93541 0.35355
vn 0.00000 0.84779 0.53033
vn 0.00000 0.84779 0.53033
vn 0.16925 0.92139 0.34985
vn 0.00000 0.93541 0.35355
vn 0.15934 0.83619 0.52478
vn 0.15934 0.83619 0.52478
vn 0.33850 0.87797 0.33850
vn 0.16925 0.92139 0.34985
vn 0.31869 0.80039 0.50775
vn 0.31869 0.80039 0.50775
vn 0.50775 0.80039 0.31869
vn 0.33850 0.87797 0.33850
vn 0.47803 0.73686 0.47803
vn 0.47803 0.73686 0.47803
vn 0.67700 0.67700 0.28868
vn 0.50775 0.80039 0.31869
vn 0.63738 0.63738 0.43301
vn -0.67700 0.67700 0.28868
vn -0.52478 0.83619 0.15934
vn -0.69970 0.69970 0.14434
vn -0.50775 0.80039 0.31869
vn -0.50775 0.80039 0.31869
vn -0.34985 0.92139 0.16925
vn -0.52478 0.83619 0.15934
vn -0.33850 0.87797 0.33850
vn -0.33850 0.87797 0.33850
vn -0.17493 0.96892 0.17493
vn -0.34985 0.92139 0.16925
vn -0.16925 0.92139 0.34985
vn -0.16925 0.92139 0.34985
vn 0.00000 0.98425 0.17678
vn -0.17493 0.96892 0.17493
vn 0.00000 0.93541 0.35355
vn 0.00000 0.93541 0.35355
vn 0.00000 0.98425 0.17678
vn 0.00000 0.98425 0.17678
vn 0.00000 0.93541 0.35355
vn 0.00000 0.93541 0.35355
vn 0.17493 0.96892 0.17493
vn 0.00000 0.98425 0.17678
vn 0.16925 0.92139 0.34985
vn 0.16925 0.92139 0.34985
vn 0.34985 0.92139 0.16925
vn 0.17493 0.96892 0.17493
vn 0.33850 0.87797 0.33850
vn 0.33850 0.87797 0.33850
vn 0.52478 0.83619 0.15934
vn 0.34985 0.92139 0.16925
vn 0.50775 0.80039 0.31869
vn 0.50775 0.80039 0.31869
vn 0.69970 0.69970 0.14434
vn 0.52478 0.83619 0.15934
vn 0.67700 0.67700 0.28868
vn -0.69970 0.69970 0.14434
vn -0.53033 0.84779 0.00000
vn -0.70711 0.70711 0.00000
vn -0.52478 0.83619 0.15934
vn -0.52478 0.83619 0.15934
vn -0.35355 0.93541 0.00000
vn -0.53033 0.84779 0.00000
vn -0.34985 0.92139 0.16925
vn -0.34985 0.92139 0.16925
vn -0.17678 0.98425 0.00000
vn -0.35355 0.93541 0.00000
vn -0.17493 0.96892 0.17493
vn -0.17493 0.96892 0.17493
vn 0.00000 1.00000 0.00000
vn -0.17678 0.98425 0.00000
vn 0.00000 0.98425 0.17678
vn 0.00000 0.98425 0.17678
vn 0.00000 1.00000 0.00000
vn 0.00000 1.00000 0.00000
vn 0.00000 0.98425 0.17678
vn 0.00000 0.98425 0.17678
vn 0.17678 0.98425 0.00000
vn 0.00000 1.00000 0.00000
vn 0.17493 0.96892 0.17493
vn 0.17493 0.96892 0.17493
vn 0.35355 0.93541 0.00000
vn 0.17678 0.98425 0.00000
vn 0.34985 0.92139 0.16925
vn 0.34985 0.92139 0.16925
vn 0.53033 0.84779 0.00000
vn 0.35355 0.93541 0.00000
vn 0.52478 0.83619 0.15934
vn 0.52478 0.83619 0.15934
vn 0.70711 0.70711 0.00000
vn 0.53033 0.84779 0.00000
vn 0.69970 0.69970 0.14434
vn -0.70711 0.70711 0.00000
vn -0.53033 0.84779 0.00000
vn -0.70711 0.70711 0.00000
vn -0.53033 0.84779 0.00000
vn -0.53033 0.84779 0.00000
vn -0.35355 0.93541 0.00000
vn -0.53033 0.84779 0.00000
vn -0.35355 0.93541 0.00000
vn -0.35355 0.93541 0.00000
vn -0.17678 0.98425 0.00000
vn -0.35355 0.93541 0.00000
vn -0.17678 0.98425 0.00000
vn -0.17678 0.98425 0.00000
vn 0.00000 1.00000 0.00000
vn -0.17678 0.98425 0.00000
vn 0.00000 1.00000 0.00000
vn 0.00000 1.00000 0.00000
vn 0.00000 1.00000 0.00000
vn 0.00000 1.00000 0.00000
vn 0.00000 1.00000 0.00000
vn 0.00000 1.00000 0.00000
vn 0.17678 0.98425 0.00000
vn 0.00000 1.00000 0.00000
vn 0.17678 0.98425 0.00000
vn 0.17678 0.98425 0.00000
vn 0.35355 0.93541 0.00000
vn 0.17678 0.98425 0.00000
vn 0.35355 0.93541 0.00000
vn 0.35355 0.93541 0.00000
vn 0.53033 0.84779 0.00000
vn 0.35355 0.93541 0.00000
vn 0.53033 0.84779 0.00000
vn 0.53033 0.84779 0.00000
vn 0.70711 0.70711 0.00000
vn 0.53033 0.84779 0.00000
vn 0.70711 0.70711 0.00000
vn -0.70711 0.70711 0.00000
vn -0.52478 0.83619 -0.15934
vn -0.69970 0.69970 -0.14434
vn -0.53033 0.84779 0.00000
vn -0.53033 0.84779 0.00000
vn -0.34985 0.92139 -0.16925
vn -0.52478 0.83619 -0.15934
vn -0.35355 0.93541 0.00000
vn -0.35355 0.93541 0.00000
vn -0.17493 0.96892 -0.17493
vn -0.34985 0.92139 -0.16925
vn -0.17678 0.98425 0.00000
vn -0.17678 0.98425 0.00000
vn 0.00000 0.98425 -0.17678
vn -0.17493 0.96892 -0.17493
vn 0.00000 1.00000 0.00000
vn 0.00000 1.00000 0.00000
vn 0.00000 0.98425 -0.17678
vn 0.00000 0.98425 -0.17678
vn 0.00000 1.00000 0.00000
vn 0.00000 1.00000 0.00000
vn 0.17493 0.96892 -0.17493
vn 0.00000 0.98425 -0.17678
vn 0.17678 0.98425 0.00000
vn 0.17678 0.98425 0.00000
vn 0.34985 0.92139 -0.16925
vn 0.17493 0.96892 -0.17493
vn 0.35355 0.93541 0.00000
vn 0.35355 0.93541 0.00000
vn 0.52478 0.83619 -0.15934
vn 0.34985 0.92139 -0.16925
vn 0.53033 0.84779 0.00000
vn 0.53033 0.84779 0.00000
vn 0.69970 0.69970 -0.14434
vn 0.52478 0.83619 -0.15934
vn 0.70711 0.70711 0.00000
vn -0.69970 0.69970 -0.14434
vn -0.50775 0.80039 -0.31869
vn -0.67700 0.67700 -0.28868
vn -0.52478 0.83619 -0.15934
vn -0.52478 0.83619 -0.15934
vn -0.33850 0.87797 -0.33850
vn -0.50775 0.80039 -0.31869
vn -0.34985 0.92139 -0.16925
vn -0.34985 0.92139 -0.16925
vn -0.16925 0.92139 -0.34985
vn -0.33850 0.87797 -0.33850
vn -0.17493 0.96892 -0.17493
vn -0.17493 0.96892 -0.17493
vn 0.00000 0.93541 -0.35355
vn -0.16925 0.92139 -0.34985
vn 0.00000 0.98425 -0.17678
vn 0.00000 0.98425 -0.17678
vn 0.00000 0.93541 -0.35355
vn 0.00000 0.93541 -0.35355
vn 0.00000 0.98425 -0.17678
vn 0.00000 0.98425 -0.17678
vn 0.16925 0.92139 -0.34985
vn 0.00000 0.93541 -0.35355
vn 0.17493 0.96892 -0.17493
vn 0.17493 0.96892 -0.17493
vn 0.33850 0.87797 -0.33850
vn 0.16925 0.92139 -0.34985
vn 0.34985 0.92139 -0.16925
vn 0.34985 0.92139 -0.16925
vn 0.50775 0.80039 -0.31869
vn 0.33850 0.87797 -0.33850
vn 0.52478 0.83619 -0.15934
vn 0.52478 0.83619 -0.15934
vn 0.67700 0.67700 -0.28868
vn 0.50775 0.80039 -0.31869
vn 0.69970 0.69970 -0.14434
vn -0.67700 0.67700 -0.28868
vn -0.47803 0.73686 -0.47803
vn -0.63738 0.63738 -0.43301
vn -0.50775 0.80039 -0.31869
vn -0.50775 0.80039 -0.31869
vn -0.31869 0.80039 -0.50775
vn -0.47803 0.73686 -0.47803
vn -0.33850 0.87797 -0.33850
vn -0.33850 0.87797 -0.33850
vn -0.15934 0.83619 -0.52478
vn -0.31869 0.80039 -0.50775
vn -0.16925 0.92139 -0.34985
vn -0.16925 0.92139 -0.34985
vn 0.00000 0.84779 -0.53033
vn -0.15934 0.83619 -0.52478
vn 0.00000 0.93541 -0.35355
vn 0.00000 0.93541 -0.35355
vn 0.00000 0.84779 -0.53033
vn 0.00000 0.84779 -0.53033
vn 0.00000 0.93541 -0.35355
vn 0.00000 0.93541 -0.35355
vn 0.15934 0.83619 -0.52478
vn 0.00000 0.84779 -0.53033
vn 0.16925 0.92139 -0.34985
vn 0.16925 0.92139 -0.34985
vn 0.31869 0.80039 -0.50775
vn 0.15934 0.83619 -0.52478
vn 0.33850 0.87797 -0.33850
vn 0.33850 0.87797 -0.33850
vn 0.47803 0.73686 -0.47803
vn 0.31869 0.80039 -0.50775
vn 0.50775 0.80039 -0.31869
vn 0.50775 0.80039 -0.31869
vn 0.63738 0.63738 -0.43301
vn 0.47803 0.73686 -0.47803
vn 0.67700 0.67700 -0.28868
vn -0.63738 0.63738 -0.43301
vn -0.43301 0.63738 -0.63738
vn -0.57735 0.57735 -0.57735
vn -0.47803 0.73686 -0.47803
vn -0.47803 0.73686 -0.47803
vn -0.28868 0.67700 -0.67700
vn -0.43301 0.63738 -0.63738
vn -0.31869 0.80039 -0.50775
vn -0.31869 0.80039 -0.50775
vn -0.14434 0.69970 -0.69970
vn -0.28868 0.67700 -0.67700
vn -0.15934 0.83619 -0.52478
vn -0.15934 0.83619 -0.52478
vn 0.00000 0.70711 -0.70711
vn -0.14434 0.69970 -0.69970
vn 0.00000 0.84779 -0.53033
vn 0.00000 0.84779 -0.53033
vn 0.00000 0.70711 -0.70711
vn 0.00000 0.70711 -0.70711
vn 0.00000 0.84779 -0.53033
vn 0.00000 0.84779 -0.53033
vn 0.14434 0.69970 -0.69970
vn 0.00000 0.70711 -0.70711
vn 0.15934 0.83619 -0.52478
vn 0.15934 0.83619 -0.52478
vn 0.28868 0.67700 -0.67700
vn 0.14434 0.69970 -0.69970
vn 0.31869 0.80039 -0.50775
vn 0.31869 0.80039 -0.50775
vn 0.43301 0.63738 -0.63738
vn 0.28868 0.67700 -0.67700
vn 0.47803 0.73686 -0.47803
vn 0.47803 0.73686 -0.47803
vn 0.57735 0.57735 -0.57735
vn 0.43301 0.63738 -0.63738
vn 0.63738 0.63738 -0.43301
f 1954/2178/7778 1955/2179/7779 1953/2177/7777 1956/2180/7780 
f 1957/2181/7782 1954/2178/7783 1956/2180/7781 1958/2182/7784 
f 1959/2183/7786 1957/2181/7787 1958/2182/7785 1960/2184/7788 
f 1961/2185/7790 1959/2183/7791 1960/2184/7789 1962/2186/7792 
f 1963/2187/7794 1961/2185/7795 1962/2186/7793 1964/2188/7796 
f 1965/2189/7798 1963/2187/7799 1964/2188/7797 1966/2190/7800 
f 1967/2191/7802 1965/2189/7803 1966/2190/7801 1968/2192/7804 
f 1969/2193/7806 1967/2191/7807 1968/2192/7805 1970/2194/7808 
f 1971/2195/7810 1969/2193/7811 1970/2194/7809 1972/2196/7812 
f 1973/2197/7814 1974/2198/7815 1955/2179/7813 1954/2178/7816 
f 1975/2199/7818 1973/2197/7819 1954/2178/7817 1957/2181/7820 
f 1976/2200/7822 1975/2199/7823 1957/2181/7821 1959/2183/7824 
f 1977/2201/7826 1976/2200/7827 1959/2183/7825 1961/2185/7828 
f 1978/2202/7830 1977/2201/7831 1961/2185/7829 1963/2187/7832 
f 1979/2203/7834 1978/2202/7835 1963/2187/7833 1965/2189/7836 
f 1980/2204/7838 1979/2203/7839 1965/2189/7837 1967/2191/7840 
f 1981/2205/7842 1980/2204/7843 1967/2191/7841 1969/2193/7844 
f 1982/2206/7846 1981/2205/7847 1969/2193/7845 1971/2195/7848 
f 1983/2207/7850 1984/2208/7851 1974/2198/7849 1973/2197/7852 
f 1985/2209/7854 1983/2207/7855 1973/2197/7853 1975/2199/7856 
f 1986/2210/7858 1985/2209/7859 1975/2199/7857 1976/2200/7860 
f 1987/2211/7862 1986/2210/7863 1976/2200/7861 1977/2201/7864 
f 1988/2212/7866 1987/2211/7867 1977/2201/7865 1978/2202/7868 
f 1989/2213/7870 1988/2212/7871 1978/2202/7869 1979/2203/7872 
f 1990/2214/7874 1989/2213/7875 1979/2203/7873 1980/2204/7876 
f 1991/2215/7878 1990/2214/7879 1980/2204/7877 1981/2205/7880 
f 1992/2216/7882 1991/2215/7883 1981/2205/7881 1982/2206/7884 
f 1993/2217/7886 1994/2218/7887 1984/2208/7885 1983/2207/7888 
f 1995/2219/7890 1993/2217/7891 1983/2207/7889 1985/2209/7892 
f 1996/2220/7894 1995/2219/7895 1985/2209/7893 1986/2210/7896 
f 1997/2221/7898 1996/2220/7899 1986/2210/7897 1987/2211/7900 
f 1998/2222/7902 1997/2221/7903 1987/2211/7901 1988/2212/7904 
f 1999/2223/7906 1998/2222/7907 1988/2212/7905 1989/2213/7908 
f 2000/2224/7910 1999/2223/7911 1989/2213/7909 1990/2214/7912 
f 2001/2225/7914 2000/2224/7915 1990/2214/7913 1991/2215/7916 
f 2002/2226/7918 2001/2225/7919 1991/2215/7917 1992/2216/7920 
f 2003/2227/7922 2004/2228/7923 1994/2218/7921 1993/2217/7924 
f 2005/2229/7926 2003/2227/7927 1993/2217/7925 1995/2219/7928 
f 2006/2230/7930 2005/2229/7931 1995/2219/7929 1996/2220/7932 
f 2007/2231/7934 2006/2230/7935 1996/2220/7933 1997/2221/7936 
f 2008/2232/7938 2007/2231/7939 1997/2221/7937 1998/2222/7940 
f 2009/2233/7942 2008/2232/7943 1998/2222/7941 1999/2223/7944 
f 2010/2234/7946 2009/2233/7947 1999/2223/7945 2000/2224/7948 
f 2011/2235/7950 2010/2234/7951 2000/2224/7949 2001/2225/7952 
f 2012/2236/7954 2011/2235/7955 2001/2225/7953 2002/2226/7956 
f 2013/2237/7958 2014/2238/7959 2004/2228/7957 2003/2227/7960 
f 2015/2239/7962 2013/2237/7963 2003/2227/7961 2005/2229/7964 
f 2016/2240/7966 2015/2239/7967 2005/2229/7965 2006/2230/7968 
f 2017/2241/7970 2016/2240/7971 2006/2230/7969 2007/2231/7972 
f 2018/2242/7974 2017/2241/7975 2007/2231/7973 2008/2232/7976 
f 2019/2243/7978 2018/2242/7979 2008/2232/7977 2009/2233/7980 
f 2020/2244/7982 2019/2243/7983 2009/2233/7981 2010/2234/7984 
f 2021/2245/7986 2020/2244/7987 2010/2234/7985 2011/2235/7988 
f 2022/2246/7990 2021/2245/7991 2011/2235/7989 2012/2236/7992 
f 2023/2247/7994 2024/2248/7995 2014/2238/7993 2013/2237/7996 
f 2025/2249/7998 2023/2247/7999 2013/2237/7997 2015/2239/8000 
f 2026/2250/8002 2025/2249/8003 2015/2239/8001 2016/2240/8004 
f 2027/2251/8006 2026/2250/8007 2016/2240/8005 2017/2241/8008 
f 2028/2252/8010 2027/2251/8011 2017/2241/8009 2018/2242/8012 
f 2029/2253/8014 2028/2252/8015 2018/2242/8013 2019/2243/8016 
f 2030/2254/8018 2029/2253/8019 2019/2243/8017 2020/2244/8020 
f 2031/2255/8022 2030/2254/8023 2020/2244/8021 2021/2245/8024 
f 2032/2256/8026 2031/2255/8027 2021/2245/8025 2022/2246/8028 
f 2033/2257/8030 2034/2258/8031 2024/2248/8029 2023/2247/8032 
f 2035/2259/8034 2033/2257/8035 2023/2247/8033 2025/2249/8036 
f 2036/2260/8038 2035/2259/8039 2025/2249/8037 2026/2250/8040 
f 2037/2261/8042 2036/2260/8043 2026/2250/8041 2027/2251/8044 
f 2038/2262/8046 2037/2261/8047 2027/2251/8045 2028/2252/8048 
f 2039/2263/8050 2038/2262/8051 2028/2252/8049 2029/2253/8052 
f 2040/2264/8054 2039/2263/8055 2029/2253/8053 2030/2254/8056 
f 2041/2265/8058 2040/2264/8059 2030/2254/8057 2031/2255/8060 
f 2042/2266/8062 2041/2265/8063 2031/2255/8061 2032/2256/8064 
f 2043/2267/8066 2044/2268/8067 2034/2258/8065 2033/2257/8068 
f 2045/2269/8070 2043/2267/8071 2033/2257/8069 2035/2259/8072 
f 2046/2270/8074 2045/2269/8075 2035/2259/8073 2036/2260/8076 
f 2047/2271/8078 2046/2270/8079 2036/2260/8077 2037/2261/8080 
f 2048/2272/8082 2047/2271/8083 2037/2261/8081 2038/2262/8084 
f 2049/2273/8086 2048/2272/8087 2038/2262/8085 2039/2263/8088 
f 2050/2274/8090 2049/2273/8091 2039/2263/8089 2040/2264/8092 
f 2051/2275/8094 2050/2274/8095 2040/2264/8093 2041/2265/8096 
f 2052/2276/8098 2051/2275/8099 2041/2265/8097 2042/2266/8100 
f 2053/2278/8102 2054/2279/8103 2052/2277/8101 2042/2280/8104 
f 2055/2281/8106 2053/2278/8107 2042/2280/8105 2032/2282/8108 
f 2056/2283/8110 2055/2281/8111 2032/2282/8109 2022/2284/8112 
f 2057/2285/8114 2056/2283/8115 2022/2284/8113 2012/2286/8116 
f 2058/2287/8118 2057/2285/8119 2012/2286/8117 2002/2288/8120 
f 2059/2289/8122 2058/2287/8123 2002/2288/8121 1992/2290/8124 
f 2060/2291/8126 2059/2289/8127 1992/2290/8125 1982/2292/8128 
f 2061/2293/8130 2060/2291/8131 1982/2292/8129 1971/2294/8132 
f 2062/2295/8134 2061/2293/8135 1971/2294/8133 1972/2296/8136 
f 2063/2297/8138 2064/2298/8139 2054/2279/8137 2053/2278/8140 
f 2065/2299/8142 2063/2297/8143 2053/2278/8141 2055/2281/8144 
f 2066/2300/8146 2065/2299/8147 2055/2281/8145 2056/2283/8148 
f 2067/2301/8150 2066/2300/8151 2056/2283/8149 2057/2285/8152 
f 2068/2302/8154 2067/2301/8155 2057/2285/8153 2058/2287/8156 
f 2069/2303/8158 2068/2302/8159 2058/2287/8157 2059/2289/8160 
f 2070/2304/8162 2069/2303/8163 2059/2289/8161 2060/2291/8164 
f 2071/2305/8166 2070/2304/8167 2060/2291/8165 2061/2293/8168 
f 2072/2306/8170 2071/2305/8171 2061/2293/8169 2062/2295/8172 
f 2073/2307/8174 2074/2308/8175 2064/2298/8173 2063/2297/8176 
f 2075/2309/8178 2073/2307/8179 2063/2297/8177 2065/2299/8180 
f 2076/2310/8182 2075/2309/8183 2065/2299/8181 2066/2300/8184 
f 2077/2311/8186 2076/2310/8187 2066/2300/8185 2067/2301/8188 
f 2078/2312/8190 2077/2311/8191 2067/2301/8189 2068/2302/8192 
f 2079/2313/8194 2078/2312/8195 2068/2302/8193 2069/2303/8196 
f 2080/2314/8198 2079/2313/8199 2069/2303/8197 2070/2304/8200 
f 2081/2315/8202 2080/2314/8203 2070/2304/8201 2071/2305/8204 
f 2082/2316/8206 2081/2315/8207 2071/2305/8205 2072/2306/8208 
f 2083/2317/8210 2084/2318/8211 2074/2308/8209 2073/2307/8212 
f 2085/2319/8214 2083/2317/8215 2073/2307/8213 2075/2309/8216 
f 2086/2320/8218 2085/2319/8219 2075/2309/8217 2076/2310/8220 
f 2087/2321/8222 2086/2320/8223 2076/2310/8221 2077/2311/8224 
f 2088/2322/8226 2087/2321/8227 2077/2311/8225 2078/2312/8228 
f 2089/2323/8230 2088/2322/8231 2078/2312/8229 2079/2313/8232 
f 2090/2324/8234 2089/2323/8235 2079/2313/8233 2080/2314/8236 
f 2091/2325/8238 2090/2324/8239 2080/2314/8237 2081/2315/8240 
f 2092/2326/8242 2091/2325/8243 2081/2315/8241 2082/2316/8244 
f 2093/2327/8246 2094/2328/8247 2084/2318/8245 2083/2317/8248 
f 2095/2329/8250 2093/2327/8251 2083/2317/8249 2085/2319/8252 
f 2096/2330/8254 2095/2329/8255 2085/2319/8253 2086/2320/8256 
f 2097/2331/8258 2096/2330/8259 2086/2320/8257 2087/2321/8260 
f 2098/2332/8262 2097/2331/8263 2087/2321/8261 2088/2322/8264 
f 2099/2333/8266 2098/2332/8267 2088/2322/8265 2089/2323/8268 
f 2100/2334/8270 2099/2333/8271 2089/2323/8269 2090/2324/8272 
f 2101/2335/8274 2100/2334/8275 2090/2324/8273 2091/2325/8276 
f 2102/2336/8278 2101/2335/8279 2091/2325/8277 2092/2326/8280 
f 2103/2337/8282 2104/2338/8283 2094/2328/8281 2093/2327/8284 
f 2105/2339/8286 2103/2337/8287 2093/2327/8285 2095/2329/8288 
f 2106/2340/8290 2105/2339/8291 2095/2329/8289 2096/2330/8292 
f 2107/2341/8294 2106/2340/8295 2096/2330/8293 2097/2331/8296 
f 2108/2342/8298 2107/2341/8299 2097/2331/8297 2098/2332/8300 
f 2109/2343/8302 2108/2342/8303 2098/2332/8301 2099/2333/8304 
f 2110/2344/8306 2109/2343/8307 2099/2333/8305 2100/2334/8308 
f 2111/2345/8310 2110/2344/8311 2100/2334/8309 2101/2335/8312 
f 2112/2346/8314 2111/2345/8315 2101/2335/8313 2102/2336/8316 
f 2113/2347/8318 2114/2348/8319 2104/2338/8317 2103/2337/8320 
f 2115/2349/8322 2113/2347/8323 2103/2337/8321 2105/2339/8324 
f 2116/2350/8326 2115/2349/8327 2105/2339/8325 2106/2340/8328 
f 2117/2351/8330 2116/2350/8331 2106/2340/8329 2107/2341/8332 
f 2118/2352/8334 2117/2351/8335 2107/2341/8333 2108/2342/8336 
f 2119/2353/8338 2118/2352/8339 2108/2342/8337 2109/2343/8340 
f 2120/2354/8342 2119/2353/8343 2109/2343/8341 2110/2344/8344 
f 2121/2355/8346 2120/2354/8347 2110/2344/8345 2111/2345/8348 
f 2122/2356/8350 2121/2355/8351 2111/2345/8349 2112/2346/8352 
f 2123/2357/8354 2124/2358/8355 2114/2348/8353 2113/2347/8356 
f 2125/2359/8358 2123/2357/8359 2113/2347/8357 2115/2349/8360 
f 2126/2360/8362 2125/2359/8363 2115/2349/8361 2116/2350/8364 
f 2127/2361/8366 2126/2360/8367 2116/2350/8365 2117/2351/8368 
f 2128/2362/8370 2127/2361/8371 2117/2351/8369 2118/2352/8372 
f 2129/2363/8374 2128/2362/8375 2118/2352/8373 2119/2353/8376 
f 2130/2364/8378 2129/2363/8379 2119/2353/8377 2120/2354/8380 
f 2131/2365/8382 2130/2364/8383 2120/2354/8381 2121/2355/8384 
f 2132/2366/8386 2131/2365/8387 2121/2355/8385 2122/2356/8388 
f 2133/2367/8390 2134/2368/8391 2124/2358/8389 2123/2357/8392 
f 2135/2369/8394 2133/2367/8395 2123/2357/8393 2125/2359/8396 
f 2136/2370/8398 2135/2369/8399 2125/2359/8397 2126/2360/8400 
f 2137/2371/8402 2136/2370/8403 2126/2360/8401 2127/2361/8404 
f 2138/2372/8406 2137/2371/8407 2127/2361/8405 2128/2362/8408 
f 2139/2373/8410 2138/2372/8411 2128/2362/8409 2129/2363/8412 
f 2140/2374/8414 2139/2373/8415 2129/2363/8413 2130/2364/8416 
f 2141/2375/8418 2140/2374/8419 2130/2364/8417 2131/2365/8420 
f 2142/2376/8422 2141/2375/8423 2131/2365/8421 2132/2366/8424 
f 2143/2378/8426 2062/2379/8427 1972/2377/8425 1970/2380/8428 
f 2144/2381/8430 2143/2378/8431 1970/2380/8429 1968/2382/8432 
f 2145/2383/8434 2144/2381/8435 1968/2382/8433 1966/2384/8436 
f 2146/2385/8438 2145/2383/8439 1966/2384/8437 1964/2386/8440 
f 2147/2387/8442 2146/2385/8443 1964/2386/8441 1962/2388/8444 
f 2148/2389/8446 2147/2387/8447 1962/2388/8445 1960/2390/8448 
f 2149/2391/8450 2148/2389/8451 1960/2390/8449 1958/2392/8452 
f 2150/2393/8454 2149/2391/8455 1958/2392/8453 1956/2394/8456 
f 2151/2395/8458 2150/2393/8459 1956/2394/8457 1953/2396/8460 
f 2152/2397/8462 2072/2398/8463 2062/2379/8461 2143/2378/8464 
f 2153/2399/8466 2152/2397/8467 2143/2378/8465 2144/2381/8468 
f 2154/2400/8470 2153/2399/8471 2144/2381/8469 2145/2383/8472 
f 2155/2401/8474 2154/2400/8475 2145/2383/8473 2146/2385/8476 
f 2156/2402/8478 2155/2401/8479 2146/2385/8477 2147/2387/8480 
f 2157/2403/8482 2156/2402/8483 2147/2387/8481 2148/2389/8484 
f 2158/2404/8486 2157/2403/8487 2148/2389/8485 2149/2391/8488 
f 2159/2405/8490 2158/2404/8491 2149/2391/8489 2150/2393/8492 
f 2160/2406/8494 2159/2405/8495 2150/2393/8493 2151/2395/8496 
f 2161/2407/8498 2082/2408/8499 2072/2398/8497 2152/2397/8500 
f 2162/2409/8502 2161/2407/8503 2152/2397/8501 2153/2399/8504 
f 2163/2410/8506 2162/2409/8507 2153/2399/8505 2154/2400/8508 
f 2164/2411/8510 2163/2410/8511 2154/2400/8509 2155/2401/8512 
f 2165/2412/8514 2164/2411/8515 2155/2401/8513 2156/2402/8516 
f 2166/2413/8518 2165/2412/8519 2156/2402/8517 2157/2403/8520 
f 2167/2414/8522 2166/2413/8523 2157/2403/8521 2158/2404/8524 
f 2168/2415/8526 2167/2414/8527 2158/2404/8525 2159/2405/8528 
f 2169/2416/8530 2168/2415/8531 2159/2405/8529 2160/2406/8532 
f 2170/2417/8534 2092/2418/8535 2082/2408/8533 2161/2407/8536 
f 2171/2419/8538 2170/2417/8539 2161/2407/8537 2162/2409/8540 
f 2172/2420/8542 2171/2419/8543 2162/2409/8541 2163/2410/8544 
f 2173/2421/8546 2172/2420/8547 2163/2410/8545 2164/2411/8548 
f 2174/2422/8550 2173/2421/8551 2164/2411/8549 2165/2412/8552 
f 2175/2423/8554 2174/2422/8555 2165/2412/8553 2166/2413/8556 
f 2176/2424/8558 2175/2423/8559 2166/2413/8557 2167/2414/8560 
f 2177/2425/8562 2176/2424/8563 2167/2414/8561 2168/2415/8564 
f 2178/2426/8566 2177/2425/8567 2168/2415/8565 2169/2416/8568 
f 2179/2427/8570 2102/2428/8571 2092/2418/8569 2170/2417/8572 
f 2180/2429/8574 2179/2427/8575 2170/2417/8573 2171/2419/8576 
f 2181/2430/8578 2180/2429/8579 2171/2419/8577 2172/2420/8580 
f 2182/2431/8582 2181/2430/8583 2172/2420/8581 2173/2421/8584 
f 2183/2432/8586 2182/2431/8587 2173/2421/8585 2174/2422/8588 
f 2184/2433/8590 2183/2432/8591 2174/2422/8589 2175/2423/8592 
f 2185/2434/8594 2184/2433/8595 2175/2423/8593 2176/2424/8596 
f 2186/2435/8598 2185/2434/8599 2176/2424/8597 2177/2425/8600 
f 2187/2436/8602 2186/2435/8603 2177/2425/8601 2178/2426/8604 
f 2188/2437/8606 2112/2438/8607 2102/2428/8605 2179/2427/8608 
f 2189/2439/8610 2188/2437/8611 2179/2427/8609 2180/2429/8612 
f 2190/2440/8614 2189/2439/8615 2180/2429/8613 2181/2430/8616 
f 2191/2441/8618 2190/2440/8619 2181/2430/8617 2182/2431/8620 
f 2192/2442/8622 2191/2441/8623 2182/2431/8621 2183/2432/8624 
f 2193/2443/8626 2192/2442/8627 2183/2432/8625 2184/2433/8628 
f 2194/2444/8630 2193/2443/8631 2184/2433/8629 2185/2434/8632 
f 2195/2445/8634 2194/2444/8635 2185/2434/8633 2186/2435/8636 
f 2196/2446/8638 2195/2445/8639 2186/2435/8637 2187/2436/8640 
f 2197/2447/8642 2122/2448/8643 2112/2438/8641 2188/2437/8644 
f 2198/2449/8646 2197/2447/8647 2188/2437/8645 2189/2439/8648 
f 2199/2450/8650 2198/2449/8651 2189/2439/8649 2190/2440/8652 
f 2200/2451/8654 2199/2450/8655 2190/2440/8653 2191/2441/8656 
f 2201/2452/8658 2200/2451/8659 2191/2441/8657 2192/2442/8660 
f 2202/2453/8662 2201/2452/8663 2192/2442/8661 2193/2443/8664 
f 2203/2454/8666 2202/2453/8667 2193/2443/8665 2194/2444/8668 
f 2204/2455/8670 2203/2454/8671 2194/2444/8669 2195/2445/8672 
f 2205/2456/8674 2204/2455/8675 2195/2445/8673 2196/2446/8676 
f 2206/2457/8678 2132/2458/8679 2122/2448/8677 2197/2447/8680 
f 2207/2459/8682 2206/2457/8683 2197/2447/8681 2198/2449/8684 
f 2208/2460/8686 2207/2459/8687 2198/2449/8685 2199/2450/8688 
f 2209/2461/8690 2208/2460/8691 2199/2450/8689 2200/2451/8692 
f 2210/2462/8694 2209/2461/8695 2200/2451/8693 2201/2452/8696 
f 2211/2463/8698 2210/2462/8699 2201/2452/8697 2202/2453/8700 
f 2212/2464/8702 2211/2463/8703 2202/2453/8701 2203/2454/8704 
f 2213/2465/8706 2212/2464/8707 2203/2454/8705 2204/2455/8708 
f 2214/2466/8710 2213/2465/8711 2204/2455/8709 2205/2456/8712 
f 2215/2467/8714 2142/2468/8715 2132/2458/8713 2206/2457/8716 
f 2216/2469/8718 2215/2467/8719 2206/2457/8717 2207/2459/8720 
f 2217/2470/8722 2216/2469/8723 2207/2459/8721 2208/2460/8724 
f 2218/2471/8726 2217/2470/8727 2208/2460/8725 2209/2461/8728 
f 2219/2472/8730 2218/2471/8731 2209/2461/8729 2210/2462/8732 
f 2220/2473/8734 2219/2472/8735 2210/2462/8733 2211/2463/8736 
f 2221/2474/8738 2220/2473/8739 2211/2463/8737 2212/2464/8740 
f 2222/2475/8742 2221/2474/8743 2212/2464/8741 2213/2465/8744 
f 2223/2476/8746 2222/2475/8747 2213/2465/8745 2214/2466/8748 
f 2224/2478/8750 2225/2479/8751 2044/2477/8749 2043/2480/8752 
f 2226/2481/8754 2224/2478/8755 2043/2480/8753 2045/2482/8756 
f 2227/2483/8758 2226/2481/8759 2045/2482/8757 2046/2484/8760 
f 2228/2485/8762 2227/2483/8763 2046/2484/8761 2047/2486/8764 
f 2229/2487/8766 2228/2485/8767 2047/2486/8765 2048/2488/8768 
f 2230/2489/8770 2229/2487/8771 2048/2488/8769 2049/2490/8772 
f 2231/2491/8774 2230/2489/8775 2049/2490/8773 2050/2492/8776 
f 2232/2493/8778 2231/2491/8779 2050/2492/8777 2051/2494/8780 
f 2054/2495/8782 2232/2493/8783 2051/2494/8781 2052/2496/8784 
f 2233/2497/8786 2234/2498/8787 2225/2479/8785 2224/2478/8788 
f 2235/2499/8790 2233/2497/8791 2224/2478/8789 2226/2481/8792 
f 2236/2500/8794 2235/2499/8795 2226/2481/8793 2227/2483/8796 
f 2237/2501/8798 2236/2500/8799 2227/2483/8797 2228/2485/8800 
f 2238/2502/8802 2237/2501/8803 2228/2485/8801 2229/2487/8804 
f 2239/2503/8806 2238/2502/8807 2229/2487/8805 2230/2489/8808 
f 2240/2504/8810 2239/2503/8811 2230/2489/8809 2231/2491/8812 
f 2241/2505/8814 2240/2504/8815 2231/2491/8813 2232/2493/8816 
f 2064/2506/8818 2241/2505/8819 2232/2493/8817 2054/2495/8820 
f 2242/2507/8822 2243/2508/8823 2234/2498/8821 2233/2497/8824 
f 2244/2509/8826 2242/2507/8827 2233/2497/8825 2235/2499/8828 
f 2245/2510/8830 2244/2509/8831 2235/2499/8829 2236/2500/8832 
f 2246/2511/8834 2245/2510/8835 2236/2500/8833 2237/2501/8836 
f 2247/2512/8838 2246/2511/8839 2237/2501/8837 2238/2502/8840 
f 2248/2513/8842 2247/2512/8843 2238/2502/8841 2239/2503/8844 
f 2249/2514/8846 2248/2513/8847 2239/2503/8845 2240/2504/8848 
f 2250/2515/8850 2249/2514/8851 2240/2504/8849 2241/2505/8852 
f 2074/2516/8854 2250/2515/8855 2241/2505/8853 2064/2506/8856 
f 2251/2517/8858 2252/2518/8859 2243/2508/8857 2242/2507/8860 
f 2253/2519/8862 2251/2517/8863 2242/2507/8861 2244/2509/8864 
f 2254/2520/8866 2253/2519/8867 2244/2509/8865 2245/2510/8868 
f 2255/2521/8870 2254/2520/8871 2245/2510/8869 2246/2511/8872 
f 2256/2522/8874 2255/2521/8875 2246/2511/8873 2247/2512/8876 
f 2257/2523/8878 2256/2522/8879 2247/2512/8877 2248/2513/8880 
f 2258/2524/8882 2257/2523/8883 2248/2513/8881 2249/2514/8884 
f 2259/2525/8886 2258/2524/8887 2249/2514/8885 2250/2515/8888 
f 2084/2526/8890 2259/2525/8891 2250/2515/8889 2074/2516/8892 
f 2260/2527/8894 2261/2528/8895 2252/2518/8893 2251/2517/8896 
f 2262/2529/8898 2260/2527/8899 2251/2517/8897 2253/2519/8900 
f 2263/2530/8902 2262/2529/8903 2253/2519/8901 2254/2520/8904 
f 2264/2531/8906 2263/2530/8907 2254/2520/8905 2255/2521/8908 
f 2265/2532/8910 2264/2531/8911 2255/2521/8909 2256/2522/8912 
f 2266/2533/8914 2265/2532/8915 2256/2522/8913 2257/2523/8916 
f 2267/2534/8918 2266/2533/8919 2257/2523/8917 2258/2524/8920 
f 2268/2535/8922 2267/2534/8923 2258/2524/8921 2259/2525/8924 
f 2094/2536/8926 2268/2535/8927 2259/2525/8925 2084/2526/8928 
f 2269/2537/8930 2270/2538/8931 2261/2528/8929 2260/2527/8932 
f 2271/2539/8934 2269/2537/8935 2260/2527/8933 2262/2529/8936 
f 2272/2540/8938 2271/2539/8939 2262/2529/8937 2263/2530/8940 
f 2273/2541/8942 2272/2540/8943 2263/2530/8941 2264/2531/8944 
f 2274/2542/8946 2273/2541/8947 2264/2531/8945 2265/2532/8948 
f 2275/2543/8950 2274/2542/8951 2265/2532/8949 2266/2533/8952 
f 2276/2544/8954 2275/2543/8955 2266/2533/8953 2267/2534/8956 
f 2277/2545/8958 2276/2544/8959 2267/2534/8957 2268/2535/8960 
f 2104/2546/8962 2277/2545/8963 2268/2535/8961 2094/2536/8964 
f 2278/2547/8966 2279/2548/8967 2270/2538/8965 2269/2537/8968 
f 2280/2549/8970 2278/2547/8971 2269/2537/8969 2271/2539/8972 
f 2281/2550/8974 2280/2549/8975 2271/2539/8973 2272/2540/8976 
f 2282/2551/8978 2281/2550/8979 2272/2540/8977 2273/2541/8980 
f 2283/2552/8982 2282/2551/8983 2273/2541/8981 2274/2542/8984 
f 2284/2553/8986 2283/2552/8987 2274/2542/8985 2275/2543/8988 
f 2285/2554/8990 2284/2553/8991 2275/2543/8989 2276/2544/8992 
f 2286/2555/8994 2285/2554/8995 2276/2544/8993 2277/2545/8996 
f 2114/2556/8998 2286/2555/8999 2277/2545/8997 2104/2546/9000 
f 2287/2557/9002 2288/2558/9003 2279/2548/9001 2278/2547/9004 
f 2289/2559/9006 2287/2557/9007 2278/2547/9005 2280/2549/9008 
f 2290/2560/9010 2289/2559/9011 2280/2549/9009 2281/2550/9012 
f 2291/2561/9014 2290/2560/9015 2281/2550/9013 2282/2551/9016 
f 2292/2562/9018 2291/2561/9019 2282/2551/9017 2283/2552/9020 
f 2293/2563/9022 2292/2562/9023 2283/2552/9021 2284/2553/9024 
f 2294/2564/9026 2293/2563/9027 2284/2553/9025 2285/2554/9028 
f 2295/2565/9030 2294/2564/9031 2285/2554/9029 2286/2555/9032 
f 2124/2566/9034 2295/2565/9035 2286/2555/9033 2114/2556/9036 
f 2296/2567/9038 2297/2568/9039 2288/2558/9037 2287/2557/9040 
f 2298/2569/9042 2296/2567/9043 2287/2557/9041 2289/2559/9044 
f 2299/2570/9046 2298/2569/9047 2289/2559/9045 2290/2560/9048 
f 2300/2571/9050 2299/2570/9051 2290/2560/9049 2291/2561/9052 
f 2301/2572/9054 2300/2571/9055 2291/2561/9053 2292/2562/9056 
f 2302/2573/9058 2301/2572/9059 2292/2562/9057 2293/2563/9060 
f 2303/2574/9062 2302/2573/9063 2293/2563/9061 2294/2564/9064 
f 2304/2575/9066 2303/2574/9067 2294/2564/9065 2295/2565/9068 
f 2134/2576/9070 2304/2575/9071 2295/2565/9069 2124/2566/9072 
f 2305/2578/9074 2151/2579/9075 1953/2577/9073 1955/2580/9076 
f 2306/2581/9078 2305/2578/9079 1955/2580/9077 1974/2582/9080 
f 2307/2583/9082 2306/2581/9083 1974/2582/9081 1984/2584/9084 
f 2308/2585/9086 2307/2583/9087 1984/2584/9085 1994/2586/9088 
f 2309/2587/9090 2308/2585/9091 1994/2586/9089 2004/2588/9092 
f 2310/2589/9094 2309/2587/9095 2004/2588/9093 2014/2590/9096 
f 2311/2591/9098 2310/2589/9099 2014/2590/9097 2024/2592/9100 
f 2312/2593/9102 2311/2591/9103 2024/2592/9101 2034/2594/9104 
f 2225/2595/9106 2312/2593/9107 2034/2594/9105 2044/2596/9108 
f 2313/2597/9110 2160/2598/9111 2151/2579/9109 2305/2578/9112 
f 2314/2599/9114 2313/2597/9115 2305/2578/9113 2306/2581/9116 
f 2315/2600/9118 2314/2599/9119 2306/2581/9117 2307/2583/9120 
f 2316/2601/9122 2315/2600/9123 2307/2583/9121 2308/2585/9124 
f 2317/2602/9126 2316/2601/9127 2308/2585/9125 2309/2587/9128 
f 2318/2603/9130 2317/2602/9131 2309/2587/9129 2310/2589/9132 
f 2319/2604/9134 2318/2603/9135 2310/2589/9133 2311/2591/9136 
f 2320/2605/9138 2319/2604/9139 2311/2591/9137 2312/2593/9140 
f 2234/2606/9142 2320/2605/9143 2312/2593/9141 2225/2595/9144 
f 2321/2607/9146 2169/2608/9147 2160/2598/9145 2313/2597/9148 
f 2322/2609/9150 2321/2607/9151 2313/2597/9149 2314/2599/9152 
f 2323/2610/9154 2322/2609/9155 2314/2599/9153 2315/2600/9156 
f 2324/2611/9158 2323/2610/9159 2315/2600/9157 2316/2601/9160 
f 2325/2612/9162 2324/2611/9163 2316/2601/9161 2317/2602/9164 
f 2326/2613/9166 2325/2612/9167 2317/2602/9165 2318/2603/9168 
f 2327/2614/9170 2326/2613/9171 2318/2603/9169 2319/2604/9172 
f 2328/2615/9174 2327/2614/9175 2319/2604/9173 2320/2605/9176 
f 2243/2616/9178 2328/2615/9179 2320/2605/9177 2234/2606/9180 
f 2329/2617/9182 2178/2618/9183 2169/2608/9181 2321/2607/9184 
f 2330/2619/9186 2329/2617/9187 2321/2607/9185 2322/2609/9188 
f 2331/2620/9190 2330/2619/9191 2322/2609/9189 2323/2610/9192 
f 2332/2621/9194 2331/2620/9195 2323/2610/9193 2324/2611/9196 
f 2333/2622/9198 2332/2621/9199 2324/2611/9197 2325/2612/9200 
f 2334/2623/9202 2333/2622/9203 2325/2612/9201 2326/2613/9204 
f 2335/2624/9206 2334/2623/9207 2326/2613/9205 2327/2614/9208 
f 2336/2625/9210 2335/2624/9211 2327/2614/9209 2328/2615/9212 
f 2252/2626/9214 2336/2625/9215 2328/2615/9213 2243/2616/9216 
f 2337/2627/9218 2187/2628/9219 2178/2618/9217 2329/2617/9220 
f 2338/2629/9222 2337/2627/9223 2329/2617/9221 2330/2619/9224 
f 2339/2630/9226 2338/2629/9227 2330/2619/9225 2331/2620/9228 
f 2340/2631/9230 2339/2630/9231 2331/2620/9229 2332/2621/9232 
f 2341/2632/9234 2340/2631/9235 2332/2621/9233 2333/2622/9236 
f 2342/2633/9238 2341/2632/9239 2333/2622/9237 2334/2623/9240 
f 2343/2634/9242 2342/2633/9243 2334/2623/9241 2335/2624/9244 
f 2344/2635/9246 2343/2634/9247 2335/2624/9245 2336/2625/9248 
f 2261/2636/9250 2344/2635/9251 2336/2625/9249 2252/2626/9252 
f 2345/2637/9254 2196/2638/9255 2187/2628/9253 2337/2627/9256 
f 2346/2639/9258 2345/2637/9259 2337/2627/9257 2338/2629/9260 
f 2347/2640/9262 2346/2639/9263 2338/2629/9261 2339/2630/9264 
f 2348/2641/9266 2347/2640/9267 2339/2630/9265 2340/2631/9268 
f 2349/2642/9270 2348/2641/9271 2340/2631/9269 2341/2632/9272 
f 2350/2643/9274 2349/2642/9275 2341/2632/9273 2342/2633/9276 
f 2351/2644/9278 2350/2643/9279 2342/2633/9277 2343/2634/9280 
f 2352/2645/9282 2351/2644/9283 2343/2634/9281 2344/2635/9284 
f 2270/2646/9286 2352/2645/9287 2344/2635/9285 2261/2636/9288 
f 2353/2647/9290 2205/2648/9291 2196/2638/9289 2345/2637/9292 
f 2354/2649/9294 2353/2647/9295 2345/2637/9293 2346/2639/9296 
f 2355/2650/9298 2354/2649/9299 2346/2639/9297 2347/2640/9300 
f 2356/2651/9302 2355/2650/9303 2347/2640/9301 2348/2641/9304 
f 2357/2652/9306 2356/2651/9307 2348/2641/9305 2349/2642/9308 
f 2358/2653/9310 2357/2652/9311 2349/2642/9309 2350/2643/9312 
f 2359/2654/9314 2358/2653/9315 2350/2643/9313 2351/2644/9316 
f 2360/2655/9318 2359/2654/9319 2351/2644/9317 2352/2645/9320 
f 2279/2656/9322 2360/2655/9323 2352/2645/9321 2270/2646/9324 
f 2361/2657/9326 2214/2658/9327 2205/2648/9325 2353/2647/9328 
f 2362/2659/9330 2361/2657/9331 2353/2647/9329 2354/2649/9332 
f 2363/2660/9334 2362/2659/9335 2354/2649/9333 2355/2650/9336 
f 2364/2661/9338 2363/2660/9339 2355/2650/9337 2356/2651/9340 
f 2365/2662/9342 2364/2661/9343 2356/2651/9341 2357/2652/9344 
f 2366/2663/9346 2365/2662/9347 2357/2652/9345 2358/2653/9348 
f 2367/2664/9350 2366/2663/9351 2358/2653/9349 2359/2654/9352 
f 2368/2665/9354 2367/2664/9355 2359/2654/9353 2360/2655/9356 
f 2288/2666/9358 2368/2665/9359 2360/2655/9357 2279/2656/9360 
f 2369/2667/9362 2223/2668/9363 2214/2658/9361 2361/2657/9364 
f 2370/2669/9366 2369/2667/9367 2361/2657/9365 2362/2659/9368 
f 2371/2670/9370 2370/2669/9371 2362/2659/9369 2363/2660/9372 
f 2372/2671/9374 2371/2670/9375 2363/2660/9373 2364/2661/9376 
f 2373/2672/9378 2372/2671/9379 2364/2661/9377 2365/2662/9380 
f 2374/2673/9382 2373/2672/9383 2365/2662/9381 2366/2663/9384 
f 2375/2674/9386 2374/2673/9387 2366/2663/9385 2367/2664/9388 
f 2376/2675/9390 2375/2674/9391 2367/2664/9389 2368/2665/9392 
f 2297/2676/9394 2376/2675/9395 2368/2665/9393 2288/2666/9396 
f 2377/2678/9398 2141/2679/9399 2142/2677/9397 2215/2680/9400 
f 2378/2681/9402 2377/2678/9403 2215/2680/9401 2216/2682/9404 
f 2379/2683/9406 2378/2681/9407 2216/2682/9405 2217/2684/9408 
f 2380/2685/9410 2379/2683/9411 2217/2684/9409 2218/2686/9412 
f 2381/2687/9414 2380/2685/9415 2218/2686/9413 2219/2688/9416 
f 2382/2689/9418 2381/2687/9419 2219/2688/9417 2220/2690/9420 
f 2383/2691/9422 2382/2689/9423 2220/2690/9421 2221/2692/9424 
f 2384/2693/9426 2383/2691/9427 2221/2692/9425 2222/2694/9428 
f 2369/2695/9430 2384/2693/9431 2222/2694/9429 2223/2696/9432 
f 2385/2697/9434 2140/2698/9435 2141/2679/9433 2377/2678/9436 
f 2386/2699/9438 2385/2697/9439 2377/2678/9437 2378/2681/9440 
f 2387/2700/9442 2386/2699/9443 2378/2681/9441 2379/2683/9444 
f 2388/2701/9446 2387/2700/9447 2379/2683/9445 2380/2685/9448 
f 2389/2702/9450 2388/2701/9451 2380/2685/9449 2381/2687/9452 
f 2390/2703/9454 2389/2702/9455 2381/2687/9453 2382/2689/9456 
f 2391/2704/9458 2390/2703/9459 2382/2689/9457 2383/2691/9460 
f 2392/2705/9462 2391/2704/9463 2383/2691/9461 2384/2693/9464 
f 2370/2706/9466 2392/2705/9467 2384/2693/9465 2369/2695/9468 
f 2393/2707/9470 2139/2708/9471 2140/2698/9469 2385/2697/9472 
f 2394/2709/9474 2393/2707/9475 2385/2697/9473 2386/2699/9476 
f 2395/2710/9478 2394/2709/9479 2386/2699/9477 2387/2700/9480 
f 2396/2711/9482 2395/2710/9483 2387/2700/9481 2388/2701/9484 
f 2397/2712/9486 2396/2711/9487 2388/2701/9485 2389/2702/9488 
f 2398/2713/9490 2397/2712/9491 2389/2702/9489 2390/2703/9492 
f 2399/2714/9494 2398/2713/9495 2390/2703/9493 2391/2704/9496 
f 2400/2715/9498 2399/2714/9499 2391/2704/9497 2392/2705/9500 
f 2371/2716/9502 2400/2715/9503 2392/2705/9501 2370/2706/9504 
f 2401/2717/9506 2138/2718/9507 2139/2708/9505 2393/2707/9508 
f 2402/2719/9510 2401/2717/9511 2393/2707/9509 2394/2709/9512 
f 2403/2720/9514 2402/2719/9515 2394/2709/9513 2395/2710/9516 
f 2404/2721/9518 2403/2720/9519 2395/2710/9517 2396/2711/9520 
f 2405/2722/9522 2404/2721/9523 2396/2711/9521 2397/2712/9524 
f 2406/2723/9526 2405/2722/9527 2397/2712/9525 2398/2713/9528 
f 2407/2724/9530 2406/2723/9531 2398/2713/9529 2399/2714/9532 
f 2408/2725/9534 2407/2724/9535 2399/2714/9533 2400/2715/9536 
f 2372/2726/9538 2408/2725/9539 2400/2715/9537 2371/2716/9540 
f 2409/2727/9542 2137/2728/9543 2138/2718/9541 2401/2717/9544 
f 2410/2729/9546 2409/2727/9547 2401/2717/9545 2402/2719/9548 
f 2411/2730/9550 2410/2729/9551 2402/2719/9549 2403/2720/9552 
f 2412/2731/9554 2411/2730/9555 2403/2720/9553 2404/2721/9556 
f 2413/2732/9558 2412/2731/9559 2404/2721/9557 2405/2722/9560 
f 2414/2733/9562 2413/2732/9563 2405/2722/9561 2406/2723/9564 
f 2415/2734/9566 2414/2733/9567 2406/2723/9565 2407/2724/9568 
f 2416/2735/9570 2415/2734/9571 2407/2724/9569 2408/2725/9572 
f 2373/2736/9574 2416/2735/9575 2408/2725/9573 2372/2726/9576 
f 2417/2737/9578 2136/2738/9579 2137/2728/9577 2409/2727/9580 
f 2418/2739/9582 2417/2737/9583 2409/2727/9581 2410/2729/9584 
f 2419/2740/9586 2418/2739/9587 2410/2729/9585 2411/2730/9588 
f 2420/2741/9590 2419/2740/9591 2411/2730/9589 2412/2731/9592 
f 2421/2742/9594 2420/2741/9595 2412/2731/9593 2413/2732/9596 
f 2422/2743/9598 2421/2742/9599 2413/2732/9597 2414/2733/9600 
f 2423/2744/9602 2422/2743/9603 2414/2733/9601 2415/2734/9604 
f 2424/2745/9606 2423/2744/9607 2415/2734/9605 2416/2735/9608 
f 2374/2746/9610 2424/2745/9611 2416/2735/9609 2373/2736/9612 
f 2425/2747/9614 2135/2748/9615 2136/2738/9613 2417/2737/9616 
f 2426/2749/9618 2425/2747/9619 2417/2737/9617 2418/2739/9620 
f 2427/2750/9622 2426/2749/9623 2418/2739/9621 2419/2740/9624 
f 2428/2751/9626 2427/2750/9627 2419/2740/9625 2420/2741/9628 
f 2429/2752/9630 2428/2751/9631 2420/2741/9629 2421/2742/9632 
f 2430/2753/9634 2429/2752/9635 2421/2742/9633 2422/2743/9636 
f 2431/2754/9638 2430/2753/9639 2422/2743/9637 2423/2744/9640 
f 2432/2755/9642 2431/2754/9643 2423/2744/9641 2424/2745/9644 
f 2375/2756/9646 2432/2755/9647 2424/2745/9645 2374/2746/9648 
f 2433/2757/9650 2133/2758/9651 2135/2748/9649 2425/2747/9652 
f 2434/2759/9654 2433/2757/9655 2425/2747/9653 2426/2749/9656 
f 2435/2760/9658 2434/2759/9659 2426/2749/9657 2427/2750/9660 
f 2436/2761/9662 2435/2760/9663 2427/2750/9661 2428/2751/9664 
f 2437/2762/9666 2436/2761/9667 2428/2751/9665 2429/2752/9668 
f 2438/2763/9670 2437/2762/9671 2429/2752/9669 2430/2753/9672 
f 2439/2764/9674 2438/2763/9675 2430/2753/9673 2431/2754/9676 
f 2440/2765/9678 2439/2764/9679 2431/2754/9677 2432/2755/9680 
f 2376/2766/9682 2440/2765/9683 2432/2755/9681 2375/2756/9684 
f 2304/2767/9686 2134/2768/9687 2133/2758/9685 2433/2757/9688 
f 2303/2769/9690 2304/2767/9691 2433/2757/9689 2434/2759/9692 
f 2302/2770/9694 2303/2769/9695 2434/2759/9693 2435/2760/9696 
f 2301/2771/9698 2302/2770/9699 2435/2760/9697 2436/2761/9700 
f 2300/2772/9702 2301/2771/9703 2436/2761/9701 2437/2762/9704 
f 2299/2773/9706 2300/2772/9707 2437/2762/9705 2438/2763/9708 
f 2298/2774/9710 2299/2773/9711 2438/2763/9709 2439/2764/9712 
f 2296/2775/9714 2298/2774/9715 2439/2764/9713 2440/2765/9716 
f 2297/2776/9718 2296/2775/9719 2440/2765/9717 2376/2766/9720 
