# Vectary OBJ Export units=mm
mtllib current_location.mtl
o 000_Cone
g Cone
usemtl Fusion Elixir
v 0.000 12.472 -250.000
v -0.547 12.548 -250.000
v -0.544 12.548 -250.054
v -1.051 12.771 -250.000
v -1.046 12.771 -250.103
v -1.476 13.123 -250.000
v -1.469 13.123 -250.145
v -1.789 13.578 -250.000
v -1.780 13.578 -250.175
v -23.553 57.106 -250.000
v -23.439 57.106 -252.309
v -23.720 57.584 -250.000
v -23.606 57.584 -252.325
v -23.762 58.090 -250.000
v -23.647 58.090 -252.329
v -23.675 58.590 -250.000
v -23.561 58.590 -252.321
v -23.465 59.051 -250.000
v -23.352 59.051 -252.300
v -0.536 12.548 -250.107
v -1.031 12.771 -250.205
v -1.448 13.123 -250.288
v -1.754 13.578 -250.349
v -23.100 57.106 -254.595
v -23.264 57.584 -254.628
v -23.305 58.090 -254.636
v -23.220 58.590 -254.619
v -23.014 59.051 -254.578
v -0.523 12.548 -250.159
v -1.006 12.771 -250.305
v -1.413 13.123 -250.429
v -1.712 13.578 -250.519
v -22.539 57.106 -256.837
v -22.699 57.584 -256.886
v -22.739 58.090 -256.898
v -22.656 58.590 -256.872
v -22.455 59.051 -256.812
v -0.505 12.548 -250.209
v -0.971 12.771 -250.402
v -1.364 13.123 -250.565
v -1.653 13.578 -250.685
v -21.760 57.106 -259.013
v -21.915 57.584 -259.077
v -21.953 58.090 -259.093
v -21.873 58.590 -259.060
v -21.679 59.051 -258.980
v -0.482 12.548 -250.258
v -0.927 12.771 -250.496
v -1.302 13.123 -250.696
v -1.578 13.578 -250.843
v -20.772 57.106 -261.103
v -20.919 57.584 -261.182
v -20.956 58.090 -261.201
v -20.880 58.590 -261.160
v -20.694 59.051 -261.061
v -0.454 12.548 -250.304
v -0.874 12.771 -250.584
v -1.228 13.123 -250.820
v -1.487 13.578 -250.994
v -19.583 57.106 -263.085
v -19.723 57.584 -263.178
v -19.757 58.090 -263.201
v -19.685 58.590 -263.153
v -19.511 59.051 -263.037
v -0.422 12.548 -250.347
v -0.813 12.771 -250.667
v -1.141 13.123 -250.937
v -1.383 13.578 -251.135
v -18.207 57.106 -264.942
v -18.336 57.584 -265.048
v -18.368 58.090 -265.074
v -18.301 58.590 -265.019
v -18.139 59.051 -264.886
v -0.386 12.548 -250.386
v -0.743 12.771 -250.743
v -1.044 13.123 -251.044
v -1.265 13.578 -251.265
v -16.654 57.106 -266.654
v -16.773 57.584 -266.773
v -16.802 58.090 -266.802
v -16.741 58.590 -266.741
v -16.592 59.051 -266.592
v -0.347 12.548 -250.422
v -0.667 12.771 -250.813
v -0.937 13.123 -251.141
v -1.135 13.578 -251.383
v -14.942 57.106 -268.207
v -15.048 57.584 -268.336
v -15.074 58.090 -268.368
v -15.019 58.590 -268.301
v -14.886 59.051 -268.139
v -0.304 12.548 -250.454
v -0.584 12.771 -250.874
v -0.820 13.123 -251.228
v -0.994 13.578 -251.487
v -13.085 57.106 -269.583
v -13.178 57.584 -269.723
v -13.201 58.090 -269.757
v -13.153 58.590 -269.685
v -13.037 59.051 -269.511
v -0.258 12.548 -250.482
v -0.496 12.771 -250.927
v -0.696 13.123 -251.302
v -0.843 13.578 -251.578
v -11.103 57.106 -270.772
v -11.182 57.584 -270.919
v -11.201 58.090 -270.956
v -11.160 58.590 -270.880
v -11.061 59.051 -270.694
v -0.209 12.548 -250.505
v -0.402 12.771 -250.971
v -0.565 13.123 -251.364
v -0.685 13.578 -251.653
v -9.013 57.106 -271.760
v -9.077 57.584 -271.915
v -9.093 58.090 -271.953
v -9.060 58.590 -271.873
v -8.980 59.051 -271.679
v -0.159 12.548 -250.523
v -0.305 12.771 -251.006
v -0.429 13.123 -251.413
v -0.519 13.578 -251.712
v -6.837 57.106 -272.539
v -6.886 57.584 -272.699
v -6.898 58.090 -272.739
v -6.873 58.590 -272.656
v -6.812 59.051 -272.455
v -0.107 12.548 -250.536
v -0.205 12.771 -251.031
v -0.288 13.123 -251.448
v -0.349 13.578 -251.754
v -4.595 57.106 -273.100
v -4.628 57.584 -273.264
v -4.636 58.090 -273.305
v -4.619 58.590 -273.220
v -4.578 59.051 -273.014
v -0.054 12.548 -250.544
v -0.103 12.771 -251.046
v -0.145 13.123 -251.469
v -0.175 13.578 -251.780
v -2.309 57.106 -273.439
v -2.325 57.584 -273.606
v -2.329 58.090 -273.647
v -2.321 58.590 -273.561
v -2.300 59.051 -273.352
v 0.000 12.548 -250.547
v 0.000 12.771 -251.051
v 0.000 13.123 -251.476
v 0.000 13.578 -251.789
v -0.000 57.106 -273.553
v -0.000 57.584 -273.720
v -0.000 58.090 -273.762
v -0.000 58.590 -273.675
v -0.000 59.051 -273.465
v 0.054 12.548 -250.544
v 0.103 12.771 -251.046
v 0.145 13.123 -251.469
v 0.175 13.578 -251.780
v 2.309 57.106 -273.439
v 2.325 57.584 -273.606
v 2.329 58.090 -273.647
v 2.321 58.590 -273.561
v 2.300 59.051 -273.352
v 0.107 12.548 -250.536
v 0.205 12.771 -251.031
v 0.288 13.123 -251.448
v 0.349 13.578 -251.754
v 4.595 57.106 -273.100
v 4.628 57.584 -273.264
v 4.636 58.090 -273.305
v 4.619 58.590 -273.220
v 4.578 59.051 -273.014
v 0.159 12.548 -250.523
v 0.305 12.771 -251.006
v 0.429 13.123 -251.413
v 0.519 13.578 -251.712
v 6.837 57.106 -272.539
v 6.886 57.584 -272.699
v 6.898 58.090 -272.739
v 6.873 58.590 -272.656
v 6.812 59.051 -272.455
v 0.209 12.548 -250.505
v 0.402 12.771 -250.971
v 0.565 13.123 -251.364
v 0.685 13.578 -251.653
v 9.013 57.106 -271.760
v 9.077 57.584 -271.915
v 9.093 58.090 -271.953
v 9.060 58.590 -271.873
v 8.980 59.051 -271.679
v 0.258 12.548 -250.482
v 0.496 12.771 -250.927
v 0.696 13.123 -251.302
v 0.843 13.578 -251.578
v 11.103 57.106 -270.772
v 11.182 57.584 -270.919
v 11.201 58.090 -270.956
v 11.160 58.590 -270.880
v 11.061 59.051 -270.694
v 0.304 12.548 -250.454
v 0.584 12.771 -250.874
v 0.820 13.123 -251.228
v 0.994 13.578 -251.487
v 13.085 57.106 -269.583
v 13.178 57.584 -269.723
v 13.201 58.090 -269.757
v 13.153 58.590 -269.685
v 13.037 59.051 -269.511
v 0.347 12.548 -250.422
v 0.667 12.771 -250.813
v 0.937 13.123 -251.141
v 1.135 13.578 -251.383
v 14.942 57.106 -268.207
v 15.048 57.584 -268.336
v 15.074 58.090 -268.368
v 15.019 58.590 -268.301
v 14.886 59.051 -268.139
v 0.386 12.548 -250.386
v 0.743 12.771 -250.743
v 1.044 13.123 -251.044
v 1.265 13.578 -251.265
v 16.654 57.106 -266.654
v 16.773 57.584 -266.773
v 16.802 58.090 -266.802
v 16.741 58.590 -266.741
v 16.592 59.051 -266.592
v 0.422 12.548 -250.347
v 0.813 12.771 -250.667
v 1.141 13.123 -250.937
v 1.383 13.578 -251.135
v 18.207 57.106 -264.942
v 18.336 57.584 -265.048
v 18.368 58.090 -265.074
v 18.301 58.590 -265.019
v 18.139 59.051 -264.886
v 0.454 12.548 -250.304
v 0.874 12.771 -250.584
v 1.228 13.123 -250.820
v 1.487 13.578 -250.994
v 19.583 57.106 -263.085
v 19.723 57.584 -263.178
v 19.757 58.090 -263.201
v 19.685 58.590 -263.153
v 19.511 59.051 -263.037
v 0.482 12.548 -250.258
v 0.927 12.771 -250.496
v 1.302 13.123 -250.696
v 1.578 13.578 -250.843
v 20.772 57.106 -261.103
v 20.919 57.584 -261.182
v 20.956 58.090 -261.201
v 20.880 58.590 -261.160
v 20.694 59.051 -261.061
v 0.505 12.548 -250.209
v 0.971 12.771 -250.402
v 1.364 13.123 -250.565
v 1.653 13.578 -250.685
v 21.760 57.106 -259.013
v 21.915 57.584 -259.077
v 21.953 58.090 -259.093
v 21.873 58.590 -259.060
v 21.679 59.051 -258.980
v 0.523 12.548 -250.159
v 1.006 12.771 -250.305
v 1.413 13.123 -250.429
v 1.712 13.578 -250.519
v 22.539 57.106 -256.837
v 22.699 57.584 -256.886
v 22.739 58.090 -256.898
v 22.656 58.590 -256.872
v 22.455 59.051 -256.812
v 0.536 12.548 -250.107
v 1.031 12.771 -250.205
v 1.448 13.123 -250.288
v 1.754 13.578 -250.349
v 23.100 57.106 -254.595
v 23.264 57.584 -254.628
v 23.305 58.090 -254.636
v 23.220 58.590 -254.619
v 23.014 59.051 -254.578
v 0.544 12.548 -250.054
v 1.046 12.771 -250.103
v 1.469 13.123 -250.145
v 1.780 13.578 -250.175
v 23.439 57.106 -252.309
v 23.606 57.584 -252.325
v 23.647 58.090 -252.329
v 23.561 58.590 -252.321
v 23.352 59.051 -252.300
v 0.547 12.548 -250.000
v 1.051 12.771 -250.000
v 1.476 13.123 -250.000
v 1.789 13.578 -250.000
v 23.553 57.106 -250.000
v 23.720 57.584 -250.000
v 23.762 58.090 -250.000
v 23.675 58.590 -250.000
v 23.465 59.051 -250.000
v 0.544 12.548 -249.946
v 1.046 12.771 -249.897
v 1.469 13.123 -249.855
v 1.780 13.578 -249.825
v 23.439 57.106 -247.691
v 23.606 57.584 -247.675
v 23.647 58.090 -247.671
v 23.561 58.590 -247.679
v 23.352 59.051 -247.700
v 0.536 12.548 -249.893
v 1.031 12.771 -249.795
v 1.448 13.123 -249.712
v 1.754 13.578 -249.651
v 23.100 57.106 -245.405
v 23.264 57.584 -245.372
v 23.305 58.090 -245.364
v 23.220 58.590 -245.381
v 23.014 59.051 -245.422
v 0.523 12.548 -249.841
v 1.006 12.771 -249.695
v 1.413 13.123 -249.571
v 1.712 13.578 -249.481
v 22.539 57.106 -243.163
v 22.699 57.584 -243.114
v 22.739 58.090 -243.102
v 22.656 58.590 -243.128
v 22.455 59.051 -243.188
v 0.505 12.548 -249.791
v 0.971 12.771 -249.598
v 1.364 13.123 -249.435
v 1.653 13.578 -249.315
v 21.760 57.106 -240.987
v 21.915 57.584 -240.923
v 21.953 58.090 -240.907
v 21.873 58.590 -240.940
v 21.679 59.051 -241.020
v 0.482 12.548 -249.742
v 0.927 12.771 -249.504
v 1.302 13.123 -249.304
v 1.578 13.578 -249.157
v 20.772 57.106 -238.897
v 20.919 57.584 -238.818
v 20.956 58.090 -238.799
v 20.880 58.590 -238.840
v 20.694 59.051 -238.939
v 0.454 12.548 -249.696
v 0.874 12.771 -249.416
v 1.228 13.123 -249.180
v 1.487 13.578 -249.006
v 19.583 57.106 -236.915
v 19.723 57.584 -236.822
v 19.757 58.090 -236.799
v 19.685 58.590 -236.847
v 19.511 59.051 -236.963
v 0.422 12.548 -249.653
v 0.813 12.771 -249.333
v 1.141 13.123 -249.063
v 1.383 13.578 -248.865
v 18.207 57.106 -235.058
v 18.336 57.584 -234.952
v 18.368 58.090 -234.926
v 18.301 58.590 -234.981
v 18.139 59.051 -235.114
v 0.386 12.548 -249.614
v 0.743 12.771 -249.257
v 1.044 13.123 -248.956
v 1.265 13.578 -248.735
v 16.654 57.106 -233.346
v 16.773 57.584 -233.227
v 16.802 58.090 -233.198
v 16.741 58.590 -233.259
v 16.592 59.051 -233.408
v 0.347 12.548 -249.578
v 0.667 12.771 -249.187
v 0.937 13.123 -248.859
v 1.135 13.578 -248.617
v 14.942 57.106 -231.793
v 15.048 57.584 -231.664
v 15.074 58.090 -231.632
v 15.019 58.590 -231.699
v 14.886 59.051 -231.861
v 0.304 12.548 -249.546
v 0.584 12.771 -249.126
v 0.820 13.123 -248.772
v 0.994 13.578 -248.513
v 13.085 57.106 -230.417
v 13.178 57.584 -230.277
v 13.201 58.090 -230.243
v 13.153 58.590 -230.315
v 13.037 59.051 -230.489
v 0.258 12.548 -249.518
v 0.496 12.771 -249.073
v 0.696 13.123 -248.698
v 0.843 13.578 -248.422
v 11.103 57.106 -229.228
v 11.182 57.584 -229.081
v 11.201 58.090 -229.044
v 11.160 58.590 -229.120
v 11.061 59.051 -229.306
v 0.209 12.548 -249.495
v 0.402 12.771 -249.029
v 0.565 13.123 -248.636
v 0.685 13.578 -248.347
v 9.013 57.106 -228.240
v 9.077 57.584 -228.085
v 9.093 58.090 -228.047
v 9.060 58.590 -228.127
v 8.980 59.051 -228.321
v 0.159 12.548 -249.477
v 0.305 12.771 -248.994
v 0.429 13.123 -248.587
v 0.519 13.578 -248.288
v 6.837 57.106 -227.461
v 6.886 57.584 -227.301
v 6.898 58.090 -227.261
v 6.873 58.590 -227.344
v 6.812 59.051 -227.545
v 0.107 12.548 -249.464
v 0.205 12.771 -248.969
v 0.288 13.123 -248.552
v 0.349 13.578 -248.246
v 4.595 57.106 -226.900
v 4.628 57.584 -226.736
v 4.636 58.090 -226.695
v 4.619 58.590 -226.780
v 4.578 59.051 -226.986
v 0.054 12.548 -249.456
v 0.103 12.771 -248.954
v 0.145 13.123 -248.531
v 0.175 13.578 -248.220
v 2.309 57.106 -226.561
v 2.325 57.584 -226.394
v 2.329 58.090 -226.353
v 2.321 58.590 -226.439
v 2.300 59.051 -226.648
v 0.000 12.548 -249.453
v 0.000 12.771 -248.949
v 0.000 13.123 -248.524
v 0.000 13.578 -248.211
v 0.000 57.106 -226.447
v 0.000 57.584 -226.280
v 0.000 58.090 -226.238
v 0.000 58.590 -226.325
v 0.000 59.051 -226.535
v -0.054 12.548 -249.456
v -0.103 12.771 -248.954
v -0.145 13.123 -248.531
v -0.175 13.578 -248.220
v -2.309 57.106 -226.561
v -2.325 57.584 -226.394
v -2.329 58.090 -226.353
v -2.321 58.590 -226.439
v -2.300 59.051 -226.648
v -0.107 12.548 -249.464
v -0.205 12.771 -248.969
v -0.288 13.123 -248.552
v -0.349 13.578 -248.246
v -4.595 57.106 -226.900
v -4.628 57.584 -226.736
v -4.636 58.090 -226.695
v -4.619 58.590 -226.780
v -4.578 59.051 -226.986
v -0.159 12.548 -249.477
v -0.305 12.771 -248.994
v -0.429 13.123 -248.587
v -0.519 13.578 -248.288
v -6.837 57.106 -227.461
v -6.886 57.584 -227.301
v -6.898 58.090 -227.261
v -6.873 58.590 -227.344
v -6.812 59.051 -227.545
v -0.209 12.548 -249.495
v -0.402 12.771 -249.029
v -0.565 13.123 -248.636
v -0.685 13.578 -248.347
v -9.013 57.106 -228.240
v -9.077 57.584 -228.085
v -9.093 58.090 -228.047
v -9.060 58.590 -228.127
v -8.980 59.051 -228.321
v -0.258 12.548 -249.518
v -0.496 12.771 -249.073
v -0.696 13.123 -248.698
v -0.843 13.578 -248.422
v -11.103 57.106 -229.228
v -11.182 57.584 -229.081
v -11.201 58.090 -229.044
v -11.160 58.590 -229.120
v -11.061 59.051 -229.306
v -0.304 12.548 -249.546
v -0.584 12.771 -249.126
v -0.820 13.123 -248.772
v -0.994 13.578 -248.513
v -13.085 57.106 -230.417
v -13.178 57.584 -230.277
v -13.201 58.090 -230.243
v -13.153 58.590 -230.315
v -13.037 59.051 -230.489
v -0.347 12.548 -249.578
v -0.667 12.771 -249.187
v -0.937 13.123 -248.859
v -1.135 13.578 -248.617
v -14.942 57.106 -231.793
v -15.048 57.584 -231.664
v -15.074 58.090 -231.632
v -15.019 58.590 -231.699
v -14.886 59.051 -231.861
v -0.386 12.548 -249.614
v -0.743 12.771 -249.257
v -1.044 13.123 -248.956
v -1.265 13.578 -248.735
v -16.654 57.106 -233.346
v -16.773 57.584 -233.227
v -16.802 58.090 -233.198
v -16.741 58.590 -233.259
v -16.592 59.051 -233.408
v -0.422 12.548 -249.653
v -0.813 12.771 -249.333
v -1.141 13.123 -249.063
v -1.383 13.578 -248.865
v -18.207 57.106 -235.058
v -18.336 57.584 -234.952
v -18.368 58.090 -234.926
v -18.301 58.590 -234.981
v -18.139 59.051 -235.114
v -0.454 12.548 -249.696
v -0.874 12.771 -249.416
v -1.228 13.123 -249.180
v -1.487 13.578 -249.006
v -19.583 57.106 -236.915
v -19.723 57.584 -236.822
v -19.757 58.090 -236.799
v -19.685 58.590 -236.847
v -19.511 59.051 -236.963
v -0.482 12.548 -249.742
v -0.927 12.771 -249.504
v -1.302 13.123 -249.304
v -1.578 13.578 -249.157
v -20.772 57.106 -238.897
v -20.919 57.584 -238.818
v -20.956 58.090 -238.799
v -20.880 58.590 -238.840
v -20.694 59.051 -238.939
v -0.505 12.548 -249.791
v -0.971 12.771 -249.598
v -1.364 13.123 -249.435
v -1.653 13.578 -249.315
v -21.760 57.106 -240.987
v -21.915 57.584 -240.923
v -21.953 58.090 -240.907
v -21.873 58.590 -240.940
v -21.679 59.051 -241.020
v -0.523 12.548 -249.841
v -1.006 12.771 -249.695
v -1.413 13.123 -249.571
v -1.712 13.578 -249.481
v -22.539 57.106 -243.163
v -22.699 57.584 -243.114
v -22.739 58.090 -243.102
v -22.656 58.590 -243.128
v -22.455 59.051 -243.188
v -0.536 12.548 -249.893
v -1.031 12.771 -249.795
v -1.448 13.123 -249.712
v -1.754 13.578 -249.651
v -23.100 57.106 -245.405
v -23.264 57.584 -245.372
v -23.305 58.090 -245.364
v -23.220 58.590 -245.381
v -23.014 59.051 -245.422
v -0.544 12.548 -249.946
v -1.046 12.771 -249.897
v -1.469 13.123 -249.855
v -1.780 13.578 -249.825
v -23.439 57.106 -247.691
v -23.606 57.584 -247.675
v -23.647 58.090 -247.671
v -23.561 58.590 -247.679
v -23.352 59.051 -247.700
v 0.000 60.000 -250.000
v -21.659 60.000 -252.133
v -21.764 60.000 -250.000
v -22.160 59.936 -252.183
v -22.267 59.936 -250.000
v -22.628 59.747 -252.229
v -22.738 59.747 -250.000
v -23.035 59.446 -252.269
v -23.146 59.446 -250.000
v -21.346 60.000 -254.246
v -21.839 59.936 -254.344
v -22.301 59.747 -254.436
v -22.701 59.446 -254.516
v -20.827 60.000 -256.318
v -21.308 59.936 -256.464
v -21.759 59.747 -256.600
v -22.149 59.446 -256.719
v -20.107 60.000 -258.329
v -20.572 59.936 -258.521
v -21.007 59.747 -258.701
v -21.384 59.446 -258.858
v -19.194 60.000 -260.259
v -19.638 59.936 -260.497
v -20.053 59.747 -260.719
v -20.413 59.446 -260.911
v -18.096 60.000 -262.091
v -18.514 59.936 -262.371
v -18.906 59.747 -262.632
v -19.245 59.446 -262.859
v -16.824 60.000 -263.807
v -17.213 59.936 -264.126
v -17.577 59.747 -264.425
v -17.892 59.446 -264.684
v -15.389 60.000 -265.389
v -15.745 59.936 -265.745
v -16.078 59.747 -266.078
v -16.367 59.446 -266.367
v -13.807 60.000 -266.824
v -14.126 59.936 -267.213
v -14.425 59.747 -267.577
v -14.684 59.446 -267.892
v -12.091 60.000 -268.096
v -12.371 59.936 -268.514
v -12.632 59.747 -268.906
v -12.859 59.446 -269.245
v -10.259 60.000 -269.194
v -10.497 59.936 -269.638
v -10.719 59.747 -270.053
v -10.911 59.446 -270.413
v -8.329 60.000 -270.107
v -8.521 59.936 -270.572
v -8.701 59.747 -271.007
v -8.858 59.446 -271.384
v -6.318 60.000 -270.827
v -6.464 59.936 -271.308
v -6.600 59.747 -271.759
v -6.719 59.446 -272.149
v -4.246 60.000 -271.346
v -4.344 59.936 -271.839
v -4.436 59.747 -272.301
v -4.516 59.446 -272.701
v -2.133 60.000 -271.659
v -2.183 59.936 -272.160
v -2.229 59.747 -272.628
v -2.269 59.446 -273.035
v -0.000 60.000 -271.764
v -0.000 59.936 -272.267
v -0.000 59.747 -272.738
v -0.000 59.446 -273.146
v 2.133 60.000 -271.659
v 2.183 59.936 -272.160
v 2.229 59.747 -272.628
v 2.269 59.446 -273.035
v 4.246 60.000 -271.346
v 4.344 59.936 -271.839
v 4.436 59.747 -272.301
v 4.516 59.446 -272.701
v 6.318 60.000 -270.827
v 6.464 59.936 -271.308
v 6.600 59.747 -271.759
v 6.719 59.446 -272.149
v 8.329 60.000 -270.107
v 8.521 59.936 -270.572
v 8.701 59.747 -271.007
v 8.858 59.446 -271.384
v 10.259 60.000 -269.194
v 10.497 59.936 -269.638
v 10.719 59.747 -270.053
v 10.911 59.446 -270.413
v 12.091 60.000 -268.096
v 12.371 59.936 -268.514
v 12.632 59.747 -268.906
v 12.859 59.446 -269.245
v 13.807 60.000 -266.824
v 14.126 59.936 -267.213
v 14.425 59.747 -267.577
v 14.684 59.446 -267.892
v 15.389 60.000 -265.389
v 15.745 59.936 -265.745
v 16.078 59.747 -266.078
v 16.367 59.446 -266.367
v 16.824 60.000 -263.807
v 17.213 59.936 -264.126
v 17.577 59.747 -264.425
v 17.892 59.446 -264.684
v 18.096 60.000 -262.091
v 18.514 59.936 -262.371
v 18.906 59.747 -262.632
v 19.245 59.446 -262.859
v 19.194 60.000 -260.259
v 19.638 59.936 -260.497
v 20.053 59.747 -260.719
v 20.413 59.446 -260.911
v 20.107 60.000 -258.329
v 20.572 59.936 -258.521
v 21.007 59.747 -258.701
v 21.384 59.446 -258.858
v 20.827 60.000 -256.318
v 21.308 59.936 -256.464
v 21.759 59.747 -256.600
v 22.149 59.446 -256.719
v 21.346 60.000 -254.246
v 21.839 59.936 -254.344
v 22.301 59.747 -254.436
v 22.701 59.446 -254.516
v 21.659 60.000 -252.133
v 22.160 59.936 -252.183
v 22.628 59.747 -252.229
v 23.035 59.446 -252.269
v 21.764 60.000 -250.000
v 22.267 59.936 -250.000
v 22.738 59.747 -250.000
v 23.146 59.446 -250.000
v 21.659 60.000 -247.867
v 22.160 59.936 -247.817
v 22.628 59.747 -247.771
v 23.035 59.446 -247.731
v 21.346 60.000 -245.754
v 21.839 59.936 -245.656
v 22.301 59.747 -245.564
v 22.701 59.446 -245.484
v 20.827 60.000 -243.682
v 21.308 59.936 -243.536
v 21.759 59.747 -243.400
v 22.149 59.446 -243.281
v 20.107 60.000 -241.671
v 20.572 59.936 -241.479
v 21.007 59.747 -241.299
v 21.384 59.446 -241.142
v 19.194 60.000 -239.741
v 19.638 59.936 -239.503
v 20.053 59.747 -239.281
v 20.413 59.446 -239.089
v 18.096 60.000 -237.909
v 18.514 59.936 -237.629
v 18.906 59.747 -237.368
v 19.245 59.446 -237.141
v 16.824 60.000 -236.193
v 17.213 59.936 -235.874
v 17.577 59.747 -235.575
v 17.892 59.446 -235.316
v 15.389 60.000 -234.611
v 15.745 59.936 -234.255
v 16.078 59.747 -233.922
v 16.367 59.446 -233.633
v 13.807 60.000 -233.176
v 14.126 59.936 -232.787
v 14.425 59.747 -232.423
v 14.684 59.446 -232.108
v 12.091 60.000 -231.904
v 12.371 59.936 -231.486
v 12.632 59.747 -231.094
v 12.859 59.446 -230.755
v 10.259 60.000 -230.806
v 10.497 59.936 -230.362
v 10.719 59.747 -229.947
v 10.911 59.446 -229.587
v 8.329 60.000 -229.893
v 8.521 59.936 -229.428
v 8.701 59.747 -228.993
v 8.858 59.446 -228.616
v 6.318 60.000 -229.173
v 6.464 59.936 -228.692
v 6.600 59.747 -228.241
v 6.719 59.446 -227.851
v 4.246 60.000 -228.654
v 4.344 59.936 -228.161
v 4.436 59.747 -227.699
v 4.516 59.446 -227.299
v 2.133 60.000 -228.341
v 2.183 59.936 -227.840
v 2.229 59.747 -227.372
v 2.269 59.446 -226.965
v 0.000 60.000 -228.236
v 0.000 59.936 -227.733
v 0.000 59.747 -227.262
v 0.000 59.446 -226.854
v -2.133 60.000 -228.341
v -2.183 59.936 -227.840
v -2.229 59.747 -227.372
v -2.269 59.446 -226.965
v -4.246 60.000 -228.654
v -4.344 59.936 -228.161
v -4.436 59.747 -227.699
v -4.516 59.446 -227.299
v -6.318 60.000 -229.173
v -6.464 59.936 -228.692
v -6.600 59.747 -228.241
v -6.719 59.446 -227.851
v -8.329 60.000 -229.893
v -8.521 59.936 -229.428
v -8.701 59.747 -228.993
v -8.858 59.446 -228.616
v -10.259 60.000 -230.806
v -10.497 59.936 -230.362
v -10.719 59.747 -229.947
v -10.911 59.446 -229.587
v -12.091 60.000 -231.904
v -12.371 59.936 -231.486
v -12.632 59.747 -231.094
v -12.859 59.446 -230.755
v -13.807 60.000 -233.176
v -14.126 59.936 -232.787
v -14.425 59.747 -232.423
v -14.684 59.446 -232.108
v -15.389 60.000 -234.611
v -15.745 59.936 -234.255
v -16.078 59.747 -233.922
v -16.367 59.446 -233.633
v -16.824 60.000 -236.193
v -17.213 59.936 -235.874
v -17.577 59.747 -235.575
v -17.892 59.446 -235.316
v -18.096 60.000 -237.909
v -18.514 59.936 -237.629
v -18.906 59.747 -237.368
v -19.245 59.446 -237.141
v -19.194 60.000 -239.741
v -19.638 59.936 -239.503
v -20.053 59.747 -239.281
v -20.413 59.446 -239.089
v -20.107 60.000 -241.671
v -20.572 59.936 -241.479
v -21.007 59.747 -241.299
v -21.384 59.446 -241.142
v -20.827 60.000 -243.682
v -21.308 59.936 -243.536
v -21.759 59.747 -243.400
v -22.149 59.446 -243.281
v -21.346 60.000 -245.754
v -21.839 59.936 -245.656
v -22.301 59.747 -245.564
v -22.701 59.446 -245.484
v -21.659 60.000 -247.867
v -22.160 59.936 -247.817
v -22.628 59.747 -247.771
v -23.035 59.446 -247.731
vt 0.50000 0.50000
vt 0.50523 0.50000
vt 0.50521 0.50051
vt 0.51046 0.50000
vt 0.51041 0.50103
vt 0.51569 0.50000
vt 0.51562 0.50154
vt 0.52092 0.50000
vt 0.52082 0.50205
vt 0.98078 0.50000
vt 0.97846 0.54712
vt 0.98558 0.50000
vt 0.98324 0.54760
vt 0.99039 0.50000
vt 0.98803 0.54807
vt 0.99519 0.50000
vt 0.99281 0.54854
vt 1.00000 0.50000
vt 0.99759 0.54901
vt 0.50513 0.50102
vt 0.51026 0.50204
vt 0.51539 0.50306
vt 0.52052 0.50408
vt 0.97154 0.59379
vt 0.97625 0.59473
vt 0.98097 0.59567
vt 0.98568 0.59661
vt 0.99039 0.59755
vt 0.50501 0.50152
vt 0.51001 0.50304
vt 0.51502 0.50456
vt 0.52002 0.50607
vt 0.96007 0.63956
vt 0.96467 0.64096
vt 0.96927 0.64235
vt 0.97387 0.64375
vt 0.97847 0.64514
vt 0.50483 0.50200
vt 0.50967 0.50400
vt 0.51450 0.50601
vt 0.51933 0.50801
vt 0.94418 0.68399
vt 0.94862 0.68582
vt 0.95306 0.68766
vt 0.95750 0.68950
vt 0.96194 0.69134
vt 0.50461 0.50247
vt 0.50923 0.50493
vt 0.51384 0.50740
vt 0.51845 0.50986
vt 0.92401 0.72664
vt 0.92825 0.72890
vt 0.93248 0.73117
vt 0.93672 0.73343
vt 0.94096 0.73570
vt 0.50435 0.50291
vt 0.50870 0.50581
vt 0.51305 0.50872
vt 0.51740 0.51162
vt 0.89975 0.76710
vt 0.90375 0.76977
vt 0.90774 0.77245
vt 0.91174 0.77512
vt 0.91573 0.77779
vt 0.50404 0.50332
vt 0.50809 0.50664
vt 0.51213 0.50996
vt 0.51617 0.51327
vt 0.87164 0.80500
vt 0.87536 0.80805
vt 0.87908 0.81110
vt 0.88279 0.81415
vt 0.88651 0.81720
vt 0.50370 0.50370
vt 0.50740 0.50740
vt 0.51110 0.51110
vt 0.51480 0.51480
vt 0.83996 0.83996
vt 0.84336 0.84336
vt 0.84676 0.84676
vt 0.85016 0.85016
vt 0.85355 0.85355
vt 0.50332 0.50404
vt 0.50664 0.50809
vt 0.50996 0.51213
vt 0.51327 0.51617
vt 0.80500 0.87164
vt 0.80805 0.87536
vt 0.81110 0.87908
vt 0.81415 0.88279
vt 0.81720 0.88651
vt 0.50291 0.50435
vt 0.50581 0.50870
vt 0.50872 0.51305
vt 0.51162 0.51740
vt 0.76710 0.89975
vt 0.76977 0.90375
vt 0.77245 0.90774
vt 0.77512 0.91174
vt 0.77779 0.91573
vt 0.50247 0.50461
vt 0.50493 0.50923
vt 0.50740 0.51384
vt 0.50986 0.51845
vt 0.72664 0.92401
vt 0.72890 0.92825
vt 0.73117 0.93248
vt 0.73343 0.93672
vt 0.73570 0.94096
vt 0.50200 0.50483
vt 0.50400 0.50967
vt 0.50601 0.51450
vt 0.50801 0.51933
vt 0.68399 0.94418
vt 0.68582 0.94862
vt 0.68766 0.95306
vt 0.68950 0.95750
vt 0.69134 0.96194
vt 0.50152 0.50501
vt 0.50304 0.51001
vt 0.50456 0.51502
vt 0.50607 0.52002
vt 0.63956 0.96007
vt 0.64096 0.96467
vt 0.64235 0.96927
vt 0.64375 0.97387
vt 0.64514 0.97847
vt 0.50102 0.50513
vt 0.50204 0.51026
vt 0.50306 0.51539
vt 0.50408 0.52052
vt 0.59379 0.97154
vt 0.59473 0.97625
vt 0.59567 0.98097
vt 0.59661 0.98568
vt 0.59755 0.99039
vt 0.50051 0.50521
vt 0.50103 0.51041
vt 0.50154 0.51562
vt 0.50205 0.52082
vt 0.54712 0.97846
vt 0.54760 0.98324
vt 0.54807 0.98803
vt 0.54854 0.99281
vt 0.54901 0.99759
vt 0.50000 0.50523
vt 0.50000 0.51046
vt 0.50000 0.51569
vt 0.50000 0.52092
vt 0.50000 0.98078
vt 0.50000 0.98558
vt 0.50000 0.99039
vt 0.50000 0.99519
vt 0.50000 1.00000
vt 0.49949 0.50521
vt 0.49897 0.51041
vt 0.49846 0.51562
vt 0.49795 0.52082
vt 0.45288 0.97846
vt 0.45240 0.98324
vt 0.45193 0.98803
vt 0.45146 0.99281
vt 0.45099 0.99759
vt 0.49898 0.50513
vt 0.49796 0.51026
vt 0.49694 0.51539
vt 0.49592 0.52052
vt 0.40621 0.97154
vt 0.40527 0.97625
vt 0.40433 0.98097
vt 0.40339 0.98568
vt 0.40245 0.99039
vt 0.49848 0.50501
vt 0.49696 0.51001
vt 0.49544 0.51502
vt 0.49393 0.52002
vt 0.36044 0.96007
vt 0.35904 0.96467
vt 0.35765 0.96927
vt 0.35625 0.97387
vt 0.35486 0.97847
vt 0.49800 0.50483
vt 0.49600 0.50967
vt 0.49399 0.51450
vt 0.49199 0.51933
vt 0.31601 0.94418
vt 0.31418 0.94862
vt 0.31234 0.95306
vt 0.31050 0.95750
vt 0.30866 0.96194
vt 0.49753 0.50461
vt 0.49507 0.50923
vt 0.49260 0.51384
vt 0.49014 0.51845
vt 0.27336 0.92401
vt 0.27110 0.92825
vt 0.26883 0.93248
vt 0.26657 0.93672
vt 0.26430 0.94096
vt 0.49709 0.50435
vt 0.49419 0.50870
vt 0.49128 0.51305
vt 0.48838 0.51740
vt 0.23290 0.89975
vt 0.23023 0.90375
vt 0.22756 0.90774
vt 0.22488 0.91174
vt 0.22221 0.91573
vt 0.49668 0.50404
vt 0.49336 0.50809
vt 0.49004 0.51213
vt 0.48673 0.51617
vt 0.19500 0.87164
vt 0.19195 0.87536
vt 0.18890 0.87908
vt 0.18585 0.88279
vt 0.18280 0.88651
vt 0.49630 0.50370
vt 0.49260 0.50740
vt 0.48890 0.51110
vt 0.48520 0.51480
vt 0.16004 0.83996
vt 0.15664 0.84336
vt 0.15324 0.84676
vt 0.14984 0.85016
vt 0.14645 0.85355
vt 0.49596 0.50332
vt 0.49191 0.50664
vt 0.48787 0.50996
vt 0.48383 0.51327
vt 0.12836 0.80500
vt 0.12464 0.80805
vt 0.12092 0.81110
vt 0.11721 0.81415
vt 0.11349 0.81720
vt 0.49565 0.50291
vt 0.49130 0.50581
vt 0.48695 0.50872
vt 0.48260 0.51162
vt 0.10025 0.76710
vt 0.09625 0.76977
vt 0.09226 0.77245
vt 0.08826 0.77512
vt 0.08427 0.77779
vt 0.49539 0.50247
vt 0.49077 0.50493
vt 0.48616 0.50740
vt 0.48155 0.50986
vt 0.07599 0.72664
vt 0.07175 0.72890
vt 0.06752 0.73117
vt 0.06328 0.73343
vt 0.05904 0.73570
vt 0.49517 0.50200
vt 0.49033 0.50400
vt 0.48550 0.50601
vt 0.48067 0.50801
vt 0.05582 0.68399
vt 0.05138 0.68582
vt 0.04694 0.68766
vt 0.04250 0.68950
vt 0.03806 0.69134
vt 0.49499 0.50152
vt 0.48999 0.50304
vt 0.48498 0.50456
vt 0.47998 0.50607
vt 0.03993 0.63956
vt 0.03533 0.64096
vt 0.03073 0.64235
vt 0.02613 0.64375
vt 0.02153 0.64514
vt 0.49487 0.50102
vt 0.48974 0.50204
vt 0.48461 0.50306
vt 0.47948 0.50408
vt 0.02846 0.59379
vt 0.02375 0.59473
vt 0.01903 0.59567
vt 0.01432 0.59661
vt 0.00961 0.59755
vt 0.49479 0.50051
vt 0.48959 0.50103
vt 0.48438 0.50154
vt 0.47918 0.50205
vt 0.02154 0.54712
vt 0.01676 0.54760
vt 0.01197 0.54807
vt 0.00719 0.54854
vt 0.00241 0.54901
vt 0.49477 0.50000
vt 0.48954 0.50000
vt 0.48431 0.50000
vt 0.47908 0.50000
vt 0.01922 0.50000
vt 0.01442 0.50000
vt 0.00961 0.50000
vt 0.00481 0.50000
vt 0.00000 0.50000
vt 0.49479 0.49949
vt 0.48959 0.49897
vt 0.48438 0.49846
vt 0.47918 0.49795
vt 0.02154 0.45288
vt 0.01676 0.45240
vt 0.01197 0.45193
vt 0.00719 0.45146
vt 0.00241 0.45099
vt 0.49487 0.49898
vt 0.48974 0.49796
vt 0.48461 0.49694
vt 0.47948 0.49592
vt 0.02846 0.40621
vt 0.02375 0.40527
vt 0.01903 0.40433
vt 0.01432 0.40339
vt 0.00961 0.40245
vt 0.49499 0.49848
vt 0.48999 0.49696
vt 0.48498 0.49544
vt 0.47998 0.49393
vt 0.03993 0.36044
vt 0.03533 0.35904
vt 0.03073 0.35765
vt 0.02613 0.35625
vt 0.02153 0.35486
vt 0.49517 0.49800
vt 0.49033 0.49600
vt 0.48550 0.49399
vt 0.48067 0.49199
vt 0.05582 0.31601
vt 0.05138 0.31418
vt 0.04694 0.31234
vt 0.04250 0.31050
vt 0.03806 0.30866
vt 0.49539 0.49753
vt 0.49077 0.49507
vt 0.48616 0.49260
vt 0.48155 0.49014
vt 0.07599 0.27336
vt 0.07175 0.27110
vt 0.06752 0.26883
vt 0.06328 0.26657
vt 0.05904 0.26430
vt 0.49565 0.49709
vt 0.49130 0.49419
vt 0.48695 0.49128
vt 0.48260 0.48838
vt 0.10025 0.23290
vt 0.09625 0.23023
vt 0.09226 0.22756
vt 0.08826 0.22488
vt 0.08427 0.22221
vt 0.49596 0.49668
vt 0.49191 0.49336
vt 0.48787 0.49004
vt 0.48383 0.48673
vt 0.12836 0.19500
vt 0.12464 0.19195
vt 0.12092 0.18890
vt 0.11721 0.18585
vt 0.11349 0.18280
vt 0.49630 0.49630
vt 0.49260 0.49260
vt 0.48890 0.48890
vt 0.48520 0.48520
vt 0.16004 0.16004
vt 0.15664 0.15664
vt 0.15324 0.15324
vt 0.14984 0.14984
vt 0.14645 0.14645
vt 0.49668 0.49596
vt 0.49336 0.49191
vt 0.49004 0.48787
vt 0.48673 0.48383
vt 0.19500 0.12836
vt 0.19195 0.12464
vt 0.18890 0.12092
vt 0.18585 0.11721
vt 0.18280 0.11349
vt 0.49709 0.49565
vt 0.49419 0.49130
vt 0.49128 0.48695
vt 0.48838 0.48260
vt 0.23290 0.10025
vt 0.23023 0.09625
vt 0.22756 0.09226
vt 0.22488 0.08826
vt 0.22221 0.08427
vt 0.49753 0.49539
vt 0.49507 0.49077
vt 0.49260 0.48616
vt 0.49014 0.48155
vt 0.27336 0.07599
vt 0.27110 0.07175
vt 0.26883 0.06752
vt 0.26657 0.06328
vt 0.26430 0.05904
vt 0.49800 0.49517
vt 0.49600 0.49033
vt 0.49399 0.48550
vt 0.49199 0.48067
vt 0.31601 0.05582
vt 0.31418 0.05138
vt 0.31234 0.04694
vt 0.31050 0.04250
vt 0.30866 0.03806
vt 0.49848 0.49499
vt 0.49696 0.48999
vt 0.49544 0.48498
vt 0.49393 0.47998
vt 0.36044 0.03993
vt 0.35904 0.03533
vt 0.35765 0.03073
vt 0.35625 0.02613
vt 0.35486 0.02153
vt 0.49898 0.49487
vt 0.49796 0.48974
vt 0.49694 0.48461
vt 0.49592 0.47948
vt 0.40621 0.02846
vt 0.40527 0.02375
vt 0.40433 0.01903
vt 0.40339 0.01432
vt 0.40245 0.00961
vt 0.49949 0.49479
vt 0.49897 0.48959
vt 0.49846 0.48438
vt 0.49795 0.47918
vt 0.45288 0.02154
vt 0.45240 0.01676
vt 0.45193 0.01197
vt 0.45146 0.00719
vt 0.45099 0.00241
vt 0.50000 0.49477
vt 0.50000 0.48954
vt 0.50000 0.48431
vt 0.50000 0.47908
vt 0.50000 0.01922
vt 0.50000 0.01442
vt 0.50000 0.00961
vt 0.50000 0.00481
vt 0.50000 0.00000
vt 0.50051 0.49479
vt 0.50103 0.48959
vt 0.50154 0.48438
vt 0.50205 0.47918
vt 0.54712 0.02154
vt 0.54760 0.01676
vt 0.54807 0.01197
vt 0.54854 0.00719
vt 0.54901 0.00241
vt 0.50102 0.49487
vt 0.50204 0.48974
vt 0.50306 0.48461
vt 0.50408 0.47948
vt 0.59379 0.02846
vt 0.59473 0.02375
vt 0.59567 0.01903
vt 0.59661 0.01432
vt 0.59755 0.00961
vt 0.50152 0.49499
vt 0.50304 0.48999
vt 0.50456 0.48498
vt 0.50607 0.47998
vt 0.63956 0.03993
vt 0.64096 0.03533
vt 0.64235 0.03073
vt 0.64375 0.02613
vt 0.64514 0.02153
vt 0.50200 0.49517
vt 0.50400 0.49033
vt 0.50601 0.48550
vt 0.50801 0.48067
vt 0.68399 0.05582
vt 0.68582 0.05138
vt 0.68766 0.04694
vt 0.68950 0.04250
vt 0.69134 0.03806
vt 0.50247 0.49539
vt 0.50493 0.49077
vt 0.50740 0.48616
vt 0.50986 0.48155
vt 0.72664 0.07599
vt 0.72890 0.07175
vt 0.73117 0.06752
vt 0.73343 0.06328
vt 0.73570 0.05904
vt 0.50291 0.49565
vt 0.50581 0.49130
vt 0.50872 0.48695
vt 0.51162 0.48260
vt 0.76710 0.10025
vt 0.76977 0.09625
vt 0.77245 0.09226
vt 0.77512 0.08826
vt 0.77779 0.08427
vt 0.50332 0.49596
vt 0.50664 0.49191
vt 0.50996 0.48787
vt 0.51327 0.48383
vt 0.80500 0.12836
vt 0.80805 0.12464
vt 0.81110 0.12092
vt 0.81415 0.11721
vt 0.81720 0.11349
vt 0.50370 0.49630
vt 0.50740 0.49260
vt 0.51110 0.48890
vt 0.51480 0.48520
vt 0.83996 0.16004
vt 0.84336 0.15664
vt 0.84676 0.15324
vt 0.85016 0.14984
vt 0.85355 0.14645
vt 0.50404 0.49668
vt 0.50809 0.49336
vt 0.51213 0.49004
vt 0.51617 0.48673
vt 0.87164 0.19500
vt 0.87536 0.19195
vt 0.87908 0.18890
vt 0.88279 0.18585
vt 0.88651 0.18280
vt 0.50435 0.49709
vt 0.50870 0.49419
vt 0.51305 0.49128
vt 0.51740 0.48838
vt 0.89975 0.23290
vt 0.90375 0.23023
vt 0.90774 0.22756
vt 0.91174 0.22488
vt 0.91573 0.22221
vt 0.50461 0.49753
vt 0.50923 0.49507
vt 0.51384 0.49260
vt 0.51845 0.49014
vt 0.92401 0.27336
vt 0.92825 0.27110
vt 0.93248 0.26883
vt 0.93672 0.26657
vt 0.94096 0.26430
vt 0.50483 0.49800
vt 0.50967 0.49600
vt 0.51450 0.49399
vt 0.51933 0.49199
vt 0.94418 0.31601
vt 0.94862 0.31418
vt 0.95306 0.31234
vt 0.95750 0.31050
vt 0.96194 0.30866
vt 0.50501 0.49848
vt 0.51001 0.49696
vt 0.51502 0.49544
vt 0.52002 0.49393
vt 0.96007 0.36044
vt 0.96467 0.35904
vt 0.96927 0.35765
vt 0.97387 0.35625
vt 0.97847 0.35486
vt 0.50513 0.49898
vt 0.51026 0.49796
vt 0.51539 0.49694
vt 0.52052 0.49592
vt 0.97154 0.40621
vt 0.97625 0.40527
vt 0.98097 0.40433
vt 0.98568 0.40339
vt 0.99039 0.40245
vt 0.50521 0.49949
vt 0.51041 0.49897
vt 0.51562 0.49846
vt 0.52082 0.49795
vt 0.97846 0.45288
vt 0.98324 0.45240
vt 0.98803 0.45193
vt 0.99281 0.45146
vt 0.99759 0.45099
vt 0.50000 0.50000
vt 0.95505 0.54482
vt 0.95726 0.50000
vt 0.96569 0.54587
vt 0.96794 0.50000
vt 0.97632 0.54691
vt 0.97863 0.50000
vt 0.98696 0.54796
vt 0.98931 0.50000
vt 0.99759 0.54901
vt 1.00000 0.50000
vt 0.94847 0.58921
vt 0.95895 0.59129
vt 0.96943 0.59338
vt 0.97991 0.59546
vt 0.99039 0.59755
vt 0.93757 0.63273
vt 0.94779 0.63584
vt 0.95802 0.63894
vt 0.96824 0.64204
vt 0.97847 0.64514
vt 0.92245 0.67498
vt 0.93232 0.67907
vt 0.94219 0.68316
vt 0.95207 0.68725
vt 0.96194 0.69134
vt 0.90326 0.71555
vt 0.91269 0.72059
vt 0.92211 0.72562
vt 0.93154 0.73066
vt 0.94096 0.73570
vt 0.88020 0.75404
vt 0.88908 0.75997
vt 0.89796 0.76591
vt 0.90685 0.77185
vt 0.91573 0.77779
vt 0.85346 0.79008
vt 0.86172 0.79686
vt 0.86998 0.80364
vt 0.87824 0.81042
vt 0.88651 0.81720
vt 0.82333 0.82333
vt 0.83089 0.83089
vt 0.83844 0.83844
vt 0.84600 0.84600
vt 0.85355 0.85355
vt 0.79008 0.85346
vt 0.79686 0.86172
vt 0.80364 0.86998
vt 0.81042 0.87824
vt 0.81720 0.88651
vt 0.75404 0.88020
vt 0.75997 0.88908
vt 0.76591 0.89796
vt 0.77185 0.90685
vt 0.77779 0.91573
vt 0.71555 0.90326
vt 0.72059 0.91269
vt 0.72562 0.92211
vt 0.73066 0.93154
vt 0.73570 0.94096
vt 0.67498 0.92245
vt 0.67907 0.93232
vt 0.68316 0.94219
vt 0.68725 0.95207
vt 0.69134 0.96194
vt 0.63273 0.93757
vt 0.63584 0.94779
vt 0.63894 0.95802
vt 0.64204 0.96824
vt 0.64514 0.97847
vt 0.58921 0.94847
vt 0.59129 0.95895
vt 0.59338 0.96943
vt 0.59546 0.97991
vt 0.59755 0.99039
vt 0.54482 0.95505
vt 0.54587 0.96569
vt 0.54691 0.97632
vt 0.54796 0.98696
vt 0.54901 0.99759
vt 0.50000 0.95726
vt 0.50000 0.96794
vt 0.50000 0.97863
vt 0.50000 0.98931
vt 0.50000 1.00000
vt 0.45518 0.95505
vt 0.45413 0.96569
vt 0.45309 0.97632
vt 0.45204 0.98696
vt 0.45099 0.99759
vt 0.41079 0.94847
vt 0.40871 0.95895
vt 0.40662 0.96943
vt 0.40454 0.97991
vt 0.40245 0.99039
vt 0.36727 0.93757
vt 0.36416 0.94779
vt 0.36106 0.95802
vt 0.35796 0.96824
vt 0.35486 0.97847
vt 0.32502 0.92245
vt 0.32093 0.93232
vt 0.31684 0.94219
vt 0.31275 0.95207
vt 0.30866 0.96194
vt 0.28445 0.90326
vt 0.27941 0.91269
vt 0.27438 0.92211
vt 0.26934 0.93154
vt 0.26430 0.94096
vt 0.24596 0.88020
vt 0.24003 0.88908
vt 0.23409 0.89796
vt 0.22815 0.90685
vt 0.22221 0.91573
vt 0.20992 0.85346
vt 0.20314 0.86172
vt 0.19636 0.86998
vt 0.18958 0.87824
vt 0.18280 0.88651
vt 0.17667 0.82333
vt 0.16911 0.83089
vt 0.16156 0.83844
vt 0.15400 0.84600
vt 0.14645 0.85355
vt 0.14654 0.79008
vt 0.13828 0.79686
vt 0.13002 0.80364
vt 0.12176 0.81042
vt 0.11349 0.81720
vt 0.11980 0.75404
vt 0.11092 0.75997
vt 0.10204 0.76591
vt 0.09315 0.77185
vt 0.08427 0.77779
vt 0.09674 0.71555
vt 0.08731 0.72059
vt 0.07789 0.72562
vt 0.06846 0.73066
vt 0.05904 0.73570
vt 0.07755 0.67498
vt 0.06768 0.67907
vt 0.05781 0.68316
vt 0.04793 0.68725
vt 0.03806 0.69134
vt 0.06243 0.63273
vt 0.05221 0.63584
vt 0.04198 0.63894
vt 0.03176 0.64204
vt 0.02153 0.64514
vt 0.05153 0.58921
vt 0.04105 0.59129
vt 0.03057 0.59338
vt 0.02009 0.59546
vt 0.00961 0.59755
vt 0.04495 0.54482
vt 0.03431 0.54587
vt 0.02368 0.54691
vt 0.01304 0.54796
vt 0.00241 0.54901
vt 0.04274 0.50000
vt 0.03206 0.50000
vt 0.02137 0.50000
vt 0.01069 0.50000
vt 0.00000 0.50000
vt 0.04495 0.45518
vt 0.03431 0.45413
vt 0.02368 0.45309
vt 0.01304 0.45204
vt 0.00241 0.45099
vt 0.05153 0.41079
vt 0.04105 0.40871
vt 0.03057 0.40662
vt 0.02009 0.40454
vt 0.00961 0.40245
vt 0.06243 0.36727
vt 0.05221 0.36416
vt 0.04198 0.36106
vt 0.03176 0.35796
vt 0.02153 0.35486
vt 0.07755 0.32502
vt 0.06768 0.32093
vt 0.05781 0.31684
vt 0.04793 0.31275
vt 0.03806 0.30866
vt 0.09674 0.28445
vt 0.08731 0.27941
vt 0.07789 0.27438
vt 0.06846 0.26934
vt 0.05904 0.26430
vt 0.11980 0.24596
vt 0.11092 0.24003
vt 0.10204 0.23409
vt 0.09315 0.22815
vt 0.08427 0.22221
vt 0.14654 0.20992
vt 0.13828 0.20314
vt 0.13002 0.19636
vt 0.12176 0.18958
vt 0.11349 0.18280
vt 0.17667 0.17667
vt 0.16911 0.16911
vt 0.16156 0.16156
vt 0.15400 0.15400
vt 0.14645 0.14645
vt 0.20992 0.14654
vt 0.20314 0.13828
vt 0.19636 0.13002
vt 0.18958 0.12176
vt 0.18280 0.11349
vt 0.24596 0.11980
vt 0.24003 0.11092
vt 0.23409 0.10204
vt 0.22815 0.09315
vt 0.22221 0.08427
vt 0.28445 0.09674
vt 0.27941 0.08731
vt 0.27438 0.07789
vt 0.26934 0.06846
vt 0.26430 0.05904
vt 0.32502 0.07755
vt 0.32093 0.06768
vt 0.31684 0.05781
vt 0.31275 0.04793
vt 0.30866 0.03806
vt 0.36727 0.06243
vt 0.36416 0.05221
vt 0.36106 0.04198
vt 0.35796 0.03176
vt 0.35486 0.02153
vt 0.41079 0.05153
vt 0.40871 0.04105
vt 0.40662 0.03057
vt 0.40454 0.02009
vt 0.40245 0.00961
vt 0.45518 0.04495
vt 0.45413 0.03431
vt 0.45309 0.02368
vt 0.45204 0.01304
vt 0.45099 0.00241
vt 0.50000 0.04274
vt 0.50000 0.03206
vt 0.50000 0.02137
vt 0.50000 0.01069
vt 0.50000 0.00000
vt 0.54482 0.04495
vt 0.54587 0.03431
vt 0.54691 0.02368
vt 0.54796 0.01304
vt 0.54901 0.00241
vt 0.58921 0.05153
vt 0.59129 0.04105
vt 0.59338 0.03057
vt 0.59546 0.02009
vt 0.59755 0.00961
vt 0.63273 0.06243
vt 0.63584 0.05221
vt 0.63894 0.04198
vt 0.64204 0.03176
vt 0.64514 0.02153
vt 0.67498 0.07755
vt 0.67907 0.06768
vt 0.68316 0.05781
vt 0.68725 0.04793
vt 0.69134 0.03806
vt 0.71555 0.09674
vt 0.72059 0.08731
vt 0.72562 0.07789
vt 0.73066 0.06846
vt 0.73570 0.05904
vt 0.75404 0.11980
vt 0.75997 0.11092
vt 0.76591 0.10204
vt 0.77185 0.09315
vt 0.77779 0.08427
vt 0.79008 0.14654
vt 0.79686 0.13828
vt 0.80364 0.13002
vt 0.81042 0.12176
vt 0.81720 0.11349
vt 0.82333 0.17667
vt 0.83089 0.16911
vt 0.83844 0.16156
vt 0.84600 0.15400
vt 0.85355 0.14645
vt 0.85346 0.20992
vt 0.86172 0.20314
vt 0.86998 0.19636
vt 0.87824 0.18958
vt 0.88651 0.18280
vt 0.88020 0.24596
vt 0.88908 0.24003
vt 0.89796 0.23409
vt 0.90685 0.22815
vt 0.91573 0.22221
vt 0.90326 0.28445
vt 0.91269 0.27941
vt 0.92211 0.27438
vt 0.93154 0.26934
vt 0.94096 0.26430
vt 0.92245 0.32502
vt 0.93232 0.32093
vt 0.94219 0.31684
vt 0.95207 0.31275
vt 0.96194 0.30866
vt 0.93757 0.36727
vt 0.94779 0.36416
vt 0.95802 0.36106
vt 0.96824 0.35796
vt 0.97847 0.35486
vt 0.94847 0.41079
vt 0.95895 0.40871
vt 0.96943 0.40662
vt 0.97991 0.40454
vt 0.99039 0.40245
vt 0.95505 0.45518
vt 0.96569 0.45413
vt 0.97632 0.45309
vt 0.98696 0.45204
vt 0.99759 0.45099
vn 0.00000 -1.00000 -0.00000
vn -0.27327 -0.96194 -0.00000
vn -0.27195 -0.96194 -0.02678
vn -0.27327 -0.96194 -0.00000
vn -0.52573 -0.85065 -0.00000
vn -0.52320 -0.85065 -0.05153
vn -0.27195 -0.96194 -0.02678
vn -0.52573 -0.85065 -0.00000
vn -0.73818 -0.67461 -0.00000
vn -0.73462 -0.67461 -0.07235
vn -0.52320 -0.85065 -0.05153
vn -0.73818 -0.67461 -0.00000
vn -0.89443 -0.44721 -0.00000
vn -0.89012 -0.44721 -0.08767
vn -0.73462 -0.67461 -0.07235
vn -0.89443 -0.44721 -0.00000
vn -0.89443 -0.44721 -0.00000
vn -0.89012 -0.44721 -0.08767
vn -0.89012 -0.44721 -0.08767
vn -0.89443 -0.44721 -0.00000
vn -0.97817 -0.20782 -0.00000
vn -0.97346 -0.20782 -0.09588
vn -0.89012 -0.44721 -0.08767
vn -0.97817 -0.20782 -0.00000
vn -0.99899 0.04495 0.00000
vn -0.99418 0.04495 -0.09792
vn -0.97346 -0.20782 -0.09588
vn -0.99899 0.04495 0.00000
vn -0.95555 0.29482 0.00000
vn -0.95095 0.29482 -0.09366
vn -0.99418 0.04495 -0.09792
vn -0.95555 0.29482 0.00000
vn -0.85065 0.52573 0.00000
vn -0.84655 0.52573 -0.08338
vn -0.95095 0.29482 -0.09366
vn 0.00000 -1.00000 -0.00000
vn -0.27195 -0.96194 -0.02678
vn -0.26802 -0.96194 -0.05331
vn -0.27195 -0.96194 -0.02678
vn -0.52320 -0.85065 -0.05153
vn -0.51563 -0.85065 -0.10257
vn -0.26802 -0.96194 -0.05331
vn -0.52320 -0.85065 -0.05153
vn -0.73462 -0.67461 -0.07235
vn -0.72399 -0.67461 -0.14401
vn -0.51563 -0.85065 -0.10257
vn -0.73462 -0.67461 -0.07235
vn -0.89012 -0.44721 -0.08767
vn -0.87724 -0.44721 -0.17449
vn -0.72399 -0.67461 -0.14401
vn -0.89012 -0.44721 -0.08767
vn -0.89012 -0.44721 -0.08767
vn -0.87724 -0.44721 -0.17449
vn -0.87724 -0.44721 -0.17449
vn -0.89012 -0.44721 -0.08767
vn -0.97346 -0.20782 -0.09588
vn -0.95937 -0.20782 -0.19083
vn -0.87724 -0.44721 -0.17449
vn -0.97346 -0.20782 -0.09588
vn -0.99418 0.04495 -0.09792
vn -0.97979 0.04495 -0.19489
vn -0.95937 -0.20782 -0.19083
vn -0.99418 0.04495 -0.09792
vn -0.95095 0.29482 -0.09366
vn -0.93719 0.29482 -0.18642
vn -0.97979 0.04495 -0.19489
vn -0.95095 0.29482 -0.09366
vn -0.84655 0.52573 -0.08338
vn -0.83431 0.52573 -0.16595
vn -0.93719 0.29482 -0.18642
vn 0.00000 -1.00000 -0.00000
vn -0.26802 -0.96194 -0.05331
vn -0.26150 -0.96194 -0.07933
vn -0.26802 -0.96194 -0.05331
vn -0.51563 -0.85065 -0.10257
vn -0.50309 -0.85065 -0.15261
vn -0.26150 -0.96194 -0.07933
vn -0.51563 -0.85065 -0.10257
vn -0.72399 -0.67461 -0.14401
vn -0.70639 -0.67461 -0.21428
vn -0.50309 -0.85065 -0.15261
vn -0.72399 -0.67461 -0.14401
vn -0.87724 -0.44721 -0.17449
vn -0.85591 -0.44721 -0.25964
vn -0.70639 -0.67461 -0.21428
vn -0.87724 -0.44721 -0.17449
vn -0.87724 -0.44721 -0.17449
vn -0.85591 -0.44721 -0.25964
vn -0.85591 -0.44721 -0.25964
vn -0.87724 -0.44721 -0.17449
vn -0.95937 -0.20782 -0.19083
vn -0.93605 -0.20782 -0.28395
vn -0.85591 -0.44721 -0.25964
vn -0.95937 -0.20782 -0.19083
vn -0.97979 0.04495 -0.19489
vn -0.95597 0.04495 -0.28999
vn -0.93605 -0.20782 -0.28395
vn -0.97979 0.04495 -0.19489
vn -0.93719 0.29482 -0.18642
vn -0.91441 0.29482 -0.27738
vn -0.95597 0.04495 -0.28999
vn -0.93719 0.29482 -0.18642
vn -0.83431 0.52573 -0.16595
vn -0.81402 0.52573 -0.24693
vn -0.91441 0.29482 -0.27738
vn 0.00000 -1.00000 -0.00000
vn -0.26150 -0.96194 -0.07933
vn -0.25247 -0.96194 -0.10457
vn -0.26150 -0.96194 -0.07933
vn -0.50309 -0.85065 -0.15261
vn -0.48571 -0.85065 -0.20119
vn -0.25247 -0.96194 -0.10457
vn -0.50309 -0.85065 -0.15261
vn -0.70639 -0.67461 -0.21428
vn -0.68199 -0.67461 -0.28249
vn -0.48571 -0.85065 -0.20119
vn -0.70639 -0.67461 -0.21428
vn -0.85591 -0.44721 -0.25964
vn -0.82634 -0.44721 -0.34228
vn -0.68199 -0.67461 -0.28249
vn -0.85591 -0.44721 -0.25964
vn -0.85591 -0.44721 -0.25964
vn -0.82634 -0.44721 -0.34228
vn -0.82634 -0.44721 -0.34228
vn -0.85591 -0.44721 -0.25964
vn -0.93605 -0.20782 -0.28395
vn -0.90371 -0.20782 -0.37433
vn -0.82634 -0.44721 -0.34228
vn -0.93605 -0.20782 -0.28395
vn -0.95597 0.04495 -0.28999
vn -0.92295 0.04495 -0.38230
vn -0.90371 -0.20782 -0.37433
vn -0.95597 0.04495 -0.28999
vn -0.91441 0.29482 -0.27738
vn -0.88282 0.29482 -0.36567
vn -0.92295 0.04495 -0.38230
vn -0.91441 0.29482 -0.27738
vn -0.81402 0.52573 -0.24693
vn -0.78590 0.52573 -0.32553
vn -0.88282 0.29482 -0.36567
vn 0.00000 -1.00000 -0.00000
vn -0.25247 -0.96194 -0.10457
vn -0.24100 -0.96194 -0.12882
vn -0.25247 -0.96194 -0.10457
vn -0.48571 -0.85065 -0.20119
vn -0.46365 -0.85065 -0.24783
vn -0.24100 -0.96194 -0.12882
vn -0.48571 -0.85065 -0.20119
vn -0.68199 -0.67461 -0.28249
vn -0.65101 -0.67461 -0.34797
vn -0.46365 -0.85065 -0.24783
vn -0.68199 -0.67461 -0.28249
vn -0.82634 -0.44721 -0.34228
vn -0.78881 -0.44721 -0.42163
vn -0.65101 -0.67461 -0.34797
vn -0.82634 -0.44721 -0.34228
vn -0.82634 -0.44721 -0.34228
vn -0.78881 -0.44721 -0.42163
vn -0.78881 -0.44721 -0.42163
vn -0.82634 -0.44721 -0.34228
vn -0.90371 -0.20782 -0.37433
vn -0.86267 -0.20782 -0.46111
vn -0.78881 -0.44721 -0.42163
vn -0.90371 -0.20782 -0.37433
vn -0.92295 0.04495 -0.38230
vn -0.88103 0.04495 -0.47092
vn -0.86267 -0.20782 -0.46111
vn -0.92295 0.04495 -0.38230
vn -0.88282 0.29482 -0.36567
vn -0.84272 0.29482 -0.45044
vn -0.88103 0.04495 -0.47092
vn -0.88282 0.29482 -0.36567
vn -0.78590 0.52573 -0.32553
vn -0.75021 0.52573 -0.40099
vn -0.84272 0.29482 -0.45044
vn 0.00000 -1.00000 -0.00000
vn -0.24100 -0.96194 -0.12882
vn -0.22721 -0.96194 -0.15182
vn -0.24100 -0.96194 -0.12882
vn -0.46365 -0.85065 -0.24783
vn -0.43713 -0.85065 -0.29208
vn -0.22721 -0.96194 -0.15182
vn -0.46365 -0.85065 -0.24783
vn -0.65101 -0.67461 -0.34797
vn -0.61377 -0.67461 -0.41011
vn -0.43713 -0.85065 -0.29208
vn -0.65101 -0.67461 -0.34797
vn -0.78881 -0.44721 -0.42163
vn -0.74369 -0.44721 -0.49692
vn -0.61377 -0.67461 -0.41011
vn -0.78881 -0.44721 -0.42163
vn -0.78881 -0.44721 -0.42163
vn -0.74369 -0.44721 -0.49692
vn -0.74369 -0.44721 -0.49692
vn -0.78881 -0.44721 -0.42163
vn -0.86267 -0.20782 -0.46111
vn -0.81332 -0.20782 -0.54344
vn -0.74369 -0.44721 -0.49692
vn -0.86267 -0.20782 -0.46111
vn -0.88103 0.04495 -0.47092
vn -0.83063 0.04495 -0.55501
vn -0.81332 -0.20782 -0.54344
vn -0.88103 0.04495 -0.47092
vn -0.84272 0.29482 -0.45044
vn -0.79451 0.29482 -0.53088
vn -0.83063 0.04495 -0.55501
vn -0.84272 0.29482 -0.45044
vn -0.75021 0.52573 -0.40099
vn -0.70729 0.52573 -0.47260
vn -0.79451 0.29482 -0.53088
vn 0.00000 -1.00000 -0.00000
vn -0.22721 -0.96194 -0.15182
vn -0.21124 -0.96194 -0.17336
vn -0.22721 -0.96194 -0.15182
vn -0.43713 -0.85065 -0.29208
vn -0.40640 -0.85065 -0.33352
vn -0.21124 -0.96194 -0.17336
vn -0.43713 -0.85065 -0.29208
vn -0.61377 -0.67461 -0.41011
vn -0.57062 -0.67461 -0.46829
vn -0.40640 -0.85065 -0.33352
vn -0.61377 -0.67461 -0.41011
vn -0.74369 -0.44721 -0.49692
vn -0.69140 -0.44721 -0.56742
vn -0.57062 -0.67461 -0.46829
vn -0.74369 -0.44721 -0.49692
vn -0.74369 -0.44721 -0.49692
vn -0.69140 -0.44721 -0.56742
vn -0.69140 -0.44721 -0.56742
vn -0.74369 -0.44721 -0.49692
vn -0.81332 -0.20782 -0.54344
vn -0.75613 -0.20782 -0.62054
vn -0.69140 -0.44721 -0.56742
vn -0.81332 -0.20782 -0.54344
vn -0.83063 0.04495 -0.55501
vn -0.77223 0.04495 -0.63375
vn -0.75613 -0.20782 -0.62054
vn -0.83063 0.04495 -0.55501
vn -0.79451 0.29482 -0.53088
vn -0.73865 0.29482 -0.60620
vn -0.77223 0.04495 -0.63375
vn -0.79451 0.29482 -0.53088
vn -0.70729 0.52573 -0.47260
vn -0.65756 0.52573 -0.53965
vn -0.73865 0.29482 -0.60620
vn 0.00000 -1.00000 -0.00000
vn -0.21124 -0.96194 -0.17336
vn -0.19323 -0.96194 -0.19323
vn -0.21124 -0.96194 -0.17336
vn -0.40640 -0.85065 -0.33352
vn -0.37175 -0.85065 -0.37175
vn -0.19323 -0.96194 -0.19323
vn -0.40640 -0.85065 -0.33352
vn -0.57062 -0.67461 -0.46829
vn -0.52197 -0.67461 -0.52197
vn -0.37175 -0.85065 -0.37175
vn -0.57062 -0.67461 -0.46829
vn -0.69140 -0.44721 -0.56742
vn -0.63246 -0.44721 -0.63246
vn -0.52197 -0.67461 -0.52197
vn -0.69140 -0.44721 -0.56742
vn -0.69140 -0.44721 -0.56742
vn -0.63246 -0.44721 -0.63246
vn -0.63246 -0.44721 -0.63246
vn -0.69140 -0.44721 -0.56742
vn -0.75613 -0.20782 -0.62054
vn -0.69167 -0.20782 -0.69167
vn -0.63246 -0.44721 -0.63246
vn -0.75613 -0.20782 -0.62054
vn -0.77223 0.04495 -0.63375
vn -0.70639 0.04495 -0.70639
vn -0.69167 -0.20782 -0.69167
vn -0.77223 0.04495 -0.63375
vn -0.73865 0.29482 -0.60620
vn -0.67568 0.29482 -0.67568
vn -0.70639 0.04495 -0.70639
vn -0.73865 0.29482 -0.60620
vn -0.65756 0.52573 -0.53965
vn -0.60150 0.52573 -0.60150
vn -0.67568 0.29482 -0.67568
vn 0.00000 -1.00000 -0.00000
vn -0.19323 -0.96194 -0.19323
vn -0.17336 -0.96194 -0.21124
vn -0.19323 -0.96194 -0.19323
vn -0.37175 -0.85065 -0.37175
vn -0.33352 -0.85065 -0.40640
vn -0.17336 -0.96194 -0.21124
vn -0.37175 -0.85065 -0.37175
vn -0.52197 -0.67461 -0.52197
vn -0.46829 -0.67461 -0.57062
vn -0.33352 -0.85065 -0.40640
vn -0.52197 -0.67461 -0.52197
vn -0.63246 -0.44721 -0.63246
vn -0.56742 -0.44721 -0.69140
vn -0.46829 -0.67461 -0.57062
vn -0.63246 -0.44721 -0.63246
vn -0.63246 -0.44721 -0.63246
vn -0.56742 -0.44721 -0.69140
vn -0.56742 -0.44721 -0.69140
vn -0.63246 -0.44721 -0.63246
vn -0.69167 -0.20782 -0.69167
vn -0.62054 -0.20782 -0.75613
vn -0.56742 -0.44721 -0.69140
vn -0.69167 -0.20782 -0.69167
vn -0.70639 0.04495 -0.70639
vn -0.63375 0.04495 -0.77223
vn -0.62054 -0.20782 -0.75613
vn -0.70639 0.04495 -0.70639
vn -0.67568 0.29482 -0.67568
vn -0.60620 0.29482 -0.73865
vn -0.63375 0.04495 -0.77223
vn -0.67568 0.29482 -0.67568
vn -0.60150 0.52573 -0.60150
vn -0.53965 0.52573 -0.65756
vn -0.60620 0.29482 -0.73865
vn 0.00000 -1.00000 -0.00000
vn -0.17336 -0.96194 -0.21124
vn -0.15182 -0.96194 -0.22721
vn -0.17336 -0.96194 -0.21124
vn -0.33352 -0.85065 -0.40640
vn -0.29208 -0.85065 -0.43713
vn -0.15182 -0.96194 -0.22721
vn -0.33352 -0.85065 -0.40640
vn -0.46829 -0.67461 -0.57062
vn -0.41011 -0.67461 -0.61377
vn -0.29208 -0.85065 -0.43713
vn -0.46829 -0.67461 -0.57062
vn -0.56742 -0.44721 -0.69140
vn -0.49692 -0.44721 -0.74369
vn -0.41011 -0.67461 -0.61377
vn -0.56742 -0.44721 -0.69140
vn -0.56742 -0.44721 -0.69140
vn -0.49692 -0.44721 -0.74369
vn -0.49692 -0.44721 -0.74369
vn -0.56742 -0.44721 -0.69140
vn -0.62054 -0.20782 -0.75613
vn -0.54344 -0.20782 -0.81332
vn -0.49692 -0.44721 -0.74369
vn -0.62054 -0.20782 -0.75613
vn -0.63375 0.04495 -0.77223
vn -0.55501 0.04495 -0.83063
vn -0.54344 -0.20782 -0.81332
vn -0.63375 0.04495 -0.77223
vn -0.60620 0.29482 -0.73865
vn -0.53088 0.29482 -0.79451
vn -0.55501 0.04495 -0.83063
vn -0.60620 0.29482 -0.73865
vn -0.53965 0.52573 -0.65756
vn -0.47260 0.52573 -0.70729
vn -0.53088 0.29482 -0.79451
vn 0.00000 -1.00000 -0.00000
vn -0.15182 -0.96194 -0.22721
vn -0.12882 -0.96194 -0.24100
vn -0.15182 -0.96194 -0.22721
vn -0.29208 -0.85065 -0.43713
vn -0.24783 -0.85065 -0.46365
vn -0.12882 -0.96194 -0.24100
vn -0.29208 -0.85065 -0.43713
vn -0.41011 -0.67461 -0.61377
vn -0.34797 -0.67461 -0.65101
vn -0.24783 -0.85065 -0.46365
vn -0.41011 -0.67461 -0.61377
vn -0.49692 -0.44721 -0.74369
vn -0.42163 -0.44721 -0.78881
vn -0.34797 -0.67461 -0.65101
vn -0.49692 -0.44721 -0.74369
vn -0.49692 -0.44721 -0.74369
vn -0.42163 -0.44721 -0.78881
vn -0.42163 -0.44721 -0.78881
vn -0.49692 -0.44721 -0.74369
vn -0.54344 -0.20782 -0.81332
vn -0.46111 -0.20782 -0.86267
vn -0.42163 -0.44721 -0.78881
vn -0.54344 -0.20782 -0.81332
vn -0.55501 0.04495 -0.83063
vn -0.47092 0.04495 -0.88103
vn -0.46111 -0.20782 -0.86267
vn -0.55501 0.04495 -0.83063
vn -0.53088 0.29482 -0.79451
vn -0.45044 0.29482 -0.84272
vn -0.47092 0.04495 -0.88103
vn -0.53088 0.29482 -0.79451
vn -0.47260 0.52573 -0.70729
vn -0.40099 0.52573 -0.75021
vn -0.45044 0.29482 -0.84272
vn 0.00000 -1.00000 -0.00000
vn -0.12882 -0.96194 -0.24100
vn -0.10457 -0.96194 -0.25247
vn -0.12882 -0.96194 -0.24100
vn -0.24783 -0.85065 -0.46365
vn -0.20119 -0.85065 -0.48571
vn -0.10457 -0.96194 -0.25247
vn -0.24783 -0.85065 -0.46365
vn -0.34797 -0.67461 -0.65101
vn -0.28249 -0.67461 -0.68199
vn -0.20119 -0.85065 -0.48571
vn -0.34797 -0.67461 -0.65101
vn -0.42163 -0.44721 -0.78881
vn -0.34228 -0.44721 -0.82634
vn -0.28249 -0.67461 -0.68199
vn -0.42163 -0.44721 -0.78881
vn -0.42163 -0.44721 -0.78881
vn -0.34228 -0.44721 -0.82634
vn -0.34228 -0.44721 -0.82634
vn -0.42163 -0.44721 -0.78881
vn -0.46111 -0.20782 -0.86267
vn -0.37433 -0.20782 -0.90371
vn -0.34228 -0.44721 -0.82634
vn -0.46111 -0.20782 -0.86267
vn -0.47092 0.04495 -0.88103
vn -0.38230 0.04495 -0.92295
vn -0.37433 -0.20782 -0.90371
vn -0.47092 0.04495 -0.88103
vn -0.45044 0.29482 -0.84272
vn -0.36567 0.29482 -0.88282
vn -0.38230 0.04495 -0.92295
vn -0.45044 0.29482 -0.84272
vn -0.40099 0.52573 -0.75021
vn -0.32553 0.52573 -0.78590
vn -0.36567 0.29482 -0.88282
vn 0.00000 -1.00000 -0.00000
vn -0.10457 -0.96194 -0.25247
vn -0.07933 -0.96194 -0.26150
vn -0.10457 -0.96194 -0.25247
vn -0.20119 -0.85065 -0.48571
vn -0.15261 -0.85065 -0.50309
vn -0.07933 -0.96194 -0.26150
vn -0.20119 -0.85065 -0.48571
vn -0.28249 -0.67461 -0.68199
vn -0.21428 -0.67461 -0.70639
vn -0.15261 -0.85065 -0.50309
vn -0.28249 -0.67461 -0.68199
vn -0.34228 -0.44721 -0.82634
vn -0.25964 -0.44721 -0.85591
vn -0.21428 -0.67461 -0.70639
vn -0.34228 -0.44721 -0.82634
vn -0.34228 -0.44721 -0.82634
vn -0.25964 -0.44721 -0.85591
vn -0.25964 -0.44721 -0.85591
vn -0.34228 -0.44721 -0.82634
vn -0.37433 -0.20782 -0.90371
vn -0.28395 -0.20782 -0.93605
vn -0.25964 -0.44721 -0.85591
vn -0.37433 -0.20782 -0.90371
vn -0.38230 0.04495 -0.92295
vn -0.28999 0.04495 -0.95597
vn -0.28395 -0.20782 -0.93605
vn -0.38230 0.04495 -0.92295
vn -0.36567 0.29482 -0.88282
vn -0.27738 0.29482 -0.91441
vn -0.28999 0.04495 -0.95597
vn -0.36567 0.29482 -0.88282
vn -0.32553 0.52573 -0.78590
vn -0.24693 0.52573 -0.81402
vn -0.27738 0.29482 -0.91441
vn 0.00000 -1.00000 -0.00000
vn -0.07933 -0.96194 -0.26150
vn -0.05331 -0.96194 -0.26802
vn -0.07933 -0.96194 -0.26150
vn -0.15261 -0.85065 -0.50309
vn -0.10257 -0.85065 -0.51563
vn -0.05331 -0.96194 -0.26802
vn -0.15261 -0.85065 -0.50309
vn -0.21428 -0.67461 -0.70639
vn -0.14401 -0.67461 -0.72399
vn -0.10257 -0.85065 -0.51563
vn -0.21428 -0.67461 -0.70639
vn -0.25964 -0.44721 -0.85591
vn -0.17449 -0.44721 -0.87724
vn -0.14401 -0.67461 -0.72399
vn -0.25964 -0.44721 -0.85591
vn -0.25964 -0.44721 -0.85591
vn -0.17449 -0.44721 -0.87724
vn -0.17449 -0.44721 -0.87724
vn -0.25964 -0.44721 -0.85591
vn -0.28395 -0.20782 -0.93605
vn -0.19083 -0.20782 -0.95937
vn -0.17449 -0.44721 -0.87724
vn -0.28395 -0.20782 -0.93605
vn -0.28999 0.04495 -0.95597
vn -0.19489 0.04495 -0.97979
vn -0.19083 -0.20782 -0.95937
vn -0.28999 0.04495 -0.95597
vn -0.27738 0.29482 -0.91441
vn -0.18642 0.29482 -0.93719
vn -0.19489 0.04495 -0.97979
vn -0.27738 0.29482 -0.91441
vn -0.24693 0.52573 -0.81402
vn -0.16595 0.52573 -0.83431
vn -0.18642 0.29482 -0.93719
vn 0.00000 -1.00000 -0.00000
vn -0.05331 -0.96194 -0.26802
vn -0.02678 -0.96194 -0.27195
vn -0.05331 -0.96194 -0.26802
vn -0.10257 -0.85065 -0.51563
vn -0.05153 -0.85065 -0.52320
vn -0.02678 -0.96194 -0.27195
vn -0.10257 -0.85065 -0.51563
vn -0.14401 -0.67461 -0.72399
vn -0.07235 -0.67461 -0.73462
vn -0.05153 -0.85065 -0.52320
vn -0.14401 -0.67461 -0.72399
vn -0.17449 -0.44721 -0.87724
vn -0.08767 -0.44721 -0.89012
vn -0.07235 -0.67461 -0.73462
vn -0.17449 -0.44721 -0.87724
vn -0.17449 -0.44721 -0.87724
vn -0.08767 -0.44721 -0.89012
vn -0.08767 -0.44721 -0.89012
vn -0.17449 -0.44721 -0.87724
vn -0.19083 -0.20782 -0.95937
vn -0.09588 -0.20782 -0.97346
vn -0.08767 -0.44721 -0.89012
vn -0.19083 -0.20782 -0.95937
vn -0.19489 0.04495 -0.97979
vn -0.09792 0.04495 -0.99418
vn -0.09588 -0.20782 -0.97346
vn -0.19489 0.04495 -0.97979
vn -0.18642 0.29482 -0.93719
vn -0.09366 0.29482 -0.95095
vn -0.09792 0.04495 -0.99418
vn -0.18642 0.29482 -0.93719
vn -0.16595 0.52573 -0.83431
vn -0.08338 0.52573 -0.84655
vn -0.09366 0.29482 -0.95095
vn 0.00000 -1.00000 -0.00000
vn -0.02678 -0.96194 -0.27195
vn 0.00000 -0.96194 -0.27327
vn -0.02678 -0.96194 -0.27195
vn -0.05153 -0.85065 -0.52320
vn 0.00000 -0.85065 -0.52573
vn 0.00000 -0.96194 -0.27327
vn -0.05153 -0.85065 -0.52320
vn -0.07235 -0.67461 -0.73462
vn 0.00000 -0.67461 -0.73818
vn 0.00000 -0.85065 -0.52573
vn -0.07235 -0.67461 -0.73462
vn -0.08767 -0.44721 -0.89012
vn -0.00000 -0.44721 -0.89443
vn 0.00000 -0.67461 -0.73818
vn -0.08767 -0.44721 -0.89012
vn -0.08767 -0.44721 -0.89012
vn -0.00000 -0.44721 -0.89443
vn -0.00000 -0.44721 -0.89443
vn -0.08767 -0.44721 -0.89012
vn -0.09588 -0.20782 -0.97346
vn -0.00000 -0.20782 -0.97817
vn -0.00000 -0.44721 -0.89443
vn -0.09588 -0.20782 -0.97346
vn -0.09792 0.04495 -0.99418
vn -0.00000 0.04495 -0.99899
vn -0.00000 -0.20782 -0.97817
vn -0.09792 0.04495 -0.99418
vn -0.09366 0.29482 -0.95095
vn -0.00000 0.29482 -0.95555
vn -0.00000 0.04495 -0.99899
vn -0.09366 0.29482 -0.95095
vn -0.08338 0.52573 -0.84655
vn -0.00000 0.52573 -0.85065
vn -0.00000 0.29482 -0.95555
vn 0.00000 -1.00000 -0.00000
vn 0.00000 -0.96194 -0.27327
vn 0.02678 -0.96194 -0.27195
vn 0.00000 -0.96194 -0.27327
vn 0.00000 -0.85065 -0.52573
vn 0.05153 -0.85065 -0.52320
vn 0.02678 -0.96194 -0.27195
vn 0.00000 -0.85065 -0.52573
vn 0.00000 -0.67461 -0.73818
vn 0.07235 -0.67461 -0.73462
vn 0.05153 -0.85065 -0.52320
vn 0.00000 -0.67461 -0.73818
vn -0.00000 -0.44721 -0.89443
vn 0.08767 -0.44721 -0.89012
vn 0.07235 -0.67461 -0.73462
vn -0.00000 -0.44721 -0.89443
vn -0.00000 -0.44721 -0.89443
vn 0.08767 -0.44721 -0.89012
vn 0.08767 -0.44721 -0.89012
vn -0.00000 -0.44721 -0.89443
vn -0.00000 -0.20782 -0.97817
vn 0.09588 -0.20782 -0.97346
vn 0.08767 -0.44721 -0.89012
vn -0.00000 -0.20782 -0.97817
vn -0.00000 0.04495 -0.99899
vn 0.09792 0.04495 -0.99418
vn 0.09588 -0.20782 -0.97346
vn -0.00000 0.04495 -0.99899
vn -0.00000 0.29482 -0.95555
vn 0.09366 0.29482 -0.95095
vn 0.09792 0.04495 -0.99418
vn -0.00000 0.29482 -0.95555
vn -0.00000 0.52573 -0.85065
vn 0.08338 0.52573 -0.84655
vn 0.09366 0.29482 -0.95095
vn 0.00000 -1.00000 -0.00000
vn 0.02678 -0.96194 -0.27195
vn 0.05331 -0.96194 -0.26802
vn 0.02678 -0.96194 -0.27195
vn 0.05153 -0.85065 -0.52320
vn 0.10257 -0.85065 -0.51563
vn 0.05331 -0.96194 -0.26802
vn 0.05153 -0.85065 -0.52320
vn 0.07235 -0.67461 -0.73462
vn 0.14401 -0.67461 -0.72399
vn 0.10257 -0.85065 -0.51563
vn 0.07235 -0.67461 -0.73462
vn 0.08767 -0.44721 -0.89012
vn 0.17449 -0.44721 -0.87724
vn 0.14401 -0.67461 -0.72399
vn 0.08767 -0.44721 -0.89012
vn 0.08767 -0.44721 -0.89012
vn 0.17449 -0.44721 -0.87724
vn 0.17449 -0.44721 -0.87724
vn 0.08767 -0.44721 -0.89012
vn 0.09588 -0.20782 -0.97346
vn 0.19083 -0.20782 -0.95937
vn 0.17449 -0.44721 -0.87724
vn 0.09588 -0.20782 -0.97346
vn 0.09792 0.04495 -0.99418
vn 0.19489 0.04495 -0.97979
vn 0.19083 -0.20782 -0.95937
vn 0.09792 0.04495 -0.99418
vn 0.09366 0.29482 -0.95095
vn 0.18642 0.29482 -0.93719
vn 0.19489 0.04495 -0.97979
vn 0.09366 0.29482 -0.95095
vn 0.08338 0.52573 -0.84655
vn 0.16595 0.52573 -0.83431
vn 0.18642 0.29482 -0.93719
vn 0.00000 -1.00000 -0.00000
vn 0.05331 -0.96194 -0.26802
vn 0.07933 -0.96194 -0.26150
vn 0.05331 -0.96194 -0.26802
vn 0.10257 -0.85065 -0.51563
vn 0.15261 -0.85065 -0.50309
vn 0.07933 -0.96194 -0.26150
vn 0.10257 -0.85065 -0.51563
vn 0.14401 -0.67461 -0.72399
vn 0.21428 -0.67461 -0.70639
vn 0.15261 -0.85065 -0.50309
vn 0.14401 -0.67461 -0.72399
vn 0.17449 -0.44721 -0.87724
vn 0.25964 -0.44721 -0.85591
vn 0.21428 -0.67461 -0.70639
vn 0.17449 -0.44721 -0.87724
vn 0.17449 -0.44721 -0.87724
vn 0.25964 -0.44721 -0.85591
vn 0.25964 -0.44721 -0.85591
vn 0.17449 -0.44721 -0.87724
vn 0.19083 -0.20782 -0.95937
vn 0.28395 -0.20782 -0.93605
vn 0.25964 -0.44721 -0.85591
vn 0.19083 -0.20782 -0.95937
vn 0.19489 0.04495 -0.97979
vn 0.28999 0.04495 -0.95597
vn 0.28395 -0.20782 -0.93605
vn 0.19489 0.04495 -0.97979
vn 0.18642 0.29482 -0.93719
vn 0.27738 0.29482 -0.91441
vn 0.28999 0.04495 -0.95597
vn 0.18642 0.29482 -0.93719
vn 0.16595 0.52573 -0.83431
vn 0.24693 0.52573 -0.81402
vn 0.27738 0.29482 -0.91441
vn 0.00000 -1.00000 -0.00000
vn 0.07933 -0.96194 -0.26150
vn 0.10457 -0.96194 -0.25247
vn 0.07933 -0.96194 -0.26150
vn 0.15261 -0.85065 -0.50309
vn 0.20119 -0.85065 -0.48571
vn 0.10457 -0.96194 -0.25247
vn 0.15261 -0.85065 -0.50309
vn 0.21428 -0.67461 -0.70639
vn 0.28249 -0.67461 -0.68199
vn 0.20119 -0.85065 -0.48571
vn 0.21428 -0.67461 -0.70639
vn 0.25964 -0.44721 -0.85591
vn 0.34228 -0.44721 -0.82634
vn 0.28249 -0.67461 -0.68199
vn 0.25964 -0.44721 -0.85591
vn 0.25964 -0.44721 -0.85591
vn 0.34228 -0.44721 -0.82634
vn 0.34228 -0.44721 -0.82634
vn 0.25964 -0.44721 -0.85591
vn 0.28395 -0.20782 -0.93605
vn 0.37433 -0.20782 -0.90371
vn 0.34228 -0.44721 -0.82634
vn 0.28395 -0.20782 -0.93605
vn 0.28999 0.04495 -0.95597
vn 0.38230 0.04495 -0.92295
vn 0.37433 -0.20782 -0.90371
vn 0.28999 0.04495 -0.95597
vn 0.27738 0.29482 -0.91441
vn 0.36567 0.29482 -0.88282
vn 0.38230 0.04495 -0.92295
vn 0.27738 0.29482 -0.91441
vn 0.24693 0.52573 -0.81402
vn 0.32553 0.52573 -0.78590
vn 0.36567 0.29482 -0.88282
vn 0.00000 -1.00000 -0.00000
vn 0.10457 -0.96194 -0.25247
vn 0.12882 -0.96194 -0.24100
vn 0.10457 -0.96194 -0.25247
vn 0.20119 -0.85065 -0.48571
vn 0.24783 -0.85065 -0.46365
vn 0.12882 -0.96194 -0.24100
vn 0.20119 -0.85065 -0.48571
vn 0.28249 -0.67461 -0.68199
vn 0.34797 -0.67461 -0.65101
vn 0.24783 -0.85065 -0.46365
vn 0.28249 -0.67461 -0.68199
vn 0.34228 -0.44721 -0.82634
vn 0.42163 -0.44721 -0.78881
vn 0.34797 -0.67461 -0.65101
vn 0.34228 -0.44721 -0.82634
vn 0.34228 -0.44721 -0.82634
vn 0.42163 -0.44721 -0.78881
vn 0.42163 -0.44721 -0.78881
vn 0.34228 -0.44721 -0.82634
vn 0.37433 -0.20782 -0.90371
vn 0.46111 -0.20782 -0.86267
vn 0.42163 -0.44721 -0.78881
vn 0.37433 -0.20782 -0.90371
vn 0.38230 0.04495 -0.92295
vn 0.47092 0.04495 -0.88103
vn 0.46111 -0.20782 -0.86267
vn 0.38230 0.04495 -0.92295
vn 0.36567 0.29482 -0.88282
vn 0.45044 0.29482 -0.84272
vn 0.47092 0.04495 -0.88103
vn 0.36567 0.29482 -0.88282
vn 0.32553 0.52573 -0.78590
vn 0.40099 0.52573 -0.75021
vn 0.45044 0.29482 -0.84272
vn 0.00000 -1.00000 -0.00000
vn 0.12882 -0.96194 -0.24100
vn 0.15182 -0.96194 -0.22721
vn 0.12882 -0.96194 -0.24100
vn 0.24783 -0.85065 -0.46365
vn 0.29208 -0.85065 -0.43713
vn 0.15182 -0.96194 -0.22721
vn 0.24783 -0.85065 -0.46365
vn 0.34797 -0.67461 -0.65101
vn 0.41011 -0.67461 -0.61377
vn 0.29208 -0.85065 -0.43713
vn 0.34797 -0.67461 -0.65101
vn 0.42163 -0.44721 -0.78881
vn 0.49692 -0.44721 -0.74369
vn 0.41011 -0.67461 -0.61377
vn 0.42163 -0.44721 -0.78881
vn 0.42163 -0.44721 -0.78881
vn 0.49692 -0.44721 -0.74369
vn 0.49692 -0.44721 -0.74369
vn 0.42163 -0.44721 -0.78881
vn 0.46111 -0.20782 -0.86267
vn 0.54344 -0.20782 -0.81332
vn 0.49692 -0.44721 -0.74369
vn 0.46111 -0.20782 -0.86267
vn 0.47092 0.04495 -0.88103
vn 0.55501 0.04495 -0.83063
vn 0.54344 -0.20782 -0.81332
vn 0.47092 0.04495 -0.88103
vn 0.45044 0.29482 -0.84272
vn 0.53088 0.29482 -0.79451
vn 0.55501 0.04495 -0.83063
vn 0.45044 0.29482 -0.84272
vn 0.40099 0.52573 -0.75021
vn 0.47260 0.52573 -0.70729
vn 0.53088 0.29482 -0.79451
vn 0.00000 -1.00000 -0.00000
vn 0.15182 -0.96194 -0.22721
vn 0.17336 -0.96194 -0.21124
vn 0.15182 -0.96194 -0.22721
vn 0.29208 -0.85065 -0.43713
vn 0.33352 -0.85065 -0.40640
vn 0.17336 -0.96194 -0.21124
vn 0.29208 -0.85065 -0.43713
vn 0.41011 -0.67461 -0.61377
vn 0.46829 -0.67461 -0.57062
vn 0.33352 -0.85065 -0.40640
vn 0.41011 -0.67461 -0.61377
vn 0.49692 -0.44721 -0.74369
vn 0.56742 -0.44721 -0.69140
vn 0.46829 -0.67461 -0.57062
vn 0.49692 -0.44721 -0.74369
vn 0.49692 -0.44721 -0.74369
vn 0.56742 -0.44721 -0.69140
vn 0.56742 -0.44721 -0.69140
vn 0.49692 -0.44721 -0.74369
vn 0.54344 -0.20782 -0.81332
vn 0.62054 -0.20782 -0.75613
vn 0.56742 -0.44721 -0.69140
vn 0.54344 -0.20782 -0.81332
vn 0.55501 0.04495 -0.83063
vn 0.63375 0.04495 -0.77223
vn 0.62054 -0.20782 -0.75613
vn 0.55501 0.04495 -0.83063
vn 0.53088 0.29482 -0.79451
vn 0.60620 0.29482 -0.73865
vn 0.63375 0.04495 -0.77223
vn 0.53088 0.29482 -0.79451
vn 0.47260 0.52573 -0.70729
vn 0.53965 0.52573 -0.65756
vn 0.60620 0.29482 -0.73865
vn 0.00000 -1.00000 -0.00000
vn 0.17336 -0.96194 -0.21124
vn 0.19323 -0.96194 -0.19323
vn 0.17336 -0.96194 -0.21124
vn 0.33352 -0.85065 -0.40640
vn 0.37175 -0.85065 -0.37175
vn 0.19323 -0.96194 -0.19323
vn 0.33352 -0.85065 -0.40640
vn 0.46829 -0.67461 -0.57062
vn 0.52197 -0.67461 -0.52197
vn 0.37175 -0.85065 -0.37175
vn 0.46829 -0.67461 -0.57062
vn 0.56742 -0.44721 -0.69140
vn 0.63246 -0.44721 -0.63246
vn 0.52197 -0.67461 -0.52197
vn 0.56742 -0.44721 -0.69140
vn 0.56742 -0.44721 -0.69140
vn 0.63246 -0.44721 -0.63246
vn 0.63246 -0.44721 -0.63246
vn 0.56742 -0.44721 -0.69140
vn 0.62054 -0.20782 -0.75613
vn 0.69167 -0.20782 -0.69167
vn 0.63246 -0.44721 -0.63246
vn 0.62054 -0.20782 -0.75613
vn 0.63375 0.04495 -0.77223
vn 0.70639 0.04495 -0.70639
vn 0.69167 -0.20782 -0.69167
vn 0.63375 0.04495 -0.77223
vn 0.60620 0.29482 -0.73865
vn 0.67568 0.29482 -0.67568
vn 0.70639 0.04495 -0.70639
vn 0.60620 0.29482 -0.73865
vn 0.53965 0.52573 -0.65756
vn 0.60150 0.52573 -0.60150
vn 0.67568 0.29482 -0.67568
vn 0.00000 -1.00000 -0.00000
vn 0.19323 -0.96194 -0.19323
vn 0.21124 -0.96194 -0.17336
vn 0.19323 -0.96194 -0.19323
vn 0.37175 -0.85065 -0.37175
vn 0.40640 -0.85065 -0.33352
vn 0.21124 -0.96194 -0.17336
vn 0.37175 -0.85065 -0.37175
vn 0.52197 -0.67461 -0.52197
vn 0.57062 -0.67461 -0.46829
vn 0.40640 -0.85065 -0.33352
vn 0.52197 -0.67461 -0.52197
vn 0.63246 -0.44721 -0.63246
vn 0.69140 -0.44721 -0.56742
vn 0.57062 -0.67461 -0.46829
vn 0.63246 -0.44721 -0.63246
vn 0.63246 -0.44721 -0.63246
vn 0.69140 -0.44721 -0.56742
vn 0.69140 -0.44721 -0.56742
vn 0.63246 -0.44721 -0.63246
vn 0.69167 -0.20782 -0.69167
vn 0.75613 -0.20782 -0.62054
vn 0.69140 -0.44721 -0.56742
vn 0.69167 -0.20782 -0.69167
vn 0.70639 0.04495 -0.70639
vn 0.77223 0.04495 -0.63375
vn 0.75613 -0.20782 -0.62054
vn 0.70639 0.04495 -0.70639
vn 0.67568 0.29482 -0.67568
vn 0.73865 0.29482 -0.60620
vn 0.77223 0.04495 -0.63375
vn 0.67568 0.29482 -0.67568
vn 0.60150 0.52573 -0.60150
vn 0.65756 0.52573 -0.53965
vn 0.73865 0.29482 -0.60620
vn 0.00000 -1.00000 -0.00000
vn 0.21124 -0.96194 -0.17336
vn 0.22721 -0.96194 -0.15182
vn 0.21124 -0.96194 -0.17336
vn 0.40640 -0.85065 -0.33352
vn 0.43713 -0.85065 -0.29208
vn 0.22721 -0.96194 -0.15182
vn 0.40640 -0.85065 -0.33352
vn 0.57062 -0.67461 -0.46829
vn 0.61377 -0.67461 -0.41011
vn 0.43713 -0.85065 -0.29208
vn 0.57062 -0.67461 -0.46829
vn 0.69140 -0.44721 -0.56742
vn 0.74369 -0.44721 -0.49692
vn 0.61377 -0.67461 -0.41011
vn 0.69140 -0.44721 -0.56742
vn 0.69140 -0.44721 -0.56742
vn 0.74369 -0.44721 -0.49692
vn 0.74369 -0.44721 -0.49692
vn 0.69140 -0.44721 -0.56742
vn 0.75613 -0.20782 -0.62054
vn 0.81332 -0.20782 -0.54344
vn 0.74369 -0.44721 -0.49692
vn 0.75613 -0.20782 -0.62054
vn 0.77223 0.04495 -0.63375
vn 0.83063 0.04495 -0.55501
vn 0.81332 -0.20782 -0.54344
vn 0.77223 0.04495 -0.63375
vn 0.73865 0.29482 -0.60620
vn 0.79451 0.29482 -0.53088
vn 0.83063 0.04495 -0.55501
vn 0.73865 0.29482 -0.60620
vn 0.65756 0.52573 -0.53965
vn 0.70729 0.52573 -0.47260
vn 0.79451 0.29482 -0.53088
vn 0.00000 -1.00000 -0.00000
vn 0.22721 -0.96194 -0.15182
vn 0.24100 -0.96194 -0.12882
vn 0.22721 -0.96194 -0.15182
vn 0.43713 -0.85065 -0.29208
vn 0.46365 -0.85065 -0.24783
vn 0.24100 -0.96194 -0.12882
vn 0.43713 -0.85065 -0.29208
vn 0.61377 -0.67461 -0.41011
vn 0.65101 -0.67461 -0.34797
vn 0.46365 -0.85065 -0.24783
vn 0.61377 -0.67461 -0.41011
vn 0.74369 -0.44721 -0.49692
vn 0.78881 -0.44721 -0.42163
vn 0.65101 -0.67461 -0.34797
vn 0.74369 -0.44721 -0.49692
vn 0.74369 -0.44721 -0.49692
vn 0.78881 -0.44721 -0.42163
vn 0.78881 -0.44721 -0.42163
vn 0.74369 -0.44721 -0.49692
vn 0.81332 -0.20782 -0.54344
vn 0.86267 -0.20782 -0.46111
vn 0.78881 -0.44721 -0.42163
vn 0.81332 -0.20782 -0.54344
vn 0.83063 0.04495 -0.55501
vn 0.88103 0.04495 -0.47092
vn 0.86267 -0.20782 -0.46111
vn 0.83063 0.04495 -0.55501
vn 0.79451 0.29482 -0.53088
vn 0.84272 0.29482 -0.45044
vn 0.88103 0.04495 -0.47092
vn 0.79451 0.29482 -0.53088
vn 0.70729 0.52573 -0.47260
vn 0.75021 0.52573 -0.40099
vn 0.84272 0.29482 -0.45044
vn 0.00000 -1.00000 -0.00000
vn 0.24100 -0.96194 -0.12882
vn 0.25247 -0.96194 -0.10457
vn 0.24100 -0.96194 -0.12882
vn 0.46365 -0.85065 -0.24783
vn 0.48571 -0.85065 -0.20119
vn 0.25247 -0.96194 -0.10457
vn 0.46365 -0.85065 -0.24783
vn 0.65101 -0.67461 -0.34797
vn 0.68199 -0.67461 -0.28249
vn 0.48571 -0.85065 -0.20119
vn 0.65101 -0.67461 -0.34797
vn 0.78881 -0.44721 -0.42163
vn 0.82634 -0.44721 -0.34228
vn 0.68199 -0.67461 -0.28249
vn 0.78881 -0.44721 -0.42163
vn 0.78881 -0.44721 -0.42163
vn 0.82634 -0.44721 -0.34228
vn 0.82634 -0.44721 -0.34228
vn 0.78881 -0.44721 -0.42163
vn 0.86267 -0.20782 -0.46111
vn 0.90371 -0.20782 -0.37433
vn 0.82634 -0.44721 -0.34228
vn 0.86267 -0.20782 -0.46111
vn 0.88103 0.04495 -0.47092
vn 0.92295 0.04495 -0.38230
vn 0.90371 -0.20782 -0.37433
vn 0.88103 0.04495 -0.47092
vn 0.84272 0.29482 -0.45044
vn 0.88282 0.29482 -0.36567
vn 0.92295 0.04495 -0.38230
vn 0.84272 0.29482 -0.45044
vn 0.75021 0.52573 -0.40099
vn 0.78590 0.52573 -0.32553
vn 0.88282 0.29482 -0.36567
vn 0.00000 -1.00000 -0.00000
vn 0.25247 -0.96194 -0.10457
vn 0.26150 -0.96194 -0.07933
vn 0.25247 -0.96194 -0.10457
vn 0.48571 -0.85065 -0.20119
vn 0.50309 -0.85065 -0.15261
vn 0.26150 -0.96194 -0.07933
vn 0.48571 -0.85065 -0.20119
vn 0.68199 -0.67461 -0.28249
vn 0.70639 -0.67461 -0.21428
vn 0.50309 -0.85065 -0.15261
vn 0.68199 -0.67461 -0.28249
vn 0.82634 -0.44721 -0.34228
vn 0.85591 -0.44721 -0.25964
vn 0.70639 -0.67461 -0.21428
vn 0.82634 -0.44721 -0.34228
vn 0.82634 -0.44721 -0.34228
vn 0.85591 -0.44721 -0.25964
vn 0.85591 -0.44721 -0.25964
vn 0.82634 -0.44721 -0.34228
vn 0.90371 -0.20782 -0.37433
vn 0.93605 -0.20782 -0.28395
vn 0.85591 -0.44721 -0.25964
vn 0.90371 -0.20782 -0.37433
vn 0.92295 0.04495 -0.38230
vn 0.95597 0.04495 -0.28999
vn 0.93605 -0.20782 -0.28395
vn 0.92295 0.04495 -0.38230
vn 0.88282 0.29482 -0.36567
vn 0.91441 0.29482 -0.27738
vn 0.95597 0.04495 -0.28999
vn 0.88282 0.29482 -0.36567
vn 0.78590 0.52573 -0.32553
vn 0.81402 0.52573 -0.24693
vn 0.91441 0.29482 -0.27738
vn 0.00000 -1.00000 -0.00000
vn 0.26150 -0.96194 -0.07933
vn 0.26802 -0.96194 -0.05331
vn 0.26150 -0.96194 -0.07933
vn 0.50309 -0.85065 -0.15261
vn 0.51563 -0.85065 -0.10257
vn 0.26802 -0.96194 -0.05331
vn 0.50309 -0.85065 -0.15261
vn 0.70639 -0.67461 -0.21428
vn 0.72399 -0.67461 -0.14401
vn 0.51563 -0.85065 -0.10257
vn 0.70639 -0.67461 -0.21428
vn 0.85591 -0.44721 -0.25964
vn 0.87724 -0.44721 -0.17449
vn 0.72399 -0.67461 -0.14401
vn 0.85591 -0.44721 -0.25964
vn 0.85591 -0.44721 -0.25964
vn 0.87724 -0.44721 -0.17449
vn 0.87724 -0.44721 -0.17449
vn 0.85591 -0.44721 -0.25964
vn 0.93605 -0.20782 -0.28395
vn 0.95937 -0.20782 -0.19083
vn 0.87724 -0.44721 -0.17449
vn 0.93605 -0.20782 -0.28395
vn 0.95597 0.04495 -0.28999
vn 0.97979 0.04495 -0.19489
vn 0.95937 -0.20782 -0.19083
vn 0.95597 0.04495 -0.28999
vn 0.91441 0.29482 -0.27738
vn 0.93719 0.29482 -0.18642
vn 0.97979 0.04495 -0.19489
vn 0.91441 0.29482 -0.27738
vn 0.81402 0.52573 -0.24693
vn 0.83431 0.52573 -0.16595
vn 0.93719 0.29482 -0.18642
vn 0.00000 -1.00000 -0.00000
vn 0.26802 -0.96194 -0.05331
vn 0.27195 -0.96194 -0.02678
vn 0.26802 -0.96194 -0.05331
vn 0.51563 -0.85065 -0.10257
vn 0.52320 -0.85065 -0.05153
vn 0.27195 -0.96194 -0.02678
vn 0.51563 -0.85065 -0.10257
vn 0.72399 -0.67461 -0.14401
vn 0.73462 -0.67461 -0.07235
vn 0.52320 -0.85065 -0.05153
vn 0.72399 -0.67461 -0.14401
vn 0.87724 -0.44721 -0.17449
vn 0.89012 -0.44721 -0.08767
vn 0.73462 -0.67461 -0.07235
vn 0.87724 -0.44721 -0.17449
vn 0.87724 -0.44721 -0.17449
vn 0.89012 -0.44721 -0.08767
vn 0.89012 -0.44721 -0.08767
vn 0.87724 -0.44721 -0.17449
vn 0.95937 -0.20782 -0.19083
vn 0.97346 -0.20782 -0.09588
vn 0.89012 -0.44721 -0.08767
vn 0.95937 -0.20782 -0.19083
vn 0.97979 0.04495 -0.19489
vn 0.99418 0.04495 -0.09792
vn 0.97346 -0.20782 -0.09588
vn 0.97979 0.04495 -0.19489
vn 0.93719 0.29482 -0.18642
vn 0.95095 0.29482 -0.09366
vn 0.99418 0.04495 -0.09792
vn 0.93719 0.29482 -0.18642
vn 0.83431 0.52573 -0.16595
vn 0.84655 0.52573 -0.08338
vn 0.95095 0.29482 -0.09366
vn 0.00000 -1.00000 -0.00000
vn 0.27195 -0.96194 -0.02678
vn 0.27327 -0.96194 -0.00000
vn 0.27195 -0.96194 -0.02678
vn 0.52320 -0.85065 -0.05153
vn 0.52573 -0.85065 -0.00000
vn 0.27327 -0.96194 -0.00000
vn 0.52320 -0.85065 -0.05153
vn 0.73462 -0.67461 -0.07235
vn 0.73818 -0.67461 -0.00000
vn 0.52573 -0.85065 -0.00000
vn 0.73462 -0.67461 -0.07235
vn 0.89012 -0.44721 -0.08767
vn 0.89443 -0.44721 -0.00000
vn 0.73818 -0.67461 -0.00000
vn 0.89012 -0.44721 -0.08767
vn 0.89012 -0.44721 -0.08767
vn 0.89443 -0.44721 -0.00000
vn 0.89443 -0.44721 -0.00000
vn 0.89012 -0.44721 -0.08767
vn 0.97346 -0.20782 -0.09588
vn 0.97817 -0.20782 -0.00000
vn 0.89443 -0.44721 -0.00000
vn 0.97346 -0.20782 -0.09588
vn 0.99418 0.04495 -0.09792
vn 0.99899 0.04495 -0.00000
vn 0.97817 -0.20782 -0.00000
vn 0.99418 0.04495 -0.09792
vn 0.95095 0.29482 -0.09366
vn 0.95555 0.29482 -0.00000
vn 0.99899 0.04495 -0.00000
vn 0.95095 0.29482 -0.09366
vn 0.84655 0.52573 -0.08338
vn 0.85065 0.52573 0.00000
vn 0.95555 0.29482 -0.00000
vn 0.00000 -1.00000 -0.00000
vn 0.27327 -0.96194 -0.00000
vn 0.27195 -0.96194 0.02678
vn 0.27327 -0.96194 -0.00000
vn 0.52573 -0.85065 -0.00000
vn 0.52320 -0.85065 0.05153
vn 0.27195 -0.96194 0.02678
vn 0.52573 -0.85065 -0.00000
vn 0.73818 -0.67461 -0.00000
vn 0.73462 -0.67461 0.07235
vn 0.52320 -0.85065 0.05153
vn 0.73818 -0.67461 -0.00000
vn 0.89443 -0.44721 -0.00000
vn 0.89012 -0.44721 0.08767
vn 0.73462 -0.67461 0.07235
vn 0.89443 -0.44721 -0.00000
vn 0.89443 -0.44721 -0.00000
vn 0.89012 -0.44721 0.08767
vn 0.89012 -0.44721 0.08767
vn 0.89443 -0.44721 -0.00000
vn 0.97817 -0.20782 -0.00000
vn 0.97346 -0.20782 0.09588
vn 0.89012 -0.44721 0.08767
vn 0.97817 -0.20782 -0.00000
vn 0.99899 0.04495 -0.00000
vn 0.99418 0.04495 0.09792
vn 0.97346 -0.20782 0.09588
vn 0.99899 0.04495 -0.00000
vn 0.95555 0.29482 -0.00000
vn 0.95095 0.29482 0.09366
vn 0.99418 0.04495 0.09792
vn 0.95555 0.29482 -0.00000
vn 0.85065 0.52573 0.00000
vn 0.84655 0.52573 0.08338
vn 0.95095 0.29482 0.09366
vn 0.00000 -1.00000 -0.00000
vn 0.27195 -0.96194 0.02678
vn 0.26802 -0.96194 0.05331
vn 0.27195 -0.96194 0.02678
vn 0.52320 -0.85065 0.05153
vn 0.51563 -0.85065 0.10257
vn 0.26802 -0.96194 0.05331
vn 0.52320 -0.85065 0.05153
vn 0.73462 -0.67461 0.07235
vn 0.72399 -0.67461 0.14401
vn 0.51563 -0.85065 0.10257
vn 0.73462 -0.67461 0.07235
vn 0.89012 -0.44721 0.08767
vn 0.87724 -0.44721 0.17449
vn 0.72399 -0.67461 0.14401
vn 0.89012 -0.44721 0.08767
vn 0.89012 -0.44721 0.08767
vn 0.87724 -0.44721 0.17449
vn 0.87724 -0.44721 0.17449
vn 0.89012 -0.44721 0.08767
vn 0.97346 -0.20782 0.09588
vn 0.95937 -0.20782 0.19083
vn 0.87724 -0.44721 0.17449
vn 0.97346 -0.20782 0.09588
vn 0.99418 0.04495 0.09792
vn 0.97979 0.04495 0.19489
vn 0.95937 -0.20782 0.19083
vn 0.99418 0.04495 0.09792
vn 0.95095 0.29482 0.09366
vn 0.93719 0.29482 0.18642
vn 0.97979 0.04495 0.19489
vn 0.95095 0.29482 0.09366
vn 0.84655 0.52573 0.08338
vn 0.83431 0.52573 0.16595
vn 0.93719 0.29482 0.18642
vn 0.00000 -1.00000 -0.00000
vn 0.26802 -0.96194 0.05331
vn 0.26150 -0.96194 0.07933
vn 0.26802 -0.96194 0.05331
vn 0.51563 -0.85065 0.10257
vn 0.50309 -0.85065 0.15261
vn 0.26150 -0.96194 0.07933
vn 0.51563 -0.85065 0.10257
vn 0.72399 -0.67461 0.14401
vn 0.70639 -0.67461 0.21428
vn 0.50309 -0.85065 0.15261
vn 0.72399 -0.67461 0.14401
vn 0.87724 -0.44721 0.17449
vn 0.85591 -0.44721 0.25964
vn 0.70639 -0.67461 0.21428
vn 0.87724 -0.44721 0.17449
vn 0.87724 -0.44721 0.17449
vn 0.85591 -0.44721 0.25964
vn 0.85591 -0.44721 0.25964
vn 0.87724 -0.44721 0.17449
vn 0.95937 -0.20782 0.19083
vn 0.93605 -0.20782 0.28395
vn 0.85591 -0.44721 0.25964
vn 0.95937 -0.20782 0.19083
vn 0.97979 0.04495 0.19489
vn 0.95597 0.04495 0.28999
vn 0.93605 -0.20782 0.28395
vn 0.97979 0.04495 0.19489
vn 0.93719 0.29482 0.18642
vn 0.91441 0.29482 0.27738
vn 0.95597 0.04495 0.28999
vn 0.93719 0.29482 0.18642
vn 0.83431 0.52573 0.16595
vn 0.81402 0.52573 0.24693
vn 0.91441 0.29482 0.27738
vn 0.00000 -1.00000 -0.00000
vn 0.26150 -0.96194 0.07933
vn 0.25247 -0.96194 0.10457
vn 0.26150 -0.96194 0.07933
vn 0.50309 -0.85065 0.15261
vn 0.48571 -0.85065 0.20119
vn 0.25247 -0.96194 0.10457
vn 0.50309 -0.85065 0.15261
vn 0.70639 -0.67461 0.21428
vn 0.68199 -0.67461 0.28249
vn 0.48571 -0.85065 0.20119
vn 0.70639 -0.67461 0.21428
vn 0.85591 -0.44721 0.25964
vn 0.82634 -0.44721 0.34228
vn 0.68199 -0.67461 0.28249
vn 0.85591 -0.44721 0.25964
vn 0.85591 -0.44721 0.25964
vn 0.82634 -0.44721 0.34228
vn 0.82634 -0.44721 0.34228
vn 0.85591 -0.44721 0.25964
vn 0.93605 -0.20782 0.28395
vn 0.90371 -0.20782 0.37433
vn 0.82634 -0.44721 0.34228
vn 0.93605 -0.20782 0.28395
vn 0.95597 0.04495 0.28999
vn 0.92295 0.04495 0.38230
vn 0.90371 -0.20782 0.37433
vn 0.95597 0.04495 0.28999
vn 0.91441 0.29482 0.27738
vn 0.88282 0.29482 0.36567
vn 0.92295 0.04495 0.38230
vn 0.91441 0.29482 0.27738
vn 0.81402 0.52573 0.24693
vn 0.78590 0.52573 0.32553
vn 0.88282 0.29482 0.36567
vn 0.00000 -1.00000 -0.00000
vn 0.25247 -0.96194 0.10457
vn 0.24100 -0.96194 0.12882
vn 0.25247 -0.96194 0.10457
vn 0.48571 -0.85065 0.20119
vn 0.46365 -0.85065 0.24783
vn 0.24100 -0.96194 0.12882
vn 0.48571 -0.85065 0.20119
vn 0.68199 -0.67461 0.28249
vn 0.65101 -0.67461 0.34797
vn 0.46365 -0.85065 0.24783
vn 0.68199 -0.67461 0.28249
vn 0.82634 -0.44721 0.34228
vn 0.78881 -0.44721 0.42163
vn 0.65101 -0.67461 0.34797
vn 0.82634 -0.44721 0.34228
vn 0.82634 -0.44721 0.34228
vn 0.78881 -0.44721 0.42163
vn 0.78881 -0.44721 0.42163
vn 0.82634 -0.44721 0.34228
vn 0.90371 -0.20782 0.37433
vn 0.86267 -0.20782 0.46111
vn 0.78881 -0.44721 0.42163
vn 0.90371 -0.20782 0.37433
vn 0.92295 0.04495 0.38230
vn 0.88103 0.04495 0.47092
vn 0.86267 -0.20782 0.46111
vn 0.92295 0.04495 0.38230
vn 0.88282 0.29482 0.36567
vn 0.84272 0.29482 0.45044
vn 0.88103 0.04495 0.47092
vn 0.88282 0.29482 0.36567
vn 0.78590 0.52573 0.32553
vn 0.75021 0.52573 0.40099
vn 0.84272 0.29482 0.45044
vn 0.00000 -1.00000 -0.00000
vn 0.24100 -0.96194 0.12882
vn 0.22721 -0.96194 0.15182
vn 0.24100 -0.96194 0.12882
vn 0.46365 -0.85065 0.24783
vn 0.43713 -0.85065 0.29208
vn 0.22721 -0.96194 0.15182
vn 0.46365 -0.85065 0.24783
vn 0.65101 -0.67461 0.34797
vn 0.61377 -0.67461 0.41011
vn 0.43713 -0.85065 0.29208
vn 0.65101 -0.67461 0.34797
vn 0.78881 -0.44721 0.42163
vn 0.74369 -0.44721 0.49692
vn 0.61377 -0.67461 0.41011
vn 0.78881 -0.44721 0.42163
vn 0.78881 -0.44721 0.42163
vn 0.74369 -0.44721 0.49692
vn 0.74369 -0.44721 0.49692
vn 0.78881 -0.44721 0.42163
vn 0.86267 -0.20782 0.46111
vn 0.81332 -0.20782 0.54344
vn 0.74369 -0.44721 0.49692
vn 0.86267 -0.20782 0.46111
vn 0.88103 0.04495 0.47092
vn 0.83063 0.04495 0.55501
vn 0.81332 -0.20782 0.54344
vn 0.88103 0.04495 0.47092
vn 0.84272 0.29482 0.45044
vn 0.79451 0.29482 0.53088
vn 0.83063 0.04495 0.55501
vn 0.84272 0.29482 0.45044
vn 0.75021 0.52573 0.40099
vn 0.70729 0.52573 0.47260
vn 0.79451 0.29482 0.53088
vn 0.00000 -1.00000 -0.00000
vn 0.22721 -0.96194 0.15182
vn 0.21124 -0.96194 0.17336
vn 0.22721 -0.96194 0.15182
vn 0.43713 -0.85065 0.29208
vn 0.40640 -0.85065 0.33352
vn 0.21124 -0.96194 0.17336
vn 0.43713 -0.85065 0.29208
vn 0.61377 -0.67461 0.41011
vn 0.57062 -0.67461 0.46829
vn 0.40640 -0.85065 0.33352
vn 0.61377 -0.67461 0.41011
vn 0.74369 -0.44721 0.49692
vn 0.69140 -0.44721 0.56742
vn 0.57062 -0.67461 0.46829
vn 0.74369 -0.44721 0.49692
vn 0.74369 -0.44721 0.49692
vn 0.69140 -0.44721 0.56742
vn 0.69140 -0.44721 0.56742
vn 0.74369 -0.44721 0.49692
vn 0.81332 -0.20782 0.54344
vn 0.75613 -0.20782 0.62054
vn 0.69140 -0.44721 0.56742
vn 0.81332 -0.20782 0.54344
vn 0.83063 0.04495 0.55501
vn 0.77223 0.04495 0.63375
vn 0.75613 -0.20782 0.62054
vn 0.83063 0.04495 0.55501
vn 0.79451 0.29482 0.53088
vn 0.73865 0.29482 0.60620
vn 0.77223 0.04495 0.63375
vn 0.79451 0.29482 0.53088
vn 0.70729 0.52573 0.47260
vn 0.65756 0.52573 0.53965
vn 0.73865 0.29482 0.60620
vn 0.00000 -1.00000 -0.00000
vn 0.21124 -0.96194 0.17336
vn 0.19323 -0.96194 0.19323
vn 0.21124 -0.96194 0.17336
vn 0.40640 -0.85065 0.33352
vn 0.37175 -0.85065 0.37175
vn 0.19323 -0.96194 0.19323
vn 0.40640 -0.85065 0.33352
vn 0.57062 -0.67461 0.46829
vn 0.52197 -0.67461 0.52197
vn 0.37175 -0.85065 0.37175
vn 0.57062 -0.67461 0.46829
vn 0.69140 -0.44721 0.56742
vn 0.63246 -0.44721 0.63246
vn 0.52197 -0.67461 0.52197
vn 0.69140 -0.44721 0.56742
vn 0.69140 -0.44721 0.56742
vn 0.63246 -0.44721 0.63246
vn 0.63246 -0.44721 0.63246
vn 0.69140 -0.44721 0.56742
vn 0.75613 -0.20782 0.62054
vn 0.69167 -0.20782 0.69167
vn 0.63246 -0.44721 0.63246
vn 0.75613 -0.20782 0.62054
vn 0.77223 0.04495 0.63375
vn 0.70639 0.04495 0.70639
vn 0.69167 -0.20782 0.69167
vn 0.77223 0.04495 0.63375
vn 0.73865 0.29482 0.60620
vn 0.67568 0.29482 0.67568
vn 0.70639 0.04495 0.70639
vn 0.73865 0.29482 0.60620
vn 0.65756 0.52573 0.53965
vn 0.60150 0.52573 0.60150
vn 0.67568 0.29482 0.67568
vn 0.00000 -1.00000 -0.00000
vn 0.19323 -0.96194 0.19323
vn 0.17336 -0.96194 0.21124
vn 0.19323 -0.96194 0.19323
vn 0.37175 -0.85065 0.37175
vn 0.33352 -0.85065 0.40640
vn 0.17336 -0.96194 0.21124
vn 0.37175 -0.85065 0.37175
vn 0.52197 -0.67461 0.52197
vn 0.46829 -0.67461 0.57062
vn 0.33352 -0.85065 0.40640
vn 0.52197 -0.67461 0.52197
vn 0.63246 -0.44721 0.63246
vn 0.56742 -0.44721 0.69140
vn 0.46829 -0.67461 0.57062
vn 0.63246 -0.44721 0.63246
vn 0.63246 -0.44721 0.63246
vn 0.56742 -0.44721 0.69140
vn 0.56742 -0.44721 0.69140
vn 0.63246 -0.44721 0.63246
vn 0.69167 -0.20782 0.69167
vn 0.62054 -0.20782 0.75613
vn 0.56742 -0.44721 0.69140
vn 0.69167 -0.20782 0.69167
vn 0.70639 0.04495 0.70639
vn 0.63375 0.04495 0.77223
vn 0.62054 -0.20782 0.75613
vn 0.70639 0.04495 0.70639
vn 0.67568 0.29482 0.67568
vn 0.60620 0.29482 0.73865
vn 0.63375 0.04495 0.77223
vn 0.67568 0.29482 0.67568
vn 0.60150 0.52573 0.60150
vn 0.53965 0.52573 0.65756
vn 0.60620 0.29482 0.73865
vn 0.00000 -1.00000 -0.00000
vn 0.17336 -0.96194 0.21124
vn 0.15182 -0.96194 0.22721
vn 0.17336 -0.96194 0.21124
vn 0.33352 -0.85065 0.40640
vn 0.29208 -0.85065 0.43713
vn 0.15182 -0.96194 0.22721
vn 0.33352 -0.85065 0.40640
vn 0.46829 -0.67461 0.57062
vn 0.41011 -0.67461 0.61377
vn 0.29208 -0.85065 0.43713
vn 0.46829 -0.67461 0.57062
vn 0.56742 -0.44721 0.69140
vn 0.49692 -0.44721 0.74369
vn 0.41011 -0.67461 0.61377
vn 0.56742 -0.44721 0.69140
vn 0.56742 -0.44721 0.69140
vn 0.49692 -0.44721 0.74369
vn 0.49692 -0.44721 0.74369
vn 0.56742 -0.44721 0.69140
vn 0.62054 -0.20782 0.75613
vn 0.54344 -0.20782 0.81332
vn 0.49692 -0.44721 0.74369
vn 0.62054 -0.20782 0.75613
vn 0.63375 0.04495 0.77223
vn 0.55501 0.04495 0.83063
vn 0.54344 -0.20782 0.81332
vn 0.63375 0.04495 0.77223
vn 0.60620 0.29482 0.73865
vn 0.53088 0.29482 0.79451
vn 0.55501 0.04495 0.83063
vn 0.60620 0.29482 0.73865
vn 0.53965 0.52573 0.65756
vn 0.47260 0.52573 0.70729
vn 0.53088 0.29482 0.79451
vn 0.00000 -1.00000 -0.00000
vn 0.15182 -0.96194 0.22721
vn 0.12882 -0.96194 0.24100
vn 0.15182 -0.96194 0.22721
vn 0.29208 -0.85065 0.43713
vn 0.24783 -0.85065 0.46365
vn 0.12882 -0.96194 0.24100
vn 0.29208 -0.85065 0.43713
vn 0.41011 -0.67461 0.61377
vn 0.34797 -0.67461 0.65101
vn 0.24783 -0.85065 0.46365
vn 0.41011 -0.67461 0.61377
vn 0.49692 -0.44721 0.74369
vn 0.42163 -0.44721 0.78881
vn 0.34797 -0.67461 0.65101
vn 0.49692 -0.44721 0.74369
vn 0.49692 -0.44721 0.74369
vn 0.42163 -0.44721 0.78881
vn 0.42163 -0.44721 0.78881
vn 0.49692 -0.44721 0.74369
vn 0.54344 -0.20782 0.81332
vn 0.46111 -0.20782 0.86267
vn 0.42163 -0.44721 0.78881
vn 0.54344 -0.20782 0.81332
vn 0.55501 0.04495 0.83063
vn 0.47092 0.04495 0.88103
vn 0.46111 -0.20782 0.86267
vn 0.55501 0.04495 0.83063
vn 0.53088 0.29482 0.79451
vn 0.45044 0.29482 0.84272
vn 0.47092 0.04495 0.88103
vn 0.53088 0.29482 0.79451
vn 0.47260 0.52573 0.70729
vn 0.40099 0.52573 0.75021
vn 0.45044 0.29482 0.84272
vn 0.00000 -1.00000 -0.00000
vn 0.12882 -0.96194 0.24100
vn 0.10457 -0.96194 0.25247
vn 0.12882 -0.96194 0.24100
vn 0.24783 -0.85065 0.46365
vn 0.20119 -0.85065 0.48571
vn 0.10457 -0.96194 0.25247
vn 0.24783 -0.85065 0.46365
vn 0.34797 -0.67461 0.65101
vn 0.28249 -0.67461 0.68199
vn 0.20119 -0.85065 0.48571
vn 0.34797 -0.67461 0.65101
vn 0.42163 -0.44721 0.78881
vn 0.34228 -0.44721 0.82634
vn 0.28249 -0.67461 0.68199
vn 0.42163 -0.44721 0.78881
vn 0.42163 -0.44721 0.78881
vn 0.34228 -0.44721 0.82634
vn 0.34228 -0.44721 0.82634
vn 0.42163 -0.44721 0.78881
vn 0.46111 -0.20782 0.86267
vn 0.37433 -0.20782 0.90371
vn 0.34228 -0.44721 0.82634
vn 0.46111 -0.20782 0.86267
vn 0.47092 0.04495 0.88103
vn 0.38230 0.04495 0.92295
vn 0.37433 -0.20782 0.90371
vn 0.47092 0.04495 0.88103
vn 0.45044 0.29482 0.84272
vn 0.36567 0.29482 0.88282
vn 0.38230 0.04495 0.92295
vn 0.45044 0.29482 0.84272
vn 0.40099 0.52573 0.75021
vn 0.32553 0.52573 0.78590
vn 0.36567 0.29482 0.88282
vn 0.00000 -1.00000 -0.00000
vn 0.10457 -0.96194 0.25247
vn 0.07933 -0.96194 0.26150
vn 0.10457 -0.96194 0.25247
vn 0.20119 -0.85065 0.48571
vn 0.15261 -0.85065 0.50309
vn 0.07933 -0.96194 0.26150
vn 0.20119 -0.85065 0.48571
vn 0.28249 -0.67461 0.68199
vn 0.21428 -0.67461 0.70639
vn 0.15261 -0.85065 0.50309
vn 0.28249 -0.67461 0.68199
vn 0.34228 -0.44721 0.82634
vn 0.25964 -0.44721 0.85591
vn 0.21428 -0.67461 0.70639
vn 0.34228 -0.44721 0.82634
vn 0.34228 -0.44721 0.82634
vn 0.25964 -0.44721 0.85591
vn 0.25964 -0.44721 0.85591
vn 0.34228 -0.44721 0.82634
vn 0.37433 -0.20782 0.90371
vn 0.28395 -0.20782 0.93605
vn 0.25964 -0.44721 0.85591
vn 0.37433 -0.20782 0.90371
vn 0.38230 0.04495 0.92295
vn 0.28999 0.04495 0.95597
vn 0.28395 -0.20782 0.93605
vn 0.38230 0.04495 0.92295
vn 0.36567 0.29482 0.88282
vn 0.27738 0.29482 0.91441
vn 0.28999 0.04495 0.95597
vn 0.36567 0.29482 0.88282
vn 0.32553 0.52573 0.78590
vn 0.24693 0.52573 0.81402
vn 0.27738 0.29482 0.91441
vn 0.00000 -1.00000 -0.00000
vn 0.07933 -0.96194 0.26150
vn 0.05331 -0.96194 0.26802
vn 0.07933 -0.96194 0.26150
vn 0.15261 -0.85065 0.50309
vn 0.10257 -0.85065 0.51563
vn 0.05331 -0.96194 0.26802
vn 0.15261 -0.85065 0.50309
vn 0.21428 -0.67461 0.70639
vn 0.14401 -0.67461 0.72399
vn 0.10257 -0.85065 0.51563
vn 0.21428 -0.67461 0.70639
vn 0.25964 -0.44721 0.85591
vn 0.17449 -0.44721 0.87724
vn 0.14401 -0.67461 0.72399
vn 0.25964 -0.44721 0.85591
vn 0.25964 -0.44721 0.85591
vn 0.17449 -0.44721 0.87724
vn 0.17449 -0.44721 0.87724
vn 0.25964 -0.44721 0.85591
vn 0.28395 -0.20782 0.93605
vn 0.19083 -0.20782 0.95937
vn 0.17449 -0.44721 0.87724
vn 0.28395 -0.20782 0.93605
vn 0.28999 0.04495 0.95597
vn 0.19489 0.04495 0.97979
vn 0.19083 -0.20782 0.95937
vn 0.28999 0.04495 0.95597
vn 0.27738 0.29482 0.91441
vn 0.18642 0.29482 0.93719
vn 0.19489 0.04495 0.97979
vn 0.27738 0.29482 0.91441
vn 0.24693 0.52573 0.81402
vn 0.16595 0.52573 0.83431
vn 0.18642 0.29482 0.93719
vn 0.00000 -1.00000 -0.00000
vn 0.05331 -0.96194 0.26802
vn 0.02678 -0.96194 0.27195
vn 0.05331 -0.96194 0.26802
vn 0.10257 -0.85065 0.51563
vn 0.05153 -0.85065 0.52320
vn 0.02678 -0.96194 0.27195
vn 0.10257 -0.85065 0.51563
vn 0.14401 -0.67461 0.72399
vn 0.07235 -0.67461 0.73462
vn 0.05153 -0.85065 0.52320
vn 0.14401 -0.67461 0.72399
vn 0.17449 -0.44721 0.87724
vn 0.08767 -0.44721 0.89012
vn 0.07235 -0.67461 0.73462
vn 0.17449 -0.44721 0.87724
vn 0.17449 -0.44721 0.87724
vn 0.08767 -0.44721 0.89012
vn 0.08767 -0.44721 0.89012
vn 0.17449 -0.44721 0.87724
vn 0.19083 -0.20782 0.95937
vn 0.09588 -0.20782 0.97346
vn 0.08767 -0.44721 0.89012
vn 0.19083 -0.20782 0.95937
vn 0.19489 0.04495 0.97979
vn 0.09792 0.04495 0.99418
vn 0.09588 -0.20782 0.97346
vn 0.19489 0.04495 0.97979
vn 0.18642 0.29482 0.93719
vn 0.09366 0.29482 0.95095
vn 0.09792 0.04495 0.99418
vn 0.18642 0.29482 0.93719
vn 0.16595 0.52573 0.83431
vn 0.08338 0.52573 0.84655
vn 0.09366 0.29482 0.95095
vn 0.00000 -1.00000 -0.00000
vn 0.02678 -0.96194 0.27195
vn 0.00000 -0.96194 0.27327
vn 0.02678 -0.96194 0.27195
vn 0.05153 -0.85065 0.52320
vn 0.00000 -0.85065 0.52573
vn 0.00000 -0.96194 0.27327
vn 0.05153 -0.85065 0.52320
vn 0.07235 -0.67461 0.73462
vn 0.00000 -0.67461 0.73818
vn 0.00000 -0.85065 0.52573
vn 0.07235 -0.67461 0.73462
vn 0.08767 -0.44721 0.89012
vn 0.00000 -0.44721 0.89443
vn 0.00000 -0.67461 0.73818
vn 0.08767 -0.44721 0.89012
vn 0.08767 -0.44721 0.89012
vn 0.00000 -0.44721 0.89443
vn 0.00000 -0.44721 0.89443
vn 0.08767 -0.44721 0.89012
vn 0.09588 -0.20782 0.97346
vn 0.00000 -0.20782 0.97817
vn 0.00000 -0.44721 0.89443
vn 0.09588 -0.20782 0.97346
vn 0.09792 0.04495 0.99418
vn 0.00000 0.04495 0.99899
vn 0.00000 -0.20782 0.97817
vn 0.09792 0.04495 0.99418
vn 0.09366 0.29482 0.95095
vn 0.00000 0.29482 0.95555
vn 0.00000 0.04495 0.99899
vn 0.09366 0.29482 0.95095
vn 0.08338 0.52573 0.84655
vn 0.00000 0.52573 0.85065
vn 0.00000 0.29482 0.95555
vn 0.00000 -1.00000 -0.00000
vn 0.00000 -0.96194 0.27327
vn -0.02678 -0.96194 0.27195
vn 0.00000 -0.96194 0.27327
vn 0.00000 -0.85065 0.52573
vn -0.05153 -0.85065 0.52320
vn -0.02678 -0.96194 0.27195
vn 0.00000 -0.85065 0.52573
vn 0.00000 -0.67461 0.73818
vn -0.07235 -0.67461 0.73462
vn -0.05153 -0.85065 0.52320
vn 0.00000 -0.67461 0.73818
vn 0.00000 -0.44721 0.89443
vn -0.08767 -0.44721 0.89012
vn -0.07235 -0.67461 0.73462
vn 0.00000 -0.44721 0.89443
vn 0.00000 -0.44721 0.89443
vn -0.08767 -0.44721 0.89012
vn -0.08767 -0.44721 0.89012
vn 0.00000 -0.44721 0.89443
vn 0.00000 -0.20782 0.97817
vn -0.09588 -0.20782 0.97346
vn -0.08767 -0.44721 0.89012
vn 0.00000 -0.20782 0.97817
vn 0.00000 0.04495 0.99899
vn -0.09792 0.04495 0.99418
vn -0.09588 -0.20782 0.97346
vn 0.00000 0.04495 0.99899
vn 0.00000 0.29482 0.95555
vn -0.09366 0.29482 0.95095
vn -0.09792 0.04495 0.99418
vn 0.00000 0.29482 0.95555
vn 0.00000 0.52573 0.85065
vn -0.08338 0.52573 0.84655
vn -0.09366 0.29482 0.95095
vn 0.00000 -1.00000 -0.00000
vn -0.02678 -0.96194 0.27195
vn -0.05331 -0.96194 0.26802
vn -0.02678 -0.96194 0.27195
vn -0.05153 -0.85065 0.52320
vn -0.10257 -0.85065 0.51563
vn -0.05331 -0.96194 0.26802
vn -0.05153 -0.85065 0.52320
vn -0.07235 -0.67461 0.73462
vn -0.14401 -0.67461 0.72399
vn -0.10257 -0.85065 0.51563
vn -0.07235 -0.67461 0.73462
vn -0.08767 -0.44721 0.89012
vn -0.17449 -0.44721 0.87724
vn -0.14401 -0.67461 0.72399
vn -0.08767 -0.44721 0.89012
vn -0.08767 -0.44721 0.89012
vn -0.17449 -0.44721 0.87724
vn -0.17449 -0.44721 0.87724
vn -0.08767 -0.44721 0.89012
vn -0.09588 -0.20782 0.97346
vn -0.19083 -0.20782 0.95937
vn -0.17449 -0.44721 0.87724
vn -0.09588 -0.20782 0.97346
vn -0.09792 0.04495 0.99418
vn -0.19489 0.04495 0.97979
vn -0.19083 -0.20782 0.95937
vn -0.09792 0.04495 0.99418
vn -0.09366 0.29482 0.95095
vn -0.18642 0.29482 0.93719
vn -0.19489 0.04495 0.97979
vn -0.09366 0.29482 0.95095
vn -0.08338 0.52573 0.84655
vn -0.16595 0.52573 0.83431
vn -0.18642 0.29482 0.93719
vn 0.00000 -1.00000 -0.00000
vn -0.05331 -0.96194 0.26802
vn -0.07933 -0.96194 0.26150
vn -0.05331 -0.96194 0.26802
vn -0.10257 -0.85065 0.51563
vn -0.15261 -0.85065 0.50309
vn -0.07933 -0.96194 0.26150
vn -0.10257 -0.85065 0.51563
vn -0.14401 -0.67461 0.72399
vn -0.21428 -0.67461 0.70639
vn -0.15261 -0.85065 0.50309
vn -0.14401 -0.67461 0.72399
vn -0.17449 -0.44721 0.87724
vn -0.25964 -0.44721 0.85591
vn -0.21428 -0.67461 0.70639
vn -0.17449 -0.44721 0.87724
vn -0.17449 -0.44721 0.87724
vn -0.25964 -0.44721 0.85591
vn -0.25964 -0.44721 0.85591
vn -0.17449 -0.44721 0.87724
vn -0.19083 -0.20782 0.95937
vn -0.28395 -0.20782 0.93605
vn -0.25964 -0.44721 0.85591
vn -0.19083 -0.20782 0.95937
vn -0.19489 0.04495 0.97979
vn -0.28999 0.04495 0.95597
vn -0.28395 -0.20782 0.93605
vn -0.19489 0.04495 0.97979
vn -0.18642 0.29482 0.93719
vn -0.27738 0.29482 0.91441
vn -0.28999 0.04495 0.95597
vn -0.18642 0.29482 0.93719
vn -0.16595 0.52573 0.83431
vn -0.24693 0.52573 0.81402
vn -0.27738 0.29482 0.91441
vn 0.00000 -1.00000 -0.00000
vn -0.07933 -0.96194 0.26150
vn -0.10457 -0.96194 0.25247
vn -0.07933 -0.96194 0.26150
vn -0.15261 -0.85065 0.50309
vn -0.20119 -0.85065 0.48571
vn -0.10457 -0.96194 0.25247
vn -0.15261 -0.85065 0.50309
vn -0.21428 -0.67461 0.70639
vn -0.28249 -0.67461 0.68199
vn -0.20119 -0.85065 0.48571
vn -0.21428 -0.67461 0.70639
vn -0.25964 -0.44721 0.85591
vn -0.34228 -0.44721 0.82634
vn -0.28249 -0.67461 0.68199
vn -0.25964 -0.44721 0.85591
vn -0.25964 -0.44721 0.85591
vn -0.34228 -0.44721 0.82634
vn -0.34228 -0.44721 0.82634
vn -0.25964 -0.44721 0.85591
vn -0.28395 -0.20782 0.93605
vn -0.37433 -0.20782 0.90371
vn -0.34228 -0.44721 0.82634
vn -0.28395 -0.20782 0.93605
vn -0.28999 0.04495 0.95597
vn -0.38230 0.04495 0.92295
vn -0.37433 -0.20782 0.90371
vn -0.28999 0.04495 0.95597
vn -0.27738 0.29482 0.91441
vn -0.36567 0.29482 0.88282
vn -0.38230 0.04495 0.92295
vn -0.27738 0.29482 0.91441
vn -0.24693 0.52573 0.81402
vn -0.32553 0.52573 0.78590
vn -0.36567 0.29482 0.88282
vn 0.00000 -1.00000 -0.00000
vn -0.10457 -0.96194 0.25247
vn -0.12882 -0.96194 0.24100
vn -0.10457 -0.96194 0.25247
vn -0.20119 -0.85065 0.48571
vn -0.24783 -0.85065 0.46365
vn -0.12882 -0.96194 0.24100
vn -0.20119 -0.85065 0.48571
vn -0.28249 -0.67461 0.68199
vn -0.34797 -0.67461 0.65101
vn -0.24783 -0.85065 0.46365
vn -0.28249 -0.67461 0.68199
vn -0.34228 -0.44721 0.82634
vn -0.42163 -0.44721 0.78881
vn -0.34797 -0.67461 0.65101
vn -0.34228 -0.44721 0.82634
vn -0.34228 -0.44721 0.82634
vn -0.42163 -0.44721 0.78881
vn -0.42163 -0.44721 0.78881
vn -0.34228 -0.44721 0.82634
vn -0.37433 -0.20782 0.90371
vn -0.46111 -0.20782 0.86267
vn -0.42163 -0.44721 0.78881
vn -0.37433 -0.20782 0.90371
vn -0.38230 0.04495 0.92295
vn -0.47092 0.04495 0.88103
vn -0.46111 -0.20782 0.86267
vn -0.38230 0.04495 0.92295
vn -0.36567 0.29482 0.88282
vn -0.45044 0.29482 0.84272
vn -0.47092 0.04495 0.88103
vn -0.36567 0.29482 0.88282
vn -0.32553 0.52573 0.78590
vn -0.40099 0.52573 0.75021
vn -0.45044 0.29482 0.84272
vn 0.00000 -1.00000 -0.00000
vn -0.12882 -0.96194 0.24100
vn -0.15182 -0.96194 0.22721
vn -0.12882 -0.96194 0.24100
vn -0.24783 -0.85065 0.46365
vn -0.29208 -0.85065 0.43713
vn -0.15182 -0.96194 0.22721
vn -0.24783 -0.85065 0.46365
vn -0.34797 -0.67461 0.65101
vn -0.41011 -0.67461 0.61377
vn -0.29208 -0.85065 0.43713
vn -0.34797 -0.67461 0.65101
vn -0.42163 -0.44721 0.78881
vn -0.49692 -0.44721 0.74369
vn -0.41011 -0.67461 0.61377
vn -0.42163 -0.44721 0.78881
vn -0.42163 -0.44721 0.78881
vn -0.49692 -0.44721 0.74369
vn -0.49692 -0.44721 0.74369
vn -0.42163 -0.44721 0.78881
vn -0.46111 -0.20782 0.86267
vn -0.54344 -0.20782 0.81332
vn -0.49692 -0.44721 0.74369
vn -0.46111 -0.20782 0.86267
vn -0.47092 0.04495 0.88103
vn -0.55501 0.04495 0.83063
vn -0.54344 -0.20782 0.81332
vn -0.47092 0.04495 0.88103
vn -0.45044 0.29482 0.84272
vn -0.53088 0.29482 0.79451
vn -0.55501 0.04495 0.83063
vn -0.45044 0.29482 0.84272
vn -0.40099 0.52573 0.75021
vn -0.47260 0.52573 0.70729
vn -0.53088 0.29482 0.79451
vn 0.00000 -1.00000 -0.00000
vn -0.15182 -0.96194 0.22721
vn -0.17336 -0.96194 0.21124
vn -0.15182 -0.96194 0.22721
vn -0.29208 -0.85065 0.43713
vn -0.33352 -0.85065 0.40640
vn -0.17336 -0.96194 0.21124
vn -0.29208 -0.85065 0.43713
vn -0.41011 -0.67461 0.61377
vn -0.46829 -0.67461 0.57062
vn -0.33352 -0.85065 0.40640
vn -0.41011 -0.67461 0.61377
vn -0.49692 -0.44721 0.74369
vn -0.56742 -0.44721 0.69140
vn -0.46829 -0.67461 0.57062
vn -0.49692 -0.44721 0.74369
vn -0.49692 -0.44721 0.74369
vn -0.56742 -0.44721 0.69140
vn -0.56742 -0.44721 0.69140
vn -0.49692 -0.44721 0.74369
vn -0.54344 -0.20782 0.81332
vn -0.62054 -0.20782 0.75613
vn -0.56742 -0.44721 0.69140
vn -0.54344 -0.20782 0.81332
vn -0.55501 0.04495 0.83063
vn -0.63375 0.04495 0.77223
vn -0.62054 -0.20782 0.75613
vn -0.55501 0.04495 0.83063
vn -0.53088 0.29482 0.79451
vn -0.60620 0.29482 0.73865
vn -0.63375 0.04495 0.77223
vn -0.53088 0.29482 0.79451
vn -0.47260 0.52573 0.70729
vn -0.53965 0.52573 0.65756
vn -0.60620 0.29482 0.73865
vn 0.00000 -1.00000 -0.00000
vn -0.17336 -0.96194 0.21124
vn -0.19323 -0.96194 0.19323
vn -0.17336 -0.96194 0.21124
vn -0.33352 -0.85065 0.40640
vn -0.37175 -0.85065 0.37175
vn -0.19323 -0.96194 0.19323
vn -0.33352 -0.85065 0.40640
vn -0.46829 -0.67461 0.57062
vn -0.52197 -0.67461 0.52197
vn -0.37175 -0.85065 0.37175
vn -0.46829 -0.67461 0.57062
vn -0.56742 -0.44721 0.69140
vn -0.63246 -0.44721 0.63246
vn -0.52197 -0.67461 0.52197
vn -0.56742 -0.44721 0.69140
vn -0.56742 -0.44721 0.69140
vn -0.63246 -0.44721 0.63246
vn -0.63246 -0.44721 0.63246
vn -0.56742 -0.44721 0.69140
vn -0.62054 -0.20782 0.75613
vn -0.69167 -0.20782 0.69167
vn -0.63246 -0.44721 0.63246
vn -0.62054 -0.20782 0.75613
vn -0.63375 0.04495 0.77223
vn -0.70639 0.04495 0.70639
vn -0.69167 -0.20782 0.69167
vn -0.63375 0.04495 0.77223
vn -0.60620 0.29482 0.73865
vn -0.67568 0.29482 0.67568
vn -0.70639 0.04495 0.70639
vn -0.60620 0.29482 0.73865
vn -0.53965 0.52573 0.65756
vn -0.60150 0.52573 0.60150
vn -0.67568 0.29482 0.67568
vn 0.00000 -1.00000 -0.00000
vn -0.19323 -0.96194 0.19323
vn -0.21124 -0.96194 0.17336
vn -0.19323 -0.96194 0.19323
vn -0.37175 -0.85065 0.37175
vn -0.40640 -0.85065 0.33352
vn -0.21124 -0.96194 0.17336
vn -0.37175 -0.85065 0.37175
vn -0.52197 -0.67461 0.52197
vn -0.57062 -0.67461 0.46829
vn -0.40640 -0.85065 0.33352
vn -0.52197 -0.67461 0.52197
vn -0.63246 -0.44721 0.63246
vn -0.69140 -0.44721 0.56742
vn -0.57062 -0.67461 0.46829
vn -0.63246 -0.44721 0.63246
vn -0.63246 -0.44721 0.63246
vn -0.69140 -0.44721 0.56742
vn -0.69140 -0.44721 0.56742
vn -0.63246 -0.44721 0.63246
vn -0.69167 -0.20782 0.69167
vn -0.75613 -0.20782 0.62054
vn -0.69140 -0.44721 0.56742
vn -0.69167 -0.20782 0.69167
vn -0.70639 0.04495 0.70639
vn -0.77223 0.04495 0.63375
vn -0.75613 -0.20782 0.62054
vn -0.70639 0.04495 0.70639
vn -0.67568 0.29482 0.67568
vn -0.73865 0.29482 0.60620
vn -0.77223 0.04495 0.63375
vn -0.67568 0.29482 0.67568
vn -0.60150 0.52573 0.60150
vn -0.65756 0.52573 0.53965
vn -0.73865 0.29482 0.60620
vn 0.00000 -1.00000 -0.00000
vn -0.21124 -0.96194 0.17336
vn -0.22721 -0.96194 0.15182
vn -0.21124 -0.96194 0.17336
vn -0.40640 -0.85065 0.33352
vn -0.43713 -0.85065 0.29208
vn -0.22721 -0.96194 0.15182
vn -0.40640 -0.85065 0.33352
vn -0.57062 -0.67461 0.46829
vn -0.61377 -0.67461 0.41011
vn -0.43713 -0.85065 0.29208
vn -0.57062 -0.67461 0.46829
vn -0.69140 -0.44721 0.56742
vn -0.74369 -0.44721 0.49692
vn -0.61377 -0.67461 0.41011
vn -0.69140 -0.44721 0.56742
vn -0.69140 -0.44721 0.56742
vn -0.74369 -0.44721 0.49692
vn -0.74369 -0.44721 0.49692
vn -0.69140 -0.44721 0.56742
vn -0.75613 -0.20782 0.62054
vn -0.81332 -0.20782 0.54344
vn -0.74369 -0.44721 0.49692
vn -0.75613 -0.20782 0.62054
vn -0.77223 0.04495 0.63375
vn -0.83063 0.04495 0.55501
vn -0.81332 -0.20782 0.54344
vn -0.77223 0.04495 0.63375
vn -0.73865 0.29482 0.60620
vn -0.79451 0.29482 0.53088
vn -0.83063 0.04495 0.55501
vn -0.73865 0.29482 0.60620
vn -0.65756 0.52573 0.53965
vn -0.70729 0.52573 0.47260
vn -0.79451 0.29482 0.53088
vn 0.00000 -1.00000 -0.00000
vn -0.22721 -0.96194 0.15182
vn -0.24100 -0.96194 0.12882
vn -0.22721 -0.96194 0.15182
vn -0.43713 -0.85065 0.29208
vn -0.46365 -0.85065 0.24783
vn -0.24100 -0.96194 0.12882
vn -0.43713 -0.85065 0.29208
vn -0.61377 -0.67461 0.41011
vn -0.65101 -0.67461 0.34797
vn -0.46365 -0.85065 0.24783
vn -0.61377 -0.67461 0.41011
vn -0.74369 -0.44721 0.49692
vn -0.78881 -0.44721 0.42163
vn -0.65101 -0.67461 0.34797
vn -0.74369 -0.44721 0.49692
vn -0.74369 -0.44721 0.49692
vn -0.78881 -0.44721 0.42163
vn -0.78881 -0.44721 0.42163
vn -0.74369 -0.44721 0.49692
vn -0.81332 -0.20782 0.54344
vn -0.86267 -0.20782 0.46111
vn -0.78881 -0.44721 0.42163
vn -0.81332 -0.20782 0.54344
vn -0.83063 0.04495 0.55501
vn -0.88103 0.04495 0.47092
vn -0.86267 -0.20782 0.46111
vn -0.83063 0.04495 0.55501
vn -0.79451 0.29482 0.53088
vn -0.84272 0.29482 0.45044
vn -0.88103 0.04495 0.47092
vn -0.79451 0.29482 0.53088
vn -0.70729 0.52573 0.47260
vn -0.75021 0.52573 0.40099
vn -0.84272 0.29482 0.45044
vn 0.00000 -1.00000 -0.00000
vn -0.24100 -0.96194 0.12882
vn -0.25247 -0.96194 0.10457
vn -0.24100 -0.96194 0.12882
vn -0.46365 -0.85065 0.24783
vn -0.48571 -0.85065 0.20119
vn -0.25247 -0.96194 0.10457
vn -0.46365 -0.85065 0.24783
vn -0.65101 -0.67461 0.34797
vn -0.68199 -0.67461 0.28249
vn -0.48571 -0.85065 0.20119
vn -0.65101 -0.67461 0.34797
vn -0.78881 -0.44721 0.42163
vn -0.82634 -0.44721 0.34228
vn -0.68199 -0.67461 0.28249
vn -0.78881 -0.44721 0.42163
vn -0.78881 -0.44721 0.42163
vn -0.82634 -0.44721 0.34228
vn -0.82634 -0.44721 0.34228
vn -0.78881 -0.44721 0.42163
vn -0.86267 -0.20782 0.46111
vn -0.90371 -0.20782 0.37433
vn -0.82634 -0.44721 0.34228
vn -0.86267 -0.20782 0.46111
vn -0.88103 0.04495 0.47092
vn -0.92295 0.04495 0.38230
vn -0.90371 -0.20782 0.37433
vn -0.88103 0.04495 0.47092
vn -0.84272 0.29482 0.45044
vn -0.88282 0.29482 0.36567
vn -0.92295 0.04495 0.38230
vn -0.84272 0.29482 0.45044
vn -0.75021 0.52573 0.40099
vn -0.78590 0.52573 0.32553
vn -0.88282 0.29482 0.36567
vn 0.00000 -1.00000 -0.00000
vn -0.25247 -0.96194 0.10457
vn -0.26150 -0.96194 0.07933
vn -0.25247 -0.96194 0.10457
vn -0.48571 -0.85065 0.20119
vn -0.50309 -0.85065 0.15261
vn -0.26150 -0.96194 0.07933
vn -0.48571 -0.85065 0.20119
vn -0.68199 -0.67461 0.28249
vn -0.70639 -0.67461 0.21428
vn -0.50309 -0.85065 0.15261
vn -0.68199 -0.67461 0.28249
vn -0.82634 -0.44721 0.34228
vn -0.85591 -0.44721 0.25964
vn -0.70639 -0.67461 0.21428
vn -0.82634 -0.44721 0.34228
vn -0.82634 -0.44721 0.34228
vn -0.85591 -0.44721 0.25964
vn -0.85591 -0.44721 0.25964
vn -0.82634 -0.44721 0.34228
vn -0.90371 -0.20782 0.37433
vn -0.93605 -0.20782 0.28395
vn -0.85591 -0.44721 0.25964
vn -0.90371 -0.20782 0.37433
vn -0.92295 0.04495 0.38230
vn -0.95597 0.04495 0.28999
vn -0.93605 -0.20782 0.28395
vn -0.92295 0.04495 0.38230
vn -0.88282 0.29482 0.36567
vn -0.91441 0.29482 0.27738
vn -0.95597 0.04495 0.28999
vn -0.88282 0.29482 0.36567
vn -0.78590 0.52573 0.32553
vn -0.81402 0.52573 0.24693
vn -0.91441 0.29482 0.27738
vn 0.00000 -1.00000 -0.00000
vn -0.26150 -0.96194 0.07933
vn -0.26802 -0.96194 0.05331
vn -0.26150 -0.96194 0.07933
vn -0.50309 -0.85065 0.15261
vn -0.51563 -0.85065 0.10257
vn -0.26802 -0.96194 0.05331
vn -0.50309 -0.85065 0.15261
vn -0.70639 -0.67461 0.21428
vn -0.72399 -0.67461 0.14401
vn -0.51563 -0.85065 0.10257
vn -0.70639 -0.67461 0.21428
vn -0.85591 -0.44721 0.25964
vn -0.87724 -0.44721 0.17449
vn -0.72399 -0.67461 0.14401
vn -0.85591 -0.44721 0.25964
vn -0.85591 -0.44721 0.25964
vn -0.87724 -0.44721 0.17449
vn -0.87724 -0.44721 0.17449
vn -0.85591 -0.44721 0.25964
vn -0.93605 -0.20782 0.28395
vn -0.95937 -0.20782 0.19083
vn -0.87724 -0.44721 0.17449
vn -0.93605 -0.20782 0.28395
vn -0.95597 0.04495 0.28999
vn -0.97979 0.04495 0.19489
vn -0.95937 -0.20782 0.19083
vn -0.95597 0.04495 0.28999
vn -0.91441 0.29482 0.27738
vn -0.93719 0.29482 0.18642
vn -0.97979 0.04495 0.19489
vn -0.91441 0.29482 0.27738
vn -0.81402 0.52573 0.24693
vn -0.83431 0.52573 0.16595
vn -0.93719 0.29482 0.18642
vn 0.00000 -1.00000 -0.00000
vn -0.26802 -0.96194 0.05331
vn -0.27195 -0.96194 0.02678
vn -0.26802 -0.96194 0.05331
vn -0.51563 -0.85065 0.10257
vn -0.52320 -0.85065 0.05153
vn -0.27195 -0.96194 0.02678
vn -0.51563 -0.85065 0.10257
vn -0.72399 -0.67461 0.14401
vn -0.73462 -0.67461 0.07235
vn -0.52320 -0.85065 0.05153
vn -0.72399 -0.67461 0.14401
vn -0.87724 -0.44721 0.17449
vn -0.89012 -0.44721 0.08767
vn -0.73462 -0.67461 0.07235
vn -0.87724 -0.44721 0.17449
vn -0.87724 -0.44721 0.17449
vn -0.89012 -0.44721 0.08767
vn -0.89012 -0.44721 0.08767
vn -0.87724 -0.44721 0.17449
vn -0.95937 -0.20782 0.19083
vn -0.97346 -0.20782 0.09588
vn -0.89012 -0.44721 0.08767
vn -0.95937 -0.20782 0.19083
vn -0.97979 0.04495 0.19489
vn -0.99418 0.04495 0.09792
vn -0.97346 -0.20782 0.09588
vn -0.97979 0.04495 0.19489
vn -0.93719 0.29482 0.18642
vn -0.95095 0.29482 0.09366
vn -0.99418 0.04495 0.09792
vn -0.93719 0.29482 0.18642
vn -0.83431 0.52573 0.16595
vn -0.84655 0.52573 0.08338
vn -0.95095 0.29482 0.09366
vn 0.00000 -1.00000 -0.00000
vn -0.27195 -0.96194 0.02678
vn -0.27327 -0.96194 -0.00000
vn -0.27195 -0.96194 0.02678
vn -0.52320 -0.85065 0.05153
vn -0.52573 -0.85065 -0.00000
vn -0.27327 -0.96194 -0.00000
vn -0.52320 -0.85065 0.05153
vn -0.73462 -0.67461 0.07235
vn -0.73818 -0.67461 -0.00000
vn -0.52573 -0.85065 -0.00000
vn -0.73462 -0.67461 0.07235
vn -0.89012 -0.44721 0.08767
vn -0.89443 -0.44721 -0.00000
vn -0.73818 -0.67461 -0.00000
vn -0.89012 -0.44721 0.08767
vn -0.89012 -0.44721 0.08767
vn -0.89443 -0.44721 -0.00000
vn -0.89443 -0.44721 -0.00000
vn -0.89012 -0.44721 0.08767
vn -0.97346 -0.20782 0.09588
vn -0.97817 -0.20782 -0.00000
vn -0.89443 -0.44721 -0.00000
vn -0.97346 -0.20782 0.09588
vn -0.99418 0.04495 0.09792
vn -0.99899 0.04495 0.00000
vn -0.97817 -0.20782 -0.00000
vn -0.99418 0.04495 0.09792
vn -0.95095 0.29482 0.09366
vn -0.95555 0.29482 0.00000
vn -0.99899 0.04495 0.00000
vn -0.95095 0.29482 0.09366
vn -0.84655 0.52573 0.08338
vn -0.85065 0.52573 0.00000
vn -0.95555 0.29482 0.00000
vn -0.00000 1.00000 0.00000
vn -0.00000 1.00000 0.00000
vn -0.00000 1.00000 0.00000
vn -0.00000 1.00000 0.00000
vn -0.00000 1.00000 0.00000
vn -0.25036 0.96784 -0.02466
vn -0.25157 0.96784 0.00000
vn -0.25157 0.96784 0.00000
vn -0.25036 0.96784 -0.02466
vn -0.48462 0.87342 -0.04773
vn -0.48696 0.87342 0.00000
vn -0.48696 0.87342 0.00000
vn -0.48462 0.87342 -0.04773
vn -0.68770 0.72282 -0.06773
vn -0.69103 0.72282 0.00000
vn -0.69103 0.72282 0.00000
vn -0.68770 0.72282 -0.06773
vn -0.84655 0.52573 -0.08338
vn -0.85065 0.52573 0.00000
vn -0.00000 1.00000 0.00000
vn -0.00000 1.00000 0.00000
vn -0.00000 1.00000 0.00000
vn -0.00000 1.00000 0.00000
vn -0.00000 1.00000 0.00000
vn -0.24674 0.96784 -0.04908
vn -0.25036 0.96784 -0.02466
vn -0.25036 0.96784 -0.02466
vn -0.24674 0.96784 -0.04908
vn -0.47761 0.87342 -0.09500
vn -0.48462 0.87342 -0.04773
vn -0.48462 0.87342 -0.04773
vn -0.47761 0.87342 -0.09500
vn -0.67775 0.72282 -0.13481
vn -0.68770 0.72282 -0.06773
vn -0.68770 0.72282 -0.06773
vn -0.67775 0.72282 -0.13481
vn -0.83431 0.52573 -0.16595
vn -0.84655 0.52573 -0.08338
vn -0.00000 1.00000 0.00000
vn -0.00000 1.00000 0.00000
vn -0.00000 1.00000 0.00000
vn -0.00000 1.00000 0.00000
vn -0.00000 1.00000 0.00000
vn -0.24074 0.96784 -0.07303
vn -0.24674 0.96784 -0.04908
vn -0.24674 0.96784 -0.04908
vn -0.24074 0.96784 -0.07303
vn -0.46600 0.87342 -0.14136
vn -0.47761 0.87342 -0.09500
vn -0.47761 0.87342 -0.09500
vn -0.46600 0.87342 -0.14136
vn -0.66128 0.72282 -0.20060
vn -0.67775 0.72282 -0.13481
vn -0.67775 0.72282 -0.13481
vn -0.66128 0.72282 -0.20060
vn -0.81402 0.52573 -0.24693
vn -0.83431 0.52573 -0.16595
vn -0.00000 1.00000 0.00000
vn -0.00000 1.00000 0.00000
vn -0.00000 1.00000 0.00000
vn -0.00000 1.00000 0.00000
vn -0.00000 1.00000 0.00000
vn -0.23242 0.96784 -0.09627
vn -0.24074 0.96784 -0.07303
vn -0.24074 0.96784 -0.07303
vn -0.23242 0.96784 -0.09627
vn -0.44990 0.87342 -0.18635
vn -0.46600 0.87342 -0.14136
vn -0.46600 0.87342 -0.14136
vn -0.44990 0.87342 -0.18635
vn -0.63843 0.72282 -0.26445
vn -0.66128 0.72282 -0.20060
vn -0.66128 0.72282 -0.20060
vn -0.63843 0.72282 -0.26445
vn -0.78590 0.52573 -0.32553
vn -0.81402 0.52573 -0.24693
vn -0.00000 1.00000 0.00000
vn -0.00000 1.00000 0.00000
vn -0.00000 1.00000 0.00000
vn -0.00000 1.00000 0.00000
vn -0.00000 1.00000 0.00000
vn -0.22187 0.96784 -0.11859
vn -0.23242 0.96784 -0.09627
vn -0.23242 0.96784 -0.09627
vn -0.22187 0.96784 -0.11859
vn -0.42946 0.87342 -0.22955
vn -0.44990 0.87342 -0.18635
vn -0.44990 0.87342 -0.18635
vn -0.42946 0.87342 -0.22955
vn -0.60944 0.72282 -0.32575
vn -0.63843 0.72282 -0.26445
vn -0.63843 0.72282 -0.26445
vn -0.60944 0.72282 -0.32575
vn -0.75021 0.52573 -0.40099
vn -0.78590 0.52573 -0.32553
vn -0.00000 1.00000 0.00000
vn -0.00000 1.00000 0.00000
vn -0.00000 1.00000 0.00000
vn -0.00000 1.00000 0.00000
vn -0.00000 1.00000 0.00000
vn -0.20918 0.96784 -0.13977
vn -0.22187 0.96784 -0.11859
vn -0.22187 0.96784 -0.11859
vn -0.20918 0.96784 -0.13977
vn -0.40490 0.87342 -0.27054
vn -0.42946 0.87342 -0.22955
vn -0.42946 0.87342 -0.22955
vn -0.40490 0.87342 -0.27054
vn -0.57457 0.72282 -0.38392
vn -0.60944 0.72282 -0.32575
vn -0.60944 0.72282 -0.32575
vn -0.57457 0.72282 -0.38392
vn -0.70729 0.52573 -0.47260
vn -0.75021 0.52573 -0.40099
vn -0.00000 1.00000 0.00000
vn -0.00000 1.00000 0.00000
vn -0.00000 1.00000 0.00000
vn -0.00000 1.00000 0.00000
vn -0.00000 1.00000 0.00000
vn -0.19447 0.96784 -0.15960
vn -0.20918 0.96784 -0.13977
vn -0.20918 0.96784 -0.13977
vn -0.19447 0.96784 -0.15960
vn -0.37643 0.87342 -0.30893
vn -0.40490 0.87342 -0.27054
vn -0.40490 0.87342 -0.27054
vn -0.37643 0.87342 -0.30893
vn -0.53418 0.72282 -0.43839
vn -0.57457 0.72282 -0.38392
vn -0.57457 0.72282 -0.38392
vn -0.53418 0.72282 -0.43839
vn -0.65756 0.52573 -0.53965
vn -0.70729 0.52573 -0.47260
vn -0.00000 1.00000 0.00000
vn -0.00000 1.00000 0.00000
vn -0.00000 1.00000 0.00000
vn -0.00000 1.00000 0.00000
vn -0.00000 1.00000 0.00000
vn -0.17789 0.96784 -0.17789
vn -0.19447 0.96784 -0.15960
vn -0.19447 0.96784 -0.15960
vn -0.17789 0.96784 -0.17789
vn -0.34434 0.87342 -0.34434
vn -0.37643 0.87342 -0.30893
vn -0.37643 0.87342 -0.30893
vn -0.34434 0.87342 -0.34434
vn -0.48863 0.72282 -0.48863
vn -0.53418 0.72282 -0.43839
vn -0.53418 0.72282 -0.43839
vn -0.48863 0.72282 -0.48863
vn -0.60150 0.52573 -0.60150
vn -0.65756 0.52573 -0.53965
vn -0.00000 1.00000 0.00000
vn -0.00000 1.00000 0.00000
vn -0.00000 1.00000 0.00000
vn -0.00000 1.00000 0.00000
vn -0.00000 1.00000 0.00000
vn -0.15960 0.96784 -0.19447
vn -0.17789 0.96784 -0.17789
vn -0.17789 0.96784 -0.17789
vn -0.15960 0.96784 -0.19447
vn -0.30893 0.87342 -0.37643
vn -0.34434 0.87342 -0.34434
vn -0.34434 0.87342 -0.34434
vn -0.30893 0.87342 -0.37643
vn -0.43839 0.72282 -0.53418
vn -0.48863 0.72282 -0.48863
vn -0.48863 0.72282 -0.48863
vn -0.43839 0.72282 -0.53418
vn -0.53965 0.52573 -0.65756
vn -0.60150 0.52573 -0.60150
vn -0.00000 1.00000 0.00000
vn -0.00000 1.00000 0.00000
vn -0.00000 1.00000 0.00000
vn -0.00000 1.00000 0.00000
vn -0.00000 1.00000 0.00000
vn -0.13977 0.96784 -0.20918
vn -0.15960 0.96784 -0.19447
vn -0.15960 0.96784 -0.19447
vn -0.13977 0.96784 -0.20918
vn -0.27054 0.87342 -0.40490
vn -0.30893 0.87342 -0.37643
vn -0.30893 0.87342 -0.37643
vn -0.27054 0.87342 -0.40490
vn -0.38392 0.72282 -0.57457
vn -0.43839 0.72282 -0.53418
vn -0.43839 0.72282 -0.53418
vn -0.38392 0.72282 -0.57457
vn -0.47260 0.52573 -0.70729
vn -0.53965 0.52573 -0.65756
vn -0.00000 1.00000 0.00000
vn -0.00000 1.00000 0.00000
vn -0.00000 1.00000 0.00000
vn -0.00000 1.00000 0.00000
vn -0.00000 1.00000 0.00000
vn -0.11859 0.96784 -0.22187
vn -0.13977 0.96784 -0.20918
vn -0.13977 0.96784 -0.20918
vn -0.11859 0.96784 -0.22187
vn -0.22955 0.87342 -0.42946
vn -0.27054 0.87342 -0.40490
vn -0.27054 0.87342 -0.40490
vn -0.22955 0.87342 -0.42946
vn -0.32575 0.72282 -0.60944
vn -0.38392 0.72282 -0.57457
vn -0.38392 0.72282 -0.57457
vn -0.32575 0.72282 -0.60944
vn -0.40099 0.52573 -0.75021
vn -0.47260 0.52573 -0.70729
vn -0.00000 1.00000 0.00000
vn -0.00000 1.00000 0.00000
vn -0.00000 1.00000 0.00000
vn -0.00000 1.00000 0.00000
vn -0.00000 1.00000 0.00000
vn -0.09627 0.96784 -0.23242
vn -0.11859 0.96784 -0.22187
vn -0.11859 0.96784 -0.22187
vn -0.09627 0.96784 -0.23242
vn -0.18635 0.87342 -0.44990
vn -0.22955 0.87342 -0.42946
vn -0.22955 0.87342 -0.42946
vn -0.18635 0.87342 -0.44990
vn -0.26445 0.72282 -0.63843
vn -0.32575 0.72282 -0.60944
vn -0.32575 0.72282 -0.60944
vn -0.26445 0.72282 -0.63843
vn -0.32553 0.52573 -0.78590
vn -0.40099 0.52573 -0.75021
vn -0.00000 1.00000 0.00000
vn -0.00000 1.00000 0.00000
vn -0.00000 1.00000 0.00000
vn -0.00000 1.00000 0.00000
vn -0.00000 1.00000 0.00000
vn -0.07303 0.96784 -0.24074
vn -0.09627 0.96784 -0.23242
vn -0.09627 0.96784 -0.23242
vn -0.07303 0.96784 -0.24074
vn -0.14136 0.87342 -0.46600
vn -0.18635 0.87342 -0.44990
vn -0.18635 0.87342 -0.44990
vn -0.14136 0.87342 -0.46600
vn -0.20060 0.72282 -0.66128
vn -0.26445 0.72282 -0.63843
vn -0.26445 0.72282 -0.63843
vn -0.20060 0.72282 -0.66128
vn -0.24693 0.52573 -0.81402
vn -0.32553 0.52573 -0.78590
vn -0.00000 1.00000 0.00000
vn -0.00000 1.00000 0.00000
vn -0.00000 1.00000 0.00000
vn -0.00000 1.00000 0.00000
vn -0.00000 1.00000 0.00000
vn -0.04908 0.96784 -0.24674
vn -0.07303 0.96784 -0.24074
vn -0.07303 0.96784 -0.24074
vn -0.04908 0.96784 -0.24674
vn -0.09500 0.87342 -0.47761
vn -0.14136 0.87342 -0.46600
vn -0.14136 0.87342 -0.46600
vn -0.09500 0.87342 -0.47761
vn -0.13481 0.72282 -0.67775
vn -0.20060 0.72282 -0.66128
vn -0.20060 0.72282 -0.66128
vn -0.13481 0.72282 -0.67775
vn -0.16595 0.52573 -0.83431
vn -0.24693 0.52573 -0.81402
vn -0.00000 1.00000 0.00000
vn -0.00000 1.00000 0.00000
vn -0.00000 1.00000 0.00000
vn -0.00000 1.00000 0.00000
vn -0.00000 1.00000 0.00000
vn -0.02466 0.96784 -0.25036
vn -0.04908 0.96784 -0.24674
vn -0.04908 0.96784 -0.24674
vn -0.02466 0.96784 -0.25036
vn -0.04773 0.87342 -0.48462
vn -0.09500 0.87342 -0.47761
vn -0.09500 0.87342 -0.47761
vn -0.04773 0.87342 -0.48462
vn -0.06773 0.72282 -0.68770
vn -0.13481 0.72282 -0.67775
vn -0.13481 0.72282 -0.67775
vn -0.06773 0.72282 -0.68770
vn -0.08338 0.52573 -0.84655
vn -0.16595 0.52573 -0.83431
vn -0.00000 1.00000 0.00000
vn -0.00000 1.00000 0.00000
vn -0.00000 1.00000 0.00000
vn -0.00000 1.00000 0.00000
vn -0.00000 1.00000 0.00000
vn -0.00000 0.96784 -0.25157
vn -0.02466 0.96784 -0.25036
vn -0.02466 0.96784 -0.25036
vn -0.00000 0.96784 -0.25157
vn -0.00000 0.87342 -0.48696
vn -0.04773 0.87342 -0.48462
vn -0.04773 0.87342 -0.48462
vn -0.00000 0.87342 -0.48696
vn -0.00000 0.72282 -0.69103
vn -0.06773 0.72282 -0.68770
vn -0.06773 0.72282 -0.68770
vn -0.00000 0.72282 -0.69103
vn -0.00000 0.52573 -0.85065
vn -0.08338 0.52573 -0.84655
vn -0.00000 1.00000 0.00000
vn -0.00000 1.00000 0.00000
vn -0.00000 1.00000 0.00000
vn -0.00000 1.00000 0.00000
vn -0.00000 1.00000 0.00000
vn 0.02466 0.96784 -0.25036
vn -0.00000 0.96784 -0.25157
vn -0.00000 0.96784 -0.25157
vn 0.02466 0.96784 -0.25036
vn 0.04773 0.87342 -0.48462
vn -0.00000 0.87342 -0.48696
vn -0.00000 0.87342 -0.48696
vn 0.04773 0.87342 -0.48462
vn 0.06773 0.72282 -0.68770
vn -0.00000 0.72282 -0.69103
vn -0.00000 0.72282 -0.69103
vn 0.06773 0.72282 -0.68770
vn 0.08338 0.52573 -0.84655
vn -0.00000 0.52573 -0.85065
vn -0.00000 1.00000 0.00000
vn -0.00000 1.00000 0.00000
vn -0.00000 1.00000 0.00000
vn -0.00000 1.00000 0.00000
vn -0.00000 1.00000 0.00000
vn 0.04908 0.96784 -0.24674
vn 0.02466 0.96784 -0.25036
vn 0.02466 0.96784 -0.25036
vn 0.04908 0.96784 -0.24674
vn 0.09500 0.87342 -0.47761
vn 0.04773 0.87342 -0.48462
vn 0.04773 0.87342 -0.48462
vn 0.09500 0.87342 -0.47761
vn 0.13481 0.72282 -0.67775
vn 0.06773 0.72282 -0.68770
vn 0.06773 0.72282 -0.68770
vn 0.13481 0.72282 -0.67775
vn 0.16595 0.52573 -0.83431
vn 0.08338 0.52573 -0.84655
vn -0.00000 1.00000 0.00000
vn -0.00000 1.00000 0.00000
vn -0.00000 1.00000 0.00000
vn -0.00000 1.00000 0.00000
vn -0.00000 1.00000 0.00000
vn 0.07303 0.96784 -0.24074
vn 0.04908 0.96784 -0.24674
vn 0.04908 0.96784 -0.24674
vn 0.07303 0.96784 -0.24074
vn 0.14136 0.87342 -0.46600
vn 0.09500 0.87342 -0.47761
vn 0.09500 0.87342 -0.47761
vn 0.14136 0.87342 -0.46600
vn 0.20060 0.72282 -0.66128
vn 0.13481 0.72282 -0.67775
vn 0.13481 0.72282 -0.67775
vn 0.20060 0.72282 -0.66128
vn 0.24693 0.52573 -0.81402
vn 0.16595 0.52573 -0.83431
vn -0.00000 1.00000 0.00000
vn -0.00000 1.00000 0.00000
vn -0.00000 1.00000 0.00000
vn -0.00000 1.00000 0.00000
vn -0.00000 1.00000 0.00000
vn 0.09627 0.96784 -0.23242
vn 0.07303 0.96784 -0.24074
vn 0.07303 0.96784 -0.24074
vn 0.09627 0.96784 -0.23242
vn 0.18635 0.87342 -0.44990
vn 0.14136 0.87342 -0.46600
vn 0.14136 0.87342 -0.46600
vn 0.18635 0.87342 -0.44990
vn 0.26445 0.72282 -0.63843
vn 0.20060 0.72282 -0.66128
vn 0.20060 0.72282 -0.66128
vn 0.26445 0.72282 -0.63843
vn 0.32553 0.52573 -0.78590
vn 0.24693 0.52573 -0.81402
vn -0.00000 1.00000 0.00000
vn -0.00000 1.00000 0.00000
vn -0.00000 1.00000 0.00000
vn -0.00000 1.00000 0.00000
vn -0.00000 1.00000 0.00000
vn 0.11859 0.96784 -0.22187
vn 0.09627 0.96784 -0.23242
vn 0.09627 0.96784 -0.23242
vn 0.11859 0.96784 -0.22187
vn 0.22955 0.87342 -0.42946
vn 0.18635 0.87342 -0.44990
vn 0.18635 0.87342 -0.44990
vn 0.22955 0.87342 -0.42946
vn 0.32575 0.72282 -0.60944
vn 0.26445 0.72282 -0.63843
vn 0.26445 0.72282 -0.63843
vn 0.32575 0.72282 -0.60944
vn 0.40099 0.52573 -0.75021
vn 0.32553 0.52573 -0.78590
vn -0.00000 1.00000 0.00000
vn -0.00000 1.00000 0.00000
vn -0.00000 1.00000 0.00000
vn -0.00000 1.00000 0.00000
vn -0.00000 1.00000 0.00000
vn 0.13977 0.96784 -0.20918
vn 0.11859 0.96784 -0.22187
vn 0.11859 0.96784 -0.22187
vn 0.13977 0.96784 -0.20918
vn 0.27054 0.87342 -0.40490
vn 0.22955 0.87342 -0.42946
vn 0.22955 0.87342 -0.42946
vn 0.27054 0.87342 -0.40490
vn 0.38392 0.72282 -0.57457
vn 0.32575 0.72282 -0.60944
vn 0.32575 0.72282 -0.60944
vn 0.38392 0.72282 -0.57457
vn 0.47260 0.52573 -0.70729
vn 0.40099 0.52573 -0.75021
vn -0.00000 1.00000 0.00000
vn -0.00000 1.00000 0.00000
vn -0.00000 1.00000 0.00000
vn -0.00000 1.00000 0.00000
vn -0.00000 1.00000 0.00000
vn 0.15960 0.96784 -0.19447
vn 0.13977 0.96784 -0.20918
vn 0.13977 0.96784 -0.20918
vn 0.15960 0.96784 -0.19447
vn 0.30893 0.87342 -0.37643
vn 0.27054 0.87342 -0.40490
vn 0.27054 0.87342 -0.40490
vn 0.30893 0.87342 -0.37643
vn 0.43839 0.72282 -0.53418
vn 0.38392 0.72282 -0.57457
vn 0.38392 0.72282 -0.57457
vn 0.43839 0.72282 -0.53418
vn 0.53965 0.52573 -0.65756
vn 0.47260 0.52573 -0.70729
vn -0.00000 1.00000 0.00000
vn -0.00000 1.00000 0.00000
vn -0.00000 1.00000 0.00000
vn -0.00000 1.00000 0.00000
vn -0.00000 1.00000 0.00000
vn 0.17789 0.96784 -0.17789
vn 0.15960 0.96784 -0.19447
vn 0.15960 0.96784 -0.19447
vn 0.17789 0.96784 -0.17789
vn 0.34434 0.87342 -0.34434
vn 0.30893 0.87342 -0.37643
vn 0.30893 0.87342 -0.37643
vn 0.34434 0.87342 -0.34434
vn 0.48863 0.72282 -0.48863
vn 0.43839 0.72282 -0.53418
vn 0.43839 0.72282 -0.53418
vn 0.48863 0.72282 -0.48863
vn 0.60150 0.52573 -0.60150
vn 0.53965 0.52573 -0.65756
vn -0.00000 1.00000 0.00000
vn -0.00000 1.00000 0.00000
vn -0.00000 1.00000 0.00000
vn -0.00000 1.00000 0.00000
vn -0.00000 1.00000 0.00000
vn 0.19447 0.96784 -0.15960
vn 0.17789 0.96784 -0.17789
vn 0.17789 0.96784 -0.17789
vn 0.19447 0.96784 -0.15960
vn 0.37643 0.87342 -0.30893
vn 0.34434 0.87342 -0.34434
vn 0.34434 0.87342 -0.34434
vn 0.37643 0.87342 -0.30893
vn 0.53418 0.72282 -0.43839
vn 0.48863 0.72282 -0.48863
vn 0.48863 0.72282 -0.48863
vn 0.53418 0.72282 -0.43839
vn 0.65756 0.52573 -0.53965
vn 0.60150 0.52573 -0.60150
vn -0.00000 1.00000 0.00000
vn -0.00000 1.00000 0.00000
vn -0.00000 1.00000 0.00000
vn -0.00000 1.00000 0.00000
vn -0.00000 1.00000 0.00000
vn 0.20918 0.96784 -0.13977
vn 0.19447 0.96784 -0.15960
vn 0.19447 0.96784 -0.15960
vn 0.20918 0.96784 -0.13977
vn 0.40490 0.87342 -0.27054
vn 0.37643 0.87342 -0.30893
vn 0.37643 0.87342 -0.30893
vn 0.40490 0.87342 -0.27054
vn 0.57457 0.72282 -0.38392
vn 0.53418 0.72282 -0.43839
vn 0.53418 0.72282 -0.43839
vn 0.57457 0.72282 -0.38392
vn 0.70729 0.52573 -0.47260
vn 0.65756 0.52573 -0.53965
vn -0.00000 1.00000 0.00000
vn -0.00000 1.00000 0.00000
vn -0.00000 1.00000 0.00000
vn -0.00000 1.00000 0.00000
vn -0.00000 1.00000 0.00000
vn 0.22187 0.96784 -0.11859
vn 0.20918 0.96784 -0.13977
vn 0.20918 0.96784 -0.13977
vn 0.22187 0.96784 -0.11859
vn 0.42946 0.87342 -0.22955
vn 0.40490 0.87342 -0.27054
vn 0.40490 0.87342 -0.27054
vn 0.42946 0.87342 -0.22955
vn 0.60944 0.72282 -0.32575
vn 0.57457 0.72282 -0.38392
vn 0.57457 0.72282 -0.38392
vn 0.60944 0.72282 -0.32575
vn 0.75021 0.52573 -0.40099
vn 0.70729 0.52573 -0.47260
vn -0.00000 1.00000 0.00000
vn -0.00000 1.00000 0.00000
vn -0.00000 1.00000 0.00000
vn -0.00000 1.00000 0.00000
vn -0.00000 1.00000 0.00000
vn 0.23242 0.96784 -0.09627
vn 0.22187 0.96784 -0.11859
vn 0.22187 0.96784 -0.11859
vn 0.23242 0.96784 -0.09627
vn 0.44990 0.87342 -0.18635
vn 0.42946 0.87342 -0.22955
vn 0.42946 0.87342 -0.22955
vn 0.44990 0.87342 -0.18635
vn 0.63843 0.72282 -0.26445
vn 0.60944 0.72282 -0.32575
vn 0.60944 0.72282 -0.32575
vn 0.63843 0.72282 -0.26445
vn 0.78590 0.52573 -0.32553
vn 0.75021 0.52573 -0.40099
vn -0.00000 1.00000 0.00000
vn -0.00000 1.00000 0.00000
vn -0.00000 1.00000 0.00000
vn -0.00000 1.00000 0.00000
vn -0.00000 1.00000 0.00000
vn 0.24074 0.96784 -0.07303
vn 0.23242 0.96784 -0.09627
vn 0.23242 0.96784 -0.09627
vn 0.24074 0.96784 -0.07303
vn 0.46600 0.87342 -0.14136
vn 0.44990 0.87342 -0.18635
vn 0.44990 0.87342 -0.18635
vn 0.46600 0.87342 -0.14136
vn 0.66128 0.72282 -0.20060
vn 0.63843 0.72282 -0.26445
vn 0.63843 0.72282 -0.26445
vn 0.66128 0.72282 -0.20060
vn 0.81402 0.52573 -0.24693
vn 0.78590 0.52573 -0.32553
vn -0.00000 1.00000 0.00000
vn -0.00000 1.00000 0.00000
vn -0.00000 1.00000 0.00000
vn -0.00000 1.00000 0.00000
vn -0.00000 1.00000 0.00000
vn 0.24674 0.96784 -0.04908
vn 0.24074 0.96784 -0.07303
vn 0.24074 0.96784 -0.07303
vn 0.24674 0.96784 -0.04908
vn 0.47761 0.87342 -0.09500
vn 0.46600 0.87342 -0.14136
vn 0.46600 0.87342 -0.14136
vn 0.47761 0.87342 -0.09500
vn 0.67775 0.72282 -0.13481
vn 0.66128 0.72282 -0.20060
vn 0.66128 0.72282 -0.20060
vn 0.67775 0.72282 -0.13481
vn 0.83431 0.52573 -0.16595
vn 0.81402 0.52573 -0.24693
vn -0.00000 1.00000 0.00000
vn -0.00000 1.00000 0.00000
vn -0.00000 1.00000 0.00000
vn -0.00000 1.00000 0.00000
vn -0.00000 1.00000 0.00000
vn 0.25036 0.96784 -0.02466
vn 0.24674 0.96784 -0.04908
vn 0.24674 0.96784 -0.04908
vn 0.25036 0.96784 -0.02466
vn 0.48462 0.87342 -0.04773
vn 0.47761 0.87342 -0.09500
vn 0.47761 0.87342 -0.09500
vn 0.48462 0.87342 -0.04773
vn 0.68770 0.72282 -0.06773
vn 0.67775 0.72282 -0.13481
vn 0.67775 0.72282 -0.13481
vn 0.68770 0.72282 -0.06773
vn 0.84655 0.52573 -0.08338
vn 0.83431 0.52573 -0.16595
vn -0.00000 1.00000 0.00000
vn -0.00000 1.00000 0.00000
vn -0.00000 1.00000 0.00000
vn -0.00000 1.00000 0.00000
vn -0.00000 1.00000 0.00000
vn 0.25157 0.96784 0.00000
vn 0.25036 0.96784 -0.02466
vn 0.25036 0.96784 -0.02466
vn 0.25157 0.96784 0.00000
vn 0.48696 0.87342 0.00000
vn 0.48462 0.87342 -0.04773
vn 0.48462 0.87342 -0.04773
vn 0.48696 0.87342 0.00000
vn 0.69103 0.72282 0.00000
vn 0.68770 0.72282 -0.06773
vn 0.68770 0.72282 -0.06773
vn 0.69103 0.72282 0.00000
vn 0.85065 0.52573 0.00000
vn 0.84655 0.52573 -0.08338
vn -0.00000 1.00000 0.00000
vn -0.00000 1.00000 0.00000
vn -0.00000 1.00000 0.00000
vn -0.00000 1.00000 0.00000
vn -0.00000 1.00000 0.00000
vn 0.25036 0.96784 0.02466
vn 0.25157 0.96784 0.00000
vn 0.25157 0.96784 0.00000
vn 0.25036 0.96784 0.02466
vn 0.48462 0.87342 0.04773
vn 0.48696 0.87342 0.00000
vn 0.48696 0.87342 0.00000
vn 0.48462 0.87342 0.04773
vn 0.68770 0.72282 0.06773
vn 0.69103 0.72282 0.00000
vn 0.69103 0.72282 0.00000
vn 0.68770 0.72282 0.06773
vn 0.84655 0.52573 0.08338
vn 0.85065 0.52573 0.00000
vn -0.00000 1.00000 0.00000
vn -0.00000 1.00000 0.00000
vn -0.00000 1.00000 0.00000
vn -0.00000 1.00000 0.00000
vn -0.00000 1.00000 0.00000
vn 0.24674 0.96784 0.04908
vn 0.25036 0.96784 0.02466
vn 0.25036 0.96784 0.02466
vn 0.24674 0.96784 0.04908
vn 0.47761 0.87342 0.09500
vn 0.48462 0.87342 0.04773
vn 0.48462 0.87342 0.04773
vn 0.47761 0.87342 0.09500
vn 0.67775 0.72282 0.13481
vn 0.68770 0.72282 0.06773
vn 0.68770 0.72282 0.06773
vn 0.67775 0.72282 0.13481
vn 0.83431 0.52573 0.16595
vn 0.84655 0.52573 0.08338
vn -0.00000 1.00000 0.00000
vn -0.00000 1.00000 0.00000
vn -0.00000 1.00000 0.00000
vn -0.00000 1.00000 0.00000
vn -0.00000 1.00000 0.00000
vn 0.24074 0.96784 0.07303
vn 0.24674 0.96784 0.04908
vn 0.24674 0.96784 0.04908
vn 0.24074 0.96784 0.07303
vn 0.46600 0.87342 0.14136
vn 0.47761 0.87342 0.09500
vn 0.47761 0.87342 0.09500
vn 0.46600 0.87342 0.14136
vn 0.66128 0.72282 0.20060
vn 0.67775 0.72282 0.13481
vn 0.67775 0.72282 0.13481
vn 0.66128 0.72282 0.20060
vn 0.81402 0.52573 0.24693
vn 0.83431 0.52573 0.16595
vn -0.00000 1.00000 0.00000
vn -0.00000 1.00000 0.00000
vn -0.00000 1.00000 0.00000
vn -0.00000 1.00000 0.00000
vn -0.00000 1.00000 0.00000
vn 0.23242 0.96784 0.09627
vn 0.24074 0.96784 0.07303
vn 0.24074 0.96784 0.07303
vn 0.23242 0.96784 0.09627
vn 0.44990 0.87342 0.18635
vn 0.46600 0.87342 0.14136
vn 0.46600 0.87342 0.14136
vn 0.44990 0.87342 0.18635
vn 0.63843 0.72282 0.26445
vn 0.66128 0.72282 0.20060
vn 0.66128 0.72282 0.20060
vn 0.63843 0.72282 0.26445
vn 0.78590 0.52573 0.32553
vn 0.81402 0.52573 0.24693
vn -0.00000 1.00000 0.00000
vn -0.00000 1.00000 0.00000
vn -0.00000 1.00000 0.00000
vn -0.00000 1.00000 0.00000
vn -0.00000 1.00000 0.00000
vn 0.22187 0.96784 0.11859
vn 0.23242 0.96784 0.09627
vn 0.23242 0.96784 0.09627
vn 0.22187 0.96784 0.11859
vn 0.42946 0.87342 0.22955
vn 0.44990 0.87342 0.18635
vn 0.44990 0.87342 0.18635
vn 0.42946 0.87342 0.22955
vn 0.60944 0.72282 0.32575
vn 0.63843 0.72282 0.26445
vn 0.63843 0.72282 0.26445
vn 0.60944 0.72282 0.32575
vn 0.75021 0.52573 0.40099
vn 0.78590 0.52573 0.32553
vn -0.00000 1.00000 0.00000
vn -0.00000 1.00000 0.00000
vn -0.00000 1.00000 0.00000
vn -0.00000 1.00000 0.00000
vn -0.00000 1.00000 0.00000
vn 0.20918 0.96784 0.13977
vn 0.22187 0.96784 0.11859
vn 0.22187 0.96784 0.11859
vn 0.20918 0.96784 0.13977
vn 0.40490 0.87342 0.27054
vn 0.42946 0.87342 0.22955
vn 0.42946 0.87342 0.22955
vn 0.40490 0.87342 0.27054
vn 0.57457 0.72282 0.38392
vn 0.60944 0.72282 0.32575
vn 0.60944 0.72282 0.32575
vn 0.57457 0.72282 0.38392
vn 0.70729 0.52573 0.47260
vn 0.75021 0.52573 0.40099
vn -0.00000 1.00000 0.00000
vn -0.00000 1.00000 0.00000
vn -0.00000 1.00000 0.00000
vn -0.00000 1.00000 0.00000
vn -0.00000 1.00000 0.00000
vn 0.19447 0.96784 0.15960
vn 0.20918 0.96784 0.13977
vn 0.20918 0.96784 0.13977
vn 0.19447 0.96784 0.15960
vn 0.37643 0.87342 0.30893
vn 0.40490 0.87342 0.27054
vn 0.40490 0.87342 0.27054
vn 0.37643 0.87342 0.30893
vn 0.53418 0.72282 0.43839
vn 0.57457 0.72282 0.38392
vn 0.57457 0.72282 0.38392
vn 0.53418 0.72282 0.43839
vn 0.65756 0.52573 0.53965
vn 0.70729 0.52573 0.47260
vn -0.00000 1.00000 0.00000
vn -0.00000 1.00000 0.00000
vn -0.00000 1.00000 0.00000
vn -0.00000 1.00000 0.00000
vn -0.00000 1.00000 0.00000
vn 0.17789 0.96784 0.17789
vn 0.19447 0.96784 0.15960
vn 0.19447 0.96784 0.15960
vn 0.17789 0.96784 0.17789
vn 0.34434 0.87342 0.34434
vn 0.37643 0.87342 0.30893
vn 0.37643 0.87342 0.30893
vn 0.34434 0.87342 0.34434
vn 0.48863 0.72282 0.48863
vn 0.53418 0.72282 0.43839
vn 0.53418 0.72282 0.43839
vn 0.48863 0.72282 0.48863
vn 0.60150 0.52573 0.60150
vn 0.65756 0.52573 0.53965
vn -0.00000 1.00000 0.00000
vn -0.00000 1.00000 0.00000
vn -0.00000 1.00000 0.00000
vn -0.00000 1.00000 0.00000
vn -0.00000 1.00000 0.00000
vn 0.15960 0.96784 0.19447
vn 0.17789 0.96784 0.17789
vn 0.17789 0.96784 0.17789
vn 0.15960 0.96784 0.19447
vn 0.30893 0.87342 0.37643
vn 0.34434 0.87342 0.34434
vn 0.34434 0.87342 0.34434
vn 0.30893 0.87342 0.37643
vn 0.43839 0.72282 0.53418
vn 0.48863 0.72282 0.48863
vn 0.48863 0.72282 0.48863
vn 0.43839 0.72282 0.53418
vn 0.53965 0.52573 0.65756
vn 0.60150 0.52573 0.60150
vn -0.00000 1.00000 0.00000
vn -0.00000 1.00000 0.00000
vn -0.00000 1.00000 0.00000
vn -0.00000 1.00000 0.00000
vn -0.00000 1.00000 0.00000
vn 0.13977 0.96784 0.20918
vn 0.15960 0.96784 0.19447
vn 0.15960 0.96784 0.19447
vn 0.13977 0.96784 0.20918
vn 0.27054 0.87342 0.40490
vn 0.30893 0.87342 0.37643
vn 0.30893 0.87342 0.37643
vn 0.27054 0.87342 0.40490
vn 0.38392 0.72282 0.57457
vn 0.43839 0.72282 0.53418
vn 0.43839 0.72282 0.53418
vn 0.38392 0.72282 0.57457
vn 0.47260 0.52573 0.70729
vn 0.53965 0.52573 0.65756
vn -0.00000 1.00000 0.00000
vn -0.00000 1.00000 0.00000
vn -0.00000 1.00000 0.00000
vn -0.00000 1.00000 0.00000
vn -0.00000 1.00000 0.00000
vn 0.11859 0.96784 0.22187
vn 0.13977 0.96784 0.20918
vn 0.13977 0.96784 0.20918
vn 0.11859 0.96784 0.22187
vn 0.22955 0.87342 0.42946
vn 0.27054 0.87342 0.40490
vn 0.27054 0.87342 0.40490
vn 0.22955 0.87342 0.42946
vn 0.32575 0.72282 0.60944
vn 0.38392 0.72282 0.57457
vn 0.38392 0.72282 0.57457
vn 0.32575 0.72282 0.60944
vn 0.40099 0.52573 0.75021
vn 0.47260 0.52573 0.70729
vn -0.00000 1.00000 0.00000
vn -0.00000 1.00000 0.00000
vn -0.00000 1.00000 0.00000
vn -0.00000 1.00000 0.00000
vn -0.00000 1.00000 0.00000
vn 0.09627 0.96784 0.23242
vn 0.11859 0.96784 0.22187
vn 0.11859 0.96784 0.22187
vn 0.09627 0.96784 0.23242
vn 0.18635 0.87342 0.44990
vn 0.22955 0.87342 0.42946
vn 0.22955 0.87342 0.42946
vn 0.18635 0.87342 0.44990
vn 0.26445 0.72282 0.63843
vn 0.32575 0.72282 0.60944
vn 0.32575 0.72282 0.60944
vn 0.26445 0.72282 0.63843
vn 0.32553 0.52573 0.78590
vn 0.40099 0.52573 0.75021
vn -0.00000 1.00000 0.00000
vn -0.00000 1.00000 0.00000
vn -0.00000 1.00000 0.00000
vn -0.00000 1.00000 0.00000
vn -0.00000 1.00000 0.00000
vn 0.07303 0.96784 0.24074
vn 0.09627 0.96784 0.23242
vn 0.09627 0.96784 0.23242
vn 0.07303 0.96784 0.24074
vn 0.14136 0.87342 0.46600
vn 0.18635 0.87342 0.44990
vn 0.18635 0.87342 0.44990
vn 0.14136 0.87342 0.46600
vn 0.20060 0.72282 0.66128
vn 0.26445 0.72282 0.63843
vn 0.26445 0.72282 0.63843
vn 0.20060 0.72282 0.66128
vn 0.24693 0.52573 0.81402
vn 0.32553 0.52573 0.78590
vn -0.00000 1.00000 0.00000
vn -0.00000 1.00000 0.00000
vn -0.00000 1.00000 0.00000
vn -0.00000 1.00000 0.00000
vn -0.00000 1.00000 0.00000
vn 0.04908 0.96784 0.24674
vn 0.07303 0.96784 0.24074
vn 0.07303 0.96784 0.24074
vn 0.04908 0.96784 0.24674
vn 0.09500 0.87342 0.47761
vn 0.14136 0.87342 0.46600
vn 0.14136 0.87342 0.46600
vn 0.09500 0.87342 0.47761
vn 0.13481 0.72282 0.67775
vn 0.20060 0.72282 0.66128
vn 0.20060 0.72282 0.66128
vn 0.13481 0.72282 0.67775
vn 0.16595 0.52573 0.83431
vn 0.24693 0.52573 0.81402
vn -0.00000 1.00000 0.00000
vn -0.00000 1.00000 0.00000
vn -0.00000 1.00000 0.00000
vn -0.00000 1.00000 0.00000
vn -0.00000 1.00000 0.00000
vn 0.02466 0.96784 0.25036
vn 0.04908 0.96784 0.24674
vn 0.04908 0.96784 0.24674
vn 0.02466 0.96784 0.25036
vn 0.04773 0.87342 0.48462
vn 0.09500 0.87342 0.47761
vn 0.09500 0.87342 0.47761
vn 0.04773 0.87342 0.48462
vn 0.06773 0.72282 0.68770
vn 0.13481 0.72282 0.67775
vn 0.13481 0.72282 0.67775
vn 0.06773 0.72282 0.68770
vn 0.08338 0.52573 0.84655
vn 0.16595 0.52573 0.83431
vn -0.00000 1.00000 0.00000
vn -0.00000 1.00000 0.00000
vn -0.00000 1.00000 0.00000
vn -0.00000 1.00000 0.00000
vn -0.00000 1.00000 0.00000
vn -0.00000 0.96784 0.25157
vn 0.02466 0.96784 0.25036
vn 0.02466 0.96784 0.25036
vn -0.00000 0.96784 0.25157
vn -0.00000 0.87342 0.48696
vn 0.04773 0.87342 0.48462
vn 0.04773 0.87342 0.48462
vn -0.00000 0.87342 0.48696
vn 0.00000 0.72282 0.69103
vn 0.06773 0.72282 0.68770
vn 0.06773 0.72282 0.68770
vn 0.00000 0.72282 0.69103
vn 0.00000 0.52573 0.85065
vn 0.08338 0.52573 0.84655
vn -0.00000 1.00000 0.00000
vn -0.00000 1.00000 0.00000
vn -0.00000 1.00000 0.00000
vn -0.00000 1.00000 0.00000
vn -0.00000 1.00000 0.00000
vn -0.02466 0.96784 0.25036
vn -0.00000 0.96784 0.25157
vn -0.00000 0.96784 0.25157
vn -0.02466 0.96784 0.25036
vn -0.04773 0.87342 0.48462
vn -0.00000 0.87342 0.48696
vn -0.00000 0.87342 0.48696
vn -0.04773 0.87342 0.48462
vn -0.06773 0.72282 0.68770
vn 0.00000 0.72282 0.69103
vn 0.00000 0.72282 0.69103
vn -0.06773 0.72282 0.68770
vn -0.08338 0.52573 0.84655
vn 0.00000 0.52573 0.85065
vn -0.00000 1.00000 0.00000
vn -0.00000 1.00000 0.00000
vn -0.00000 1.00000 0.00000
vn -0.00000 1.00000 0.00000
vn -0.00000 1.00000 0.00000
vn -0.04908 0.96784 0.24674
vn -0.02466 0.96784 0.25036
vn -0.02466 0.96784 0.25036
vn -0.04908 0.96784 0.24674
vn -0.09500 0.87342 0.47761
vn -0.04773 0.87342 0.48462
vn -0.04773 0.87342 0.48462
vn -0.09500 0.87342 0.47761
vn -0.13481 0.72282 0.67775
vn -0.06773 0.72282 0.68770
vn -0.06773 0.72282 0.68770
vn -0.13481 0.72282 0.67775
vn -0.16595 0.52573 0.83431
vn -0.08338 0.52573 0.84655
vn -0.00000 1.00000 0.00000
vn -0.00000 1.00000 0.00000
vn -0.00000 1.00000 0.00000
vn -0.00000 1.00000 0.00000
vn -0.00000 1.00000 0.00000
vn -0.07303 0.96784 0.24074
vn -0.04908 0.96784 0.24674
vn -0.04908 0.96784 0.24674
vn -0.07303 0.96784 0.24074
vn -0.14136 0.87342 0.46600
vn -0.09500 0.87342 0.47761
vn -0.09500 0.87342 0.47761
vn -0.14136 0.87342 0.46600
vn -0.20060 0.72282 0.66128
vn -0.13481 0.72282 0.67775
vn -0.13481 0.72282 0.67775
vn -0.20060 0.72282 0.66128
vn -0.24693 0.52573 0.81402
vn -0.16595 0.52573 0.83431
vn -0.00000 1.00000 0.00000
vn -0.00000 1.00000 0.00000
vn -0.00000 1.00000 0.00000
vn -0.00000 1.00000 0.00000
vn -0.00000 1.00000 0.00000
vn -0.09627 0.96784 0.23242
vn -0.07303 0.96784 0.24074
vn -0.07303 0.96784 0.24074
vn -0.09627 0.96784 0.23242
vn -0.18635 0.87342 0.44990
vn -0.14136 0.87342 0.46600
vn -0.14136 0.87342 0.46600
vn -0.18635 0.87342 0.44990
vn -0.26445 0.72282 0.63843
vn -0.20060 0.72282 0.66128
vn -0.20060 0.72282 0.66128
vn -0.26445 0.72282 0.63843
vn -0.32553 0.52573 0.78590
vn -0.24693 0.52573 0.81402
vn -0.00000 1.00000 0.00000
vn -0.00000 1.00000 0.00000
vn -0.00000 1.00000 0.00000
vn -0.00000 1.00000 0.00000
vn -0.00000 1.00000 0.00000
vn -0.11859 0.96784 0.22187
vn -0.09627 0.96784 0.23242
vn -0.09627 0.96784 0.23242
vn -0.11859 0.96784 0.22187
vn -0.22955 0.87342 0.42946
vn -0.18635 0.87342 0.44990
vn -0.18635 0.87342 0.44990
vn -0.22955 0.87342 0.42946
vn -0.32575 0.72282 0.60944
vn -0.26445 0.72282 0.63843
vn -0.26445 0.72282 0.63843
vn -0.32575 0.72282 0.60944
vn -0.40099 0.52573 0.75021
vn -0.32553 0.52573 0.78590
vn -0.00000 1.00000 0.00000
vn -0.00000 1.00000 0.00000
vn -0.00000 1.00000 0.00000
vn -0.00000 1.00000 0.00000
vn -0.00000 1.00000 0.00000
vn -0.13977 0.96784 0.20918
vn -0.11859 0.96784 0.22187
vn -0.11859 0.96784 0.22187
vn -0.13977 0.96784 0.20918
vn -0.27054 0.87342 0.40490
vn -0.22955 0.87342 0.42946
vn -0.22955 0.87342 0.42946
vn -0.27054 0.87342 0.40490
vn -0.38392 0.72282 0.57457
vn -0.32575 0.72282 0.60944
vn -0.32575 0.72282 0.60944
vn -0.38392 0.72282 0.57457
vn -0.47260 0.52573 0.70729
vn -0.40099 0.52573 0.75021
vn -0.00000 1.00000 0.00000
vn -0.00000 1.00000 0.00000
vn -0.00000 1.00000 0.00000
vn -0.00000 1.00000 0.00000
vn -0.00000 1.00000 0.00000
vn -0.15960 0.96784 0.19447
vn -0.13977 0.96784 0.20918
vn -0.13977 0.96784 0.20918
vn -0.15960 0.96784 0.19447
vn -0.30893 0.87342 0.37643
vn -0.27054 0.87342 0.40490
vn -0.27054 0.87342 0.40490
vn -0.30893 0.87342 0.37643
vn -0.43839 0.72282 0.53418
vn -0.38392 0.72282 0.57457
vn -0.38392 0.72282 0.57457
vn -0.43839 0.72282 0.53418
vn -0.53965 0.52573 0.65756
vn -0.47260 0.52573 0.70729
vn -0.00000 1.00000 0.00000
vn -0.00000 1.00000 0.00000
vn -0.00000 1.00000 0.00000
vn -0.00000 1.00000 0.00000
vn -0.00000 1.00000 0.00000
vn -0.17789 0.96784 0.17789
vn -0.15960 0.96784 0.19447
vn -0.15960 0.96784 0.19447
vn -0.17789 0.96784 0.17789
vn -0.34434 0.87342 0.34434
vn -0.30893 0.87342 0.37643
vn -0.30893 0.87342 0.37643
vn -0.34434 0.87342 0.34434
vn -0.48863 0.72282 0.48863
vn -0.43839 0.72282 0.53418
vn -0.43839 0.72282 0.53418
vn -0.48863 0.72282 0.48863
vn -0.60150 0.52573 0.60150
vn -0.53965 0.52573 0.65756
vn -0.00000 1.00000 0.00000
vn -0.00000 1.00000 0.00000
vn -0.00000 1.00000 0.00000
vn -0.00000 1.00000 0.00000
vn -0.00000 1.00000 0.00000
vn -0.19447 0.96784 0.15960
vn -0.17789 0.96784 0.17789
vn -0.17789 0.96784 0.17789
vn -0.19447 0.96784 0.15960
vn -0.37643 0.87342 0.30893
vn -0.34434 0.87342 0.34434
vn -0.34434 0.87342 0.34434
vn -0.37643 0.87342 0.30893
vn -0.53418 0.72282 0.43839
vn -0.48863 0.72282 0.48863
vn -0.48863 0.72282 0.48863
vn -0.53418 0.72282 0.43839
vn -0.65756 0.52573 0.53965
vn -0.60150 0.52573 0.60150
vn -0.00000 1.00000 0.00000
vn -0.00000 1.00000 0.00000
vn -0.00000 1.00000 0.00000
vn -0.00000 1.00000 0.00000
vn -0.00000 1.00000 0.00000
vn -0.20918 0.96784 0.13977
vn -0.19447 0.96784 0.15960
vn -0.19447 0.96784 0.15960
vn -0.20918 0.96784 0.13977
vn -0.40490 0.87342 0.27054
vn -0.37643 0.87342 0.30893
vn -0.37643 0.87342 0.30893
vn -0.40490 0.87342 0.27054
vn -0.57457 0.72282 0.38392
vn -0.53418 0.72282 0.43839
vn -0.53418 0.72282 0.43839
vn -0.57457 0.72282 0.38392
vn -0.70729 0.52573 0.47260
vn -0.65756 0.52573 0.53965
vn -0.00000 1.00000 0.00000
vn -0.00000 1.00000 0.00000
vn -0.00000 1.00000 0.00000
vn -0.00000 1.00000 0.00000
vn -0.00000 1.00000 0.00000
vn -0.22187 0.96784 0.11859
vn -0.20918 0.96784 0.13977
vn -0.20918 0.96784 0.13977
vn -0.22187 0.96784 0.11859
vn -0.42946 0.87342 0.22955
vn -0.40490 0.87342 0.27054
vn -0.40490 0.87342 0.27054
vn -0.42946 0.87342 0.22955
vn -0.60944 0.72282 0.32575
vn -0.57457 0.72282 0.38392
vn -0.57457 0.72282 0.38392
vn -0.60944 0.72282 0.32575
vn -0.75021 0.52573 0.40099
vn -0.70729 0.52573 0.47260
vn -0.00000 1.00000 0.00000
vn -0.00000 1.00000 0.00000
vn -0.00000 1.00000 0.00000
vn -0.00000 1.00000 0.00000
vn -0.00000 1.00000 0.00000
vn -0.23242 0.96784 0.09627
vn -0.22187 0.96784 0.11859
vn -0.22187 0.96784 0.11859
vn -0.23242 0.96784 0.09627
vn -0.44990 0.87342 0.18635
vn -0.42946 0.87342 0.22955
vn -0.42946 0.87342 0.22955
vn -0.44990 0.87342 0.18635
vn -0.63843 0.72282 0.26445
vn -0.60944 0.72282 0.32575
vn -0.60944 0.72282 0.32575
vn -0.63843 0.72282 0.26445
vn -0.78590 0.52573 0.32553
vn -0.75021 0.52573 0.40099
vn -0.00000 1.00000 0.00000
vn -0.00000 1.00000 0.00000
vn -0.00000 1.00000 0.00000
vn -0.00000 1.00000 0.00000
vn -0.00000 1.00000 0.00000
vn -0.24074 0.96784 0.07303
vn -0.23242 0.96784 0.09627
vn -0.23242 0.96784 0.09627
vn -0.24074 0.96784 0.07303
vn -0.46600 0.87342 0.14136
vn -0.44990 0.87342 0.18635
vn -0.44990 0.87342 0.18635
vn -0.46600 0.87342 0.14136
vn -0.66128 0.72282 0.20060
vn -0.63843 0.72282 0.26445
vn -0.63843 0.72282 0.26445
vn -0.66128 0.72282 0.20060
vn -0.81402 0.52573 0.24693
vn -0.78590 0.52573 0.32553
vn -0.00000 1.00000 0.00000
vn -0.00000 1.00000 0.00000
vn -0.00000 1.00000 0.00000
vn -0.00000 1.00000 0.00000
vn -0.00000 1.00000 0.00000
vn -0.24674 0.96784 0.04908
vn -0.24074 0.96784 0.07303
vn -0.24074 0.96784 0.07303
vn -0.24674 0.96784 0.04908
vn -0.47761 0.87342 0.09500
vn -0.46600 0.87342 0.14136
vn -0.46600 0.87342 0.14136
vn -0.47761 0.87342 0.09500
vn -0.67775 0.72282 0.13481
vn -0.66128 0.72282 0.20060
vn -0.66128 0.72282 0.20060
vn -0.67775 0.72282 0.13481
vn -0.83431 0.52573 0.16595
vn -0.81402 0.52573 0.24693
vn -0.00000 1.00000 0.00000
vn -0.00000 1.00000 0.00000
vn -0.00000 1.00000 0.00000
vn -0.00000 1.00000 0.00000
vn -0.00000 1.00000 0.00000
vn -0.25036 0.96784 0.02466
vn -0.24674 0.96784 0.04908
vn -0.24674 0.96784 0.04908
vn -0.25036 0.96784 0.02466
vn -0.48462 0.87342 0.04773
vn -0.47761 0.87342 0.09500
vn -0.47761 0.87342 0.09500
vn -0.48462 0.87342 0.04773
vn -0.68770 0.72282 0.06773
vn -0.67775 0.72282 0.13481
vn -0.67775 0.72282 0.13481
vn -0.68770 0.72282 0.06773
vn -0.84655 0.52573 0.08338
vn -0.83431 0.52573 0.16595
vn -0.00000 1.00000 0.00000
vn -0.00000 1.00000 0.00000
vn -0.00000 1.00000 0.00000
vn -0.00000 1.00000 0.00000
vn -0.00000 1.00000 0.00000
vn -0.25157 0.96784 0.00000
vn -0.25036 0.96784 0.02466
vn -0.25036 0.96784 0.02466
vn -0.25157 0.96784 0.00000
vn -0.48696 0.87342 0.00000
vn -0.48462 0.87342 0.04773
vn -0.48462 0.87342 0.04773
vn -0.48696 0.87342 0.00000
vn -0.69103 0.72282 0.00000
vn -0.68770 0.72282 0.06773
vn -0.68770 0.72282 0.06773
vn -0.69103 0.72282 0.00000
vn -0.85065 0.52573 0.00000
vn -0.84655 0.52573 0.08338
f 1/1/1 2/2/2 3/3/3 
f 2/2/4 4/4/5 5/5/6 3/3/7 
f 4/4/8 6/6/9 7/7/10 5/5/11 
f 6/6/12 8/8/13 9/9/14 7/7/15 
f 8/8/16 10/10/17 11/11/18 9/9/19 
f 10/10/20 12/12/21 13/13/22 11/11/23 
f 12/12/24 14/14/25 15/15/26 13/13/27 
f 14/14/28 16/16/29 17/17/30 15/15/31 
f 16/16/32 18/18/33 19/19/34 17/17/35 
f 1/1/36 3/3/37 20/20/38 
f 3/3/39 5/5/40 21/21/41 20/20/42 
f 5/5/43 7/7/44 22/22/45 21/21/46 
f 7/7/47 9/9/48 23/23/49 22/22/50 
f 9/9/51 11/11/52 24/24/53 23/23/54 
f 11/11/55 13/13/56 25/25/57 24/24/58 
f 13/13/59 15/15/60 26/26/61 25/25/62 
f 15/15/63 17/17/64 27/27/65 26/26/66 
f 17/17/67 19/19/68 28/28/69 27/27/70 
f 1/1/71 20/20/72 29/29/73 
f 20/20/74 21/21/75 30/30/76 29/29/77 
f 21/21/78 22/22/79 31/31/80 30/30/81 
f 22/22/82 23/23/83 32/32/84 31/31/85 
f 23/23/86 24/24/87 33/33/88 32/32/89 
f 24/24/90 25/25/91 34/34/92 33/33/93 
f 25/25/94 26/26/95 35/35/96 34/34/97 
f 26/26/98 27/27/99 36/36/100 35/35/101 
f 27/27/102 28/28/103 37/37/104 36/36/105 
f 1/1/106 29/29/107 38/38/108 
f 29/29/109 30/30/110 39/39/111 38/38/112 
f 30/30/113 31/31/114 40/40/115 39/39/116 
f 31/31/117 32/32/118 41/41/119 40/40/120 
f 32/32/121 33/33/122 42/42/123 41/41/124 
f 33/33/125 34/34/126 43/43/127 42/42/128 
f 34/34/129 35/35/130 44/44/131 43/43/132 
f 35/35/133 36/36/134 45/45/135 44/44/136 
f 36/36/137 37/37/138 46/46/139 45/45/140 
f 1/1/141 38/38/142 47/47/143 
f 38/38/144 39/39/145 48/48/146 47/47/147 
f 39/39/148 40/40/149 49/49/150 48/48/151 
f 40/40/152 41/41/153 50/50/154 49/49/155 
f 41/41/156 42/42/157 51/51/158 50/50/159 
f 42/42/160 43/43/161 52/52/162 51/51/163 
f 43/43/164 44/44/165 53/53/166 52/52/167 
f 44/44/168 45/45/169 54/54/170 53/53/171 
f 45/45/172 46/46/173 55/55/174 54/54/175 
f 1/1/176 47/47/177 56/56/178 
f 47/47/179 48/48/180 57/57/181 56/56/182 
f 48/48/183 49/49/184 58/58/185 57/57/186 
f 49/49/187 50/50/188 59/59/189 58/58/190 
f 50/50/191 51/51/192 60/60/193 59/59/194 
f 51/51/195 52/52/196 61/61/197 60/60/198 
f 52/52/199 53/53/200 62/62/201 61/61/202 
f 53/53/203 54/54/204 63/63/205 62/62/206 
f 54/54/207 55/55/208 64/64/209 63/63/210 
f 1/1/211 56/56/212 65/65/213 
f 56/56/214 57/57/215 66/66/216 65/65/217 
f 57/57/218 58/58/219 67/67/220 66/66/221 
f 58/58/222 59/59/223 68/68/224 67/67/225 
f 59/59/226 60/60/227 69/69/228 68/68/229 
f 60/60/230 61/61/231 70/70/232 69/69/233 
f 61/61/234 62/62/235 71/71/236 70/70/237 
f 62/62/238 63/63/239 72/72/240 71/71/241 
f 63/63/242 64/64/243 73/73/244 72/72/245 
f 1/1/246 65/65/247 74/74/248 
f 65/65/249 66/66/250 75/75/251 74/74/252 
f 66/66/253 67/67/254 76/76/255 75/75/256 
f 67/67/257 68/68/258 77/77/259 76/76/260 
f 68/68/261 69/69/262 78/78/263 77/77/264 
f 69/69/265 70/70/266 79/79/267 78/78/268 
f 70/70/269 71/71/270 80/80/271 79/79/272 
f 71/71/273 72/72/274 81/81/275 80/80/276 
f 72/72/277 73/73/278 82/82/279 81/81/280 
f 1/1/281 74/74/282 83/83/283 
f 74/74/284 75/75/285 84/84/286 83/83/287 
f 75/75/288 76/76/289 85/85/290 84/84/291 
f 76/76/292 77/77/293 86/86/294 85/85/295 
f 77/77/296 78/78/297 87/87/298 86/86/299 
f 78/78/300 79/79/301 88/88/302 87/87/303 
f 79/79/304 80/80/305 89/89/306 88/88/307 
f 80/80/308 81/81/309 90/90/310 89/89/311 
f 81/81/312 82/82/313 91/91/314 90/90/315 
f 1/1/316 83/83/317 92/92/318 
f 83/83/319 84/84/320 93/93/321 92/92/322 
f 84/84/323 85/85/324 94/94/325 93/93/326 
f 85/85/327 86/86/328 95/95/329 94/94/330 
f 86/86/331 87/87/332 96/96/333 95/95/334 
f 87/87/335 88/88/336 97/97/337 96/96/338 
f 88/88/339 89/89/340 98/98/341 97/97/342 
f 89/89/343 90/90/344 99/99/345 98/98/346 
f 90/90/347 91/91/348 100/100/349 99/99/350 
f 1/1/351 92/92/352 101/101/353 
f 92/92/354 93/93/355 102/102/356 101/101/357 
f 93/93/358 94/94/359 103/103/360 102/102/361 
f 94/94/362 95/95/363 104/104/364 103/103/365 
f 95/95/366 96/96/367 105/105/368 104/104/369 
f 96/96/370 97/97/371 106/106/372 105/105/373 
f 97/97/374 98/98/375 107/107/376 106/106/377 
f 98/98/378 99/99/379 108/108/380 107/107/381 
f 99/99/382 100/100/383 109/109/384 108/108/385 
f 1/1/386 101/101/387 110/110/388 
f 101/101/389 102/102/390 111/111/391 110/110/392 
f 102/102/393 103/103/394 112/112/395 111/111/396 
f 103/103/397 104/104/398 113/113/399 112/112/400 
f 104/104/401 105/105/402 114/114/403 113/113/404 
f 105/105/405 106/106/406 115/115/407 114/114/408 
f 106/106/409 107/107/410 116/116/411 115/115/412 
f 107/107/413 108/108/414 117/117/415 116/116/416 
f 108/108/417 109/109/418 118/118/419 117/117/420 
f 1/1/421 110/110/422 119/119/423 
f 110/110/424 111/111/425 120/120/426 119/119/427 
f 111/111/428 112/112/429 121/121/430 120/120/431 
f 112/112/432 113/113/433 122/122/434 121/121/435 
f 113/113/436 114/114/437 123/123/438 122/122/439 
f 114/114/440 115/115/441 124/124/442 123/123/443 
f 115/115/444 116/116/445 125/125/446 124/124/447 
f 116/116/448 117/117/449 126/126/450 125/125/451 
f 117/117/452 118/118/453 127/127/454 126/126/455 
f 1/1/456 119/119/457 128/128/458 
f 119/119/459 120/120/460 129/129/461 128/128/462 
f 120/120/463 121/121/464 130/130/465 129/129/466 
f 121/121/467 122/122/468 131/131/469 130/130/470 
f 122/122/471 123/123/472 132/132/473 131/131/474 
f 123/123/475 124/124/476 133/133/477 132/132/478 
f 124/124/479 125/125/480 134/134/481 133/133/482 
f 125/125/483 126/126/484 135/135/485 134/134/486 
f 126/126/487 127/127/488 136/136/489 135/135/490 
f 1/1/491 128/128/492 137/137/493 
f 128/128/494 129/129/495 138/138/496 137/137/497 
f 129/129/498 130/130/499 139/139/500 138/138/501 
f 130/130/502 131/131/503 140/140/504 139/139/505 
f 131/131/506 132/132/507 141/141/508 140/140/509 
f 132/132/510 133/133/511 142/142/512 141/141/513 
f 133/133/514 134/134/515 143/143/516 142/142/517 
f 134/134/518 135/135/519 144/144/520 143/143/521 
f 135/135/522 136/136/523 145/145/524 144/144/525 
f 1/1/526 137/137/527 146/146/528 
f 137/137/529 138/138/530 147/147/531 146/146/532 
f 138/138/533 139/139/534 148/148/535 147/147/536 
f 139/139/537 140/140/538 149/149/539 148/148/540 
f 140/140/541 141/141/542 150/150/543 149/149/544 
f 141/141/545 142/142/546 151/151/547 150/150/548 
f 142/142/549 143/143/550 152/152/551 151/151/552 
f 143/143/553 144/144/554 153/153/555 152/152/556 
f 144/144/557 145/145/558 154/154/559 153/153/560 
f 1/1/561 146/146/562 155/155/563 
f 146/146/564 147/147/565 156/156/566 155/155/567 
f 147/147/568 148/148/569 157/157/570 156/156/571 
f 148/148/572 149/149/573 158/158/574 157/157/575 
f 149/149/576 150/150/577 159/159/578 158/158/579 
f 150/150/580 151/151/581 160/160/582 159/159/583 
f 151/151/584 152/152/585 161/161/586 160/160/587 
f 152/152/588 153/153/589 162/162/590 161/161/591 
f 153/153/592 154/154/593 163/163/594 162/162/595 
f 1/1/596 155/155/597 164/164/598 
f 155/155/599 156/156/600 165/165/601 164/164/602 
f 156/156/603 157/157/604 166/166/605 165/165/606 
f 157/157/607 158/158/608 167/167/609 166/166/610 
f 158/158/611 159/159/612 168/168/613 167/167/614 
f 159/159/615 160/160/616 169/169/617 168/168/618 
f 160/160/619 161/161/620 170/170/621 169/169/622 
f 161/161/623 162/162/624 171/171/625 170/170/626 
f 162/162/627 163/163/628 172/172/629 171/171/630 
f 1/1/631 164/164/632 173/173/633 
f 164/164/634 165/165/635 174/174/636 173/173/637 
f 165/165/638 166/166/639 175/175/640 174/174/641 
f 166/166/642 167/167/643 176/176/644 175/175/645 
f 167/167/646 168/168/647 177/177/648 176/176/649 
f 168/168/650 169/169/651 178/178/652 177/177/653 
f 169/169/654 170/170/655 179/179/656 178/178/657 
f 170/170/658 171/171/659 180/180/660 179/179/661 
f 171/171/662 172/172/663 181/181/664 180/180/665 
f 1/1/666 173/173/667 182/182/668 
f 173/173/669 174/174/670 183/183/671 182/182/672 
f 174/174/673 175/175/674 184/184/675 183/183/676 
f 175/175/677 176/176/678 185/185/679 184/184/680 
f 176/176/681 177/177/682 186/186/683 185/185/684 
f 177/177/685 178/178/686 187/187/687 186/186/688 
f 178/178/689 179/179/690 188/188/691 187/187/692 
f 179/179/693 180/180/694 189/189/695 188/188/696 
f 180/180/697 181/181/698 190/190/699 189/189/700 
f 1/1/701 182/182/702 191/191/703 
f 182/182/704 183/183/705 192/192/706 191/191/707 
f 183/183/708 184/184/709 193/193/710 192/192/711 
f 184/184/712 185/185/713 194/194/714 193/193/715 
f 185/185/716 186/186/717 195/195/718 194/194/719 
f 186/186/720 187/187/721 196/196/722 195/195/723 
f 187/187/724 188/188/725 197/197/726 196/196/727 
f 188/188/728 189/189/729 198/198/730 197/197/731 
f 189/189/732 190/190/733 199/199/734 198/198/735 
f 1/1/736 191/191/737 200/200/738 
f 191/191/739 192/192/740 201/201/741 200/200/742 
f 192/192/743 193/193/744 202/202/745 201/201/746 
f 193/193/747 194/194/748 203/203/749 202/202/750 
f 194/194/751 195/195/752 204/204/753 203/203/754 
f 195/195/755 196/196/756 205/205/757 204/204/758 
f 196/196/759 197/197/760 206/206/761 205/205/762 
f 197/197/763 198/198/764 207/207/765 206/206/766 
f 198/198/767 199/199/768 208/208/769 207/207/770 
f 1/1/771 200/200/772 209/209/773 
f 200/200/774 201/201/775 210/210/776 209/209/777 
f 201/201/778 202/202/779 211/211/780 210/210/781 
f 202/202/782 203/203/783 212/212/784 211/211/785 
f 203/203/786 204/204/787 213/213/788 212/212/789 
f 204/204/790 205/205/791 214/214/792 213/213/793 
f 205/205/794 206/206/795 215/215/796 214/214/797 
f 206/206/798 207/207/799 216/216/800 215/215/801 
f 207/207/802 208/208/803 217/217/804 216/216/805 
f 1/1/806 209/209/807 218/218/808 
f 209/209/809 210/210/810 219/219/811 218/218/812 
f 210/210/813 211/211/814 220/220/815 219/219/816 
f 211/211/817 212/212/818 221/221/819 220/220/820 
f 212/212/821 213/213/822 222/222/823 221/221/824 
f 213/213/825 214/214/826 223/223/827 222/222/828 
f 214/214/829 215/215/830 224/224/831 223/223/832 
f 215/215/833 216/216/834 225/225/835 224/224/836 
f 216/216/837 217/217/838 226/226/839 225/225/840 
f 1/1/841 218/218/842 227/227/843 
f 218/218/844 219/219/845 228/228/846 227/227/847 
f 219/219/848 220/220/849 229/229/850 228/228/851 
f 220/220/852 221/221/853 230/230/854 229/229/855 
f 221/221/856 222/222/857 231/231/858 230/230/859 
f 222/222/860 223/223/861 232/232/862 231/231/863 
f 223/223/864 224/224/865 233/233/866 232/232/867 
f 224/224/868 225/225/869 234/234/870 233/233/871 
f 225/225/872 226/226/873 235/235/874 234/234/875 
f 1/1/876 227/227/877 236/236/878 
f 227/227/879 228/228/880 237/237/881 236/236/882 
f 228/228/883 229/229/884 238/238/885 237/237/886 
f 229/229/887 230/230/888 239/239/889 238/238/890 
f 230/230/891 231/231/892 240/240/893 239/239/894 
f 231/231/895 232/232/896 241/241/897 240/240/898 
f 232/232/899 233/233/900 242/242/901 241/241/902 
f 233/233/903 234/234/904 243/243/905 242/242/906 
f 234/234/907 235/235/908 244/244/909 243/243/910 
f 1/1/911 236/236/912 245/245/913 
f 236/236/914 237/237/915 246/246/916 245/245/917 
f 237/237/918 238/238/919 247/247/920 246/246/921 
f 238/238/922 239/239/923 248/248/924 247/247/925 
f 239/239/926 240/240/927 249/249/928 248/248/929 
f 240/240/930 241/241/931 250/250/932 249/249/933 
f 241/241/934 242/242/935 251/251/936 250/250/937 
f 242/242/938 243/243/939 252/252/940 251/251/941 
f 243/243/942 244/244/943 253/253/944 252/252/945 
f 1/1/946 245/245/947 254/254/948 
f 245/245/949 246/246/950 255/255/951 254/254/952 
f 246/246/953 247/247/954 256/256/955 255/255/956 
f 247/247/957 248/248/958 257/257/959 256/256/960 
f 248/248/961 249/249/962 258/258/963 257/257/964 
f 249/249/965 250/250/966 259/259/967 258/258/968 
f 250/250/969 251/251/970 260/260/971 259/259/972 
f 251/251/973 252/252/974 261/261/975 260/260/976 
f 252/252/977 253/253/978 262/262/979 261/261/980 
f 1/1/981 254/254/982 263/263/983 
f 254/254/984 255/255/985 264/264/986 263/263/987 
f 255/255/988 256/256/989 265/265/990 264/264/991 
f 256/256/992 257/257/993 266/266/994 265/265/995 
f 257/257/996 258/258/997 267/267/998 266/266/999 
f 258/258/1000 259/259/1001 268/268/1002 267/267/1003 
f 259/259/1004 260/260/1005 269/269/1006 268/268/1007 
f 260/260/1008 261/261/1009 270/270/1010 269/269/1011 
f 261/261/1012 262/262/1013 271/271/1014 270/270/1015 
f 1/1/1016 263/263/1017 272/272/1018 
f 263/263/1019 264/264/1020 273/273/1021 272/272/1022 
f 264/264/1023 265/265/1024 274/274/1025 273/273/1026 
f 265/265/1027 266/266/1028 275/275/1029 274/274/1030 
f 266/266/1031 267/267/1032 276/276/1033 275/275/1034 
f 267/267/1035 268/268/1036 277/277/1037 276/276/1038 
f 268/268/1039 269/269/1040 278/278/1041 277/277/1042 
f 269/269/1043 270/270/1044 279/279/1045 278/278/1046 
f 270/270/1047 271/271/1048 280/280/1049 279/279/1050 
f 1/1/1051 272/272/1052 281/281/1053 
f 272/272/1054 273/273/1055 282/282/1056 281/281/1057 
f 273/273/1058 274/274/1059 283/283/1060 282/282/1061 
f 274/274/1062 275/275/1063 284/284/1064 283/283/1065 
f 275/275/1066 276/276/1067 285/285/1068 284/284/1069 
f 276/276/1070 277/277/1071 286/286/1072 285/285/1073 
f 277/277/1074 278/278/1075 287/287/1076 286/286/1077 
f 278/278/1078 279/279/1079 288/288/1080 287/287/1081 
f 279/279/1082 280/280/1083 289/289/1084 288/288/1085 
f 1/1/1086 281/281/1087 290/290/1088 
f 281/281/1089 282/282/1090 291/291/1091 290/290/1092 
f 282/282/1093 283/283/1094 292/292/1095 291/291/1096 
f 283/283/1097 284/284/1098 293/293/1099 292/292/1100 
f 284/284/1101 285/285/1102 294/294/1103 293/293/1104 
f 285/285/1105 286/286/1106 295/295/1107 294/294/1108 
f 286/286/1109 287/287/1110 296/296/1111 295/295/1112 
f 287/287/1113 288/288/1114 297/297/1115 296/296/1116 
f 288/288/1117 289/289/1118 298/298/1119 297/297/1120 
f 1/1/1121 290/290/1122 299/299/1123 
f 290/290/1124 291/291/1125 300/300/1126 299/299/1127 
f 291/291/1128 292/292/1129 301/301/1130 300/300/1131 
f 292/292/1132 293/293/1133 302/302/1134 301/301/1135 
f 293/293/1136 294/294/1137 303/303/1138 302/302/1139 
f 294/294/1140 295/295/1141 304/304/1142 303/303/1143 
f 295/295/1144 296/296/1145 305/305/1146 304/304/1147 
f 296/296/1148 297/297/1149 306/306/1150 305/305/1151 
f 297/297/1152 298/298/1153 307/307/1154 306/306/1155 
f 1/1/1156 299/299/1157 308/308/1158 
f 299/299/1159 300/300/1160 309/309/1161 308/308/1162 
f 300/300/1163 301/301/1164 310/310/1165 309/309/1166 
f 301/301/1167 302/302/1168 311/311/1169 310/310/1170 
f 302/302/1171 303/303/1172 312/312/1173 311/311/1174 
f 303/303/1175 304/304/1176 313/313/1177 312/312/1178 
f 304/304/1179 305/305/1180 314/314/1181 313/313/1182 
f 305/305/1183 306/306/1184 315/315/1185 314/314/1186 
f 306/306/1187 307/307/1188 316/316/1189 315/315/1190 
f 1/1/1191 308/308/1192 317/317/1193 
f 308/308/1194 309/309/1195 318/318/1196 317/317/1197 
f 309/309/1198 310/310/1199 319/319/1200 318/318/1201 
f 310/310/1202 311/311/1203 320/320/1204 319/319/1205 
f 311/311/1206 312/312/1207 321/321/1208 320/320/1209 
f 312/312/1210 313/313/1211 322/322/1212 321/321/1213 
f 313/313/1214 314/314/1215 323/323/1216 322/322/1217 
f 314/314/1218 315/315/1219 324/324/1220 323/323/1221 
f 315/315/1222 316/316/1223 325/325/1224 324/324/1225 
f 1/1/1226 317/317/1227 326/326/1228 
f 317/317/1229 318/318/1230 327/327/1231 326/326/1232 
f 318/318/1233 319/319/1234 328/328/1235 327/327/1236 
f 319/319/1237 320/320/1238 329/329/1239 328/328/1240 
f 320/320/1241 321/321/1242 330/330/1243 329/329/1244 
f 321/321/1245 322/322/1246 331/331/1247 330/330/1248 
f 322/322/1249 323/323/1250 332/332/1251 331/331/1252 
f 323/323/1253 324/324/1254 333/333/1255 332/332/1256 
f 324/324/1257 325/325/1258 334/334/1259 333/333/1260 
f 1/1/1261 326/326/1262 335/335/1263 
f 326/326/1264 327/327/1265 336/336/1266 335/335/1267 
f 327/327/1268 328/328/1269 337/337/1270 336/336/1271 
f 328/328/1272 329/329/1273 338/338/1274 337/337/1275 
f 329/329/1276 330/330/1277 339/339/1278 338/338/1279 
f 330/330/1280 331/331/1281 340/340/1282 339/339/1283 
f 331/331/1284 332/332/1285 341/341/1286 340/340/1287 
f 332/332/1288 333/333/1289 342/342/1290 341/341/1291 
f 333/333/1292 334/334/1293 343/343/1294 342/342/1295 
f 1/1/1296 335/335/1297 344/344/1298 
f 335/335/1299 336/336/1300 345/345/1301 344/344/1302 
f 336/336/1303 337/337/1304 346/346/1305 345/345/1306 
f 337/337/1307 338/338/1308 347/347/1309 346/346/1310 
f 338/338/1311 339/339/1312 348/348/1313 347/347/1314 
f 339/339/1315 340/340/1316 349/349/1317 348/348/1318 
f 340/340/1319 341/341/1320 350/350/1321 349/349/1322 
f 341/341/1323 342/342/1324 351/351/1325 350/350/1326 
f 342/342/1327 343/343/1328 352/352/1329 351/351/1330 
f 1/1/1331 344/344/1332 353/353/1333 
f 344/344/1334 345/345/1335 354/354/1336 353/353/1337 
f 345/345/1338 346/346/1339 355/355/1340 354/354/1341 
f 346/346/1342 347/347/1343 356/356/1344 355/355/1345 
f 347/347/1346 348/348/1347 357/357/1348 356/356/1349 
f 348/348/1350 349/349/1351 358/358/1352 357/357/1353 
f 349/349/1354 350/350/1355 359/359/1356 358/358/1357 
f 350/350/1358 351/351/1359 360/360/1360 359/359/1361 
f 351/351/1362 352/352/1363 361/361/1364 360/360/1365 
f 1/1/1366 353/353/1367 362/362/1368 
f 353/353/1369 354/354/1370 363/363/1371 362/362/1372 
f 354/354/1373 355/355/1374 364/364/1375 363/363/1376 
f 355/355/1377 356/356/1378 365/365/1379 364/364/1380 
f 356/356/1381 357/357/1382 366/366/1383 365/365/1384 
f 357/357/1385 358/358/1386 367/367/1387 366/366/1388 
f 358/358/1389 359/359/1390 368/368/1391 367/367/1392 
f 359/359/1393 360/360/1394 369/369/1395 368/368/1396 
f 360/360/1397 361/361/1398 370/370/1399 369/369/1400 
f 1/1/1401 362/362/1402 371/371/1403 
f 362/362/1404 363/363/1405 372/372/1406 371/371/1407 
f 363/363/1408 364/364/1409 373/373/1410 372/372/1411 
f 364/364/1412 365/365/1413 374/374/1414 373/373/1415 
f 365/365/1416 366/366/1417 375/375/1418 374/374/1419 
f 366/366/1420 367/367/1421 376/376/1422 375/375/1423 
f 367/367/1424 368/368/1425 377/377/1426 376/376/1427 
f 368/368/1428 369/369/1429 378/378/1430 377/377/1431 
f 369/369/1432 370/370/1433 379/379/1434 378/378/1435 
f 1/1/1436 371/371/1437 380/380/1438 
f 371/371/1439 372/372/1440 381/381/1441 380/380/1442 
f 372/372/1443 373/373/1444 382/382/1445 381/381/1446 
f 373/373/1447 374/374/1448 383/383/1449 382/382/1450 
f 374/374/1451 375/375/1452 384/384/1453 383/383/1454 
f 375/375/1455 376/376/1456 385/385/1457 384/384/1458 
f 376/376/1459 377/377/1460 386/386/1461 385/385/1462 
f 377/377/1463 378/378/1464 387/387/1465 386/386/1466 
f 378/378/1467 379/379/1468 388/388/1469 387/387/1470 
f 1/1/1471 380/380/1472 389/389/1473 
f 380/380/1474 381/381/1475 390/390/1476 389/389/1477 
f 381/381/1478 382/382/1479 391/391/1480 390/390/1481 
f 382/382/1482 383/383/1483 392/392/1484 391/391/1485 
f 383/383/1486 384/384/1487 393/393/1488 392/392/1489 
f 384/384/1490 385/385/1491 394/394/1492 393/393/1493 
f 385/385/1494 386/386/1495 395/395/1496 394/394/1497 
f 386/386/1498 387/387/1499 396/396/1500 395/395/1501 
f 387/387/1502 388/388/1503 397/397/1504 396/396/1505 
f 1/1/1506 389/389/1507 398/398/1508 
f 389/389/1509 390/390/1510 399/399/1511 398/398/1512 
f 390/390/1513 391/391/1514 400/400/1515 399/399/1516 
f 391/391/1517 392/392/1518 401/401/1519 400/400/1520 
f 392/392/1521 393/393/1522 402/402/1523 401/401/1524 
f 393/393/1525 394/394/1526 403/403/1527 402/402/1528 
f 394/394/1529 395/395/1530 404/404/1531 403/403/1532 
f 395/395/1533 396/396/1534 405/405/1535 404/404/1536 
f 396/396/1537 397/397/1538 406/406/1539 405/405/1540 
f 1/1/1541 398/398/1542 407/407/1543 
f 398/398/1544 399/399/1545 408/408/1546 407/407/1547 
f 399/399/1548 400/400/1549 409/409/1550 408/408/1551 
f 400/400/1552 401/401/1553 410/410/1554 409/409/1555 
f 401/401/1556 402/402/1557 411/411/1558 410/410/1559 
f 402/402/1560 403/403/1561 412/412/1562 411/411/1563 
f 403/403/1564 404/404/1565 413/413/1566 412/412/1567 
f 404/404/1568 405/405/1569 414/414/1570 413/413/1571 
f 405/405/1572 406/406/1573 415/415/1574 414/414/1575 
f 1/1/1576 407/407/1577 416/416/1578 
f 407/407/1579 408/408/1580 417/417/1581 416/416/1582 
f 408/408/1583 409/409/1584 418/418/1585 417/417/1586 
f 409/409/1587 410/410/1588 419/419/1589 418/418/1590 
f 410/410/1591 411/411/1592 420/420/1593 419/419/1594 
f 411/411/1595 412/412/1596 421/421/1597 420/420/1598 
f 412/412/1599 413/413/1600 422/422/1601 421/421/1602 
f 413/413/1603 414/414/1604 423/423/1605 422/422/1606 
f 414/414/1607 415/415/1608 424/424/1609 423/423/1610 
f 1/1/1611 416/416/1612 425/425/1613 
f 416/416/1614 417/417/1615 426/426/1616 425/425/1617 
f 417/417/1618 418/418/1619 427/427/1620 426/426/1621 
f 418/418/1622 419/419/1623 428/428/1624 427/427/1625 
f 419/419/1626 420/420/1627 429/429/1628 428/428/1629 
f 420/420/1630 421/421/1631 430/430/1632 429/429/1633 
f 421/421/1634 422/422/1635 431/431/1636 430/430/1637 
f 422/422/1638 423/423/1639 432/432/1640 431/431/1641 
f 423/423/1642 424/424/1643 433/433/1644 432/432/1645 
f 1/1/1646 425/425/1647 434/434/1648 
f 425/425/1649 426/426/1650 435/435/1651 434/434/1652 
f 426/426/1653 427/427/1654 436/436/1655 435/435/1656 
f 427/427/1657 428/428/1658 437/437/1659 436/436/1660 
f 428/428/1661 429/429/1662 438/438/1663 437/437/1664 
f 429/429/1665 430/430/1666 439/439/1667 438/438/1668 
f 430/430/1669 431/431/1670 440/440/1671 439/439/1672 
f 431/431/1673 432/432/1674 441/441/1675 440/440/1676 
f 432/432/1677 433/433/1678 442/442/1679 441/441/1680 
f 1/1/1681 434/434/1682 443/443/1683 
f 434/434/1684 435/435/1685 444/444/1686 443/443/1687 
f 435/435/1688 436/436/1689 445/445/1690 444/444/1691 
f 436/436/1692 437/437/1693 446/446/1694 445/445/1695 
f 437/437/1696 438/438/1697 447/447/1698 446/446/1699 
f 438/438/1700 439/439/1701 448/448/1702 447/447/1703 
f 439/439/1704 440/440/1705 449/449/1706 448/448/1707 
f 440/440/1708 441/441/1709 450/450/1710 449/449/1711 
f 441/441/1712 442/442/1713 451/451/1714 450/450/1715 
f 1/1/1716 443/443/1717 452/452/1718 
f 443/443/1719 444/444/1720 453/453/1721 452/452/1722 
f 444/444/1723 445/445/1724 454/454/1725 453/453/1726 
f 445/445/1727 446/446/1728 455/455/1729 454/454/1730 
f 446/446/1731 447/447/1732 456/456/1733 455/455/1734 
f 447/447/1735 448/448/1736 457/457/1737 456/456/1738 
f 448/448/1739 449/449/1740 458/458/1741 457/457/1742 
f 449/449/1743 450/450/1744 459/459/1745 458/458/1746 
f 450/450/1747 451/451/1748 460/460/1749 459/459/1750 
f 1/1/1751 452/452/1752 461/461/1753 
f 452/452/1754 453/453/1755 462/462/1756 461/461/1757 
f 453/453/1758 454/454/1759 463/463/1760 462/462/1761 
f 454/454/1762 455/455/1763 464/464/1764 463/463/1765 
f 455/455/1766 456/456/1767 465/465/1768 464/464/1769 
f 456/456/1770 457/457/1771 466/466/1772 465/465/1773 
f 457/457/1774 458/458/1775 467/467/1776 466/466/1777 
f 458/458/1778 459/459/1779 468/468/1780 467/467/1781 
f 459/459/1782 460/460/1783 469/469/1784 468/468/1785 
f 1/1/1786 461/461/1787 470/470/1788 
f 461/461/1789 462/462/1790 471/471/1791 470/470/1792 
f 462/462/1793 463/463/1794 472/472/1795 471/471/1796 
f 463/463/1797 464/464/1798 473/473/1799 472/472/1800 
f 464/464/1801 465/465/1802 474/474/1803 473/473/1804 
f 465/465/1805 466/466/1806 475/475/1807 474/474/1808 
f 466/466/1809 467/467/1810 476/476/1811 475/475/1812 
f 467/467/1813 468/468/1814 477/477/1815 476/476/1816 
f 468/468/1817 469/469/1818 478/478/1819 477/477/1820 
f 1/1/1821 470/470/1822 479/479/1823 
f 470/470/1824 471/471/1825 480/480/1826 479/479/1827 
f 471/471/1828 472/472/1829 481/481/1830 480/480/1831 
f 472/472/1832 473/473/1833 482/482/1834 481/481/1835 
f 473/473/1836 474/474/1837 483/483/1838 482/482/1839 
f 474/474/1840 475/475/1841 484/484/1842 483/483/1843 
f 475/475/1844 476/476/1845 485/485/1846 484/484/1847 
f 476/476/1848 477/477/1849 486/486/1850 485/485/1851 
f 477/477/1852 478/478/1853 487/487/1854 486/486/1855 
f 1/1/1856 479/479/1857 488/488/1858 
f 479/479/1859 480/480/1860 489/489/1861 488/488/1862 
f 480/480/1863 481/481/1864 490/490/1865 489/489/1866 
f 481/481/1867 482/482/1868 491/491/1869 490/490/1870 
f 482/482/1871 483/483/1872 492/492/1873 491/491/1874 
f 483/483/1875 484/484/1876 493/493/1877 492/492/1878 
f 484/484/1879 485/485/1880 494/494/1881 493/493/1882 
f 485/485/1883 486/486/1884 495/495/1885 494/494/1886 
f 486/486/1887 487/487/1888 496/496/1889 495/495/1890 
f 1/1/1891 488/488/1892 497/497/1893 
f 488/488/1894 489/489/1895 498/498/1896 497/497/1897 
f 489/489/1898 490/490/1899 499/499/1900 498/498/1901 
f 490/490/1902 491/491/1903 500/500/1904 499/499/1905 
f 491/491/1906 492/492/1907 501/501/1908 500/500/1909 
f 492/492/1910 493/493/1911 502/502/1912 501/501/1913 
f 493/493/1914 494/494/1915 503/503/1916 502/502/1917 
f 494/494/1918 495/495/1919 504/504/1920 503/503/1921 
f 495/495/1922 496/496/1923 505/505/1924 504/504/1925 
f 1/1/1926 497/497/1927 506/506/1928 
f 497/497/1929 498/498/1930 507/507/1931 506/506/1932 
f 498/498/1933 499/499/1934 508/508/1935 507/507/1936 
f 499/499/1937 500/500/1938 509/509/1939 508/508/1940 
f 500/500/1941 501/501/1942 510/510/1943 509/509/1944 
f 501/501/1945 502/502/1946 511/511/1947 510/510/1948 
f 502/502/1949 503/503/1950 512/512/1951 511/511/1952 
f 503/503/1953 504/504/1954 513/513/1955 512/512/1956 
f 504/504/1957 505/505/1958 514/514/1959 513/513/1960 
f 1/1/1961 506/506/1962 515/515/1963 
f 506/506/1964 507/507/1965 516/516/1966 515/515/1967 
f 507/507/1968 508/508/1969 517/517/1970 516/516/1971 
f 508/508/1972 509/509/1973 518/518/1974 517/517/1975 
f 509/509/1976 510/510/1977 519/519/1978 518/518/1979 
f 510/510/1980 511/511/1981 520/520/1982 519/519/1983 
f 511/511/1984 512/512/1985 521/521/1986 520/520/1987 
f 512/512/1988 513/513/1989 522/522/1990 521/521/1991 
f 513/513/1992 514/514/1993 523/523/1994 522/522/1995 
f 1/1/1996 515/515/1997 524/524/1998 
f 515/515/1999 516/516/2000 525/525/2001 524/524/2002 
f 516/516/2003 517/517/2004 526/526/2005 525/525/2006 
f 517/517/2007 518/518/2008 527/527/2009 526/526/2010 
f 518/518/2011 519/519/2012 528/528/2013 527/527/2014 
f 519/519/2015 520/520/2016 529/529/2017 528/528/2018 
f 520/520/2019 521/521/2020 530/530/2021 529/529/2022 
f 521/521/2023 522/522/2024 531/531/2025 530/530/2026 
f 522/522/2027 523/523/2028 532/532/2029 531/531/2030 
f 1/1/2031 524/524/2032 533/533/2033 
f 524/524/2034 525/525/2035 534/534/2036 533/533/2037 
f 525/525/2038 526/526/2039 535/535/2040 534/534/2041 
f 526/526/2042 527/527/2043 536/536/2044 535/535/2045 
f 527/527/2046 528/528/2047 537/537/2048 536/536/2049 
f 528/528/2050 529/529/2051 538/538/2052 537/537/2053 
f 529/529/2054 530/530/2055 539/539/2056 538/538/2057 
f 530/530/2058 531/531/2059 540/540/2060 539/539/2061 
f 531/531/2062 532/532/2063 541/541/2064 540/540/2065 
f 1/1/2066 533/533/2067 542/542/2068 
f 533/533/2069 534/534/2070 543/543/2071 542/542/2072 
f 534/534/2073 535/535/2074 544/544/2075 543/543/2076 
f 535/535/2077 536/536/2078 545/545/2079 544/544/2080 
f 536/536/2081 537/537/2082 546/546/2083 545/545/2084 
f 537/537/2085 538/538/2086 547/547/2087 546/546/2088 
f 538/538/2089 539/539/2090 548/548/2091 547/547/2092 
f 539/539/2093 540/540/2094 549/549/2095 548/548/2096 
f 540/540/2097 541/541/2098 550/550/2099 549/549/2100 
f 1/1/2101 542/542/2102 551/551/2103 
f 542/542/2104 543/543/2105 552/552/2106 551/551/2107 
f 543/543/2108 544/544/2109 553/553/2110 552/552/2111 
f 544/544/2112 545/545/2113 554/554/2114 553/553/2115 
f 545/545/2116 546/546/2117 555/555/2118 554/554/2119 
f 546/546/2120 547/547/2121 556/556/2122 555/555/2123 
f 547/547/2124 548/548/2125 557/557/2126 556/556/2127 
f 548/548/2128 549/549/2129 558/558/2130 557/557/2131 
f 549/549/2132 550/550/2133 559/559/2134 558/558/2135 
f 1/1/2136 551/551/2137 560/560/2138 
f 551/551/2139 552/552/2140 561/561/2141 560/560/2142 
f 552/552/2143 553/553/2144 562/562/2145 561/561/2146 
f 553/553/2147 554/554/2148 563/563/2149 562/562/2150 
f 554/554/2151 555/555/2152 564/564/2153 563/563/2154 
f 555/555/2155 556/556/2156 565/565/2157 564/564/2158 
f 556/556/2159 557/557/2160 566/566/2161 565/565/2162 
f 557/557/2163 558/558/2164 567/567/2165 566/566/2166 
f 558/558/2167 559/559/2168 568/568/2169 567/567/2170 
f 1/1/2171 560/560/2172 569/569/2173 
f 560/560/2174 561/561/2175 570/570/2176 569/569/2177 
f 561/561/2178 562/562/2179 571/571/2180 570/570/2181 
f 562/562/2182 563/563/2183 572/572/2184 571/571/2185 
f 563/563/2186 564/564/2187 573/573/2188 572/572/2189 
f 564/564/2190 565/565/2191 574/574/2192 573/573/2193 
f 565/565/2194 566/566/2195 575/575/2196 574/574/2197 
f 566/566/2198 567/567/2199 576/576/2200 575/575/2201 
f 567/567/2202 568/568/2203 577/577/2204 576/576/2205 
f 1/1/2206 569/569/2207 2/2/2208 
f 569/569/2209 570/570/2210 4/4/2211 2/2/2212 
f 570/570/2213 571/571/2214 6/6/2215 4/4/2216 
f 571/571/2217 572/572/2218 8/8/2219 6/6/2220 
f 572/572/2221 573/573/2222 10/10/2223 8/8/2224 
f 573/573/2225 574/574/2226 12/12/2227 10/10/2228 
f 574/574/2229 575/575/2230 14/14/2231 12/12/2232 
f 575/575/2233 576/576/2234 16/16/2235 14/14/2236 
f 576/576/2237 577/577/2238 18/18/2239 16/16/2240 
f 578/578/2241 579/579/2242 580/580/2243 
f 580/580/2244 579/579/2245 581/581/2246 582/582/2247 
f 582/582/2248 581/581/2249 583/583/2250 584/584/2251 
f 584/584/2252 583/583/2253 585/585/2254 586/586/2255 
f 586/586/2256 585/585/2257 19/587/2258 18/588/2259 
f 578/578/2260 587/589/2261 579/579/2262 
f 579/579/2263 587/589/2264 588/590/2265 581/581/2266 
f 581/581/2267 588/590/2268 589/591/2269 583/583/2270 
f 583/583/2271 589/591/2272 590/592/2273 585/585/2274 
f 585/585/2275 590/592/2276 28/593/2277 19/587/2278 
f 578/578/2279 591/594/2280 587/589/2281 
f 587/589/2282 591/594/2283 592/595/2284 588/590/2285 
f 588/590/2286 592/595/2287 593/596/2288 589/591/2289 
f 589/591/2290 593/596/2291 594/597/2292 590/592/2293 
f 590/592/2294 594/597/2295 37/598/2296 28/593/2297 
f 578/578/2298 595/599/2299 591/594/2300 
f 591/594/2301 595/599/2302 596/600/2303 592/595/2304 
f 592/595/2305 596/600/2306 597/601/2307 593/596/2308 
f 593/596/2309 597/601/2310 598/602/2311 594/597/2312 
f 594/597/2313 598/602/2314 46/603/2315 37/598/2316 
f 578/578/2317 599/604/2318 595/599/2319 
f 595/599/2320 599/604/2321 600/605/2322 596/600/2323 
f 596/600/2324 600/605/2325 601/606/2326 597/601/2327 
f 597/601/2328 601/606/2329 602/607/2330 598/602/2331 
f 598/602/2332 602/607/2333 55/608/2334 46/603/2335 
f 578/578/2336 603/609/2337 599/604/2338 
f 599/604/2339 603/609/2340 604/610/2341 600/605/2342 
f 600/605/2343 604/610/2344 605/611/2345 601/606/2346 
f 601/606/2347 605/611/2348 606/612/2349 602/607/2350 
f 602/607/2351 606/612/2352 64/613/2353 55/608/2354 
f 578/578/2355 607/614/2356 603/609/2357 
f 603/609/2358 607/614/2359 608/615/2360 604/610/2361 
f 604/610/2362 608/615/2363 609/616/2364 605/611/2365 
f 605/611/2366 609/616/2367 610/617/2368 606/612/2369 
f 606/612/2370 610/617/2371 73/618/2372 64/613/2373 
f 578/578/2374 611/619/2375 607/614/2376 
f 607/614/2377 611/619/2378 612/620/2379 608/615/2380 
f 608/615/2381 612/620/2382 613/621/2383 609/616/2384 
f 609/616/2385 613/621/2386 614/622/2387 610/617/2388 
f 610/617/2389 614/622/2390 82/623/2391 73/618/2392 
f 578/578/2393 615/624/2394 611/619/2395 
f 611/619/2396 615/624/2397 616/625/2398 612/620/2399 
f 612/620/2400 616/625/2401 617/626/2402 613/621/2403 
f 613/621/2404 617/626/2405 618/627/2406 614/622/2407 
f 614/622/2408 618/627/2409 91/628/2410 82/623/2411 
f 578/578/2412 619/629/2413 615/624/2414 
f 615/624/2415 619/629/2416 620/630/2417 616/625/2418 
f 616/625/2419 620/630/2420 621/631/2421 617/626/2422 
f 617/626/2423 621/631/2424 622/632/2425 618/627/2426 
f 618/627/2427 622/632/2428 100/633/2429 91/628/2430 
f 578/578/2431 623/634/2432 619/629/2433 
f 619/629/2434 623/634/2435 624/635/2436 620/630/2437 
f 620/630/2438 624/635/2439 625/636/2440 621/631/2441 
f 621/631/2442 625/636/2443 626/637/2444 622/632/2445 
f 622/632/2446 626/637/2447 109/638/2448 100/633/2449 
f 578/578/2450 627/639/2451 623/634/2452 
f 623/634/2453 627/639/2454 628/640/2455 624/635/2456 
f 624/635/2457 628/640/2458 629/641/2459 625/636/2460 
f 625/636/2461 629/641/2462 630/642/2463 626/637/2464 
f 626/637/2465 630/642/2466 118/643/2467 109/638/2468 
f 578/578/2469 631/644/2470 627/639/2471 
f 627/639/2472 631/644/2473 632/645/2474 628/640/2475 
f 628/640/2476 632/645/2477 633/646/2478 629/641/2479 
f 629/641/2480 633/646/2481 634/647/2482 630/642/2483 
f 630/642/2484 634/647/2485 127/648/2486 118/643/2487 
f 578/578/2488 635/649/2489 631/644/2490 
f 631/644/2491 635/649/2492 636/650/2493 632/645/2494 
f 632/645/2495 636/650/2496 637/651/2497 633/646/2498 
f 633/646/2499 637/651/2500 638/652/2501 634/647/2502 
f 634/647/2503 638/652/2504 136/653/2505 127/648/2506 
f 578/578/2507 639/654/2508 635/649/2509 
f 635/649/2510 639/654/2511 640/655/2512 636/650/2513 
f 636/650/2514 640/655/2515 641/656/2516 637/651/2517 
f 637/651/2518 641/656/2519 642/657/2520 638/652/2521 
f 638/652/2522 642/657/2523 145/658/2524 136/653/2525 
f 578/578/2526 643/659/2527 639/654/2528 
f 639/654/2529 643/659/2530 644/660/2531 640/655/2532 
f 640/655/2533 644/660/2534 645/661/2535 641/656/2536 
f 641/656/2537 645/661/2538 646/662/2539 642/657/2540 
f 642/657/2541 646/662/2542 154/663/2543 145/658/2544 
f 578/578/2545 647/664/2546 643/659/2547 
f 643/659/2548 647/664/2549 648/665/2550 644/660/2551 
f 644/660/2552 648/665/2553 649/666/2554 645/661/2555 
f 645/661/2556 649/666/2557 650/667/2558 646/662/2559 
f 646/662/2560 650/667/2561 163/668/2562 154/663/2563 
f 578/578/2564 651/669/2565 647/664/2566 
f 647/664/2567 651/669/2568 652/670/2569 648/665/2570 
f 648/665/2571 652/670/2572 653/671/2573 649/666/2574 
f 649/666/2575 653/671/2576 654/672/2577 650/667/2578 
f 650/667/2579 654/672/2580 172/673/2581 163/668/2582 
f 578/578/2583 655/674/2584 651/669/2585 
f 651/669/2586 655/674/2587 656/675/2588 652/670/2589 
f 652/670/2590 656/675/2591 657/676/2592 653/671/2593 
f 653/671/2594 657/676/2595 658/677/2596 654/672/2597 
f 654/672/2598 658/677/2599 181/678/2600 172/673/2601 
f 578/578/2602 659/679/2603 655/674/2604 
f 655/674/2605 659/679/2606 660/680/2607 656/675/2608 
f 656/675/2609 660/680/2610 661/681/2611 657/676/2612 
f 657/676/2613 661/681/2614 662/682/2615 658/677/2616 
f 658/677/2617 662/682/2618 190/683/2619 181/678/2620 
f 578/578/2621 663/684/2622 659/679/2623 
f 659/679/2624 663/684/2625 664/685/2626 660/680/2627 
f 660/680/2628 664/685/2629 665/686/2630 661/681/2631 
f 661/681/2632 665/686/2633 666/687/2634 662/682/2635 
f 662/682/2636 666/687/2637 199/688/2638 190/683/2639 
f 578/578/2640 667/689/2641 663/684/2642 
f 663/684/2643 667/689/2644 668/690/2645 664/685/2646 
f 664/685/2647 668/690/2648 669/691/2649 665/686/2650 
f 665/686/2651 669/691/2652 670/692/2653 666/687/2654 
f 666/687/2655 670/692/2656 208/693/2657 199/688/2658 
f 578/578/2659 671/694/2660 667/689/2661 
f 667/689/2662 671/694/2663 672/695/2664 668/690/2665 
f 668/690/2666 672/695/2667 673/696/2668 669/691/2669 
f 669/691/2670 673/696/2671 674/697/2672 670/692/2673 
f 670/692/2674 674/697/2675 217/698/2676 208/693/2677 
f 578/578/2678 675/699/2679 671/694/2680 
f 671/694/2681 675/699/2682 676/700/2683 672/695/2684 
f 672/695/2685 676/700/2686 677/701/2687 673/696/2688 
f 673/696/2689 677/701/2690 678/702/2691 674/697/2692 
f 674/697/2693 678/702/2694 226/703/2695 217/698/2696 
f 578/578/2697 679/704/2698 675/699/2699 
f 675/699/2700 679/704/2701 680/705/2702 676/700/2703 
f 676/700/2704 680/705/2705 681/706/2706 677/701/2707 
f 677/701/2708 681/706/2709 682/707/2710 678/702/2711 
f 678/702/2712 682/707/2713 235/708/2714 226/703/2715 
f 578/578/2716 683/709/2717 679/704/2718 
f 679/704/2719 683/709/2720 684/710/2721 680/705/2722 
f 680/705/2723 684/710/2724 685/711/2725 681/706/2726 
f 681/706/2727 685/711/2728 686/712/2729 682/707/2730 
f 682/707/2731 686/712/2732 244/713/2733 235/708/2734 
f 578/578/2735 687/714/2736 683/709/2737 
f 683/709/2738 687/714/2739 688/715/2740 684/710/2741 
f 684/710/2742 688/715/2743 689/716/2744 685/711/2745 
f 685/711/2746 689/716/2747 690/717/2748 686/712/2749 
f 686/712/2750 690/717/2751 253/718/2752 244/713/2753 
f 578/578/2754 691/719/2755 687/714/2756 
f 687/714/2757 691/719/2758 692/720/2759 688/715/2760 
f 688/715/2761 692/720/2762 693/721/2763 689/716/2764 
f 689/716/2765 693/721/2766 694/722/2767 690/717/2768 
f 690/717/2769 694/722/2770 262/723/2771 253/718/2772 
f 578/578/2773 695/724/2774 691/719/2775 
f 691/719/2776 695/724/2777 696/725/2778 692/720/2779 
f 692/720/2780 696/725/2781 697/726/2782 693/721/2783 
f 693/721/2784 697/726/2785 698/727/2786 694/722/2787 
f 694/722/2788 698/727/2789 271/728/2790 262/723/2791 
f 578/578/2792 699/729/2793 695/724/2794 
f 695/724/2795 699/729/2796 700/730/2797 696/725/2798 
f 696/725/2799 700/730/2800 701/731/2801 697/726/2802 
f 697/726/2803 701/731/2804 702/732/2805 698/727/2806 
f 698/727/2807 702/732/2808 280/733/2809 271/728/2810 
f 578/578/2811 703/734/2812 699/729/2813 
f 699/729/2814 703/734/2815 704/735/2816 700/730/2817 
f 700/730/2818 704/735/2819 705/736/2820 701/731/2821 
f 701/731/2822 705/736/2823 706/737/2824 702/732/2825 
f 702/732/2826 706/737/2827 289/738/2828 280/733/2829 
f 578/578/2830 707/739/2831 703/734/2832 
f 703/734/2833 707/739/2834 708/740/2835 704/735/2836 
f 704/735/2837 708/740/2838 709/741/2839 705/736/2840 
f 705/736/2841 709/741/2842 710/742/2843 706/737/2844 
f 706/737/2845 710/742/2846 298/743/2847 289/738/2848 
f 578/578/2849 711/744/2850 707/739/2851 
f 707/739/2852 711/744/2853 712/745/2854 708/740/2855 
f 708/740/2856 712/745/2857 713/746/2858 709/741/2859 
f 709/741/2860 713/746/2861 714/747/2862 710/742/2863 
f 710/742/2864 714/747/2865 307/748/2866 298/743/2867 
f 578/578/2868 715/749/2869 711/744/2870 
f 711/744/2871 715/749/2872 716/750/2873 712/745/2874 
f 712/745/2875 716/750/2876 717/751/2877 713/746/2878 
f 713/746/2879 717/751/2880 718/752/2881 714/747/2882 
f 714/747/2883 718/752/2884 316/753/2885 307/748/2886 
f 578/578/2887 719/754/2888 715/749/2889 
f 715/749/2890 719/754/2891 720/755/2892 716/750/2893 
f 716/750/2894 720/755/2895 721/756/2896 717/751/2897 
f 717/751/2898 721/756/2899 722/757/2900 718/752/2901 
f 718/752/2902 722/757/2903 325/758/2904 316/753/2905 
f 578/578/2906 723/759/2907 719/754/2908 
f 719/754/2909 723/759/2910 724/760/2911 720/755/2912 
f 720/755/2913 724/760/2914 725/761/2915 721/756/2916 
f 721/756/2917 725/761/2918 726/762/2919 722/757/2920 
f 722/757/2921 726/762/2922 334/763/2923 325/758/2924 
f 578/578/2925 727/764/2926 723/759/2927 
f 723/759/2928 727/764/2929 728/765/2930 724/760/2931 
f 724/760/2932 728/765/2933 729/766/2934 725/761/2935 
f 725/761/2936 729/766/2937 730/767/2938 726/762/2939 
f 726/762/2940 730/767/2941 343/768/2942 334/763/2943 
f 578/578/2944 731/769/2945 727/764/2946 
f 727/764/2947 731/769/2948 732/770/2949 728/765/2950 
f 728/765/2951 732/770/2952 733/771/2953 729/766/2954 
f 729/766/2955 733/771/2956 734/772/2957 730/767/2958 
f 730/767/2959 734/772/2960 352/773/2961 343/768/2962 
f 578/578/2963 735/774/2964 731/769/2965 
f 731/769/2966 735/774/2967 736/775/2968 732/770/2969 
f 732/770/2970 736/775/2971 737/776/2972 733/771/2973 
f 733/771/2974 737/776/2975 738/777/2976 734/772/2977 
f 734/772/2978 738/777/2979 361/778/2980 352/773/2981 
f 578/578/2982 739/779/2983 735/774/2984 
f 735/774/2985 739/779/2986 740/780/2987 736/775/2988 
f 736/775/2989 740/780/2990 741/781/2991 737/776/2992 
f 737/776/2993 741/781/2994 742/782/2995 738/777/2996 
f 738/777/2997 742/782/2998 370/783/2999 361/778/3000 
f 578/578/3001 743/784/3002 739/779/3003 
f 739/779/3004 743/784/3005 744/785/3006 740/780/3007 
f 740/780/3008 744/785/3009 745/786/3010 741/781/3011 
f 741/781/3012 745/786/3013 746/787/3014 742/782/3015 
f 742/782/3016 746/787/3017 379/788/3018 370/783/3019 
f 578/578/3020 747/789/3021 743/784/3022 
f 743/784/3023 747/789/3024 748/790/3025 744/785/3026 
f 744/785/3027 748/790/3028 749/791/3029 745/786/3030 
f 745/786/3031 749/791/3032 750/792/3033 746/787/3034 
f 746/787/3035 750/792/3036 388/793/3037 379/788/3038 
f 578/578/3039 751/794/3040 747/789/3041 
f 747/789/3042 751/794/3043 752/795/3044 748/790/3045 
f 748/790/3046 752/795/3047 753/796/3048 749/791/3049 
f 749/791/3050 753/796/3051 754/797/3052 750/792/3053 
f 750/792/3054 754/797/3055 397/798/3056 388/793/3057 
f 578/578/3058 755/799/3059 751/794/3060 
f 751/794/3061 755/799/3062 756/800/3063 752/795/3064 
f 752/795/3065 756/800/3066 757/801/3067 753/796/3068 
f 753/796/3069 757/801/3070 758/802/3071 754/797/3072 
f 754/797/3073 758/802/3074 406/803/3075 397/798/3076 
f 578/578/3077 759/804/3078 755/799/3079 
f 755/799/3080 759/804/3081 760/805/3082 756/800/3083 
f 756/800/3084 760/805/3085 761/806/3086 757/801/3087 
f 757/801/3088 761/806/3089 762/807/3090 758/802/3091 
f 758/802/3092 762/807/3093 415/808/3094 406/803/3095 
f 578/578/3096 763/809/3097 759/804/3098 
f 759/804/3099 763/809/3100 764/810/3101 760/805/3102 
f 760/805/3103 764/810/3104 765/811/3105 761/806/3106 
f 761/806/3107 765/811/3108 766/812/3109 762/807/3110 
f 762/807/3111 766/812/3112 424/813/3113 415/808/3114 
f 578/578/3115 767/814/3116 763/809/3117 
f 763/809/3118 767/814/3119 768/815/3120 764/810/3121 
f 764/810/3122 768/815/3123 769/816/3124 765/811/3125 
f 765/811/3126 769/816/3127 770/817/3128 766/812/3129 
f 766/812/3130 770/817/3131 433/818/3132 424/813/3133 
f 578/578/3134 771/819/3135 767/814/3136 
f 767/814/3137 771/819/3138 772/820/3139 768/815/3140 
f 768/815/3141 772/820/3142 773/821/3143 769/816/3144 
f 769/816/3145 773/821/3146 774/822/3147 770/817/3148 
f 770/817/3149 774/822/3150 442/823/3151 433/818/3152 
f 578/578/3153 775/824/3154 771/819/3155 
f 771/819/3156 775/824/3157 776/825/3158 772/820/3159 
f 772/820/3160 776/825/3161 777/826/3162 773/821/3163 
f 773/821/3164 777/826/3165 778/827/3166 774/822/3167 
f 774/822/3168 778/827/3169 451/828/3170 442/823/3171 
f 578/578/3172 779/829/3173 775/824/3174 
f 775/824/3175 779/829/3176 780/830/3177 776/825/3178 
f 776/825/3179 780/830/3180 781/831/3181 777/826/3182 
f 777/826/3183 781/831/3184 782/832/3185 778/827/3186 
f 778/827/3187 782/832/3188 460/833/3189 451/828/3190 
f 578/578/3191 783/834/3192 779/829/3193 
f 779/829/3194 783/834/3195 784/835/3196 780/830/3197 
f 780/830/3198 784/835/3199 785/836/3200 781/831/3201 
f 781/831/3202 785/836/3203 786/837/3204 782/832/3205 
f 782/832/3206 786/837/3207 469/838/3208 460/833/3209 
f 578/578/3210 787/839/3211 783/834/3212 
f 783/834/3213 787/839/3214 788/840/3215 784/835/3216 
f 784/835/3217 788/840/3218 789/841/3219 785/836/3220 
f 785/836/3221 789/841/3222 790/842/3223 786/837/3224 
f 786/837/3225 790/842/3226 478/843/3227 469/838/3228 
f 578/578/3229 791/844/3230 787/839/3231 
f 787/839/3232 791/844/3233 792/845/3234 788/840/3235 
f 788/840/3236 792/845/3237 793/846/3238 789/841/3239 
f 789/841/3240 793/846/3241 794/847/3242 790/842/3243 
f 790/842/3244 794/847/3245 487/848/3246 478/843/3247 
f 578/578/3248 795/849/3249 791/844/3250 
f 791/844/3251 795/849/3252 796/850/3253 792/845/3254 
f 792/845/3255 796/850/3256 797/851/3257 793/846/3258 
f 793/846/3259 797/851/3260 798/852/3261 794/847/3262 
f 794/847/3263 798/852/3264 496/853/3265 487/848/3266 
f 578/578/3267 799/854/3268 795/849/3269 
f 795/849/3270 799/854/3271 800/855/3272 796/850/3273 
f 796/850/3274 800/855/3275 801/856/3276 797/851/3277 
f 797/851/3278 801/856/3279 802/857/3280 798/852/3281 
f 798/852/3282 802/857/3283 505/858/3284 496/853/3285 
f 578/578/3286 803/859/3287 799/854/3288 
f 799/854/3289 803/859/3290 804/860/3291 800/855/3292 
f 800/855/3293 804/860/3294 805/861/3295 801/856/3296 
f 801/856/3297 805/861/3298 806/862/3299 802/857/3300 
f 802/857/3301 806/862/3302 514/863/3303 505/858/3304 
f 578/578/3305 807/864/3306 803/859/3307 
f 803/859/3308 807/864/3309 808/865/3310 804/860/3311 
f 804/860/3312 808/865/3313 809/866/3314 805/861/3315 
f 805/861/3316 809/866/3317 810/867/3318 806/862/3319 
f 806/862/3320 810/867/3321 523/868/3322 514/863/3323 
f 578/578/3324 811/869/3325 807/864/3326 
f 807/864/3327 811/869/3328 812/870/3329 808/865/3330 
f 808/865/3331 812/870/3332 813/871/3333 809/866/3334 
f 809/866/3335 813/871/3336 814/872/3337 810/867/3338 
f 810/867/3339 814/872/3340 532/873/3341 523/868/3342 
f 578/578/3343 815/874/3344 811/869/3345 
f 811/869/3346 815/874/3347 816/875/3348 812/870/3349 
f 812/870/3350 816/875/3351 817/876/3352 813/871/3353 
f 813/871/3354 817/876/3355 818/877/3356 814/872/3357 
f 814/872/3358 818/877/3359 541/878/3360 532/873/3361 
f 578/578/3362 819/879/3363 815/874/3364 
f 815/874/3365 819/879/3366 820/880/3367 816/875/3368 
f 816/875/3369 820/880/3370 821/881/3371 817/876/3372 
f 817/876/3373 821/881/3374 822/882/3375 818/877/3376 
f 818/877/3377 822/882/3378 550/883/3379 541/878/3380 
f 578/578/3381 823/884/3382 819/879/3383 
f 819/879/3384 823/884/3385 824/885/3386 820/880/3387 
f 820/880/3388 824/885/3389 825/886/3390 821/881/3391 
f 821/881/3392 825/886/3393 826/887/3394 822/882/3395 
f 822/882/3396 826/887/3397 559/888/3398 550/883/3399 
f 578/578/3400 827/889/3401 823/884/3402 
f 823/884/3403 827/889/3404 828/890/3405 824/885/3406 
f 824/885/3407 828/890/3408 829/891/3409 825/886/3410 
f 825/886/3411 829/891/3412 830/892/3413 826/887/3414 
f 826/887/3415 830/892/3416 568/893/3417 559/888/3418 
f 578/578/3419 831/894/3420 827/889/3421 
f 827/889/3422 831/894/3423 832/895/3424 828/890/3425 
f 828/890/3426 832/895/3427 833/896/3428 829/891/3429 
f 829/891/3430 833/896/3431 834/897/3432 830/892/3433 
f 830/892/3434 834/897/3435 577/898/3436 568/893/3437 
f 578/578/3438 580/580/3439 831/894/3440 
f 831/894/3441 580/580/3442 582/582/3443 832/895/3444 
f 832/895/3445 582/582/3446 584/584/3447 833/896/3448 
f 833/896/3449 584/584/3450 586/586/3451 834/897/3452 
f 834/897/3453 586/586/3454 18/588/3455 577/898/3456 
o 001_3D_Text_-_C
g 3D_Text_-_C
usemtl Infusion
v -80.463 82.923 -250.000
v -79.492 83.058 -250.000
v -79.616 81.169 -250.000
v -83.048 81.980 -250.000
v -82.242 82.384 -250.000
v -81.573 80.542 -250.000
v -85.055 80.289 -250.000
v -84.459 80.929 -250.000
v -83.134 79.288 -250.000
v -86.398 77.924 -250.000
v -86.027 78.782 -250.000
v -84.223 77.490 -250.000
v -86.893 76.045 -250.000
v -84.768 75.228 -250.000
v -87.017 75.024 -250.000
v -86.972 72.266 -250.000
v -87.058 73.948 -250.000
v -84.837 73.924 -250.000
v -84.771 72.586 -250.000
v -81.380 82.699 -250.000
v -80.644 80.934 -250.000
v -85.687 68.186 -250.000
v -86.287 69.385 -250.000
v -84.245 70.293 -250.000
v -83.786 69.337 -250.000
v -83.195 68.509 -250.000
v -84.916 67.148 -250.000
v -74.425 82.447 -250.000
v -73.557 82.077 -250.000
v -74.436 80.296 -250.000
v -75.247 80.638 -250.000
v -83.790 81.493 -250.000
v -82.403 79.994 -250.000
v -78.465 83.103 -250.000
v -77.370 83.062 -250.000
v -77.678 81.209 -250.000
v -78.489 81.247 -250.000
v -86.715 70.745 -250.000
v -84.574 71.376 -250.000
v -76.935 66.706 -250.000
v -76.083 66.841 -250.000
v -75.876 65.006 -250.000
v -76.792 64.867 -250.000
v -77.745 66.626 -250.000
v -77.776 64.784 -250.000
v -86.687 77.012 -250.000
v -84.564 76.417 -250.000
v -75.350 82.734 -250.000
v -76.057 80.905 -250.000
v -82.482 67.822 -250.000
v -83.987 66.287 -250.000
v -76.332 82.939 -250.000
v -76.868 81.095 -250.000
v -85.577 79.574 -250.000
v -83.747 78.447 -250.000
v -75.189 67.029 -250.000
v -75.030 65.201 -250.000
v -78.513 66.599 -250.000
v -78.831 64.756 -250.000
v -81.657 67.287 -250.000
v -82.914 65.617 -250.000
v -80.721 66.905 -250.000
v -81.697 65.139 -250.000
v -79.673 66.675 -250.000
v -80.336 64.852 -250.000
v -74.253 67.271 -250.000
v -74.253 65.451 -250.000
v -79.616 81.169 -242.500
v -79.492 83.058 -242.500
v -80.463 82.923 -242.500
v -81.573 80.542 -242.500
v -82.242 82.384 -242.500
v -83.048 81.980 -242.500
v -83.134 79.288 -242.500
v -84.459 80.929 -242.500
v -85.055 80.289 -242.500
v -84.223 77.490 -242.500
v -86.027 78.782 -242.500
v -86.398 77.924 -242.500
v -87.017 75.024 -242.500
v -84.768 75.228 -242.500
v -86.893 76.045 -242.500
v -84.771 72.586 -242.500
v -84.837 73.924 -242.500
v -87.058 73.948 -242.500
v -86.972 72.266 -242.500
v -80.644 80.934 -242.500
v -81.380 82.699 -242.500
v -83.786 69.337 -242.500
v -84.245 70.293 -242.500
v -86.287 69.385 -242.500
v -85.687 68.186 -242.500
v -84.916 67.148 -242.500
v -83.195 68.509 -242.500
v -75.247 80.638 -242.500
v -74.436 80.296 -242.500
v -73.557 82.077 -242.500
v -74.425 82.447 -242.500
v -82.403 79.994 -242.500
v -83.790 81.493 -242.500
v -78.489 81.247 -242.500
v -77.678 81.209 -242.500
v -77.370 83.062 -242.500
v -78.465 83.103 -242.500
v -84.574 71.376 -242.500
v -86.715 70.745 -242.500
v -76.792 64.867 -242.500
v -75.876 65.006 -242.500
v -76.083 66.841 -242.500
v -76.935 66.706 -242.500
v -77.776 64.784 -242.500
v -77.745 66.626 -242.500
v -84.564 76.417 -242.500
v -86.687 77.012 -242.500
v -76.057 80.905 -242.500
v -75.350 82.734 -242.500
v -83.987 66.287 -242.500
v -82.482 67.822 -242.500
v -76.868 81.095 -242.500
v -76.332 82.939 -242.500
v -83.747 78.447 -242.500
v -85.577 79.574 -242.500
v -75.030 65.201 -242.500
v -75.189 67.029 -242.500
v -78.831 64.756 -242.500
v -78.513 66.599 -242.500
v -82.914 65.617 -242.500
v -81.657 67.287 -242.500
v -81.697 65.139 -242.500
v -80.721 66.905 -242.500
v -80.336 64.852 -242.500
v -79.673 66.675 -242.500
v -74.253 65.451 -242.500
v -74.253 67.271 -242.500
vt 0.50624 0.85975
vt 0.46736 0.86514
vt 0.47234 0.78959
vt 0.60962 0.82202
vt 0.57736 0.83819
vt 0.55062 0.76451
vt 0.68989 0.75440
vt 0.66606 0.77999
vt 0.61304 0.71436
vt 0.74361 0.65979
vt 0.72876 0.69408
vt 0.65664 0.64240
vt 0.76342 0.58464
vt 0.67844 0.55193
vt 0.76837 0.54378
vt 0.76659 0.43345
vt 0.77002 0.50074
vt 0.68116 0.49976
vt 0.67853 0.44625
vt 0.54290 0.85077
vt 0.51346 0.78018
vt 0.71518 0.27026
vt 0.73918 0.31821
vt 0.65752 0.35453
vt 0.63912 0.31632
vt 0.61548 0.28320
vt 0.68434 0.22876
vt 0.26471 0.84069
vt 0.22998 0.82592
vt 0.26514 0.75464
vt 0.29756 0.76835
vt 0.63931 0.80253
vt 0.58381 0.74257
vt 0.42628 0.86694
vt 0.38249 0.86530
vt 0.39484 0.79120
vt 0.42726 0.79272
vt 0.75631 0.37261
vt 0.67065 0.39784
vt 0.36510 0.21108
vt 0.33102 0.21645
vt 0.32274 0.14308
vt 0.35936 0.13751
vt 0.39750 0.20785
vt 0.39875 0.13417
vt 0.75517 0.62331
vt 0.67026 0.59948
vt 0.30171 0.85217
vt 0.32999 0.77901
vt 0.58697 0.25569
vt 0.64718 0.19431
vt 0.34097 0.86038
vt 0.36241 0.78663
vt 0.71079 0.72576
vt 0.63756 0.68069
vt 0.29526 0.22397
vt 0.28889 0.15086
vt 0.42822 0.20678
vt 0.44092 0.13306
vt 0.55399 0.23429
vt 0.60426 0.16751
vt 0.51654 0.21901
vt 0.55557 0.14837
vt 0.47462 0.20984
vt 0.50113 0.13689
vt 0.25782 0.23364
vt 0.25782 0.16088
vt 0.52766 0.78959
vt 0.53264 0.86514
vt 0.49376 0.85975
vt 0.44938 0.76451
vt 0.42264 0.83819
vt 0.39038 0.82202
vt 0.38696 0.71436
vt 0.33394 0.77999
vt 0.31011 0.75440
vt 0.34336 0.64240
vt 0.27124 0.69408
vt 0.25639 0.65979
vt 0.23163 0.54378
vt 0.32156 0.55193
vt 0.23658 0.58464
vt 0.32147 0.44625
vt 0.31884 0.49976
vt 0.22998 0.50074
vt 0.23341 0.43345
vt 0.48654 0.78018
vt 0.45710 0.85077
vt 0.36088 0.31632
vt 0.34248 0.35453
vt 0.26082 0.31821
vt 0.28482 0.27026
vt 0.31566 0.22876
vt 0.38452 0.28320
vt 0.70244 0.76835
vt 0.73486 0.75464
vt 0.77002 0.82592
vt 0.73529 0.84069
vt 0.41619 0.74257
vt 0.36069 0.80253
vt 0.57274 0.79272
vt 0.60516 0.79120
vt 0.61751 0.86530
vt 0.57372 0.86694
vt 0.32935 0.39784
vt 0.24369 0.37261
vt 0.64064 0.13751
vt 0.67726 0.14308
vt 0.66898 0.21645
vt 0.63490 0.21108
vt 0.60125 0.13417
vt 0.60250 0.20785
vt 0.32974 0.59948
vt 0.24483 0.62331
vt 0.67001 0.77901
vt 0.69829 0.85217
vt 0.35282 0.19431
vt 0.41303 0.25569
vt 0.63759 0.78663
vt 0.65903 0.86038
vt 0.36244 0.68069
vt 0.28921 0.72576
vt 0.71111 0.15086
vt 0.70474 0.22397
vt 0.55908 0.13306
vt 0.57178 0.20678
vt 0.39574 0.16751
vt 0.44601 0.23429
vt 0.44443 0.14837
vt 0.48346 0.21901
vt 0.49887 0.13689
vt 0.52538 0.20984
vt 0.74218 0.16088
vt 0.74218 0.23364
vt 0.35000 0.53264
vt 0.35000 0.49376
vt 0.65000 0.49376
vt 0.65000 0.53264
vt 0.35000 0.42264
vt 0.35000 0.39038
vt 0.65000 0.39038
vt 0.65000 0.42264
vt 0.35000 0.77999
vt 0.35000 0.75440
vt 0.65000 0.75440
vt 0.65000 0.77999
vt 0.35000 0.69408
vt 0.35000 0.65979
vt 0.65000 0.65979
vt 0.65000 0.69408
vt 0.35000 0.58464
vt 0.35000 0.54378
vt 0.65000 0.54378
vt 0.65000 0.58464
vt 0.65000 0.44625
vt 0.65000 0.49976
vt 0.35000 0.49976
vt 0.35000 0.44625
vt 0.35000 0.50074
vt 0.35000 0.43345
vt 0.65000 0.43345
vt 0.65000 0.50074
vt 0.35000 0.45710
vt 0.65000 0.45710
vt 0.35000 0.55062
vt 0.35000 0.51346
vt 0.65000 0.51346
vt 0.65000 0.55062
vt 0.65000 0.31632
vt 0.65000 0.35453
vt 0.35000 0.35453
vt 0.35000 0.31632
vt 0.35000 0.31821
vt 0.35000 0.27026
vt 0.65000 0.27026
vt 0.65000 0.31821
vt 0.35000 0.22876
vt 0.65000 0.22876
vt 0.65000 0.28320
vt 0.35000 0.28320
vt 0.35000 0.29756
vt 0.35000 0.26514
vt 0.65000 0.26514
vt 0.65000 0.29756
vt 0.65000 0.75464
vt 0.65000 0.82592
vt 0.35000 0.82592
vt 0.35000 0.75464
vt 0.35000 0.77002
vt 0.35000 0.73529
vt 0.65000 0.73529
vt 0.65000 0.77002
vt 0.35000 0.36069
vt 0.35000 0.33394
vt 0.65000 0.33394
vt 0.65000 0.36069
vt 0.35000 0.61304
vt 0.35000 0.58381
vt 0.65000 0.58381
vt 0.65000 0.61304
vt 0.35000 0.42726
vt 0.35000 0.39484
vt 0.65000 0.39484
vt 0.65000 0.42726
vt 0.35000 0.61751
vt 0.35000 0.57372
vt 0.65000 0.57372
vt 0.65000 0.61751
vt 0.65000 0.39784
vt 0.35000 0.39784
vt 0.35000 0.37261
vt 0.65000 0.37261
vt 0.35000 0.35936
vt 0.35000 0.32274
vt 0.65000 0.32274
vt 0.65000 0.35936
vt 0.35000 0.66898
vt 0.35000 0.63490
vt 0.65000 0.63490
vt 0.65000 0.66898
vt 0.35000 0.39875
vt 0.65000 0.39875
vt 0.35000 0.60250
vt 0.65000 0.60250
vt 0.65000 0.59948
vt 0.65000 0.64240
vt 0.35000 0.64240
vt 0.35000 0.59948
vt 0.35000 0.62331
vt 0.65000 0.62331
vt 0.35000 0.32999
vt 0.65000 0.32999
vt 0.35000 0.69829
vt 0.65000 0.69829
vt 0.35000 0.68434
vt 0.35000 0.64718
vt 0.65000 0.64718
vt 0.65000 0.68434
vt 0.35000 0.41303
vt 0.35000 0.38452
vt 0.65000 0.38452
vt 0.65000 0.41303
vt 0.65000 0.55193
vt 0.35000 0.55193
vt 0.35000 0.36241
vt 0.65000 0.36241
vt 0.35000 0.65903
vt 0.65000 0.65903
vt 0.65000 0.68069
vt 0.65000 0.71436
vt 0.35000 0.71436
vt 0.35000 0.68069
vt 0.35000 0.72576
vt 0.65000 0.72576
vt 0.35000 0.47234
vt 0.65000 0.47234
vt 0.35000 0.28889
vt 0.65000 0.28889
vt 0.35000 0.70474
vt 0.65000 0.70474
vt 0.35000 0.44092
vt 0.65000 0.44092
vt 0.35000 0.57178
vt 0.65000 0.57178
vt 0.35000 0.60426
vt 0.65000 0.60426
vt 0.35000 0.44601
vt 0.65000 0.44601
vt 0.35000 0.55557
vt 0.65000 0.55557
vt 0.35000 0.48346
vt 0.65000 0.48346
vt 0.35000 0.50113
vt 0.65000 0.50113
vt 0.35000 0.52538
vt 0.65000 0.52538
vt 0.35000 0.25782
vt 0.65000 0.25782
vt 0.65000 0.16088
vt 0.65000 0.23364
vt 0.35000 0.23364
vt 0.35000 0.16088
vt 0.35000 0.74218
vt 0.65000 0.74218
vn -0.00000 0.00000 -1.00000
vn -0.00000 0.00000 -1.00000
vn -0.00000 0.00000 -1.00000
vn 0.00000 0.00000 -1.00000
vn 0.00000 0.00000 -1.00000
vn 0.00000 0.00000 -1.00000
vn 0.00000 0.00000 -1.00000
vn 0.00000 0.00000 -1.00000
vn 0.00000 0.00000 -1.00000
vn 0.00000 0.00000 -1.00000
vn 0.00000 0.00000 -1.00000
vn 0.00000 0.00000 -1.00000
vn -0.00000 0.00000 -1.00000
vn -0.00000 0.00000 -1.00000
vn -0.00000 0.00000 -1.00000
vn 0.00000 0.00000 -1.00000
vn 0.00000 0.00000 -1.00000
vn 0.00000 0.00000 -1.00000
vn 0.00000 0.00000 -1.00000
vn -0.00000 0.00000 -1.00000
vn -0.00000 0.00000 -1.00000
vn -0.00000 0.00000 -1.00000
vn -0.00000 0.00000 -1.00000
vn -0.00000 0.00000 -1.00000
vn 0.00000 0.00000 -1.00000
vn -0.00000 0.00000 -1.00000
vn -0.00000 0.00000 -1.00000
vn -0.00000 0.00000 -1.00000
vn 0.00000 0.00000 -1.00000
vn -0.00000 0.00000 -1.00000
vn -0.00000 0.00000 -1.00000
vn 0.00000 0.00000 -1.00000
vn 0.00000 0.00000 -1.00000
vn 0.00000 0.00000 -1.00000
vn 0.00000 0.00000 -1.00000
vn 0.00000 0.00000 -1.00000
vn -0.00000 0.00000 -1.00000
vn 0.00000 0.00000 -1.00000
vn 0.00000 0.00000 -1.00000
vn -0.00000 0.00000 -1.00000
vn -0.00000 0.00000 -1.00000
vn -0.00000 0.00000 -1.00000
vn -0.00000 0.00000 -1.00000
vn 0.00000 0.00000 -1.00000
vn 0.00000 0.00000 -1.00000
vn 0.00000 0.00000 -1.00000
vn 0.00000 0.00000 -1.00000
vn -0.00000 0.00000 -1.00000
vn -0.00000 0.00000 -1.00000
vn -0.00000 0.00000 -1.00000
vn -0.00000 0.00000 -1.00000
vn -0.00000 0.00000 -1.00000
vn 0.00000 0.00000 -1.00000
vn -0.00000 0.00000 -1.00000
vn -0.00000 0.00000 -1.00000
vn 0.00000 0.00000 -1.00000
vn 0.00000 0.00000 -1.00000
vn 0.00000 0.00000 -1.00000
vn 0.00000 0.00000 -1.00000
vn -0.00000 0.00000 -1.00000
vn 0.00000 0.00000 -1.00000
vn -0.00000 0.00000 -1.00000
vn -0.00000 0.00000 -1.00000
vn -0.00000 0.00000 -1.00000
vn 0.00000 0.00000 -1.00000
vn -0.00000 0.00000 -1.00000
vn -0.00000 0.00000 -1.00000
vn -0.00000 0.00000 -1.00000
vn 0.00000 0.00000 -1.00000
vn -0.00000 0.00000 -1.00000
vn -0.00000 0.00000 -1.00000
vn 0.00000 0.00000 -1.00000
vn -0.00000 0.00000 -1.00000
vn 0.00000 0.00000 -1.00000
vn 0.00000 0.00000 -1.00000
vn 0.00000 0.00000 -1.00000
vn 0.00000 0.00000 -1.00000
vn 0.00000 0.00000 -1.00000
vn 0.00000 0.00000 -1.00000
vn -0.00000 0.00000 -1.00000
vn -0.00000 0.00000 -1.00000
vn -0.00000 0.00000 -1.00000
vn -0.00000 0.00000 -1.00000
vn 0.00000 0.00000 -1.00000
vn 0.00000 0.00000 -1.00000
vn 0.00000 0.00000 -1.00000
vn 0.00000 0.00000 -1.00000
vn 0.00000 0.00000 -1.00000
vn -0.00000 0.00000 -1.00000
vn 0.00000 0.00000 -1.00000
vn 0.00000 0.00000 -1.00000
vn -0.00000 0.00000 -1.00000
vn -0.00000 0.00000 -1.00000
vn -0.00000 0.00000 -1.00000
vn -0.00000 0.00000 -1.00000
vn 0.00000 0.00000 -1.00000
vn 0.00000 0.00000 -1.00000
vn 0.00000 0.00000 -1.00000
vn 0.00000 0.00000 -1.00000
vn -0.00000 0.00000 -1.00000
vn 0.00000 0.00000 -1.00000
vn -0.00000 0.00000 -1.00000
vn -0.00000 0.00000 -1.00000
vn -0.00000 0.00000 -1.00000
vn -0.00000 0.00000 -1.00000
vn -0.00000 0.00000 -1.00000
vn -0.00000 0.00000 -1.00000
vn 0.00000 0.00000 -1.00000
vn -0.00000 0.00000 -1.00000
vn 0.00000 0.00000 -1.00000
vn 0.00000 0.00000 -1.00000
vn 0.00000 0.00000 -1.00000
vn 0.00000 0.00000 -1.00000
vn 0.00000 0.00000 -1.00000
vn 0.00000 0.00000 -1.00000
vn 0.00000 0.00000 -1.00000
vn 0.00000 0.00000 -1.00000
vn 0.00000 0.00000 -1.00000
vn 0.00000 0.00000 -1.00000
vn 0.00000 0.00000 -1.00000
vn -0.00000 0.00000 -1.00000
vn 0.00000 0.00000 -1.00000
vn 0.00000 0.00000 -1.00000
vn 0.00000 0.00000 -1.00000
vn 0.00000 0.00000 -1.00000
vn 0.00000 0.00000 -1.00000
vn 0.00000 0.00000 -1.00000
vn -0.00000 0.00000 -1.00000
vn 0.00000 0.00000 -1.00000
vn -0.00000 0.00000 -1.00000
vn -0.00000 0.00000 -1.00000
vn 0.00000 0.00000 -1.00000
vn -0.00000 0.00000 -1.00000
vn 0.00000 0.00000 -1.00000
vn 0.00000 0.00000 -1.00000
vn 0.00000 -0.00000 1.00000
vn 0.00000 -0.00000 1.00000
vn 0.00000 -0.00000 1.00000
vn 0.00000 -0.00000 1.00000
vn 0.00000 -0.00000 1.00000
vn 0.00000 -0.00000 1.00000
vn 0.00000 -0.00000 1.00000
vn 0.00000 -0.00000 1.00000
vn 0.00000 -0.00000 1.00000
vn 0.00000 -0.00000 1.00000
vn 0.00000 -0.00000 1.00000
vn 0.00000 -0.00000 1.00000
vn 0.00000 -0.00000 1.00000
vn 0.00000 -0.00000 1.00000
vn 0.00000 -0.00000 1.00000
vn 0.00000 -0.00000 1.00000
vn 0.00000 -0.00000 1.00000
vn 0.00000 -0.00000 1.00000
vn 0.00000 -0.00000 1.00000
vn 0.00000 -0.00000 1.00000
vn 0.00000 -0.00000 1.00000
vn 0.00000 -0.00000 1.00000
vn 0.00000 -0.00000 1.00000
vn 0.00000 -0.00000 1.00000
vn 0.00000 -0.00000 1.00000
vn 0.00000 -0.00000 1.00000
vn 0.00000 -0.00000 1.00000
vn 0.00000 -0.00000 1.00000
vn 0.00000 -0.00000 1.00000
vn 0.00000 -0.00000 1.00000
vn 0.00000 -0.00000 1.00000
vn 0.00000 -0.00000 1.00000
vn 0.00000 -0.00000 1.00000
vn 0.00000 -0.00000 1.00000
vn 0.00000 -0.00000 1.00000
vn 0.00000 -0.00000 1.00000
vn 0.00000 -0.00000 1.00000
vn 0.00000 -0.00000 1.00000
vn 0.00000 -0.00000 1.00000
vn 0.00000 -0.00000 1.00000
vn 0.00000 -0.00000 1.00000
vn 0.00000 -0.00000 1.00000
vn 0.00000 -0.00000 1.00000
vn 0.00000 -0.00000 1.00000
vn 0.00000 -0.00000 1.00000
vn 0.00000 -0.00000 1.00000
vn 0.00000 -0.00000 1.00000
vn 0.00000 -0.00000 1.00000
vn 0.00000 -0.00000 1.00000
vn 0.00000 -0.00000 1.00000
vn 0.00000 -0.00000 1.00000
vn 0.00000 -0.00000 1.00000
vn 0.00000 -0.00000 1.00000
vn 0.00000 -0.00000 1.00000
vn 0.00000 -0.00000 1.00000
vn 0.00000 -0.00000 1.00000
vn 0.00000 -0.00000 1.00000
vn 0.00000 -0.00000 1.00000
vn 0.00000 -0.00000 1.00000
vn 0.00000 -0.00000 1.00000
vn 0.00000 -0.00000 1.00000
vn 0.00000 -0.00000 1.00000
vn 0.00000 -0.00000 1.00000
vn 0.00000 -0.00000 1.00000
vn 0.00000 -0.00000 1.00000
vn 0.00000 -0.00000 1.00000
vn 0.00000 -0.00000 1.00000
vn 0.00000 -0.00000 1.00000
vn 0.00000 -0.00000 1.00000
vn 0.00000 -0.00000 1.00000
vn 0.00000 -0.00000 1.00000
vn 0.00000 -0.00000 1.00000
vn 0.00000 -0.00000 1.00000
vn 0.00000 -0.00000 1.00000
vn 0.00000 -0.00000 1.00000
vn 0.00000 -0.00000 1.00000
vn 0.00000 -0.00000 1.00000
vn 0.00000 -0.00000 1.00000
vn 0.00000 -0.00000 1.00000
vn 0.00000 -0.00000 1.00000
vn 0.00000 -0.00000 1.00000
vn 0.00000 -0.00000 1.00000
vn 0.00000 -0.00000 1.00000
vn 0.00000 -0.00000 1.00000
vn 0.00000 -0.00000 1.00000
vn 0.00000 -0.00000 1.00000
vn 0.00000 -0.00000 1.00000
vn 0.00000 -0.00000 1.00000
vn 0.00000 -0.00000 1.00000
vn 0.00000 -0.00000 1.00000
vn 0.00000 -0.00000 1.00000
vn 0.00000 -0.00000 1.00000
vn 0.00000 -0.00000 1.00000
vn 0.00000 -0.00000 1.00000
vn 0.00000 -0.00000 1.00000
vn 0.00000 -0.00000 1.00000
vn 0.00000 -0.00000 1.00000
vn 0.00000 -0.00000 1.00000
vn 0.00000 -0.00000 1.00000
vn 0.00000 -0.00000 1.00000
vn 0.00000 -0.00000 1.00000
vn 0.00000 -0.00000 1.00000
vn 0.00000 -0.00000 1.00000
vn 0.00000 -0.00000 1.00000
vn 0.00000 -0.00000 1.00000
vn 0.00000 -0.00000 1.00000
vn 0.00000 -0.00000 1.00000
vn 0.00000 -0.00000 1.00000
vn 0.00000 -0.00000 1.00000
vn 0.00000 -0.00000 1.00000
vn 0.00000 -0.00000 1.00000
vn 0.00000 -0.00000 1.00000
vn 0.00000 -0.00000 1.00000
vn 0.00000 -0.00000 1.00000
vn 0.00000 -0.00000 1.00000
vn 0.00000 -0.00000 1.00000
vn 0.00000 -0.00000 1.00000
vn 0.00000 -0.00000 1.00000
vn 0.00000 -0.00000 1.00000
vn 0.00000 -0.00000 1.00000
vn 0.00000 -0.00000 1.00000
vn 0.00000 -0.00000 1.00000
vn 0.00000 -0.00000 1.00000
vn 0.00000 -0.00000 1.00000
vn 0.00000 -0.00000 1.00000
vn 0.00000 -0.00000 1.00000
vn 0.00000 -0.00000 1.00000
vn 0.00000 -0.00000 1.00000
vn 0.00000 -0.00000 1.00000
vn 0.00000 -0.00000 1.00000
vn 0.00000 -0.00000 1.00000
vn 0.00000 -0.00000 1.00000
vn 0.00000 -0.00000 1.00000
vn 0.00000 -0.00000 1.00000
vn 0.00000 -0.00000 1.00000
vn -0.13735 0.99052 0.00000
vn -0.13735 0.99052 0.00000
vn -0.13735 0.99052 0.00000
vn -0.13735 0.99052 0.00000
vn -0.44818 0.89394 0.00000
vn -0.44818 0.89394 0.00000
vn -0.44818 0.89394 0.00000
vn -0.44818 0.89394 0.00000
vn -0.73183 0.68149 0.00000
vn -0.73183 0.68149 0.00000
vn -0.73183 0.68149 0.00000
vn -0.73183 0.68149 0.00000
vn -0.91762 0.39745 0.00000
vn -0.91762 0.39745 0.00000
vn -0.91762 0.39745 0.00000
vn -0.91762 0.39745 0.00000
vn -0.99274 0.12031 0.00000
vn -0.99274 0.12031 0.00000
vn -0.99274 0.12031 0.00000
vn -0.99274 0.12031 0.00000
vn 0.99880 0.04904 0.00000
vn 0.99880 0.04904 0.00000
vn 0.99880 0.04904 0.00000
vn 0.99880 0.04904 0.00000
vn -0.99871 -0.05087 -0.00000
vn -0.99871 -0.05087 -0.00000
vn -0.99871 -0.05087 -0.00000
vn -0.99871 -0.05087 -0.00000
vn -0.34285 0.93939 0.00000
vn -0.34285 0.93939 0.00000
vn -0.34285 0.93939 0.00000
vn -0.34285 0.93939 0.00000
vn 0.38863 -0.92139 -0.00000
vn 0.38863 -0.92139 -0.00000
vn 0.38863 -0.92139 -0.00000
vn 0.38863 -0.92139 -0.00000
vn 0.90109 0.43364 0.00000
vn 0.90109 0.43364 0.00000
vn 0.90109 0.43364 0.00000
vn 0.90109 0.43364 0.00000
vn -0.89431 -0.44745 -0.00000
vn -0.89431 -0.44745 -0.00000
vn -0.89431 -0.44745 -0.00000
vn -0.89431 -0.44745 -0.00000
vn -0.80262 -0.59650 -0.00000
vn -0.80262 -0.59650 -0.00000
vn -0.80262 -0.59650 -0.00000
vn -0.80262 -0.59650 -0.00000
vn 0.81385 0.58107 0.00000
vn 0.81385 0.58107 0.00000
vn 0.81385 0.58107 0.00000
vn 0.81385 0.58107 0.00000
vn -0.38942 -0.92106 -0.00000
vn -0.38942 -0.92106 -0.00000
vn -0.38942 -0.92106 -0.00000
vn -0.38942 -0.92106 -0.00000
vn 0.89683 -0.44238 -0.00000
vn 0.89683 -0.44238 -0.00000
vn 0.89683 -0.44238 -0.00000
vn 0.89683 -0.44238 -0.00000
vn 0.39128 0.92027 0.00000
vn 0.39128 0.92027 0.00000
vn 0.39128 0.92027 0.00000
vn 0.39128 0.92027 0.00000
vn -0.64426 0.76481 0.00000
vn -0.64426 0.76481 0.00000
vn -0.64426 0.76481 0.00000
vn -0.64426 0.76481 0.00000
vn 0.69444 -0.71955 -0.00000
vn 0.69444 -0.71955 -0.00000
vn 0.69444 -0.71955 -0.00000
vn 0.69444 -0.71955 -0.00000
vn -0.04693 -0.99890 -0.00000
vn -0.04693 -0.99890 -0.00000
vn -0.04693 -0.99890 -0.00000
vn -0.04693 -0.99890 -0.00000
vn 0.03745 0.99930 0.00000
vn 0.03745 0.99930 0.00000
vn 0.03745 0.99930 0.00000
vn 0.03745 0.99930 0.00000
vn 0.98700 0.16069 0.00000
vn 0.98700 0.16069 0.00000
vn 0.98700 0.16069 0.00000
vn 0.98700 0.16069 0.00000
vn -0.98602 -0.16663 -0.00000
vn -0.98602 -0.16663 -0.00000
vn -0.98602 -0.16663 -0.00000
vn -0.98602 -0.16663 -0.00000
vn 0.15021 -0.98865 -0.00000
vn 0.15021 -0.98865 -0.00000
vn 0.15021 -0.98865 -0.00000
vn 0.15021 -0.98865 -0.00000
vn -0.15571 0.98780 0.00000
vn -0.15571 0.98780 0.00000
vn -0.15571 0.98780 0.00000
vn -0.15571 0.98780 0.00000
vn 0.95696 0.29023 0.00000
vn 0.95696 0.29023 0.00000
vn 0.95696 0.29023 0.00000
vn 0.95696 0.29023 0.00000
vn -0.95379 -0.30047 -0.00000
vn -0.95379 -0.30047 -0.00000
vn -0.95379 -0.30047 -0.00000
vn -0.95379 -0.30047 -0.00000
vn 0.08444 -0.99643 -0.00000
vn 0.08444 -0.99643 -0.00000
vn 0.08444 -0.99643 -0.00000
vn 0.08444 -0.99643 -0.00000
vn -0.09899 0.99509 0.00000
vn -0.09899 0.99509 0.00000
vn -0.09899 0.99509 0.00000
vn -0.09899 0.99509 0.00000
vn 0.95313 -0.30255 -0.00000
vn 0.95313 -0.30255 -0.00000
vn 0.95313 -0.30255 -0.00000
vn 0.95313 -0.30255 -0.00000
vn -0.95334 0.30190 0.00000
vn -0.95334 0.30190 0.00000
vn -0.95334 0.30190 0.00000
vn -0.95334 0.30190 0.00000
vn -0.31239 -0.94996 -0.00000
vn -0.31239 -0.94996 -0.00000
vn -0.31239 -0.94996 -0.00000
vn -0.31239 -0.94996 -0.00000
vn 0.29650 0.95503 0.00000
vn 0.29650 0.95503 0.00000
vn 0.29650 0.95503 0.00000
vn 0.29650 0.95503 0.00000
vn -0.67987 -0.73333 -0.00000
vn -0.67987 -0.73333 -0.00000
vn -0.67987 -0.73333 -0.00000
vn -0.67987 -0.73333 -0.00000
vn 0.69441 0.71957 0.00000
vn 0.69441 0.71957 0.00000
vn 0.69441 0.71957 0.00000
vn 0.69441 0.71957 0.00000
vn 0.99864 -0.05215 -0.00000
vn 0.99864 -0.05215 -0.00000
vn 0.99864 -0.05215 -0.00000
vn 0.99864 -0.05215 -0.00000
vn -0.99927 0.03832 0.00000
vn -0.99927 0.03832 0.00000
vn -0.99927 0.03832 0.00000
vn -0.99927 0.03832 0.00000
vn -0.13955 -0.99021 -0.00000
vn -0.13955 -0.99021 -0.00000
vn -0.13955 -0.99021 -0.00000
vn -0.13955 -0.99021 -0.00000
vn 0.11772 0.99305 0.00000
vn 0.11772 0.99305 0.00000
vn 0.11772 0.99305 0.00000
vn 0.11772 0.99305 0.00000
vn 0.80829 -0.58879 -0.00000
vn 0.80829 -0.58879 -0.00000
vn 0.80829 -0.58879 -0.00000
vn 0.80829 -0.58879 -0.00000
vn -0.80777 0.58950 0.00000
vn -0.80777 0.58950 0.00000
vn -0.80777 0.58950 0.00000
vn -0.80777 0.58950 0.00000
vn -0.04370 0.99904 0.00000
vn -0.04370 0.99904 0.00000
vn -0.04370 0.99904 0.00000
vn -0.04370 0.99904 0.00000
vn 0.06936 -0.99759 -0.00000
vn 0.06936 -0.99759 -0.00000
vn 0.06936 -0.99759 -0.00000
vn 0.06936 -0.99759 -0.00000
vn -0.22866 -0.97351 -0.00000
vn -0.22866 -0.97351 -0.00000
vn -0.22866 -0.97351 -0.00000
vn -0.22866 -0.97351 -0.00000
vn 0.20455 0.97886 0.00000
vn 0.20455 0.97886 0.00000
vn 0.20455 0.97886 0.00000
vn 0.20455 0.97886 0.00000
vn -0.86985 0.49331 0.00000
vn -0.86985 0.49331 0.00000
vn -0.86985 0.49331 0.00000
vn -0.86985 0.49331 0.00000
vn 0.89511 -0.44585 -0.00000
vn 0.89511 -0.44585 -0.00000
vn 0.89511 -0.44585 -0.00000
vn 0.89511 -0.44585 -0.00000
vn 0.22428 -0.97453 -0.00000
vn 0.22428 -0.97453 -0.00000
vn 0.22428 -0.97453 -0.00000
vn 0.22428 -0.97453 -0.00000
vn -0.20581 0.97859 0.00000
vn -0.20581 0.97859 0.00000
vn -0.20581 0.97859 0.00000
vn -0.20581 0.97859 0.00000
vn 0.02638 -0.99965 -0.00000
vn 0.02638 -0.99965 -0.00000
vn 0.02638 -0.99965 -0.00000
vn 0.02638 -0.99965 -0.00000
vn -0.03495 0.99939 0.00000
vn -0.03495 0.99939 0.00000
vn -0.03495 0.99939 0.00000
vn -0.03495 0.99939 0.00000
vn -0.97798 0.20871 0.00000
vn -0.97798 0.20871 0.00000
vn -0.97798 0.20871 0.00000
vn -0.97798 0.20871 0.00000
vn 0.98554 -0.16944 -0.00000
vn 0.98554 -0.16944 -0.00000
vn 0.98554 -0.16944 -0.00000
vn 0.98554 -0.16944 -0.00000
vn -0.52957 -0.84827 -0.00000
vn -0.52957 -0.84827 -0.00000
vn -0.52957 -0.84827 -0.00000
vn -0.52957 -0.84827 -0.00000
vn 0.54428 0.83890 0.00000
vn 0.54428 0.83890 0.00000
vn 0.54428 0.83890 0.00000
vn 0.54428 0.83890 0.00000
vn 0.55143 -0.83422 -0.00000
vn 0.55143 -0.83422 -0.00000
vn 0.55143 -0.83422 -0.00000
vn 0.55143 -0.83422 -0.00000
vn -0.54885 0.83592 0.00000
vn -0.54885 0.83592 0.00000
vn -0.54885 0.83592 0.00000
vn -0.54885 0.83592 0.00000
vn 0.22293 -0.97484 -0.00000
vn 0.22293 -0.97484 -0.00000
vn 0.22293 -0.97484 -0.00000
vn 0.22293 -0.97484 -0.00000
vn -0.23797 0.97127 0.00000
vn -0.23797 0.97127 0.00000
vn -0.23797 0.97127 0.00000
vn -0.23797 0.97127 0.00000
vn -0.36589 -0.93066 -0.00000
vn -0.36589 -0.93066 -0.00000
vn -0.36589 -0.93066 -0.00000
vn -0.36589 -0.93066 -0.00000
vn 0.37784 0.92587 0.00000
vn 0.37784 0.92587 0.00000
vn 0.37784 0.92587 0.00000
vn 0.37784 0.92587 0.00000
vn -0.06345 -0.99798 -0.00000
vn -0.06345 -0.99798 -0.00000
vn -0.06345 -0.99798 -0.00000
vn -0.06345 -0.99798 -0.00000
vn 0.06574 0.99784 0.00000
vn 0.06574 0.99784 0.00000
vn 0.06574 0.99784 0.00000
vn 0.06574 0.99784 0.00000
vn -0.20639 -0.97847 -0.00000
vn -0.20639 -0.97847 -0.00000
vn -0.20639 -0.97847 -0.00000
vn -0.20639 -0.97847 -0.00000
vn 0.21369 0.97690 0.00000
vn 0.21369 0.97690 0.00000
vn 0.21369 0.97690 0.00000
vn 0.21369 0.97690 0.00000
vn 0.30676 -0.95179 -0.00000
vn 0.30676 -0.95179 -0.00000
vn 0.30676 -0.95179 -0.00000
vn 0.30676 -0.95179 -0.00000
vn 1.00000 0.00000 0.00000
vn 1.00000 0.00000 0.00000
vn 1.00000 0.00000 0.00000
vn 1.00000 0.00000 0.00000
vn -0.25006 0.96823 0.00000
vn -0.25006 0.96823 0.00000
vn -0.25006 0.96823 0.00000
vn -0.25006 0.96823 0.00000
f 835/899/3457 836/900/3458 837/901/3459 
f 838/902/3460 839/903/3461 840/904/3462 
f 841/905/3463 842/906/3464 843/907/3465 
f 844/908/3466 845/909/3467 846/910/3468 
f 847/911/3469 848/912/3470 849/913/3471 
f 850/914/3472 851/915/3473 852/916/3474 853/917/3475 
f 840/904/3476 839/903/3477 854/918/3478 855/919/3479 
f 856/920/3480 857/921/3481 858/922/3482 859/923/3483 
f 859/923/3484 860/924/3485 861/925/3486 856/920/3487 
f 862/926/3488 863/927/3489 864/928/3490 865/929/3491 
f 843/907/3492 842/906/3493 866/930/3494 867/931/3495 
f 868/932/3496 869/933/3497 870/934/3498 871/935/3499 
f 872/936/3500 850/914/3501 853/917/3502 873/937/3503 
f 874/938/3504 875/939/3505 876/940/3506 877/941/3507 
f 857/921/3508 872/936/3509 873/937/3510 858/922/3511 
f 878/942/3512 874/938/3513 877/941/3514 879/943/3515 
f 880/944/3516 844/908/3517 846/910/3518 881/945/3519 
f 882/946/3520 862/926/3521 865/929/3522 883/947/3523 
f 860/924/3524 884/948/3525 885/949/3526 861/925/3527 
f 851/915/3528 849/913/3529 848/912/3530 852/916/3531 
f 869/933/3532 886/950/3533 887/951/3534 870/934/3535 
f 888/952/3536 841/905/3537 843/907/3538 889/953/3539 
f 871/935/3540 837/901/3541 836/900/3542 868/932/3543 
f 886/950/3544 882/946/3545 883/947/3546 887/951/3547 
f 889/953/3548 846/910/3549 845/909/3550 888/952/3551 
f 875/939/3552 890/954/3553 891/955/3554 876/940/3555 
f 892/956/3556 878/942/3557 879/943/3558 893/957/3559 
f 881/945/3560 848/912/3561 847/911/3562 880/944/3563 
f 884/948/3564 894/958/3565 895/959/3566 885/949/3567 
f 866/930/3568 838/902/3569 840/904/3570 867/931/3571 
f 854/918/3572 835/899/3573 837/901/3574 855/919/3575 
f 894/958/3576 896/960/3577 897/961/3578 895/959/3579 
f 898/962/3580 892/956/3581 893/957/3582 899/963/3583 
f 896/960/3584 898/962/3585 899/963/3586 897/961/3587 
f 890/954/3588 900/964/3589 901/965/3590 891/955/3591 
f 902/966/3592 903/967/3593 904/968/3594 
f 905/969/3595 906/970/3596 907/971/3597 
f 908/972/3598 909/973/3599 910/974/3600 
f 911/975/3601 912/976/3602 913/977/3603 
f 914/978/3604 915/979/3605 916/980/3606 
f 917/981/3607 918/982/3608 919/983/3609 920/984/3610 
f 921/985/3611 922/986/3612 906/970/3613 905/969/3614 
f 923/987/3615 924/988/3616 925/989/3617 926/990/3618 
f 926/990/3619 927/991/3620 928/992/3621 923/987/3622 
f 929/993/3623 930/994/3624 931/995/3625 932/996/3626 
f 933/997/3627 934/998/3628 909/973/3629 908/972/3630 
f 935/999/3631 936/1000/3632 937/1001/3633 938/1002/3634 
f 939/1003/3635 917/981/3636 920/984/3637 940/1004/3638 
f 941/1005/3639 942/1006/3640 943/1007/3641 944/1008/3642 
f 924/988/3643 939/1003/3644 940/1004/3645 925/989/3646 
f 945/1009/3647 941/1005/3648 944/1008/3649 946/1010/3650 
f 947/1011/3651 911/975/3652 913/977/3653 948/1012/3654 
f 949/1013/3655 929/993/3656 932/996/3657 950/1014/3658 
f 927/991/3659 951/1015/3660 952/1016/3661 928/992/3662 
f 918/982/3663 915/979/3664 914/978/3665 919/983/3666 
f 936/1000/3667 953/1017/3668 954/1018/3669 937/1001/3670 
f 955/1019/3671 908/972/3672 910/974/3673 956/1020/3674 
f 938/1002/3675 903/967/3676 902/966/3677 935/999/3678 
f 953/1017/3679 949/1013/3680 950/1014/3681 954/1018/3682 
f 956/1020/3683 912/976/3684 911/975/3685 955/1019/3686 
f 942/1006/3687 957/1021/3688 958/1022/3689 943/1007/3690 
f 959/1023/3691 945/1009/3692 946/1010/3693 960/1024/3694 
f 948/1012/3695 916/980/3696 915/979/3697 947/1011/3698 
f 951/1015/3699 961/1025/3700 962/1026/3701 952/1016/3702 
f 933/997/3703 905/969/3704 907/971/3705 934/998/3706 
f 921/985/3707 902/966/3708 904/968/3709 922/986/3710 
f 961/1025/3711 963/1027/3712 964/1028/3713 962/1026/3714 
f 965/1029/3715 959/1023/3716 960/1024/3717 966/1030/3718 
f 963/1027/3719 965/1029/3720 966/1030/3721 964/1028/3722 
f 957/1021/3723 967/1031/3724 968/1032/3725 958/1022/3726 
f 836/1033/3727 835/1034/3728 904/1035/3729 903/1036/3730 
f 839/1037/3731 838/1038/3732 907/1039/3733 906/1040/3734 
f 842/1041/3735 841/1042/3736 910/1043/3737 909/1044/3738 
f 845/1045/3739 844/1046/3740 913/1047/3741 912/1048/3742 
f 847/1049/3743 849/1050/3744 914/1051/3745 916/1052/3746 
f 853/1053/3747 852/1054/3748 918/1055/3749 917/1056/3750 
f 851/1057/3751 850/1058/3752 920/1059/3753 919/1060/3754 
f 854/1061/3755 839/1037/3756 906/1040/3757 922/1062/3758 
f 840/1063/3759 855/1064/3760 921/1065/3761 905/1066/3762 
f 859/1067/3763 858/1068/3764 924/1069/3765 923/1070/3766 
f 857/1071/3767 856/1072/3768 926/1073/3769 925/1074/3770 
f 856/1072/3771 861/1075/3772 927/1076/3773 926/1073/3774 
f 860/1077/3775 859/1067/3776 923/1070/3777 928/1078/3778 
f 865/1079/3779 864/1080/3780 930/1081/3781 929/1082/3782 
f 864/1083/3783 863/1084/3784 931/1085/3785 930/1086/3786 
f 863/1087/3787 862/1088/3788 932/1089/3789 931/1090/3790 
f 866/1091/3791 842/1092/3792 909/1093/3793 934/1094/3794 
f 843/1095/3795 867/1096/3796 933/1097/3797 908/1098/3798 
f 871/1099/3799 870/1100/3800 936/1101/3801 935/1102/3802 
f 869/1103/3803 868/1104/3804 938/1105/3805 937/1106/3806 
f 873/1107/3807 853/1053/3808 917/1056/3809 939/1108/3810 
f 850/1058/3811 872/1109/3812 940/1110/3813 920/1059/3814 
f 877/1111/3815 876/1112/3816 942/1113/3817 941/1114/3818 
f 875/1115/3819 874/1116/3820 944/1117/3821 943/1118/3822 
f 858/1068/3823 873/1107/3824 939/1108/3825 924/1069/3826 
f 872/1109/3827 857/1071/3828 925/1074/3829 940/1110/3830 
f 879/1119/3831 877/1111/3832 941/1114/3833 945/1120/3834 
f 874/1116/3835 878/1121/3836 946/1122/3837 944/1117/3838 
f 881/1123/3839 846/1124/3840 911/1125/3841 947/1126/3842 
f 844/1046/3843 880/1127/3844 948/1128/3845 913/1047/3846 
f 883/1129/3847 865/1079/3848 929/1082/3849 949/1130/3850 
f 862/1088/3851 882/1131/3852 950/1132/3853 932/1089/3854 
f 861/1133/3855 885/1134/3856 951/1135/3857 927/1136/3858 
f 884/1137/3859 860/1138/3860 928/1139/3861 952/1140/3862 
f 852/1054/3863 848/1141/3864 915/1142/3865 918/1055/3866 
f 849/1050/3867 851/1057/3868 919/1060/3869 914/1051/3870 
f 870/1100/3871 887/1143/3872 953/1144/3873 936/1101/3874 
f 886/1145/3875 869/1103/3876 937/1106/3877 954/1146/3878 
f 889/1147/3879 843/1148/3880 908/1149/3881 955/1150/3882 
f 841/1042/3883 888/1151/3884 956/1152/3885 910/1043/3886 
f 868/1104/3887 836/1033/3888 903/1036/3889 938/1105/3890 
f 837/1153/3891 871/1099/3892 935/1102/3893 902/1154/3894 
f 887/1143/3895 883/1129/3896 949/1130/3897 953/1144/3898 
f 882/1131/3899 886/1145/3900 954/1146/3901 950/1132/3902 
f 888/1151/3903 845/1045/3904 912/1048/3905 956/1152/3906 
f 846/1124/3907 889/1147/3908 955/1150/3909 911/1125/3910 
f 876/1112/3911 891/1155/3912 957/1156/3913 942/1113/3914 
f 890/1157/3915 875/1115/3916 943/1118/3917 958/1158/3918 
f 893/1159/3919 879/1119/3920 945/1120/3921 959/1160/3922 
f 878/1121/3923 892/1161/3924 960/1162/3925 946/1122/3926 
f 880/1127/3927 847/1049/3928 916/1052/3929 948/1128/3930 
f 848/1141/3931 881/1123/3932 947/1126/3933 915/1142/3934 
f 885/1134/3935 895/1163/3936 961/1164/3937 951/1135/3938 
f 894/1165/3939 884/1137/3940 952/1140/3941 962/1166/3942 
f 867/1096/3943 840/1063/3944 905/1066/3945 933/1097/3946 
f 838/1038/3947 866/1091/3948 934/1094/3949 907/1039/3950 
f 855/1064/3951 837/1153/3952 902/1154/3953 921/1065/3954 
f 835/1034/3955 854/1061/3956 922/1062/3957 904/1035/3958 
f 895/1163/3959 897/1167/3960 963/1168/3961 961/1164/3962 
f 896/1169/3963 894/1165/3964 962/1166/3965 964/1170/3966 
f 899/1171/3967 893/1159/3968 959/1160/3969 965/1172/3970 
f 892/1161/3971 898/1173/3972 966/1174/3973 960/1162/3974 
f 897/1167/3975 899/1171/3976 965/1172/3977 963/1168/3978 
f 898/1173/3979 896/1169/3980 964/1170/3981 966/1174/3982 
f 891/1155/3983 901/1175/3984 967/1176/3985 957/1156/3986 
f 901/1177/3987 900/1178/3988 968/1179/3989 967/1180/3990 
f 900/1181/3991 890/1157/3992 958/1158/3993 968/1182/3994 
o 002_3D_Text_-_u
g 3D_Text_-_u
usemtl Infusion 1
v -63.220 71.348 -250.000
v -63.220 78.379 -250.000
v -61.194 78.379 -250.000
v -62.866 65.000 -250.000
v -63.159 66.795 -250.000
v -61.194 65.000 -250.000
v -64.624 67.187 -250.000
v -63.537 66.417 -250.000
v -63.844 66.078 -250.000
v -65.148 66.866 -250.000
v -64.190 65.775 -250.000
v -64.574 65.509 -250.000
v -65.762 66.636 -250.000
v -64.996 65.281 -250.000
v -65.451 65.092 -250.000
v -66.466 66.498 -250.000
v -65.930 64.945 -250.000
v -66.434 64.840 -250.000
v -70.638 65.498 -250.000
v -69.261 66.968 -250.000
v -70.005 65.173 -250.000
v -70.337 78.379 -250.000
v -70.337 69.700 -250.000
v -72.388 69.627 -250.000
v -72.388 78.379 -250.000
v -67.261 66.452 -250.000
v -66.963 64.777 -250.000
v -71.173 65.915 -250.000
v -71.610 66.435 -250.000
v -69.860 67.614 -250.000
v -69.592 67.258 -250.000
v -70.069 68.036 -250.000
v -71.950 67.066 -250.000
v -70.307 69.078 -250.000
v -72.339 68.662 -250.000
v -70.218 68.524 -250.000
v -72.193 67.808 -250.000
v -64.191 67.600 -250.000
v -63.269 66.795 -250.000
v -68.862 66.743 -250.000
v -69.274 64.942 -250.000
v -68.395 66.581 -250.000
v -68.445 64.802 -250.000
v -67.517 64.756 -250.000
v -67.862 66.485 -250.000
v -63.259 70.366 -250.000
v -63.841 68.117 -250.000
v -63.375 69.500 -250.000
v -63.570 68.750 -250.000
v -61.194 78.379 -242.500
v -63.220 78.379 -242.500
v -63.220 71.348 -242.500
v -61.194 65.000 -242.500
v -63.159 66.795 -242.500
v -62.866 65.000 -242.500
v -63.844 66.078 -242.500
v -63.537 66.417 -242.500
v -64.624 67.187 -242.500
v -64.574 65.509 -242.500
v -64.190 65.775 -242.500
v -65.148 66.866 -242.500
v -65.451 65.092 -242.500
v -64.996 65.281 -242.500
v -65.762 66.636 -242.500
v -66.434 64.840 -242.500
v -65.930 64.945 -242.500
v -66.466 66.498 -242.500
v -70.005 65.173 -242.500
v -69.261 66.968 -242.500
v -70.638 65.498 -242.500
v -72.388 78.379 -242.500
v -72.388 69.627 -242.500
v -70.337 69.700 -242.500
v -70.337 78.379 -242.500
v -66.963 64.777 -242.500
v -67.261 66.452 -242.500
v -69.592 67.258 -242.500
v -69.860 67.614 -242.500
v -71.610 66.435 -242.500
v -71.173 65.915 -242.500
v -71.950 67.066 -242.500
v -70.069 68.036 -242.500
v -72.339 68.662 -242.500
v -70.307 69.078 -242.500
v -72.193 67.808 -242.500
v -70.218 68.524 -242.500
v -63.269 66.795 -242.500
v -64.191 67.600 -242.500
v -69.274 64.942 -242.500
v -68.862 66.743 -242.500
v -68.445 64.802 -242.500
v -68.395 66.581 -242.500
v -67.862 66.485 -242.500
v -67.517 64.756 -242.500
v -63.259 70.366 -242.500
v -63.841 68.117 -242.500
v -63.375 69.500 -242.500
v -63.570 68.750 -242.500
vt 0.35718 0.49120
vt 0.35718 0.77246
vt 0.27612 0.77246
vt 0.34302 0.23730
vt 0.35474 0.30908
vt 0.27612 0.23730
vt 0.41333 0.32478
vt 0.36987 0.29400
vt 0.38214 0.28040
vt 0.43428 0.31192
vt 0.39596 0.26830
vt 0.41132 0.25768
vt 0.45884 0.30274
vt 0.42822 0.24854
vt 0.44640 0.24098
vt 0.48701 0.29724
vt 0.46557 0.23510
vt 0.48574 0.23090
vt 0.65390 0.25722
vt 0.59880 0.31603
vt 0.62858 0.24424
vt 0.64186 0.77246
vt 0.64186 0.42528
vt 0.72388 0.42236
vt 0.72388 0.77246
vt 0.51880 0.29540
vt 0.50690 0.22838
vt 0.67530 0.27392
vt 0.69279 0.29470
vt 0.62279 0.34186
vt 0.61206 0.32764
vt 0.63113 0.35873
vt 0.70639 0.31993
vt 0.64067 0.40044
vt 0.72194 0.38376
vt 0.63709 0.37826
vt 0.71611 0.34962
vt 0.39600 0.34130
vt 0.35914 0.30908
vt 0.58284 0.30701
vt 0.59934 0.23496
vt 0.56419 0.30056
vt 0.56616 0.22940
vt 0.52906 0.22754
vt 0.54284 0.29669
vt 0.35873 0.45192
vt 0.38202 0.36198
vt 0.36339 0.41730
vt 0.37116 0.38732
vt 0.72388 0.77246
vt 0.64282 0.77246
vt 0.64282 0.49120
vt 0.72388 0.23730
vt 0.64526 0.30908
vt 0.65698 0.23730
vt 0.61786 0.28040
vt 0.63013 0.29400
vt 0.58667 0.32478
vt 0.58868 0.25768
vt 0.60404 0.26830
vt 0.56572 0.31192
vt 0.55360 0.24098
vt 0.57178 0.24854
vt 0.54116 0.30274
vt 0.51426 0.23090
vt 0.53443 0.23510
vt 0.51299 0.29724
vt 0.37142 0.24424
vt 0.40120 0.31603
vt 0.34610 0.25722
vt 0.27612 0.77246
vt 0.27612 0.42236
vt 0.35814 0.42528
vt 0.35814 0.77246
vt 0.49310 0.22838
vt 0.48120 0.29540
vt 0.38794 0.32764
vt 0.37721 0.34186
vt 0.30721 0.29470
vt 0.32470 0.27392
vt 0.29361 0.31993
vt 0.36887 0.35873
vt 0.27806 0.38376
vt 0.35933 0.40044
vt 0.28389 0.34962
vt 0.36291 0.37826
vt 0.64086 0.30908
vt 0.60400 0.34130
vt 0.40066 0.23496
vt 0.41716 0.30701
vt 0.43384 0.22940
vt 0.43581 0.30056
vt 0.45716 0.29669
vt 0.47094 0.22754
vt 0.64127 0.45192
vt 0.61798 0.36198
vt 0.63661 0.41730
vt 0.62884 0.38732
vt 0.35000 0.72388
vt 0.35000 0.64282
vt 0.65000 0.64282
vt 0.65000 0.72388
vt 0.35000 0.77246
vt 0.35000 0.49120
vt 0.65000 0.49120
vt 0.65000 0.77246
vt 0.35000 0.30908
vt 0.35000 0.23730
vt 0.65000 0.23730
vt 0.65000 0.30908
vt 0.35000 0.34302
vt 0.35000 0.27612
vt 0.65000 0.27612
vt 0.65000 0.34302
vt 0.65000 0.28040
vt 0.65000 0.29400
vt 0.35000 0.29400
vt 0.35000 0.28040
vt 0.35000 0.41132
vt 0.35000 0.39596
vt 0.65000 0.39596
vt 0.65000 0.41132
vt 0.35000 0.44640
vt 0.35000 0.42822
vt 0.65000 0.42822
vt 0.65000 0.44640
vt 0.35000 0.48574
vt 0.35000 0.46557
vt 0.65000 0.46557
vt 0.65000 0.48574
vt 0.35000 0.65390
vt 0.35000 0.62858
vt 0.65000 0.62858
vt 0.65000 0.65390
vt 0.35000 0.77246
vt 0.35000 0.42236
vt 0.65000 0.42236
vt 0.65000 0.77246
vt 0.65000 0.42528
vt 0.65000 0.77246
vt 0.35000 0.77246
vt 0.35000 0.42528
vt 0.35000 0.35814
vt 0.35000 0.27612
vt 0.65000 0.27612
vt 0.65000 0.35814
vt 0.35000 0.50690
vt 0.65000 0.50690
vt 0.35000 0.51299
vt 0.35000 0.48120
vt 0.65000 0.48120
vt 0.65000 0.51299
vt 0.65000 0.32764
vt 0.65000 0.34186
vt 0.35000 0.34186
vt 0.35000 0.32764
vt 0.35000 0.29470
vt 0.35000 0.27392
vt 0.65000 0.27392
vt 0.65000 0.29470
vt 0.35000 0.31993
vt 0.65000 0.31993
vt 0.65000 0.35873
vt 0.35000 0.35873
vt 0.35000 0.38376
vt 0.65000 0.38376
vt 0.65000 0.40044
vt 0.35000 0.40044
vt 0.35000 0.54116
vt 0.65000 0.54116
vt 0.35000 0.34962
vt 0.65000 0.34962
vt 0.65000 0.37826
vt 0.35000 0.37826
vt 0.35000 0.56572
vt 0.65000 0.56572
vt 0.35000 0.58667
vt 0.65000 0.58667
vt 0.35000 0.38214
vt 0.65000 0.38214
vt 0.35000 0.60400
vt 0.65000 0.60400
vt 0.65000 0.30908
vt 0.35000 0.30908
vt 0.35000 0.40120
vt 0.35000 0.38794
vt 0.65000 0.38794
vt 0.65000 0.40120
vt 0.35000 0.67530
vt 0.65000 0.67530
vt 0.35000 0.41716
vt 0.65000 0.41716
vt 0.35000 0.59934
vt 0.65000 0.59934
vt 0.35000 0.56616
vt 0.65000 0.56616
vt 0.35000 0.43581
vt 0.65000 0.43581
vt 0.35000 0.45716
vt 0.65000 0.45716
vt 0.35000 0.52906
vt 0.65000 0.52906
vt 0.65000 0.23730
vt 0.65000 0.77246
vt 0.35000 0.77246
vt 0.35000 0.23730
vt 0.35000 0.45192
vt 0.65000 0.45192
vt 0.35000 0.36198
vt 0.35000 0.34130
vt 0.65000 0.34130
vt 0.65000 0.36198
vt 0.35000 0.35914
vt 0.35000 0.35474
vt 0.65000 0.35474
vt 0.65000 0.35914
vt 0.35000 0.41730
vt 0.65000 0.41730
vt 0.35000 0.38732
vt 0.65000 0.38732
vn 0.00000 0.00000 -1.00000
vn 0.00000 0.00000 -1.00000
vn 0.00000 0.00000 -1.00000
vn 0.00000 0.00000 -1.00000
vn 0.00000 0.00000 -1.00000
vn 0.00000 0.00000 -1.00000
vn -0.00000 0.00000 -1.00000
vn -0.00000 0.00000 -1.00000
vn -0.00000 0.00000 -1.00000
vn 0.00000 0.00000 -1.00000
vn 0.00000 0.00000 -1.00000
vn 0.00000 0.00000 -1.00000
vn 0.00000 0.00000 -1.00000
vn 0.00000 0.00000 -1.00000
vn 0.00000 0.00000 -1.00000
vn -0.00000 0.00000 -1.00000
vn -0.00000 0.00000 -1.00000
vn -0.00000 0.00000 -1.00000
vn -0.00000 0.00000 -1.00000
vn -0.00000 0.00000 -1.00000
vn -0.00000 0.00000 -1.00000
vn 0.00000 0.00000 -1.00000
vn 0.00000 0.00000 -1.00000
vn 0.00000 0.00000 -1.00000
vn 0.00000 0.00000 -1.00000
vn 0.00000 0.00000 -1.00000
vn 0.00000 0.00000 -1.00000
vn 0.00000 0.00000 -1.00000
vn 0.00000 0.00000 -1.00000
vn 0.00000 0.00000 -1.00000
vn -0.00000 0.00000 -1.00000
vn 0.00000 0.00000 -1.00000
vn 0.00000 0.00000 -1.00000
vn -0.00000 0.00000 -1.00000
vn -0.00000 0.00000 -1.00000
vn -0.00000 0.00000 -1.00000
vn -0.00000 0.00000 -1.00000
vn 0.00000 0.00000 -1.00000
vn -0.00000 0.00000 -1.00000
vn 0.00000 0.00000 -1.00000
vn 0.00000 0.00000 -1.00000
vn -0.00000 0.00000 -1.00000
vn 0.00000 0.00000 -1.00000
vn -0.00000 0.00000 -1.00000
vn -0.00000 0.00000 -1.00000
vn 0.00000 0.00000 -1.00000
vn -0.00000 0.00000 -1.00000
vn 0.00000 0.00000 -1.00000
vn 0.00000 0.00000 -1.00000
vn -0.00000 0.00000 -1.00000
vn -0.00000 0.00000 -1.00000
vn -0.00000 0.00000 -1.00000
vn -0.00000 0.00000 -1.00000
vn -0.00000 0.00000 -1.00000
vn 0.00000 0.00000 -1.00000
vn -0.00000 0.00000 -1.00000
vn -0.00000 0.00000 -1.00000
vn -0.00000 0.00000 -1.00000
vn 0.00000 0.00000 -1.00000
vn -0.00000 0.00000 -1.00000
vn -0.00000 0.00000 -1.00000
vn -0.00000 0.00000 -1.00000
vn 0.00000 0.00000 -1.00000
vn -0.00000 0.00000 -1.00000
vn -0.00000 0.00000 -1.00000
vn -0.00000 0.00000 -1.00000
vn 0.00000 0.00000 -1.00000
vn -0.00000 0.00000 -1.00000
vn -0.00000 0.00000 -1.00000
vn -0.00000 0.00000 -1.00000
vn -0.00000 0.00000 -1.00000
vn -0.00000 0.00000 -1.00000
vn -0.00000 0.00000 -1.00000
vn -0.00000 0.00000 -1.00000
vn -0.00000 0.00000 -1.00000
vn -0.00000 0.00000 -1.00000
vn -0.00000 0.00000 -1.00000
vn -0.00000 0.00000 -1.00000
vn -0.00000 0.00000 -1.00000
vn -0.00000 0.00000 -1.00000
vn -0.00000 0.00000 -1.00000
vn 0.00000 0.00000 -1.00000
vn 0.00000 0.00000 -1.00000
vn 0.00000 0.00000 -1.00000
vn 0.00000 0.00000 -1.00000
vn 0.00000 0.00000 -1.00000
vn -0.00000 0.00000 -1.00000
vn 0.00000 0.00000 -1.00000
vn 0.00000 0.00000 -1.00000
vn 0.00000 0.00000 -1.00000
vn 0.00000 0.00000 -1.00000
vn 0.00000 0.00000 -1.00000
vn 0.00000 0.00000 -1.00000
vn 0.00000 0.00000 -1.00000
vn -0.00000 0.00000 -1.00000
vn 0.00000 0.00000 -1.00000
vn 0.00000 0.00000 -1.00000
vn -0.00000 0.00000 -1.00000
vn 0.00000 0.00000 -1.00000
vn 0.00000 0.00000 -1.00000
vn 0.00000 0.00000 -1.00000
vn 0.00000 -0.00000 1.00000
vn 0.00000 -0.00000 1.00000
vn 0.00000 -0.00000 1.00000
vn 0.00000 -0.00000 1.00000
vn 0.00000 -0.00000 1.00000
vn 0.00000 -0.00000 1.00000
vn 0.00000 -0.00000 1.00000
vn 0.00000 -0.00000 1.00000
vn 0.00000 -0.00000 1.00000
vn 0.00000 -0.00000 1.00000
vn 0.00000 -0.00000 1.00000
vn 0.00000 -0.00000 1.00000
vn 0.00000 -0.00000 1.00000
vn 0.00000 -0.00000 1.00000
vn 0.00000 -0.00000 1.00000
vn 0.00000 -0.00000 1.00000
vn 0.00000 -0.00000 1.00000
vn 0.00000 -0.00000 1.00000
vn 0.00000 -0.00000 1.00000
vn 0.00000 -0.00000 1.00000
vn 0.00000 -0.00000 1.00000
vn 0.00000 -0.00000 1.00000
vn 0.00000 -0.00000 1.00000
vn 0.00000 -0.00000 1.00000
vn 0.00000 -0.00000 1.00000
vn 0.00000 -0.00000 1.00000
vn 0.00000 -0.00000 1.00000
vn 0.00000 -0.00000 1.00000
vn 0.00000 -0.00000 1.00000
vn 0.00000 -0.00000 1.00000
vn 0.00000 -0.00000 1.00000
vn 0.00000 -0.00000 1.00000
vn 0.00000 -0.00000 1.00000
vn 0.00000 -0.00000 1.00000
vn 0.00000 -0.00000 1.00000
vn 0.00000 -0.00000 1.00000
vn 0.00000 -0.00000 1.00000
vn 0.00000 -0.00000 1.00000
vn 0.00000 -0.00000 1.00000
vn 0.00000 -0.00000 1.00000
vn 0.00000 -0.00000 1.00000
vn 0.00000 -0.00000 1.00000
vn 0.00000 -0.00000 1.00000
vn 0.00000 -0.00000 1.00000
vn 0.00000 -0.00000 1.00000
vn 0.00000 -0.00000 1.00000
vn 0.00000 -0.00000 1.00000
vn 0.00000 -0.00000 1.00000
vn 0.00000 -0.00000 1.00000
vn 0.00000 -0.00000 1.00000
vn 0.00000 -0.00000 1.00000
vn 0.00000 -0.00000 1.00000
vn 0.00000 -0.00000 1.00000
vn 0.00000 -0.00000 1.00000
vn 0.00000 -0.00000 1.00000
vn 0.00000 -0.00000 1.00000
vn 0.00000 -0.00000 1.00000
vn 0.00000 -0.00000 1.00000
vn 0.00000 -0.00000 1.00000
vn 0.00000 -0.00000 1.00000
vn 0.00000 -0.00000 1.00000
vn 0.00000 -0.00000 1.00000
vn 0.00000 -0.00000 1.00000
vn 0.00000 -0.00000 1.00000
vn 0.00000 -0.00000 1.00000
vn 0.00000 -0.00000 1.00000
vn 0.00000 -0.00000 1.00000
vn 0.00000 -0.00000 1.00000
vn 0.00000 -0.00000 1.00000
vn 0.00000 -0.00000 1.00000
vn 0.00000 -0.00000 1.00000
vn 0.00000 -0.00000 1.00000
vn 0.00000 -0.00000 1.00000
vn 0.00000 -0.00000 1.00000
vn 0.00000 -0.00000 1.00000
vn 0.00000 -0.00000 1.00000
vn 0.00000 -0.00000 1.00000
vn 0.00000 -0.00000 1.00000
vn 0.00000 -0.00000 1.00000
vn 0.00000 -0.00000 1.00000
vn 0.00000 -0.00000 1.00000
vn 0.00000 -0.00000 1.00000
vn 0.00000 -0.00000 1.00000
vn 0.00000 -0.00000 1.00000
vn 0.00000 -0.00000 1.00000
vn 0.00000 -0.00000 1.00000
vn 0.00000 -0.00000 1.00000
vn 0.00000 -0.00000 1.00000
vn 0.00000 -0.00000 1.00000
vn 0.00000 -0.00000 1.00000
vn 0.00000 -0.00000 1.00000
vn 0.00000 -0.00000 1.00000
vn 0.00000 -0.00000 1.00000
vn 0.00000 -0.00000 1.00000
vn 0.00000 -0.00000 1.00000
vn 0.00000 -0.00000 1.00000
vn 0.00000 -0.00000 1.00000
vn 0.00000 -0.00000 1.00000
vn 0.00000 -0.00000 1.00000
vn 0.00000 -0.00000 1.00000
vn 0.00000 -0.00000 1.00000
vn 0.00000 1.00000 0.00000
vn 0.00000 1.00000 0.00000
vn 0.00000 1.00000 0.00000
vn 0.00000 1.00000 0.00000
vn -1.00000 0.00000 0.00000
vn -1.00000 0.00000 0.00000
vn -1.00000 0.00000 0.00000
vn -1.00000 0.00000 0.00000
vn -0.98693 -0.16114 -0.00000
vn -0.98693 -0.16114 -0.00000
vn -0.98693 -0.16114 -0.00000
vn -0.98693 -0.16114 -0.00000
vn 0.00000 -1.00000 -0.00000
vn 0.00000 -1.00000 -0.00000
vn 0.00000 -1.00000 -0.00000
vn 0.00000 -1.00000 -0.00000
vn 0.74224 -0.67013 -0.00000
vn 0.74224 -0.67013 -0.00000
vn 0.74224 -0.67013 -0.00000
vn 0.74224 -0.67013 -0.00000
vn 0.56881 -0.82247 -0.00000
vn 0.56881 -0.82247 -0.00000
vn 0.56881 -0.82247 -0.00000
vn 0.56881 -0.82247 -0.00000
vn 0.38401 -0.92333 -0.00000
vn 0.38401 -0.92333 -0.00000
vn 0.38401 -0.92333 -0.00000
vn 0.38401 -0.92333 -0.00000
vn 0.20388 -0.97900 -0.00000
vn 0.20388 -0.97900 -0.00000
vn 0.20388 -0.97900 -0.00000
vn 0.20388 -0.97900 -0.00000
vn -0.45634 -0.88980 -0.00000
vn -0.45634 -0.88980 -0.00000
vn -0.45634 -0.88980 -0.00000
vn -0.45634 -0.88980 -0.00000
vn -1.00000 0.00000 0.00000
vn -1.00000 0.00000 0.00000
vn -1.00000 0.00000 0.00000
vn -1.00000 0.00000 0.00000
vn 1.00000 0.00000 0.00000
vn 1.00000 0.00000 0.00000
vn 1.00000 0.00000 0.00000
vn 1.00000 0.00000 0.00000
vn 0.00000 1.00000 0.00000
vn 0.00000 1.00000 0.00000
vn 0.00000 1.00000 0.00000
vn 0.00000 1.00000 0.00000
vn 0.11824 -0.99299 -0.00000
vn 0.11824 -0.99299 -0.00000
vn 0.11824 -0.99299 -0.00000
vn 0.11824 -0.99299 -0.00000
vn -0.05767 0.99834 0.00000
vn -0.05767 0.99834 0.00000
vn -0.05767 0.99834 0.00000
vn -0.05767 0.99834 0.00000
vn 0.79822 0.60237 0.00000
vn 0.79822 0.60237 0.00000
vn 0.79822 0.60237 0.00000
vn 0.79822 0.60237 0.00000
vn -0.76508 -0.64393 -0.00000
vn -0.76508 -0.64393 -0.00000
vn -0.76508 -0.64393 -0.00000
vn -0.76508 -0.64393 -0.00000
vn -0.88025 -0.47451 -0.00000
vn -0.88025 -0.47451 -0.00000
vn -0.88025 -0.47451 -0.00000
vn -0.88025 -0.47451 -0.00000
vn 0.89637 0.44330 0.00000
vn 0.89637 0.44330 0.00000
vn 0.89637 0.44330 0.00000
vn 0.89637 0.44330 0.00000
vn -0.99874 -0.05028 -0.00000
vn -0.99874 -0.05028 -0.00000
vn -0.99874 -0.05028 -0.00000
vn -0.99874 -0.05028 -0.00000
vn 0.99885 0.04793 0.00000
vn 0.99885 0.04793 0.00000
vn 0.99885 0.04793 0.00000
vn 0.99885 0.04793 0.00000
vn 0.29321 -0.95605 -0.00000
vn 0.29321 -0.95605 -0.00000
vn 0.29321 -0.95605 -0.00000
vn 0.29321 -0.95605 -0.00000
vn -0.19188 0.98142 0.00000
vn -0.19188 0.98142 0.00000
vn -0.19188 0.98142 0.00000
vn -0.19188 0.98142 0.00000
vn -0.95040 -0.31104 -0.00000
vn -0.95040 -0.31104 -0.00000
vn -0.95040 -0.31104 -0.00000
vn -0.95040 -0.31104 -0.00000
vn 0.95645 0.29191 0.00000
vn 0.95645 0.29191 0.00000
vn 0.95645 0.29191 0.00000
vn 0.95645 0.29191 0.00000
vn -0.35012 0.93670 0.00000
vn -0.35012 0.93670 0.00000
vn -0.35012 0.93670 0.00000
vn -0.35012 0.93670 0.00000
vn 0.47550 -0.87971 -0.00000
vn 0.47550 -0.87971 -0.00000
vn 0.47550 -0.87971 -0.00000
vn 0.47550 -0.87971 -0.00000
vn -0.52296 0.85236 0.00000
vn -0.52296 0.85236 0.00000
vn -0.52296 0.85236 0.00000
vn -0.52296 0.85236 0.00000
vn 0.65909 -0.75206 -0.00000
vn 0.65909 -0.75206 -0.00000
vn 0.65909 -0.75206 -0.00000
vn 0.65909 -0.75206 -0.00000
vn -0.98573 -0.16831 -0.00000
vn -0.98573 -0.16831 -0.00000
vn -0.98573 -0.16831 -0.00000
vn -0.98573 -0.16831 -0.00000
vn 0.98726 0.15914 0.00000
vn 0.98726 0.15914 0.00000
vn 0.98726 0.15914 0.00000
vn 0.98726 0.15914 0.00000
vn -0.68998 0.72382 0.00000
vn -0.68998 0.72382 0.00000
vn -0.68998 0.72382 0.00000
vn -0.68998 0.72382 0.00000
vn 0.81477 -0.57978 -0.00000
vn 0.81477 -0.57978 -0.00000
vn 0.81477 -0.57978 -0.00000
vn 0.81477 -0.57978 -0.00000
vn 0.65863 0.75247 0.00000
vn 0.65863 0.75247 0.00000
vn 0.65863 0.75247 0.00000
vn 0.65863 0.75247 0.00000
vn -0.61523 -0.78835 -0.00000
vn -0.61523 -0.78835 -0.00000
vn -0.61523 -0.78835 -0.00000
vn -0.61523 -0.78835 -0.00000
vn 0.49241 0.87036 0.00000
vn 0.49241 0.87036 0.00000
vn 0.49241 0.87036 0.00000
vn 0.49241 0.87036 0.00000
vn -0.30231 -0.95321 -0.00000
vn -0.30231 -0.95321 -0.00000
vn -0.30231 -0.95321 -0.00000
vn -0.30231 -0.95321 -0.00000
vn -0.16546 -0.98622 -0.00000
vn -0.16546 -0.98622 -0.00000
vn -0.16546 -0.98622 -0.00000
vn -0.16546 -0.98622 -0.00000
vn 0.32673 0.94512 0.00000
vn 0.32673 0.94512 0.00000
vn 0.32673 0.94512 0.00000
vn 0.32673 0.94512 0.00000
vn 0.05356 0.99856 0.00000
vn 0.05356 0.99856 0.00000
vn 0.05356 0.99856 0.00000
vn 0.05356 0.99856 0.00000
vn 0.03788 -0.99928 -0.00000
vn 0.03788 -0.99928 -0.00000
vn 0.03788 -0.99928 -0.00000
vn 0.03788 -0.99928 -0.00000
vn -0.04994 -0.99875 -0.00000
vn -0.04994 -0.99875 -0.00000
vn -0.04994 -0.99875 -0.00000
vn -0.04994 -0.99875 -0.00000
vn 0.17832 0.98397 0.00000
vn 0.17832 0.98397 0.00000
vn 0.17832 0.98397 0.00000
vn 0.17832 0.98397 0.00000
vn 1.00000 0.00000 0.00000
vn 1.00000 0.00000 0.00000
vn 1.00000 0.00000 0.00000
vn 1.00000 0.00000 0.00000
vn -0.99922 0.03951 0.00000
vn -0.99922 0.03951 0.00000
vn -0.99922 0.03951 0.00000
vn -0.99922 0.03951 0.00000
vn -0.82860 0.55984 0.00000
vn -0.82860 0.55984 0.00000
vn -0.82860 0.55984 0.00000
vn -0.82860 0.55984 0.00000
vn 0.00000 -1.00000 -0.00000
vn 0.00000 -1.00000 -0.00000
vn 0.00000 -1.00000 -0.00000
vn 0.00000 -1.00000 -0.00000
vn -0.99107 0.13333 0.00000
vn -0.99107 0.13333 0.00000
vn -0.99107 0.13333 0.00000
vn -0.99107 0.13333 0.00000
vn -0.96806 0.25070 0.00000
vn -0.96806 0.25070 0.00000
vn -0.96806 0.25070 0.00000
vn -0.96806 0.25070 0.00000
vn -0.91897 0.39432 0.00000
vn -0.91897 0.39432 0.00000
vn -0.91897 0.39432 0.00000
vn -0.91897 0.39432 0.00000
f 969/1183/3995 970/1184/3996 971/1185/3997 
f 972/1186/3998 973/1187/3999 974/1188/4000 
f 975/1189/4001 976/1190/4002 977/1191/4003 
f 978/1192/4004 979/1193/4005 980/1194/4006 
f 981/1195/4007 982/1196/4008 983/1197/4009 
f 984/1198/4010 985/1199/4011 986/1200/4012 
f 987/1201/4013 988/1202/4014 989/1203/4015 
f 990/1204/4016 991/1205/4017 992/1206/4018 993/1207/4019 
f 994/1208/4020 984/1198/4021 986/1200/4022 995/1209/4023 
f 996/1210/4024 997/1211/4025 998/1212/4026 999/1213/4027 
f 1000/1214/4028 998/1212/4029 997/1211/4030 1001/1215/4031 
f 991/1205/4032 1002/1216/4033 1003/1217/4034 992/1206/4035 
f 984/1198/4036 981/1195/4037 983/1197/4038 985/1199/4039 
f 1004/1218/4040 1000/1214/4041 1001/1215/4042 1005/1219/4043 
f 982/1196/4044 981/1195/4045 978/1192/4046 980/1194/4047 
f 979/1193/4048 978/1192/4049 975/1189/4050 977/1191/4051 
f 1002/1216/4052 1004/1218/4053 1005/1219/4054 1003/1217/4055 
f 976/1190/4056 975/1189/4057 1006/1220/4058 1007/1221/4059 
f 987/1201/4060 996/1210/4061 999/1213/4062 988/1202/4063 
f 989/1203/4064 988/1202/4065 1008/1222/4066 1009/1223/4067 
f 1008/1222/4068 1010/1224/4069 1011/1225/4070 1009/1223/4071 
f 1012/1226/4072 1013/1227/4073 994/1208/4074 995/1209/4075 
f 1010/1224/4076 1013/1227/4077 1012/1226/4078 1011/1225/4079 
f 1014/1228/4080 969/1183/4081 971/1185/4082 974/1188/4083 
f 1007/1221/4084 1006/1220/4085 1015/1229/4086 973/1187/4087 
f 973/1187/4088 1016/1230/4089 1014/1228/4090 974/1188/4091 
f 1015/1229/4092 1017/1231/4093 1016/1230/4095 973/1187/4094 
f 1018/1232/4096 1019/1233/4097 1020/1234/4098 
f 1021/1235/4099 1022/1236/4100 1023/1237/4101 
f 1024/1238/4102 1025/1239/4103 1026/1240/4104 
f 1027/1241/4105 1028/1242/4106 1029/1243/4107 
f 1030/1244/4108 1031/1245/4109 1032/1246/4110 
f 1033/1247/4111 1034/1248/4112 1035/1249/4113 
f 1036/1250/4114 1037/1251/4115 1038/1252/4116 
f 1039/1253/4117 1040/1254/4118 1041/1255/4119 1042/1256/4120 
f 1043/1257/4121 1033/1247/4122 1035/1249/4123 1044/1258/4124 
f 1045/1259/4125 1046/1260/4126 1047/1261/4127 1048/1262/4128 
f 1049/1263/4129 1047/1261/4130 1046/1260/4131 1050/1264/4132 
f 1040/1254/4133 1051/1265/4134 1052/1266/4135 1041/1255/4136 
f 1034/1248/4137 1030/1244/4138 1032/1246/4139 1035/1249/4140 
f 1053/1267/4141 1049/1263/4142 1050/1264/4143 1054/1268/4144 
f 1027/1241/4145 1029/1243/4146 1032/1246/4147 1031/1245/4148 
f 1024/1238/4149 1026/1240/4150 1029/1243/4151 1028/1242/4152 
f 1051/1265/4153 1053/1267/4154 1054/1268/4155 1052/1266/4156 
f 1055/1269/4157 1056/1270/4158 1026/1240/4159 1025/1239/4160 
f 1037/1251/4161 1045/1259/4162 1048/1262/4163 1038/1252/4164 
f 1057/1271/4165 1058/1272/4166 1037/1251/4167 1036/1250/4168 
f 1057/1271/4169 1059/1273/4170 1060/1274/4171 1058/1272/4172 
f 1043/1257/4173 1044/1258/4174 1061/1275/4175 1062/1276/4176 
f 1059/1273/4177 1062/1276/4178 1061/1275/4179 1060/1274/4180 
f 1021/1235/4181 1018/1232/4182 1020/1234/4183 1063/1277/4184 
f 1022/1236/4185 1064/1278/4186 1056/1270/4187 1055/1269/4188 
f 1021/1235/4189 1063/1277/4190 1065/1279/4191 1022/1236/4192 
f 1022/1236/4193 1065/1279/4194 1066/1280/4195 1064/1278/4196 
f 971/1281/4197 970/1282/4198 1019/1283/4199 1018/1284/4200 
f 970/1285/4201 969/1286/4202 1020/1287/4203 1019/1288/4204 
f 973/1289/4205 972/1290/4206 1023/1291/4207 1022/1292/4208 
f 972/1293/4209 974/1294/4210 1021/1295/4211 1023/1296/4212 
f 977/1297/4213 976/1298/4214 1025/1299/4215 1024/1300/4216 
f 980/1301/4217 979/1302/4218 1028/1303/4219 1027/1304/4220 
f 983/1305/4221 982/1306/4222 1031/1307/4223 1030/1308/4224 
f 986/1309/4225 985/1310/4226 1034/1311/4227 1033/1312/4228 
f 987/1313/4229 989/1314/4230 1036/1315/4231 1038/1316/4232 
f 993/1317/4233 992/1318/4234 1040/1319/4235 1039/1320/4236 
f 991/1321/4237 990/1322/4238 1042/1323/4239 1041/1324/4240 
f 990/1325/4241 993/1326/4242 1039/1327/4243 1042/1328/4244 
f 995/1329/4245 986/1309/4246 1033/1312/4247 1043/1330/4248 
f 984/1331/4249 994/1332/4250 1044/1333/4251 1035/1334/4252 
f 999/1335/4253 998/1336/4254 1046/1337/4255 1045/1338/4256 
f 997/1339/4257 996/1340/4258 1048/1341/4259 1047/1342/4260 
f 1001/1343/4261 997/1339/4262 1047/1342/4263 1049/1344/4264 
f 998/1336/4265 1000/1345/4266 1050/1346/4267 1046/1337/4268 
f 992/1318/4269 1003/1347/4270 1051/1348/4271 1040/1319/4272 
f 1002/1349/4273 991/1321/4274 1041/1324/4275 1052/1350/4276 
f 985/1310/4277 983/1305/4278 1030/1308/4279 1034/1311/4280 
f 981/1351/4281 984/1331/4282 1035/1334/4283 1032/1352/4284 
f 1005/1353/4285 1001/1343/4286 1049/1344/4287 1053/1354/4288 
f 1000/1345/4289 1004/1355/4290 1054/1356/4291 1050/1346/4292 
f 978/1357/4293 981/1351/4294 1032/1352/4295 1029/1358/4296 
f 982/1306/4297 980/1301/4298 1027/1304/4299 1031/1307/4300 
f 975/1359/4301 978/1357/4302 1029/1358/4303 1026/1360/4304 
f 979/1302/4305 977/1361/4306 1024/1362/4307 1028/1303/4308 
f 1003/1347/4309 1005/1353/4310 1053/1354/4311 1051/1348/4312 
f 1004/1355/4313 1002/1349/4314 1052/1350/4315 1054/1356/4316 
f 1006/1363/4317 975/1359/4318 1026/1360/4319 1056/1364/4320 
f 976/1298/4321 1007/1365/4322 1055/1366/4323 1025/1299/4324 
f 988/1367/4325 999/1368/4326 1045/1369/4327 1037/1370/4328 
f 996/1371/4329 987/1313/4330 1038/1316/4331 1048/1372/4332 
f 1008/1373/4333 988/1367/4334 1037/1370/4335 1058/1374/4336 
f 989/1314/4337 1009/1375/4338 1057/1376/4339 1036/1315/4340 
f 1009/1375/4341 1011/1377/4342 1059/1378/4343 1057/1376/4344 
f 1010/1379/4345 1008/1373/4346 1058/1374/4347 1060/1380/4348 
f 994/1332/4349 1013/1381/4350 1061/1382/4351 1044/1333/4352 
f 1012/1383/4353 995/1329/4354 1043/1330/4355 1062/1384/4356 
f 1011/1377/4357 1012/1383/4358 1062/1384/4359 1059/1378/4360 
f 1013/1381/4361 1010/1379/4362 1060/1380/4363 1061/1382/4364 
f 974/1385/4365 971/1386/4366 1018/1387/4367 1021/1388/4368 
f 969/1286/4369 1014/1389/4370 1063/1390/4371 1020/1287/4372 
f 1015/1391/4373 1006/1392/4374 1056/1393/4375 1064/1394/4376 
f 1007/1395/4377 973/1396/4378 1022/1397/4379 1055/1398/4380 
f 1014/1389/4381 1016/1399/4382 1065/1400/4383 1063/1390/4384 
f 1016/1399/4385 1017/1401/4386 1066/1402/4387 1065/1400/4388 
f 1017/1401/4389 1015/1391/4390 1064/1394/4391 1066/1402/4392 
o 003_3D_Text_-_r
g 3D_Text_-_r
usemtl Infusion 2
v -52.823 78.595 -250.000
v -52.328 78.623 -250.000
v -52.474 76.780 -250.000
v -53.762 78.368 -250.000
v -53.301 78.510 -250.000
v -53.105 76.727 -250.000
v -54.635 77.915 -250.000
v -54.207 78.170 -250.000
v -53.698 76.569 -250.000
v -55.426 77.253 -250.000
v -55.043 77.608 -250.000
v -54.253 76.305 -250.000
v -58.431 65.000 -250.000
v -56.405 72.177 -250.000
v -56.405 65.000 -250.000
v -51.019 78.529 -250.000
v -51.334 76.663 -250.000
v -51.642 76.714 -250.000
v -51.325 78.570 -250.000
v -50.729 78.477 -250.000
v -51.009 76.597 -250.000
v -51.935 76.751 -250.000
v -51.644 78.600 -250.000
v -51.979 78.617 -250.000
v -52.213 76.773 -250.000
v -55.251 75.462 -250.000
v -56.119 76.399 -250.000
v -55.785 76.850 -250.000
v -54.771 75.936 -250.000
v -55.667 74.908 -250.000
v -56.429 75.901 -250.000
v -58.431 78.379 -250.000
v -56.359 72.938 -250.000
v -55.990 74.303 -250.000
v -56.527 75.901 -250.000
v -56.220 73.646 -250.000
v -56.759 78.379 -250.000
v -52.474 76.780 -242.500
v -52.328 78.623 -242.500
v -52.823 78.595 -242.500
v -53.105 76.727 -242.500
v -53.301 78.510 -242.500
v -53.762 78.368 -242.500
v -53.698 76.569 -242.500
v -54.207 78.170 -242.500
v -54.635 77.915 -242.500
v -54.253 76.305 -242.500
v -55.043 77.608 -242.500
v -55.426 77.253 -242.500
v -56.405 65.000 -242.500
v -56.405 72.177 -242.500
v -58.431 65.000 -242.500
v -51.325 78.570 -242.500
v -51.642 76.714 -242.500
v -51.334 76.663 -242.500
v -51.019 78.529 -242.500
v -51.009 76.597 -242.500
v -50.729 78.477 -242.500
v -51.644 78.600 -242.500
v -51.935 76.751 -242.500
v -52.213 76.773 -242.500
v -51.979 78.617 -242.500
v -54.771 75.936 -242.500
v -55.785 76.850 -242.500
v -56.119 76.399 -242.500
v -55.251 75.462 -242.500
v -56.429 75.901 -242.500
v -55.667 74.908 -242.500
v -56.359 72.938 -242.500
v -58.431 78.379 -242.500
v -56.527 75.901 -242.500
v -55.990 74.303 -242.500
v -56.220 73.646 -242.500
v -56.759 78.379 -242.500
vt 0.42970 0.77133
vt 0.40991 0.77246
vt 0.41577 0.69874
vt 0.46727 0.76226
vt 0.44882 0.76793
vt 0.44099 0.69663
vt 0.50219 0.74414
vt 0.48507 0.75434
vt 0.46471 0.69030
vt 0.53383 0.71766
vt 0.51850 0.73186
vt 0.48693 0.67975
vt 0.65405 0.22754
vt 0.57299 0.51464
vt 0.57299 0.22754
vt 0.35757 0.76871
vt 0.37014 0.69404
vt 0.38249 0.69610
vt 0.36978 0.77035
vt 0.34595 0.76660
vt 0.35717 0.69140
vt 0.39421 0.69757
vt 0.38257 0.77152
vt 0.39595 0.77223
vt 0.40530 0.69845
vt 0.52685 0.64600
vt 0.56157 0.68352
vt 0.54819 0.70154
vt 0.50764 0.66499
vt 0.54346 0.62387
vt 0.57397 0.66358
vt 0.65405 0.76270
vt 0.57114 0.54505
vt 0.55638 0.59967
vt 0.57789 0.66358
vt 0.56561 0.57340
vt 0.58715 0.76270
vt 0.58423 0.69874
vt 0.59009 0.77246
vt 0.57030 0.77133
vt 0.55901 0.69663
vt 0.55118 0.76793
vt 0.53273 0.76226
vt 0.53529 0.69030
vt 0.51493 0.75434
vt 0.49781 0.74414
vt 0.51307 0.67975
vt 0.48150 0.73186
vt 0.46617 0.71766
vt 0.42701 0.22754
vt 0.42701 0.51464
vt 0.34595 0.22754
vt 0.63022 0.77035
vt 0.61751 0.69610
vt 0.62986 0.69404
vt 0.64243 0.76871
vt 0.64283 0.69140
vt 0.65405 0.76660
vt 0.61743 0.77152
vt 0.60579 0.69757
vt 0.59470 0.69845
vt 0.60405 0.77223
vt 0.49236 0.66499
vt 0.45181 0.70154
vt 0.43843 0.68352
vt 0.47315 0.64600
vt 0.42603 0.66358
vt 0.45654 0.62387
vt 0.42886 0.54505
vt 0.34595 0.76270
vt 0.42211 0.66358
vt 0.44362 0.59967
vt 0.43439 0.57340
vt 0.41285 0.76270
vt 0.35000 0.59009
vt 0.35000 0.57030
vt 0.65000 0.57030
vt 0.65000 0.59009
vt 0.35000 0.55118
vt 0.35000 0.53273
vt 0.65000 0.53273
vt 0.65000 0.55118
vt 0.35000 0.51493
vt 0.35000 0.49781
vt 0.65000 0.49781
vt 0.65000 0.51493
vt 0.35000 0.48150
vt 0.35000 0.46617
vt 0.65000 0.46617
vt 0.65000 0.48150
vt 0.65000 0.22754
vt 0.65000 0.51464
vt 0.35000 0.51464
vt 0.35000 0.22754
vt 0.35000 0.65405
vt 0.35000 0.57299
vt 0.65000 0.57299
vt 0.65000 0.65405
vt 0.35000 0.38249
vt 0.35000 0.37014
vt 0.65000 0.37014
vt 0.65000 0.38249
vt 0.35000 0.64243
vt 0.35000 0.63022
vt 0.65000 0.63022
vt 0.65000 0.64243
vt 0.35000 0.35717
vt 0.65000 0.35717
vt 0.65000 0.69140
vt 0.65000 0.76660
vt 0.35000 0.76660
vt 0.35000 0.69140
vt 0.35000 0.65405
vt 0.65000 0.65405
vt 0.35000 0.39421
vt 0.65000 0.39421
vt 0.35000 0.61743
vt 0.65000 0.61743
vt 0.35000 0.41577
vt 0.35000 0.40530
vt 0.65000 0.40530
vt 0.65000 0.41577
vt 0.35000 0.60405
vt 0.65000 0.60405
vt 0.35000 0.46471
vt 0.35000 0.44099
vt 0.65000 0.44099
vt 0.65000 0.46471
vt 0.35000 0.48693
vt 0.65000 0.48693
vt 0.35000 0.70154
vt 0.35000 0.68352
vt 0.65000 0.68352
vt 0.65000 0.70154
vt 0.35000 0.52685
vt 0.35000 0.50764
vt 0.65000 0.50764
vt 0.65000 0.52685
vt 0.35000 0.71766
vt 0.65000 0.71766
vt 0.35000 0.66358
vt 0.65000 0.66358
vt 0.65000 0.62387
vt 0.65000 0.64600
vt 0.35000 0.64600
vt 0.35000 0.62387
vt 0.65000 0.54505
vt 0.35000 0.54505
vt 0.35000 0.76270
vt 0.35000 0.22754
vt 0.65000 0.22754
vt 0.65000 0.76270
vt 0.35000 0.42603
vt 0.35000 0.42211
vt 0.65000 0.42211
vt 0.65000 0.42603
vt 0.65000 0.59967
vt 0.35000 0.59967
vt 0.65000 0.57340
vt 0.35000 0.57340
vt 0.65000 0.66358
vt 0.65000 0.76270
vt 0.35000 0.76270
vt 0.35000 0.66358
vt 0.35000 0.41285
vt 0.35000 0.34595
vt 0.65000 0.34595
vt 0.65000 0.41285
vn 0.00000 0.00000 -1.00000
vn 0.00000 0.00000 -1.00000
vn 0.00000 0.00000 -1.00000
vn -0.00000 0.00000 -1.00000
vn -0.00000 0.00000 -1.00000
vn -0.00000 0.00000 -1.00000
vn 0.00000 0.00000 -1.00000
vn 0.00000 0.00000 -1.00000
vn 0.00000 0.00000 -1.00000
vn 0.00000 0.00000 -1.00000
vn 0.00000 0.00000 -1.00000
vn 0.00000 0.00000 -1.00000
vn 0.00000 0.00000 -1.00000
vn 0.00000 0.00000 -1.00000
vn 0.00000 0.00000 -1.00000
vn -0.00000 0.00000 -1.00000
vn 0.00000 0.00000 -1.00000
vn -0.00000 0.00000 -1.00000
vn -0.00000 0.00000 -1.00000
vn 0.00000 0.00000 -1.00000
vn -0.00000 0.00000 -1.00000
vn 0.00000 0.00000 -1.00000
vn 0.00000 0.00000 -1.00000
vn -0.00000 0.00000 -1.00000
vn -0.00000 0.00000 -1.00000
vn -0.00000 0.00000 -1.00000
vn -0.00000 0.00000 -1.00000
vn -0.00000 0.00000 -1.00000
vn -0.00000 0.00000 -1.00000
vn -0.00000 0.00000 -1.00000
vn -0.00000 0.00000 -1.00000
vn -0.00000 0.00000 -1.00000
vn 0.00000 0.00000 -1.00000
vn -0.00000 0.00000 -1.00000
vn -0.00000 0.00000 -1.00000
vn 0.00000 0.00000 -1.00000
vn 0.00000 0.00000 -1.00000
vn 0.00000 0.00000 -1.00000
vn 0.00000 0.00000 -1.00000
vn -0.00000 0.00000 -1.00000
vn -0.00000 0.00000 -1.00000
vn -0.00000 0.00000 -1.00000
vn -0.00000 0.00000 -1.00000
vn 0.00000 0.00000 -1.00000
vn -0.00000 0.00000 -1.00000
vn 0.00000 0.00000 -1.00000
vn 0.00000 0.00000 -1.00000
vn -0.00000 0.00000 -1.00000
vn -0.00000 0.00000 -1.00000
vn -0.00000 0.00000 -1.00000
vn -0.00000 0.00000 -1.00000
vn 0.00000 0.00000 -1.00000
vn -0.00000 0.00000 -1.00000
vn 0.00000 0.00000 -1.00000
vn 0.00000 0.00000 -1.00000
vn 0.00000 0.00000 -1.00000
vn 0.00000 0.00000 -1.00000
vn 0.00000 0.00000 -1.00000
vn 0.00000 0.00000 -1.00000
vn -0.00000 0.00000 -1.00000
vn 0.00000 0.00000 -1.00000
vn -0.00000 0.00000 -1.00000
vn -0.00000 0.00000 -1.00000
vn -0.00000 0.00000 -1.00000
vn 0.00000 0.00000 -1.00000
vn -0.00000 0.00000 -1.00000
vn -0.00000 0.00000 -1.00000
vn -0.00000 0.00000 -1.00000
vn 0.00000 0.00000 -1.00000
vn 0.00000 0.00000 -1.00000
vn 0.00000 0.00000 -1.00000
vn 0.00000 0.00000 -1.00000
vn 0.00000 0.00000 -1.00000
vn 0.00000 0.00000 -1.00000
vn 0.00000 0.00000 -1.00000
vn 0.00000 -0.00000 1.00000
vn 0.00000 -0.00000 1.00000
vn 0.00000 -0.00000 1.00000
vn 0.00000 -0.00000 1.00000
vn 0.00000 -0.00000 1.00000
vn 0.00000 -0.00000 1.00000
vn 0.00000 -0.00000 1.00000
vn 0.00000 -0.00000 1.00000
vn 0.00000 -0.00000 1.00000
vn 0.00000 -0.00000 1.00000
vn 0.00000 -0.00000 1.00000
vn 0.00000 -0.00000 1.00000
vn 0.00000 -0.00000 1.00000
vn 0.00000 -0.00000 1.00000
vn 0.00000 -0.00000 1.00000
vn 0.00000 -0.00000 1.00000
vn 0.00000 -0.00000 1.00000
vn 0.00000 -0.00000 1.00000
vn 0.00000 -0.00000 1.00000
vn 0.00000 -0.00000 1.00000
vn 0.00000 -0.00000 1.00000
vn 0.00000 -0.00000 1.00000
vn 0.00000 -0.00000 1.00000
vn 0.00000 -0.00000 1.00000
vn 0.00000 -0.00000 1.00000
vn 0.00000 -0.00000 1.00000
vn 0.00000 -0.00000 1.00000
vn 0.00000 -0.00000 1.00000
vn 0.00000 -0.00000 1.00000
vn 0.00000 -0.00000 1.00000
vn 0.00000 -0.00000 1.00000
vn 0.00000 -0.00000 1.00000
vn 0.00000 -0.00000 1.00000
vn 0.00000 -0.00000 1.00000
vn 0.00000 -0.00000 1.00000
vn 0.00000 -0.00000 1.00000
vn 0.00000 -0.00000 1.00000
vn 0.00000 -0.00000 1.00000
vn 0.00000 -0.00000 1.00000
vn 0.00000 -0.00000 1.00000
vn 0.00000 -0.00000 1.00000
vn 0.00000 -0.00000 1.00000
vn 0.00000 -0.00000 1.00000
vn 0.00000 -0.00000 1.00000
vn 0.00000 -0.00000 1.00000
vn 0.00000 -0.00000 1.00000
vn 0.00000 -0.00000 1.00000
vn 0.00000 -0.00000 1.00000
vn 0.00000 -0.00000 1.00000
vn 0.00000 -0.00000 1.00000
vn 0.00000 -0.00000 1.00000
vn 0.00000 -0.00000 1.00000
vn 0.00000 -0.00000 1.00000
vn 0.00000 -0.00000 1.00000
vn 0.00000 -0.00000 1.00000
vn 0.00000 -0.00000 1.00000
vn 0.00000 -0.00000 1.00000
vn 0.00000 -0.00000 1.00000
vn 0.00000 -0.00000 1.00000
vn 0.00000 -0.00000 1.00000
vn 0.00000 -0.00000 1.00000
vn 0.00000 -0.00000 1.00000
vn 0.00000 -0.00000 1.00000
vn 0.00000 -0.00000 1.00000
vn 0.00000 -0.00000 1.00000
vn 0.00000 -0.00000 1.00000
vn 0.00000 -0.00000 1.00000
vn 0.00000 -0.00000 1.00000
vn 0.00000 -0.00000 1.00000
vn 0.00000 -0.00000 1.00000
vn 0.00000 -0.00000 1.00000
vn 0.00000 -0.00000 1.00000
vn 0.00000 -0.00000 1.00000
vn 0.00000 -0.00000 1.00000
vn 0.00000 -0.00000 1.00000
vn -0.05716 0.99837 0.00000
vn -0.05716 0.99837 0.00000
vn -0.05716 0.99837 0.00000
vn -0.05716 0.99837 0.00000
vn -0.29339 0.95599 0.00000
vn -0.29339 0.95599 0.00000
vn -0.29339 0.95599 0.00000
vn -0.29339 0.95599 0.00000
vn -0.51155 0.85925 0.00000
vn -0.51155 0.85925 0.00000
vn -0.51155 0.85925 0.00000
vn -0.51155 0.85925 0.00000
vn -0.67942 0.73375 0.00000
vn -0.67942 0.73375 0.00000
vn -0.67942 0.73375 0.00000
vn -0.67942 0.73375 0.00000
vn 1.00000 0.00000 0.00000
vn 1.00000 0.00000 0.00000
vn 1.00000 0.00000 0.00000
vn 1.00000 0.00000 0.00000
vn 0.00000 -1.00000 -0.00000
vn 0.00000 -1.00000 -0.00000
vn 0.00000 -1.00000 -0.00000
vn 0.00000 -1.00000 -0.00000
vn -0.16419 -0.98643 -0.00000
vn -0.16419 -0.98643 -0.00000
vn -0.16419 -0.98643 -0.00000
vn -0.16419 -0.98643 -0.00000
vn 0.13322 0.99109 0.00000
vn 0.13322 0.99109 0.00000
vn 0.13322 0.99109 0.00000
vn 0.13322 0.99109 0.00000
vn -0.19957 -0.97988 -0.00000
vn -0.19957 -0.97988 -0.00000
vn -0.19957 -0.97988 -0.00000
vn -0.19957 -0.97988 -0.00000
vn 0.98905 -0.14757 -0.00000
vn 0.98905 -0.14757 -0.00000
vn 0.98905 -0.14757 -0.00000
vn 0.98905 -0.14757 -0.00000
vn 0.17862 0.98392 0.00000
vn 0.17862 0.98392 0.00000
vn 0.17862 0.98392 0.00000
vn 0.17862 0.98392 0.00000
vn -0.12429 -0.99225 -0.00000
vn -0.12429 -0.99225 -0.00000
vn -0.12429 -0.99225 -0.00000
vn -0.12429 -0.99225 -0.00000
vn 0.09124 0.99583 0.00000
vn 0.09124 0.99583 0.00000
vn 0.09124 0.99583 0.00000
vn 0.09124 0.99583 0.00000
vn -0.02804 -0.99961 -0.00000
vn -0.02804 -0.99961 -0.00000
vn -0.02804 -0.99961 -0.00000
vn -0.02804 -0.99961 -0.00000
vn 0.01679 0.99986 0.00000
vn 0.01679 0.99986 0.00000
vn 0.01679 0.99986 0.00000
vn 0.01679 0.99986 0.00000
vn -0.40711 0.91338 0.00000
vn -0.40711 0.91338 0.00000
vn -0.40711 0.91338 0.00000
vn -0.40711 0.91338 0.00000
vn 0.25779 -0.96620 -0.00000
vn 0.25779 -0.96620 -0.00000
vn 0.25779 -0.96620 -0.00000
vn 0.25779 -0.96620 -0.00000
vn -0.07915 -0.99686 -0.00000
vn -0.07915 -0.99686 -0.00000
vn -0.07915 -0.99686 -0.00000
vn -0.07915 -0.99686 -0.00000
vn 0.05249 0.99862 0.00000
vn 0.05249 0.99862 0.00000
vn 0.05249 0.99862 0.00000
vn 0.05249 0.99862 0.00000
vn -0.17498 0.98457 0.00000
vn -0.17498 0.98457 0.00000
vn -0.17498 0.98457 0.00000
vn -0.17498 0.98457 0.00000
vn 0.08334 -0.99652 -0.00000
vn 0.08334 -0.99652 -0.00000
vn 0.08334 -0.99652 -0.00000
vn 0.08334 -0.99652 -0.00000
vn -0.60161 0.79879 0.00000
vn -0.60161 0.79879 0.00000
vn -0.60161 0.79879 0.00000
vn -0.60161 0.79879 0.00000
vn 0.42890 -0.90335 -0.00000
vn 0.42890 -0.90335 -0.00000
vn 0.42890 -0.90335 -0.00000
vn 0.42890 -0.90335 -0.00000
vn -0.80300 0.59598 0.00000
vn -0.80300 0.59598 0.00000
vn -0.80300 0.59598 0.00000
vn -0.80300 0.59598 0.00000
vn 0.70299 -0.71120 -0.00000
vn 0.70299 -0.71120 -0.00000
vn 0.70299 -0.71120 -0.00000
vn 0.70299 -0.71120 -0.00000
vn -0.74662 0.66525 0.00000
vn -0.74662 0.66525 0.00000
vn -0.74662 0.66525 0.00000
vn -0.74662 0.66525 0.00000
vn 0.58053 -0.81424 -0.00000
vn 0.58053 -0.81424 -0.00000
vn 0.58053 -0.81424 -0.00000
vn 0.58053 -0.81424 -0.00000
vn -0.84917 0.52812 0.00000
vn -0.84917 0.52812 0.00000
vn -0.84917 0.52812 0.00000
vn -0.84917 0.52812 0.00000
vn 0.79979 -0.60028 -0.00000
vn 0.79979 -0.60028 -0.00000
vn 0.79979 -0.60028 -0.00000
vn 0.79979 -0.60028 -0.00000
vn 0.99816 -0.06057 -0.00000
vn 0.99816 -0.06057 -0.00000
vn 0.99816 -0.06057 -0.00000
vn 0.99816 -0.06057 -0.00000
vn -1.00000 0.00000 0.00000
vn -1.00000 0.00000 0.00000
vn -1.00000 0.00000 0.00000
vn -1.00000 0.00000 0.00000
vn 0.00000 1.00000 0.00000
vn 0.00000 1.00000 0.00000
vn 0.00000 1.00000 0.00000
vn 0.00000 1.00000 0.00000
vn 0.88218 -0.47092 -0.00000
vn 0.88218 -0.47092 -0.00000
vn 0.88218 -0.47092 -0.00000
vn 0.88218 -0.47092 -0.00000
vn 0.94349 -0.33140 -0.00000
vn 0.94349 -0.33140 -0.00000
vn 0.94349 -0.33140 -0.00000
vn 0.94349 -0.33140 -0.00000
vn 0.98145 -0.19173 -0.00000
vn 0.98145 -0.19173 -0.00000
vn 0.98145 -0.19173 -0.00000
vn 0.98145 -0.19173 -0.00000
vn 0.99566 0.09302 0.00000
vn 0.99566 0.09302 0.00000
vn 0.99566 0.09302 0.00000
vn 0.99566 0.09302 0.00000
vn 0.00000 1.00000 0.00000
vn 0.00000 1.00000 0.00000
vn 0.00000 1.00000 0.00000
vn 0.00000 1.00000 0.00000
f 1067/1403/4393 1068/1404/4394 1069/1405/4395 
f 1070/1406/4396 1071/1407/4397 1072/1408/4398 
f 1073/1409/4399 1074/1410/4400 1075/1411/4401 
f 1076/1412/4402 1077/1413/4403 1078/1414/4404 
f 1079/1415/4405 1080/1416/4406 1081/1417/4407 
f 1082/1418/4408 1083/1419/4409 1084/1420/4410 1085/1421/4411 
f 1086/1422/4412 1087/1423/4413 1083/1419/4414 1082/1418/4415 
f 1085/1421/4416 1084/1420/4417 1088/1424/4418 1089/1425/4419 
f 1068/1404/4420 1090/1426/4421 1091/1427/4422 1069/1405/4423 
f 1075/1411/4424 1074/1410/4425 1070/1406/4426 1072/1408/4427 
f 1090/1426/4428 1089/1425/4429 1088/1424/4430 1091/1427/4431 
f 1072/1408/4432 1071/1407/4433 1067/1403/4434 1069/1405/4435 
f 1078/1414/4436 1077/1413/4437 1073/1409/4438 1075/1411/4439 
f 1092/1428/4440 1093/1429/4441 1094/1430/4442 1095/1431/4443 
f 1095/1431/4444 1094/1430/4445 1076/1412/4446 1078/1414/4447 
f 1092/1428/4448 1096/1432/4449 1097/1433/4450 1093/1429/4451 
f 1079/1415/4452 1098/1434/4453 1099/1435/4454 1080/1416/4455 
f 1100/1436/4456 1101/1437/4457 1097/1433/4458 1096/1432/4459 
f 1099/1435/4460 1101/1437/4461 1100/1436/4463 1102/1438/4462 
f 1103/1439/4464 1101/1437/4465 1099/1435/4466 1098/1434/4467 
f 1104/1440/4468 1105/1441/4469 1106/1442/4470 
f 1107/1443/4471 1108/1444/4472 1109/1445/4473 
f 1110/1446/4474 1111/1447/4475 1112/1448/4476 
f 1113/1449/4477 1114/1450/4478 1115/1451/4479 
f 1116/1452/4480 1117/1453/4481 1118/1454/4482 
f 1119/1455/4483 1120/1456/4484 1121/1457/4485 1122/1458/4486 
f 1122/1458/4487 1121/1457/4488 1123/1459/4489 1124/1460/4490 
f 1125/1461/4491 1126/1462/4492 1120/1456/4493 1119/1455/4494 
f 1104/1440/4495 1127/1463/4496 1128/1464/4497 1105/1441/4498 
f 1107/1443/4499 1109/1445/4500 1111/1447/4501 1110/1446/4502 
f 1127/1463/4503 1126/1462/4504 1125/1461/4505 1128/1464/4506 
f 1104/1440/4507 1106/1442/4508 1108/1444/4509 1107/1443/4510 
f 1110/1446/4511 1112/1448/4512 1114/1450/4513 1113/1449/4514 
f 1129/1465/4515 1130/1466/4516 1131/1467/4517 1132/1468/4518 
f 1113/1449/4519 1115/1451/4520 1130/1466/4521 1129/1465/4522 
f 1131/1467/4523 1133/1469/4524 1134/1470/4525 1132/1468/4526 
f 1117/1453/4527 1135/1471/4528 1136/1472/4529 1118/1454/4530 
f 1134/1470/4531 1133/1469/4532 1137/1473/4533 1138/1474/4534 
f 1139/1475/4535 1138/1474/4536 1137/1473/4537 1135/1471/4538 
f 1136/1472/4539 1135/1471/4540 1137/1473/4541 1140/1476/4542 
f 1068/1477/4543 1067/1478/4544 1106/1479/4545 1105/1480/4546 
f 1071/1481/4547 1070/1482/4548 1109/1483/4549 1108/1484/4550 
f 1074/1485/4551 1073/1486/4552 1112/1487/4553 1111/1488/4554 
f 1077/1489/4555 1076/1490/4556 1115/1491/4557 1114/1492/4558 
f 1081/1493/4559 1080/1494/4560 1117/1495/4561 1116/1496/4562 
f 1079/1497/4563 1081/1498/4564 1116/1499/4565 1118/1500/4566 
f 1084/1501/4567 1083/1502/4568 1121/1503/4569 1120/1504/4570 
f 1082/1505/4571 1085/1506/4572 1119/1507/4573 1122/1508/4574 
f 1083/1502/4575 1087/1509/4576 1123/1510/4577 1121/1503/4578 
f 1087/1511/4579 1086/1512/4580 1124/1513/4581 1123/1514/4582 
f 1086/1515/4583 1082/1505/4584 1122/1508/4585 1124/1516/4586 
f 1088/1517/4587 1084/1501/4588 1120/1504/4589 1126/1518/4590 
f 1085/1506/4591 1089/1519/4592 1125/1520/4593 1119/1507/4594 
f 1069/1521/4595 1091/1522/4596 1127/1523/4597 1104/1524/4598 
f 1090/1525/4599 1068/1477/4600 1105/1480/4601 1128/1526/4602 
f 1070/1482/4603 1074/1485/4604 1111/1488/4605 1109/1483/4606 
f 1075/1527/4607 1072/1528/4608 1107/1529/4609 1110/1530/4610 
f 1091/1522/4611 1088/1517/4612 1126/1518/4613 1127/1523/4614 
f 1089/1519/4615 1090/1525/4616 1128/1526/4617 1125/1520/4618 
f 1067/1478/4619 1071/1481/4620 1108/1484/4621 1106/1479/4622 
f 1072/1528/4623 1069/1521/4624 1104/1524/4625 1107/1529/4626 
f 1073/1486/4627 1077/1489/4628 1114/1492/4629 1112/1487/4630 
f 1078/1531/4631 1075/1527/4632 1110/1530/4633 1113/1532/4634 
f 1094/1533/4635 1093/1534/4636 1131/1535/4637 1130/1536/4638 
f 1092/1537/4639 1095/1538/4640 1129/1539/4641 1132/1540/4642 
f 1076/1541/4643 1094/1533/4644 1130/1536/4645 1115/1542/4646 
f 1095/1538/4647 1078/1531/4648 1113/1532/4649 1129/1539/4650 
f 1093/1534/4651 1097/1543/4652 1133/1544/4653 1131/1535/4654 
f 1096/1545/4655 1092/1546/4656 1132/1547/4657 1134/1548/4658 
f 1080/1494/4659 1099/1549/4660 1135/1550/4661 1117/1495/4662 
f 1098/1551/4663 1079/1552/4664 1118/1553/4665 1136/1554/4666 
f 1097/1555/4667 1101/1556/4668 1137/1557/4669 1133/1558/4670 
f 1100/1559/4671 1096/1545/4672 1134/1548/4673 1138/1560/4674 
f 1102/1561/4675 1100/1559/4676 1138/1560/4677 1139/1562/4678 
f 1099/1549/4679 1102/1561/4680 1139/1562/4681 1135/1550/4682 
f 1101/1563/4683 1103/1564/4684 1140/1565/4685 1137/1566/4686 
f 1103/1567/4687 1098/1568/4688 1136/1569/4689 1140/1570/4690 
o 004_3D_Text_-_r
g 3D_Text_-_r
usemtl Infusion 3
v -43.638 78.595 -250.000
v -43.143 78.623 -250.000
v -43.290 76.780 -250.000
v -44.577 78.368 -250.000
v -44.116 78.510 -250.000
v -43.920 76.727 -250.000
v -45.450 77.915 -250.000
v -45.022 78.170 -250.000
v -44.513 76.569 -250.000
v -46.241 77.253 -250.000
v -45.858 77.608 -250.000
v -45.069 76.305 -250.000
v -49.247 65.000 -250.000
v -47.220 72.177 -250.000
v -47.220 65.000 -250.000
v -41.835 78.529 -250.000
v -42.149 76.663 -250.000
v -42.458 76.714 -250.000
v -42.140 78.570 -250.000
v -41.544 78.477 -250.000
v -41.825 76.597 -250.000
v -42.751 76.751 -250.000
v -42.460 78.600 -250.000
v -42.794 78.617 -250.000
v -43.028 76.773 -250.000
v -46.067 75.462 -250.000
v -46.935 76.399 -250.000
v -46.600 76.850 -250.000
v -45.587 75.936 -250.000
v -46.482 74.908 -250.000
v -47.245 75.901 -250.000
v -49.247 78.379 -250.000
v -47.174 72.938 -250.000
v -46.805 74.303 -250.000
v -47.343 75.901 -250.000
v -47.036 73.646 -250.000
v -47.574 78.379 -250.000
v -43.290 76.780 -242.500
v -43.143 78.623 -242.500
v -43.638 78.595 -242.500
v -43.920 76.727 -242.500
v -44.116 78.510 -242.500
v -44.577 78.368 -242.500
v -44.513 76.569 -242.500
v -45.022 78.170 -242.500
v -45.450 77.915 -242.500
v -45.069 76.305 -242.500
v -45.858 77.608 -242.500
v -46.241 77.253 -242.500
v -47.220 65.000 -242.500
v -47.220 72.177 -242.500
v -49.247 65.000 -242.500
v -42.140 78.570 -242.500
v -42.458 76.714 -242.500
v -42.149 76.663 -242.500
v -41.835 78.529 -242.500
v -41.825 76.597 -242.500
v -41.544 78.477 -242.500
v -42.460 78.600 -242.500
v -42.751 76.751 -242.500
v -43.028 76.773 -242.500
v -42.794 78.617 -242.500
v -45.587 75.936 -242.500
v -46.600 76.850 -242.500
v -46.935 76.399 -242.500
v -46.067 75.462 -242.500
v -47.245 75.901 -242.500
v -46.482 74.908 -242.500
v -47.174 72.938 -242.500
v -49.247 78.379 -242.500
v -47.343 75.901 -242.500
v -46.805 74.303 -242.500
v -47.036 73.646 -242.500
v -47.574 78.379 -242.500
vt 0.42970 0.77133
vt 0.40991 0.77246
vt 0.41577 0.69874
vt 0.46727 0.76226
vt 0.44882 0.76793
vt 0.44099 0.69663
vt 0.50219 0.74414
vt 0.48507 0.75434
vt 0.46471 0.69030
vt 0.53383 0.71766
vt 0.51850 0.73186
vt 0.48693 0.67975
vt 0.65405 0.22754
vt 0.57299 0.51464
vt 0.57299 0.22754
vt 0.35757 0.76871
vt 0.37014 0.69404
vt 0.38249 0.69610
vt 0.36978 0.77035
vt 0.34595 0.76660
vt 0.35717 0.69140
vt 0.39421 0.69757
vt 0.38257 0.77152
vt 0.39595 0.77223
vt 0.40530 0.69845
vt 0.52685 0.64600
vt 0.56157 0.68352
vt 0.54819 0.70154
vt 0.50764 0.66499
vt 0.54346 0.62387
vt 0.57397 0.66358
vt 0.65405 0.76270
vt 0.57114 0.54505
vt 0.55638 0.59967
vt 0.57789 0.66358
vt 0.56561 0.57340
vt 0.58715 0.76270
vt 0.58423 0.69874
vt 0.59009 0.77246
vt 0.57030 0.77133
vt 0.55901 0.69663
vt 0.55118 0.76793
vt 0.53273 0.76226
vt 0.53529 0.69030
vt 0.51493 0.75434
vt 0.49781 0.74414
vt 0.51307 0.67975
vt 0.48150 0.73186
vt 0.46617 0.71766
vt 0.42701 0.22754
vt 0.42701 0.51464
vt 0.34595 0.22754
vt 0.63022 0.77035
vt 0.61751 0.69610
vt 0.62986 0.69404
vt 0.64243 0.76871
vt 0.64283 0.69140
vt 0.65405 0.76660
vt 0.61743 0.77152
vt 0.60579 0.69757
vt 0.59470 0.69845
vt 0.60405 0.77223
vt 0.49236 0.66499
vt 0.45181 0.70154
vt 0.43843 0.68352
vt 0.47315 0.64600
vt 0.42603 0.66358
vt 0.45654 0.62387
vt 0.42886 0.54505
vt 0.34595 0.76270
vt 0.42211 0.66358
vt 0.44362 0.59967
vt 0.43439 0.57340
vt 0.41285 0.76270
vt 0.35000 0.59009
vt 0.35000 0.57030
vt 0.65000 0.57030
vt 0.65000 0.59009
vt 0.35000 0.55118
vt 0.35000 0.53273
vt 0.65000 0.53273
vt 0.65000 0.55118
vt 0.35000 0.51493
vt 0.35000 0.49781
vt 0.65000 0.49781
vt 0.65000 0.51493
vt 0.35000 0.48150
vt 0.35000 0.46617
vt 0.65000 0.46617
vt 0.65000 0.48150
vt 0.65000 0.22754
vt 0.65000 0.51464
vt 0.35000 0.51464
vt 0.35000 0.22754
vt 0.35000 0.65405
vt 0.35000 0.57299
vt 0.65000 0.57299
vt 0.65000 0.65405
vt 0.35000 0.38249
vt 0.35000 0.37014
vt 0.65000 0.37014
vt 0.65000 0.38249
vt 0.35000 0.64243
vt 0.35000 0.63022
vt 0.65000 0.63022
vt 0.65000 0.64243
vt 0.35000 0.35717
vt 0.65000 0.35717
vt 0.65000 0.69140
vt 0.65000 0.76660
vt 0.35000 0.76660
vt 0.35000 0.69140
vt 0.35000 0.65405
vt 0.65000 0.65405
vt 0.35000 0.39421
vt 0.65000 0.39421
vt 0.35000 0.61743
vt 0.65000 0.61743
vt 0.35000 0.41577
vt 0.35000 0.40530
vt 0.65000 0.40530
vt 0.65000 0.41577
vt 0.35000 0.60405
vt 0.65000 0.60405
vt 0.35000 0.46471
vt 0.35000 0.44099
vt 0.65000 0.44099
vt 0.65000 0.46471
vt 0.35000 0.48693
vt 0.65000 0.48693
vt 0.35000 0.70154
vt 0.35000 0.68352
vt 0.65000 0.68352
vt 0.65000 0.70154
vt 0.35000 0.52685
vt 0.35000 0.50764
vt 0.65000 0.50764
vt 0.65000 0.52685
vt 0.35000 0.71766
vt 0.65000 0.71766
vt 0.35000 0.66358
vt 0.65000 0.66358
vt 0.65000 0.62387
vt 0.65000 0.64600
vt 0.35000 0.64600
vt 0.35000 0.62387
vt 0.65000 0.54505
vt 0.35000 0.54505
vt 0.35000 0.76270
vt 0.35000 0.22754
vt 0.65000 0.22754
vt 0.65000 0.76270
vt 0.35000 0.42603
vt 0.35000 0.42211
vt 0.65000 0.42211
vt 0.65000 0.42603
vt 0.65000 0.59967
vt 0.35000 0.59967
vt 0.65000 0.57340
vt 0.35000 0.57340
vt 0.65000 0.66358
vt 0.65000 0.76270
vt 0.35000 0.76270
vt 0.35000 0.66358
vt 0.35000 0.41285
vt 0.35000 0.34595
vt 0.65000 0.34595
vt 0.65000 0.41285
vn 0.00000 0.00000 -1.00000
vn 0.00000 0.00000 -1.00000
vn 0.00000 0.00000 -1.00000
vn -0.00000 0.00000 -1.00000
vn -0.00000 0.00000 -1.00000
vn -0.00000 0.00000 -1.00000
vn 0.00000 0.00000 -1.00000
vn 0.00000 0.00000 -1.00000
vn 0.00000 0.00000 -1.00000
vn 0.00000 0.00000 -1.00000
vn 0.00000 0.00000 -1.00000
vn 0.00000 0.00000 -1.00000
vn 0.00000 0.00000 -1.00000
vn 0.00000 0.00000 -1.00000
vn 0.00000 0.00000 -1.00000
vn -0.00000 0.00000 -1.00000
vn 0.00000 0.00000 -1.00000
vn -0.00000 0.00000 -1.00000
vn -0.00000 0.00000 -1.00000
vn 0.00000 0.00000 -1.00000
vn -0.00000 0.00000 -1.00000
vn 0.00000 0.00000 -1.00000
vn 0.00000 0.00000 -1.00000
vn -0.00000 0.00000 -1.00000
vn -0.00000 0.00000 -1.00000
vn -0.00000 0.00000 -1.00000
vn -0.00000 0.00000 -1.00000
vn -0.00000 0.00000 -1.00000
vn -0.00000 0.00000 -1.00000
vn -0.00000 0.00000 -1.00000
vn -0.00000 0.00000 -1.00000
vn -0.00000 0.00000 -1.00000
vn 0.00000 0.00000 -1.00000
vn -0.00000 0.00000 -1.00000
vn -0.00000 0.00000 -1.00000
vn 0.00000 0.00000 -1.00000
vn 0.00000 0.00000 -1.00000
vn 0.00000 0.00000 -1.00000
vn 0.00000 0.00000 -1.00000
vn -0.00000 0.00000 -1.00000
vn -0.00000 0.00000 -1.00000
vn -0.00000 0.00000 -1.00000
vn -0.00000 0.00000 -1.00000
vn 0.00000 0.00000 -1.00000
vn -0.00000 0.00000 -1.00000
vn 0.00000 0.00000 -1.00000
vn 0.00000 0.00000 -1.00000
vn -0.00000 0.00000 -1.00000
vn -0.00000 0.00000 -1.00000
vn -0.00000 0.00000 -1.00000
vn -0.00000 0.00000 -1.00000
vn 0.00000 0.00000 -1.00000
vn -0.00000 0.00000 -1.00000
vn 0.00000 0.00000 -1.00000
vn 0.00000 0.00000 -1.00000
vn 0.00000 0.00000 -1.00000
vn 0.00000 0.00000 -1.00000
vn 0.00000 0.00000 -1.00000
vn 0.00000 0.00000 -1.00000
vn -0.00000 0.00000 -1.00000
vn 0.00000 0.00000 -1.00000
vn -0.00000 0.00000 -1.00000
vn -0.00000 0.00000 -1.00000
vn -0.00000 0.00000 -1.00000
vn 0.00000 0.00000 -1.00000
vn -0.00000 0.00000 -1.00000
vn -0.00000 0.00000 -1.00000
vn -0.00000 0.00000 -1.00000
vn 0.00000 0.00000 -1.00000
vn 0.00000 0.00000 -1.00000
vn 0.00000 0.00000 -1.00000
vn 0.00000 0.00000 -1.00000
vn 0.00000 0.00000 -1.00000
vn 0.00000 0.00000 -1.00000
vn 0.00000 0.00000 -1.00000
vn 0.00000 -0.00000 1.00000
vn 0.00000 -0.00000 1.00000
vn 0.00000 -0.00000 1.00000
vn 0.00000 -0.00000 1.00000
vn 0.00000 -0.00000 1.00000
vn 0.00000 -0.00000 1.00000
vn 0.00000 -0.00000 1.00000
vn 0.00000 -0.00000 1.00000
vn 0.00000 -0.00000 1.00000
vn 0.00000 -0.00000 1.00000
vn 0.00000 -0.00000 1.00000
vn 0.00000 -0.00000 1.00000
vn 0.00000 -0.00000 1.00000
vn 0.00000 -0.00000 1.00000
vn 0.00000 -0.00000 1.00000
vn 0.00000 -0.00000 1.00000
vn 0.00000 -0.00000 1.00000
vn 0.00000 -0.00000 1.00000
vn 0.00000 -0.00000 1.00000
vn 0.00000 -0.00000 1.00000
vn 0.00000 -0.00000 1.00000
vn 0.00000 -0.00000 1.00000
vn 0.00000 -0.00000 1.00000
vn 0.00000 -0.00000 1.00000
vn 0.00000 -0.00000 1.00000
vn 0.00000 -0.00000 1.00000
vn 0.00000 -0.00000 1.00000
vn 0.00000 -0.00000 1.00000
vn 0.00000 -0.00000 1.00000
vn 0.00000 -0.00000 1.00000
vn 0.00000 -0.00000 1.00000
vn 0.00000 -0.00000 1.00000
vn 0.00000 -0.00000 1.00000
vn 0.00000 -0.00000 1.00000
vn 0.00000 -0.00000 1.00000
vn 0.00000 -0.00000 1.00000
vn 0.00000 -0.00000 1.00000
vn 0.00000 -0.00000 1.00000
vn 0.00000 -0.00000 1.00000
vn 0.00000 -0.00000 1.00000
vn 0.00000 -0.00000 1.00000
vn 0.00000 -0.00000 1.00000
vn 0.00000 -0.00000 1.00000
vn 0.00000 -0.00000 1.00000
vn 0.00000 -0.00000 1.00000
vn 0.00000 -0.00000 1.00000
vn 0.00000 -0.00000 1.00000
vn 0.00000 -0.00000 1.00000
vn 0.00000 -0.00000 1.00000
vn 0.00000 -0.00000 1.00000
vn 0.00000 -0.00000 1.00000
vn 0.00000 -0.00000 1.00000
vn 0.00000 -0.00000 1.00000
vn 0.00000 -0.00000 1.00000
vn 0.00000 -0.00000 1.00000
vn 0.00000 -0.00000 1.00000
vn 0.00000 -0.00000 1.00000
vn 0.00000 -0.00000 1.00000
vn 0.00000 -0.00000 1.00000
vn 0.00000 -0.00000 1.00000
vn 0.00000 -0.00000 1.00000
vn 0.00000 -0.00000 1.00000
vn 0.00000 -0.00000 1.00000
vn 0.00000 -0.00000 1.00000
vn 0.00000 -0.00000 1.00000
vn 0.00000 -0.00000 1.00000
vn 0.00000 -0.00000 1.00000
vn 0.00000 -0.00000 1.00000
vn 0.00000 -0.00000 1.00000
vn 0.00000 -0.00000 1.00000
vn 0.00000 -0.00000 1.00000
vn 0.00000 -0.00000 1.00000
vn 0.00000 -0.00000 1.00000
vn 0.00000 -0.00000 1.00000
vn 0.00000 -0.00000 1.00000
vn -0.05716 0.99837 0.00000
vn -0.05716 0.99837 0.00000
vn -0.05716 0.99837 0.00000
vn -0.05716 0.99837 0.00000
vn -0.29339 0.95599 0.00000
vn -0.29339 0.95599 0.00000
vn -0.29339 0.95599 0.00000
vn -0.29339 0.95599 0.00000
vn -0.51155 0.85925 0.00000
vn -0.51155 0.85925 0.00000
vn -0.51155 0.85925 0.00000
vn -0.51155 0.85925 0.00000
vn -0.67942 0.73375 0.00000
vn -0.67942 0.73375 0.00000
vn -0.67942 0.73375 0.00000
vn -0.67942 0.73375 0.00000
vn 1.00000 0.00000 0.00000
vn 1.00000 0.00000 0.00000
vn 1.00000 0.00000 0.00000
vn 1.00000 0.00000 0.00000
vn 0.00000 -1.00000 -0.00000
vn 0.00000 -1.00000 -0.00000
vn 0.00000 -1.00000 -0.00000
vn 0.00000 -1.00000 -0.00000
vn -0.16419 -0.98643 -0.00000
vn -0.16419 -0.98643 -0.00000
vn -0.16419 -0.98643 -0.00000
vn -0.16419 -0.98643 -0.00000
vn 0.13322 0.99109 0.00000
vn 0.13322 0.99109 0.00000
vn 0.13322 0.99109 0.00000
vn 0.13322 0.99109 0.00000
vn -0.19957 -0.97988 -0.00000
vn -0.19957 -0.97988 -0.00000
vn -0.19957 -0.97988 -0.00000
vn -0.19957 -0.97988 -0.00000
vn 0.98905 -0.14757 -0.00000
vn 0.98905 -0.14757 -0.00000
vn 0.98905 -0.14757 -0.00000
vn 0.98905 -0.14757 -0.00000
vn 0.17862 0.98392 0.00000
vn 0.17862 0.98392 0.00000
vn 0.17862 0.98392 0.00000
vn 0.17862 0.98392 0.00000
vn -0.12429 -0.99225 -0.00000
vn -0.12429 -0.99225 -0.00000
vn -0.12429 -0.99225 -0.00000
vn -0.12429 -0.99225 -0.00000
vn 0.09124 0.99583 0.00000
vn 0.09124 0.99583 0.00000
vn 0.09124 0.99583 0.00000
vn 0.09124 0.99583 0.00000
vn -0.02804 -0.99961 -0.00000
vn -0.02804 -0.99961 -0.00000
vn -0.02804 -0.99961 -0.00000
vn -0.02804 -0.99961 -0.00000
vn 0.01679 0.99986 0.00000
vn 0.01679 0.99986 0.00000
vn 0.01679 0.99986 0.00000
vn 0.01679 0.99986 0.00000
vn -0.40711 0.91338 0.00000
vn -0.40711 0.91338 0.00000
vn -0.40711 0.91338 0.00000
vn -0.40711 0.91338 0.00000
vn 0.25779 -0.96620 -0.00000
vn 0.25779 -0.96620 -0.00000
vn 0.25779 -0.96620 -0.00000
vn 0.25779 -0.96620 -0.00000
vn -0.07915 -0.99686 -0.00000
vn -0.07915 -0.99686 -0.00000
vn -0.07915 -0.99686 -0.00000
vn -0.07915 -0.99686 -0.00000
vn 0.05249 0.99862 0.00000
vn 0.05249 0.99862 0.00000
vn 0.05249 0.99862 0.00000
vn 0.05249 0.99862 0.00000
vn -0.17498 0.98457 0.00000
vn -0.17498 0.98457 0.00000
vn -0.17498 0.98457 0.00000
vn -0.17498 0.98457 0.00000
vn 0.08334 -0.99652 -0.00000
vn 0.08334 -0.99652 -0.00000
vn 0.08334 -0.99652 -0.00000
vn 0.08334 -0.99652 -0.00000
vn -0.60161 0.79879 0.00000
vn -0.60161 0.79879 0.00000
vn -0.60161 0.79879 0.00000
vn -0.60161 0.79879 0.00000
vn 0.42890 -0.90335 -0.00000
vn 0.42890 -0.90335 -0.00000
vn 0.42890 -0.90335 -0.00000
vn 0.42890 -0.90335 -0.00000
vn -0.80300 0.59598 0.00000
vn -0.80300 0.59598 0.00000
vn -0.80300 0.59598 0.00000
vn -0.80300 0.59598 0.00000
vn 0.70299 -0.71120 -0.00000
vn 0.70299 -0.71120 -0.00000
vn 0.70299 -0.71120 -0.00000
vn 0.70299 -0.71120 -0.00000
vn -0.74662 0.66525 0.00000
vn -0.74662 0.66525 0.00000
vn -0.74662 0.66525 0.00000
vn -0.74662 0.66525 0.00000
vn 0.58053 -0.81424 -0.00000
vn 0.58053 -0.81424 -0.00000
vn 0.58053 -0.81424 -0.00000
vn 0.58053 -0.81424 -0.00000
vn -0.84917 0.52812 0.00000
vn -0.84917 0.52812 0.00000
vn -0.84917 0.52812 0.00000
vn -0.84917 0.52812 0.00000
vn 0.79979 -0.60028 -0.00000
vn 0.79979 -0.60028 -0.00000
vn 0.79979 -0.60028 -0.00000
vn 0.79979 -0.60028 -0.00000
vn 0.99816 -0.06057 -0.00000
vn 0.99816 -0.06057 -0.00000
vn 0.99816 -0.06057 -0.00000
vn 0.99816 -0.06057 -0.00000
vn -1.00000 0.00000 0.00000
vn -1.00000 0.00000 0.00000
vn -1.00000 0.00000 0.00000
vn -1.00000 0.00000 0.00000
vn 0.00000 1.00000 0.00000
vn 0.00000 1.00000 0.00000
vn 0.00000 1.00000 0.00000
vn 0.00000 1.00000 0.00000
vn 0.88218 -0.47092 -0.00000
vn 0.88218 -0.47092 -0.00000
vn 0.88218 -0.47092 -0.00000
vn 0.88218 -0.47092 -0.00000
vn 0.94349 -0.33140 -0.00000
vn 0.94349 -0.33140 -0.00000
vn 0.94349 -0.33140 -0.00000
vn 0.94349 -0.33140 -0.00000
vn 0.98145 -0.19173 -0.00000
vn 0.98145 -0.19173 -0.00000
vn 0.98145 -0.19173 -0.00000
vn 0.98145 -0.19173 -0.00000
vn 0.99566 0.09302 0.00000
vn 0.99566 0.09302 0.00000
vn 0.99566 0.09302 0.00000
vn 0.99566 0.09302 0.00000
vn 0.00000 1.00000 0.00000
vn 0.00000 1.00000 0.00000
vn 0.00000 1.00000 0.00000
vn 0.00000 1.00000 0.00000
f 1141/1571/4691 1142/1572/4692 1143/1573/4693 
f 1144/1574/4694 1145/1575/4695 1146/1576/4696 
f 1147/1577/4697 1148/1578/4698 1149/1579/4699 
f 1150/1580/4700 1151/1581/4701 1152/1582/4702 
f 1153/1583/4703 1154/1584/4704 1155/1585/4705 
f 1156/1586/4706 1157/1587/4707 1158/1588/4708 1159/1589/4709 
f 1160/1590/4710 1161/1591/4711 1157/1587/4712 1156/1586/4713 
f 1159/1589/4714 1158/1588/4715 1162/1592/4716 1163/1593/4717 
f 1142/1572/4718 1164/1594/4719 1165/1595/4720 1143/1573/4721 
f 1149/1579/4722 1148/1578/4723 1144/1574/4724 1146/1576/4725 
f 1164/1594/4726 1163/1593/4727 1162/1592/4728 1165/1595/4729 
f 1146/1576/4730 1145/1575/4731 1141/1571/4732 1143/1573/4733 
f 1152/1582/4734 1151/1581/4735 1147/1577/4736 1149/1579/4737 
f 1166/1596/4738 1167/1597/4739 1168/1598/4740 1169/1599/4741 
f 1169/1599/4742 1168/1598/4743 1150/1580/4744 1152/1582/4745 
f 1166/1596/4746 1170/1600/4747 1171/1601/4748 1167/1597/4749 
f 1153/1583/4750 1172/1602/4751 1173/1603/4752 1154/1584/4753 
f 1174/1604/4754 1175/1605/4755 1171/1601/4756 1170/1600/4757 
f 1173/1603/4758 1175/1605/4759 1174/1604/4761 1176/1606/4760 
f 1177/1607/4762 1175/1605/4763 1173/1603/4764 1172/1602/4765 
f 1178/1608/4766 1179/1609/4767 1180/1610/4768 
f 1181/1611/4769 1182/1612/4770 1183/1613/4771 
f 1184/1614/4772 1185/1615/4773 1186/1616/4774 
f 1187/1617/4775 1188/1618/4776 1189/1619/4777 
f 1190/1620/4778 1191/1621/4779 1192/1622/4780 
f 1193/1623/4781 1194/1624/4782 1195/1625/4783 1196/1626/4784 
f 1196/1626/4785 1195/1625/4786 1197/1627/4787 1198/1628/4788 
f 1199/1629/4789 1200/1630/4790 1194/1624/4791 1193/1623/4792 
f 1178/1608/4793 1201/1631/4794 1202/1632/4795 1179/1609/4796 
f 1181/1611/4797 1183/1613/4798 1185/1615/4799 1184/1614/4800 
f 1201/1631/4801 1200/1630/4802 1199/1629/4803 1202/1632/4804 
f 1178/1608/4805 1180/1610/4806 1182/1612/4807 1181/1611/4808 
f 1184/1614/4809 1186/1616/4810 1188/1618/4811 1187/1617/4812 
f 1203/1633/4813 1204/1634/4814 1205/1635/4815 1206/1636/4816 
f 1187/1617/4817 1189/1619/4818 1204/1634/4819 1203/1633/4820 
f 1205/1635/4821 1207/1637/4822 1208/1638/4823 1206/1636/4824 
f 1191/1621/4825 1209/1639/4826 1210/1640/4827 1192/1622/4828 
f 1208/1638/4829 1207/1637/4830 1211/1641/4831 1212/1642/4832 
f 1213/1643/4833 1212/1642/4834 1211/1641/4835 1209/1639/4836 
f 1210/1640/4837 1209/1639/4838 1211/1641/4839 1214/1644/4840 
f 1142/1645/4841 1141/1646/4842 1180/1647/4843 1179/1648/4844 
f 1145/1649/4845 1144/1650/4846 1183/1651/4847 1182/1652/4848 
f 1148/1653/4849 1147/1654/4850 1186/1655/4851 1185/1656/4852 
f 1151/1657/4853 1150/1658/4854 1189/1659/4855 1188/1660/4856 
f 1155/1661/4857 1154/1662/4858 1191/1663/4859 1190/1664/4860 
f 1153/1665/4861 1155/1666/4862 1190/1667/4863 1192/1668/4864 
f 1158/1669/4865 1157/1670/4866 1195/1671/4867 1194/1672/4868 
f 1156/1673/4869 1159/1674/4870 1193/1675/4871 1196/1676/4872 
f 1157/1670/4873 1161/1677/4874 1197/1678/4875 1195/1671/4876 
f 1161/1679/4877 1160/1680/4878 1198/1681/4879 1197/1682/4880 
f 1160/1683/4881 1156/1673/4882 1196/1676/4883 1198/1684/4884 
f 1162/1685/4885 1158/1669/4886 1194/1672/4887 1200/1686/4888 
f 1159/1674/4889 1163/1687/4890 1199/1688/4891 1193/1675/4892 
f 1143/1689/4893 1165/1690/4894 1201/1691/4895 1178/1692/4896 
f 1164/1693/4897 1142/1645/4898 1179/1648/4899 1202/1694/4900 
f 1144/1650/4901 1148/1653/4902 1185/1656/4903 1183/1651/4904 
f 1149/1695/4905 1146/1696/4906 1181/1697/4907 1184/1698/4908 
f 1165/1690/4909 1162/1685/4910 1200/1686/4911 1201/1691/4912 
f 1163/1687/4913 1164/1693/4914 1202/1694/4915 1199/1688/4916 
f 1141/1646/4917 1145/1649/4918 1182/1652/4919 1180/1647/4920 
f 1146/1696/4921 1143/1689/4922 1178/1692/4923 1181/1697/4924 
f 1147/1654/4925 1151/1657/4926 1188/1660/4927 1186/1655/4928 
f 1152/1699/4929 1149/1695/4930 1184/1698/4931 1187/1700/4932 
f 1168/1701/4933 1167/1702/4934 1205/1703/4935 1204/1704/4936 
f 1166/1705/4937 1169/1706/4938 1203/1707/4939 1206/1708/4940 
f 1150/1709/4941 1168/1701/4942 1204/1704/4943 1189/1710/4944 
f 1169/1706/4945 1152/1699/4946 1187/1700/4947 1203/1707/4948 
f 1167/1702/4949 1171/1711/4950 1207/1712/4951 1205/1703/4952 
f 1170/1713/4953 1166/1714/4954 1206/1715/4955 1208/1716/4956 
f 1154/1662/4957 1173/1717/4958 1209/1718/4959 1191/1663/4960 
f 1172/1719/4961 1153/1720/4962 1192/1721/4963 1210/1722/4964 
f 1171/1723/4965 1175/1724/4966 1211/1725/4967 1207/1726/4968 
f 1174/1727/4969 1170/1713/4970 1208/1716/4971 1212/1728/4972 
f 1176/1729/4973 1174/1727/4974 1212/1728/4975 1213/1730/4976 
f 1173/1717/4977 1176/1729/4978 1213/1730/4979 1209/1718/4980 
f 1175/1731/4981 1177/1732/4982 1214/1733/4983 1211/1734/4984 
f 1177/1735/4985 1172/1736/4986 1210/1737/4987 1214/1738/4988 
o 005_3D_Text_-_e
g 3D_Text_-_e
usemtl Infusion 4
v -38.533 77.404 -250.000
v -37.120 76.255 -250.000
v -37.529 75.877 -250.000
v -34.337 66.526 -250.000
v -33.884 64.764 -250.000
v -34.410 64.756 -250.000
v -33.475 66.562 -250.000
v -32.927 64.829 -250.000
v -33.390 64.788 -250.000
v -32.617 66.670 -250.000
v -32.097 64.957 -250.000
v -32.496 64.885 -250.000
v -31.664 72.971 -250.000
v -29.491 72.605 -250.000
v -29.491 71.323 -250.000
v -40.807 71.579 -250.000
v -40.743 72.820 -250.000
v -38.659 72.971 -250.000
v -38.707 71.323 -250.000
v -34.960 76.926 -250.000
v -35.578 76.884 -250.000
v -35.966 78.547 -250.000
v -34.935 78.623 -250.000
v -34.354 76.886 -250.000
v -33.971 78.557 -250.000
v -31.762 66.851 -250.000
v -31.709 65.048 -250.000
v -38.170 74.908 -250.000
v -38.396 74.327 -250.000
v -40.233 74.983 -250.000
v -39.787 75.904 -250.000
v -40.552 73.955 -250.000
v -38.559 73.681 -250.000
v -38.488 69.620 -250.000
v -38.250 68.905 -250.000
v -40.189 68.232 -250.000
v -40.532 69.236 -250.000
v -38.640 70.426 -250.000
v -40.738 70.351 -250.000
v -37.926 68.280 -250.000
v -39.709 67.341 -250.000
v -35.121 66.575 -250.000
v -35.547 64.828 -250.000
v -30.490 65.447 -250.000
v -30.905 65.293 -250.000
v -30.911 67.104 -250.000
v -33.807 76.763 -250.000
v -33.092 78.358 -250.000
v -37.517 67.746 -250.000
v -39.092 66.563 -250.000
v -32.889 76.274 -250.000
v -33.319 76.559 -250.000
v -32.296 78.028 -250.000
v -31.584 77.564 -250.000
v -32.518 75.907 -250.000
v -30.956 76.969 -250.000
v -37.029 67.307 -250.000
v -38.356 65.912 -250.000
v -36.909 78.318 -250.000
v -36.144 76.758 -250.000
v -32.211 75.463 -250.000
v -30.428 76.265 -250.000
v -31.800 74.361 -250.000
v -31.971 74.948 -250.000
v -30.018 75.477 -250.000
v -29.726 74.604 -250.000
v -31.698 73.702 -250.000
v -29.550 73.647 -250.000
v -37.881 75.424 -250.000
v -39.214 76.719 -250.000
v -36.466 66.965 -250.000
v -37.519 65.406 -250.000
v -35.830 66.721 -250.000
v -36.583 65.045 -250.000
v -37.765 77.938 -250.000
v -36.658 76.549 -250.000
v -30.065 67.429 -250.000
v -30.065 65.622 -250.000
v -31.312 65.160 -250.000
v -37.529 75.877 -242.500
v -37.120 76.255 -242.500
v -38.533 77.404 -242.500
v -34.410 64.756 -242.500
v -33.884 64.764 -242.500
v -34.337 66.526 -242.500
v -33.390 64.788 -242.500
v -32.927 64.829 -242.500
v -33.475 66.562 -242.500
v -32.496 64.885 -242.500
v -32.097 64.957 -242.500
v -32.617 66.670 -242.500
v -29.491 71.323 -242.500
v -29.491 72.605 -242.500
v -31.664 72.971 -242.500
v -38.707 71.323 -242.500
v -38.659 72.971 -242.500
v -40.743 72.820 -242.500
v -40.807 71.579 -242.500
v -34.935 78.623 -242.500
v -35.966 78.547 -242.500
v -35.578 76.884 -242.500
v -34.960 76.926 -242.500
v -33.971 78.557 -242.500
v -34.354 76.886 -242.500
v -31.709 65.048 -242.500
v -31.762 66.851 -242.500
v -39.787 75.904 -242.500
v -40.233 74.983 -242.500
v -38.396 74.327 -242.500
v -38.170 74.908 -242.500
v -38.559 73.681 -242.500
v -40.552 73.955 -242.500
v -40.532 69.236 -242.500
v -40.189 68.232 -242.500
v -38.250 68.905 -242.500
v -38.488 69.620 -242.500
v -40.738 70.351 -242.500
v -38.640 70.426 -242.500
v -39.709 67.341 -242.500
v -37.926 68.280 -242.500
v -35.547 64.828 -242.500
v -35.121 66.575 -242.500
v -30.911 67.104 -242.500
v -30.905 65.293 -242.500
v -30.490 65.447 -242.500
v -33.092 78.358 -242.500
v -33.807 76.763 -242.500
v -39.092 66.563 -242.500
v -37.517 67.746 -242.500
v -31.584 77.564 -242.500
v -32.296 78.028 -242.500
v -33.319 76.559 -242.500
v -32.889 76.274 -242.500
v -30.956 76.969 -242.500
v -32.518 75.907 -242.500
v -38.356 65.912 -242.500
v -37.029 67.307 -242.500
v -36.144 76.758 -242.500
v -36.909 78.318 -242.500
v -30.428 76.265 -242.500
v -32.211 75.463 -242.500
v -29.726 74.604 -242.500
v -30.018 75.477 -242.500
v -31.971 74.948 -242.500
v -31.800 74.361 -242.500
v -29.550 73.647 -242.500
v -31.698 73.702 -242.500
v -39.214 76.719 -242.500
v -37.881 75.424 -242.500
v -37.519 65.406 -242.500
v -36.466 66.965 -242.500
v -36.583 65.045 -242.500
v -35.830 66.721 -242.500
v -36.658 76.549 -242.500
v -37.765 77.938 -242.500
v -30.065 65.622 -242.500
v -30.065 67.429 -242.500
v -31.312 65.160 -242.500
vt 0.63535 0.72860
vt 0.57884 0.68260
vt 0.59521 0.66748
vt 0.46753 0.29346
vt 0.44941 0.22298
vt 0.47045 0.22266
vt 0.43304 0.29490
vt 0.41113 0.22556
vt 0.42963 0.22395
vt 0.39870 0.29924
vt 0.37793 0.23072
vt 0.39389 0.22782
vt 0.36059 0.55126
vt 0.27369 0.53662
vt 0.27369 0.48534
vt 0.72631 0.49560
vt 0.72376 0.54523
vt 0.64039 0.55126
vt 0.64233 0.48534
vt 0.49243 0.70948
vt 0.51717 0.70780
vt 0.53267 0.77429
vt 0.49145 0.77734
vt 0.46821 0.70785
vt 0.45290 0.77469
vt 0.36452 0.30646
vt 0.36241 0.23436
vt 0.62084 0.62872
vt 0.62988 0.60548
vt 0.70337 0.63172
vt 0.68553 0.66858
vt 0.71611 0.59060
vt 0.63639 0.57966
vt 0.63354 0.41722
vt 0.62402 0.38861
vt 0.70161 0.36171
vt 0.71533 0.40185
vt 0.63965 0.44947
vt 0.72357 0.44648
vt 0.61109 0.36363
vt 0.68241 0.32607
vt 0.49886 0.29541
vt 0.51591 0.22555
vt 0.31363 0.25032
vt 0.33026 0.24416
vt 0.33050 0.31658
vt 0.44633 0.70296
vt 0.41770 0.76675
vt 0.59473 0.34228
vt 0.65771 0.29492
vt 0.40961 0.68338
vt 0.42680 0.69480
vt 0.38587 0.75352
vt 0.35739 0.73500
vt 0.39477 0.66870
vt 0.33227 0.71118
vt 0.57518 0.32470
vt 0.62827 0.26891
vt 0.57039 0.76515
vt 0.53982 0.70276
vt 0.38247 0.65095
vt 0.31118 0.68303
vt 0.36606 0.60685
vt 0.37289 0.63034
vt 0.29478 0.65149
vt 0.28306 0.61658
vt 0.36196 0.58049
vt 0.27603 0.57829
vt 0.60929 0.64939
vt 0.66259 0.70118
vt 0.55269 0.31104
vt 0.59482 0.24867
vt 0.52725 0.30127
vt 0.55737 0.23422
vt 0.60462 0.74992
vt 0.56037 0.69436
vt 0.29663 0.32958
vt 0.29663 0.25732
vt 0.34652 0.23884
vt 0.40479 0.66748
vt 0.42116 0.68260
vt 0.36465 0.72860
vt 0.52955 0.22266
vt 0.55059 0.22298
vt 0.53247 0.29346
vt 0.57037 0.22395
vt 0.58887 0.22556
vt 0.56696 0.29490
vt 0.60611 0.22782
vt 0.62207 0.23072
vt 0.60130 0.29924
vt 0.72631 0.48534
vt 0.72631 0.53662
vt 0.63941 0.55126
vt 0.35767 0.48534
vt 0.35961 0.55126
vt 0.27624 0.54523
vt 0.27369 0.49560
vt 0.50855 0.77734
vt 0.46733 0.77429
vt 0.48283 0.70780
vt 0.50757 0.70948
vt 0.54710 0.77469
vt 0.53179 0.70785
vt 0.63759 0.23436
vt 0.63548 0.30646
vt 0.31447 0.66858
vt 0.29663 0.63172
vt 0.37012 0.60548
vt 0.37916 0.62872
vt 0.36361 0.57966
vt 0.28389 0.59060
vt 0.28467 0.40185
vt 0.29839 0.36171
vt 0.37598 0.38861
vt 0.36646 0.41722
vt 0.27643 0.44648
vt 0.36035 0.44947
vt 0.31759 0.32607
vt 0.38891 0.36363
vt 0.48409 0.22555
vt 0.50114 0.29541
vt 0.66950 0.31658
vt 0.66974 0.24416
vt 0.68637 0.25032
vt 0.58230 0.76675
vt 0.55367 0.70296
vt 0.34229 0.29492
vt 0.40527 0.34228
vt 0.64261 0.73500
vt 0.61413 0.75352
vt 0.57320 0.69480
vt 0.59039 0.68338
vt 0.66773 0.71118
vt 0.60523 0.66870
vt 0.37173 0.26891
vt 0.42482 0.32470
vt 0.46018 0.70276
vt 0.42961 0.76515
vt 0.68882 0.68303
vt 0.61753 0.65095
vt 0.71694 0.61658
vt 0.70522 0.65149
vt 0.62711 0.63034
vt 0.63394 0.60685
vt 0.72397 0.57829
vt 0.63804 0.58049
vt 0.33741 0.70118
vt 0.39071 0.64939
vt 0.40518 0.24867
vt 0.44731 0.31104
vt 0.44263 0.23422
vt 0.47275 0.30127
vt 0.43963 0.69436
vt 0.39538 0.74992
vt 0.70337 0.25732
vt 0.70337 0.32958
vt 0.65348 0.23884
vt 0.35000 0.59521
vt 0.35000 0.57884
vt 0.65000 0.57884
vt 0.65000 0.59521
vt 0.35000 0.47045
vt 0.35000 0.44941
vt 0.65000 0.44941
vt 0.65000 0.47045
vt 0.35000 0.42963
vt 0.35000 0.41113
vt 0.65000 0.41113
vt 0.65000 0.42963
vt 0.35000 0.39389
vt 0.35000 0.37793
vt 0.65000 0.37793
vt 0.65000 0.39389
vt 0.65000 0.48534
vt 0.65000 0.53662
vt 0.35000 0.53662
vt 0.35000 0.48534
vt 0.35000 0.54523
vt 0.35000 0.49560
vt 0.65000 0.49560
vt 0.65000 0.54523
vt 0.35000 0.50855
vt 0.35000 0.46733
vt 0.65000 0.46733
vt 0.65000 0.50855
vt 0.35000 0.51717
vt 0.35000 0.49243
vt 0.65000 0.49243
vt 0.65000 0.51717
vt 0.35000 0.60130
vt 0.35000 0.56696
vt 0.65000 0.56696
vt 0.65000 0.60130
vt 0.35000 0.54710
vt 0.65000 0.54710
vt 0.35000 0.46821
vt 0.65000 0.46821
vt 0.35000 0.36241
vt 0.65000 0.36241
vt 0.35000 0.63548
vt 0.65000 0.63548
vt 0.35000 0.66858
vt 0.35000 0.63172
vt 0.65000 0.63172
vt 0.65000 0.66858
vt 0.65000 0.60548
vt 0.65000 0.62872
vt 0.35000 0.62872
vt 0.35000 0.60548
vt 0.65000 0.57966
vt 0.35000 0.57966
vt 0.35000 0.59060
vt 0.65000 0.59060
vt 0.35000 0.40185
vt 0.35000 0.36171
vt 0.65000 0.36171
vt 0.65000 0.40185
vt 0.65000 0.38861
vt 0.65000 0.41722
vt 0.35000 0.41722
vt 0.35000 0.38861
vt 0.35000 0.44648
vt 0.65000 0.44648
vt 0.65000 0.44947
vt 0.35000 0.44947
vt 0.35000 0.32607
vt 0.65000 0.32607
vt 0.65000 0.36363
vt 0.35000 0.36363
vt 0.35000 0.51591
vt 0.65000 0.51591
vt 0.35000 0.53247
vt 0.35000 0.50114
vt 0.65000 0.50114
vt 0.65000 0.53247
vt 0.35000 0.66950
vt 0.65000 0.66950
vt 0.35000 0.33026
vt 0.35000 0.31363
vt 0.65000 0.31363
vt 0.65000 0.33026
vt 0.35000 0.58230
vt 0.65000 0.58230
vt 0.35000 0.44633
vt 0.65000 0.44633
vt 0.35000 0.29492
vt 0.65000 0.29492
vt 0.65000 0.34228
vt 0.35000 0.34228
vt 0.35000 0.64261
vt 0.35000 0.61413
vt 0.65000 0.61413
vt 0.65000 0.64261
vt 0.35000 0.42680
vt 0.35000 0.40961
vt 0.65000 0.40961
vt 0.65000 0.42680
vt 0.35000 0.66773
vt 0.65000 0.66773
vt 0.35000 0.39477
vt 0.65000 0.39477
vt 0.35000 0.65771
vt 0.35000 0.62827
vt 0.65000 0.62827
vt 0.65000 0.65771
vt 0.35000 0.42482
vt 0.35000 0.40527
vt 0.65000 0.40527
vt 0.65000 0.42482
vt 0.35000 0.53982
vt 0.65000 0.53982
vt 0.35000 0.42961
vt 0.65000 0.42961
vt 0.65000 0.68303
vt 0.65000 0.71118
vt 0.35000 0.71118
vt 0.35000 0.68303
vt 0.35000 0.66870
vt 0.35000 0.65095
vt 0.65000 0.65095
vt 0.65000 0.66870
vt 0.65000 0.61658
vt 0.65000 0.65149
vt 0.35000 0.65149
vt 0.35000 0.61658
vt 0.35000 0.63034
vt 0.35000 0.60685
vt 0.65000 0.60685
vt 0.65000 0.63034
vt 0.65000 0.48534
vt 0.35000 0.48534
vt 0.65000 0.57829
vt 0.35000 0.57829
vt 0.35000 0.58049
vt 0.65000 0.58049
vt 0.35000 0.70118
vt 0.65000 0.70118
vt 0.65000 0.64939
vt 0.35000 0.64939
vt 0.35000 0.59482
vt 0.65000 0.59482
vt 0.35000 0.44731
vt 0.65000 0.44731
vt 0.35000 0.55737
vt 0.65000 0.55737
vt 0.35000 0.47275
vt 0.65000 0.47275
vt 0.65000 0.55126
vt 0.35000 0.55126
vt 0.35000 0.55126
vt 0.65000 0.55126
vt 0.35000 0.56037
vt 0.65000 0.56037
vt 0.35000 0.39538
vt 0.65000 0.39538
vt 0.35000 0.72860
vt 0.65000 0.72860
vt 0.65000 0.66748
vt 0.35000 0.66748
vt 0.35000 0.36465
vt 0.65000 0.36465
vt 0.35000 0.29663
vt 0.65000 0.29663
vt 0.65000 0.25732
vt 0.65000 0.32958
vt 0.35000 0.32958
vt 0.35000 0.25732
vt 0.35000 0.70337
vt 0.65000 0.70337
vt 0.35000 0.63941
vt 0.35000 0.35961
vt 0.65000 0.35961
vt 0.65000 0.63941
vt 0.35000 0.64233
vt 0.35000 0.27369
vt 0.65000 0.27369
vt 0.65000 0.64233
vt 0.35000 0.34652
vt 0.65000 0.34652
vn 0.00000 0.00000 -1.00000
vn 0.00000 0.00000 -1.00000
vn 0.00000 0.00000 -1.00000
vn -0.00000 0.00000 -1.00000
vn -0.00000 0.00000 -1.00000
vn -0.00000 0.00000 -1.00000
vn -0.00000 0.00000 -1.00000
vn -0.00000 0.00000 -1.00000
vn -0.00000 0.00000 -1.00000
vn -0.00000 0.00000 -1.00000
vn -0.00000 0.00000 -1.00000
vn -0.00000 0.00000 -1.00000
vn 0.00000 0.00000 -1.00000
vn 0.00000 0.00000 -1.00000
vn 0.00000 0.00000 -1.00000
vn 0.00000 0.00000 -1.00000
vn -0.00000 0.00000 -1.00000
vn 0.00000 0.00000 -1.00000
vn 0.00000 0.00000 -1.00000
vn 0.00000 0.00000 -1.00000
vn 0.00000 0.00000 -1.00000
vn 0.00000 0.00000 -1.00000
vn 0.00000 0.00000 -1.00000
vn -0.00000 0.00000 -1.00000
vn 0.00000 0.00000 -1.00000
vn -0.00000 0.00000 -1.00000
vn -0.00000 0.00000 -1.00000
vn 0.00000 0.00000 -1.00000
vn -0.00000 0.00000 -1.00000
vn 0.00000 0.00000 -1.00000
vn 0.00000 0.00000 -1.00000
vn 0.00000 0.00000 -1.00000
vn 0.00000 0.00000 -1.00000
vn 0.00000 0.00000 -1.00000
vn 0.00000 0.00000 -1.00000
vn -0.00000 0.00000 -1.00000
vn -0.00000 0.00000 -1.00000
vn -0.00000 0.00000 -1.00000
vn -0.00000 0.00000 -1.00000
vn 0.00000 0.00000 -1.00000
vn 0.00000 0.00000 -1.00000
vn 0.00000 0.00000 -1.00000
vn 0.00000 0.00000 -1.00000
vn 0.00000 0.00000 -1.00000
vn 0.00000 0.00000 -1.00000
vn 0.00000 0.00000 -1.00000
vn 0.00000 0.00000 -1.00000
vn -0.00000 0.00000 -1.00000
vn -0.00000 0.00000 -1.00000
vn -0.00000 0.00000 -1.00000
vn -0.00000 0.00000 -1.00000
vn 0.00000 0.00000 -1.00000
vn -0.00000 0.00000 -1.00000
vn 0.00000 0.00000 -1.00000
vn 0.00000 0.00000 -1.00000
vn 0.00000 0.00000 -1.00000
vn 0.00000 0.00000 -1.00000
vn 0.00000 0.00000 -1.00000
vn 0.00000 0.00000 -1.00000
vn -0.00000 0.00000 -1.00000
vn -0.00000 0.00000 -1.00000
vn -0.00000 0.00000 -1.00000
vn -0.00000 0.00000 -1.00000
vn -0.00000 0.00000 -1.00000
vn 0.00000 0.00000 -1.00000
vn -0.00000 0.00000 -1.00000
vn -0.00000 0.00000 -1.00000
vn -0.00000 0.00000 -1.00000
vn -0.00000 0.00000 -1.00000
vn -0.00000 0.00000 -1.00000
vn -0.00000 0.00000 -1.00000
vn 0.00000 0.00000 -1.00000
vn 0.00000 0.00000 -1.00000
vn 0.00000 0.00000 -1.00000
vn 0.00000 0.00000 -1.00000
vn -0.00000 0.00000 -1.00000
vn -0.00000 0.00000 -1.00000
vn -0.00000 0.00000 -1.00000
vn -0.00000 0.00000 -1.00000
vn 0.00000 0.00000 -1.00000
vn 0.00000 0.00000 -1.00000
vn 0.00000 0.00000 -1.00000
vn 0.00000 0.00000 -1.00000
vn 0.00000 0.00000 -1.00000
vn -0.00000 0.00000 -1.00000
vn 0.00000 0.00000 -1.00000
vn 0.00000 0.00000 -1.00000
vn -0.00000 0.00000 -1.00000
vn -0.00000 0.00000 -1.00000
vn -0.00000 0.00000 -1.00000
vn -0.00000 0.00000 -1.00000
vn -0.00000 0.00000 -1.00000
vn -0.00000 0.00000 -1.00000
vn -0.00000 0.00000 -1.00000
vn -0.00000 0.00000 -1.00000
vn -0.00000 0.00000 -1.00000
vn 0.00000 0.00000 -1.00000
vn -0.00000 0.00000 -1.00000
vn -0.00000 0.00000 -1.00000
vn -0.00000 0.00000 -1.00000
vn -0.00000 0.00000 -1.00000
vn -0.00000 0.00000 -1.00000
vn -0.00000 0.00000 -1.00000
vn -0.00000 0.00000 -1.00000
vn -0.00000 0.00000 -1.00000
vn -0.00000 0.00000 -1.00000
vn -0.00000 0.00000 -1.00000
vn -0.00000 0.00000 -1.00000
vn 0.00000 0.00000 -1.00000
vn -0.00000 0.00000 -1.00000
vn -0.00000 0.00000 -1.00000
vn 0.00000 0.00000 -1.00000
vn 0.00000 0.00000 -1.00000
vn 0.00000 0.00000 -1.00000
vn 0.00000 0.00000 -1.00000
vn -0.00000 0.00000 -1.00000
vn 0.00000 0.00000 -1.00000
vn -0.00000 0.00000 -1.00000
vn -0.00000 0.00000 -1.00000
vn -0.00000 0.00000 -1.00000
vn 0.00000 0.00000 -1.00000
vn -0.00000 0.00000 -1.00000
vn -0.00000 0.00000 -1.00000
vn -0.00000 0.00000 -1.00000
vn 0.00000 0.00000 -1.00000
vn -0.00000 0.00000 -1.00000
vn -0.00000 0.00000 -1.00000
vn -0.00000 0.00000 -1.00000
vn 0.00000 0.00000 -1.00000
vn -0.00000 0.00000 -1.00000
vn -0.00000 0.00000 -1.00000
vn 0.00000 0.00000 -1.00000
vn -0.00000 0.00000 -1.00000
vn 0.00000 0.00000 -1.00000
vn 0.00000 0.00000 -1.00000
vn 0.00000 0.00000 -1.00000
vn 0.00000 0.00000 -1.00000
vn 0.00000 0.00000 -1.00000
vn 0.00000 0.00000 -1.00000
vn 0.00000 0.00000 -1.00000
vn 0.00000 0.00000 -1.00000
vn 0.00000 0.00000 -1.00000
vn 0.00000 0.00000 -1.00000
vn 0.00000 0.00000 -1.00000
vn -0.00000 0.00000 -1.00000
vn 0.00000 0.00000 -1.00000
vn 0.00000 0.00000 -1.00000
vn -0.00000 0.00000 -1.00000
vn -0.00000 0.00000 -1.00000
vn -0.00000 0.00000 -1.00000
vn -0.00000 0.00000 -1.00000
vn 0.00000 0.00000 -1.00000
vn -0.00000 0.00000 -1.00000
vn 0.00000 0.00000 -1.00000
vn 0.00000 0.00000 -1.00000
vn 0.00000 0.00000 -1.00000
vn 0.00000 0.00000 -1.00000
vn 0.00000 0.00000 -1.00000
vn 0.00000 0.00000 -1.00000
vn -0.00000 0.00000 -1.00000
vn -0.00000 0.00000 -1.00000
vn -0.00000 0.00000 -1.00000
vn -0.00000 0.00000 -1.00000
vn 0.00000 -0.00000 1.00000
vn 0.00000 -0.00000 1.00000
vn 0.00000 -0.00000 1.00000
vn 0.00000 -0.00000 1.00000
vn 0.00000 -0.00000 1.00000
vn 0.00000 -0.00000 1.00000
vn 0.00000 -0.00000 1.00000
vn 0.00000 -0.00000 1.00000
vn 0.00000 -0.00000 1.00000
vn 0.00000 -0.00000 1.00000
vn 0.00000 -0.00000 1.00000
vn 0.00000 -0.00000 1.00000
vn 0.00000 -0.00000 1.00000
vn 0.00000 -0.00000 1.00000
vn 0.00000 -0.00000 1.00000
vn 0.00000 -0.00000 1.00000
vn 0.00000 -0.00000 1.00000
vn 0.00000 -0.00000 1.00000
vn 0.00000 -0.00000 1.00000
vn 0.00000 -0.00000 1.00000
vn 0.00000 -0.00000 1.00000
vn 0.00000 -0.00000 1.00000
vn 0.00000 -0.00000 1.00000
vn 0.00000 -0.00000 1.00000
vn 0.00000 -0.00000 1.00000
vn 0.00000 -0.00000 1.00000
vn 0.00000 -0.00000 1.00000
vn 0.00000 -0.00000 1.00000
vn 0.00000 -0.00000 1.00000
vn 0.00000 -0.00000 1.00000
vn 0.00000 -0.00000 1.00000
vn 0.00000 -0.00000 1.00000
vn 0.00000 -0.00000 1.00000
vn 0.00000 -0.00000 1.00000
vn 0.00000 -0.00000 1.00000
vn 0.00000 -0.00000 1.00000
vn 0.00000 -0.00000 1.00000
vn 0.00000 -0.00000 1.00000
vn 0.00000 -0.00000 1.00000
vn 0.00000 -0.00000 1.00000
vn 0.00000 -0.00000 1.00000
vn 0.00000 -0.00000 1.00000
vn 0.00000 -0.00000 1.00000
vn 0.00000 -0.00000 1.00000
vn 0.00000 -0.00000 1.00000
vn 0.00000 -0.00000 1.00000
vn 0.00000 -0.00000 1.00000
vn 0.00000 -0.00000 1.00000
vn 0.00000 -0.00000 1.00000
vn 0.00000 -0.00000 1.00000
vn 0.00000 -0.00000 1.00000
vn 0.00000 -0.00000 1.00000
vn 0.00000 -0.00000 1.00000
vn 0.00000 -0.00000 1.00000
vn 0.00000 -0.00000 1.00000
vn 0.00000 -0.00000 1.00000
vn 0.00000 -0.00000 1.00000
vn 0.00000 -0.00000 1.00000
vn 0.00000 -0.00000 1.00000
vn 0.00000 -0.00000 1.00000
vn 0.00000 -0.00000 1.00000
vn 0.00000 -0.00000 1.00000
vn 0.00000 -0.00000 1.00000
vn 0.00000 -0.00000 1.00000
vn 0.00000 -0.00000 1.00000
vn 0.00000 -0.00000 1.00000
vn 0.00000 -0.00000 1.00000
vn 0.00000 -0.00000 1.00000
vn 0.00000 -0.00000 1.00000
vn 0.00000 -0.00000 1.00000
vn 0.00000 -0.00000 1.00000
vn 0.00000 -0.00000 1.00000
vn 0.00000 -0.00000 1.00000
vn 0.00000 -0.00000 1.00000
vn 0.00000 -0.00000 1.00000
vn 0.00000 -0.00000 1.00000
vn 0.00000 -0.00000 1.00000
vn 0.00000 -0.00000 1.00000
vn 0.00000 -0.00000 1.00000
vn 0.00000 -0.00000 1.00000
vn 0.00000 -0.00000 1.00000
vn 0.00000 -0.00000 1.00000
vn 0.00000 -0.00000 1.00000
vn 0.00000 -0.00000 1.00000
vn 0.00000 -0.00000 1.00000
vn 0.00000 -0.00000 1.00000
vn 0.00000 -0.00000 1.00000
vn 0.00000 -0.00000 1.00000
vn 0.00000 -0.00000 1.00000
vn 0.00000 -0.00000 1.00000
vn 0.00000 -0.00000 1.00000
vn 0.00000 -0.00000 1.00000
vn 0.00000 -0.00000 1.00000
vn 0.00000 -0.00000 1.00000
vn 0.00000 -0.00000 1.00000
vn 0.00000 -0.00000 1.00000
vn 0.00000 -0.00000 1.00000
vn 0.00000 -0.00000 1.00000
vn 0.00000 -0.00000 1.00000
vn 0.00000 -0.00000 1.00000
vn 0.00000 -0.00000 1.00000
vn 0.00000 -0.00000 1.00000
vn 0.00000 -0.00000 1.00000
vn 0.00000 -0.00000 1.00000
vn 0.00000 -0.00000 1.00000
vn 0.00000 -0.00000 1.00000
vn 0.00000 -0.00000 1.00000
vn 0.00000 -0.00000 1.00000
vn 0.00000 -0.00000 1.00000
vn 0.00000 -0.00000 1.00000
vn 0.00000 -0.00000 1.00000
vn 0.00000 -0.00000 1.00000
vn 0.00000 -0.00000 1.00000
vn 0.00000 -0.00000 1.00000
vn 0.00000 -0.00000 1.00000
vn 0.00000 -0.00000 1.00000
vn 0.00000 -0.00000 1.00000
vn 0.00000 -0.00000 1.00000
vn 0.00000 -0.00000 1.00000
vn 0.00000 -0.00000 1.00000
vn 0.00000 -0.00000 1.00000
vn 0.00000 -0.00000 1.00000
vn 0.00000 -0.00000 1.00000
vn 0.00000 -0.00000 1.00000
vn 0.00000 -0.00000 1.00000
vn 0.00000 -0.00000 1.00000
vn 0.00000 -0.00000 1.00000
vn 0.00000 -0.00000 1.00000
vn 0.00000 -0.00000 1.00000
vn 0.00000 -0.00000 1.00000
vn 0.00000 -0.00000 1.00000
vn 0.00000 -0.00000 1.00000
vn 0.00000 -0.00000 1.00000
vn 0.00000 -0.00000 1.00000
vn 0.00000 -0.00000 1.00000
vn 0.00000 -0.00000 1.00000
vn 0.00000 -0.00000 1.00000
vn 0.00000 -0.00000 1.00000
vn 0.00000 -0.00000 1.00000
vn 0.00000 -0.00000 1.00000
vn 0.00000 -0.00000 1.00000
vn 0.00000 -0.00000 1.00000
vn 0.00000 -0.00000 1.00000
vn 0.00000 -0.00000 1.00000
vn 0.00000 -0.00000 1.00000
vn 0.00000 -0.00000 1.00000
vn 0.00000 -0.00000 1.00000
vn 0.00000 -0.00000 1.00000
vn 0.00000 -0.00000 1.00000
vn 0.00000 -0.00000 1.00000
vn 0.00000 -0.00000 1.00000
vn 0.00000 -0.00000 1.00000
vn 0.00000 -0.00000 1.00000
vn 0.00000 -0.00000 1.00000
vn 0.00000 -0.00000 1.00000
vn 0.00000 -0.00000 1.00000
vn 0.00000 -0.00000 1.00000
vn 0.00000 -0.00000 1.00000
vn 0.00000 -0.00000 1.00000
vn 0.00000 -0.00000 1.00000
vn 0.00000 -0.00000 1.00000
vn 0.00000 -0.00000 1.00000
vn 0.00000 -0.00000 1.00000
vn 0.67842 -0.73467 -0.00000
vn 0.67842 -0.73467 -0.00000
vn 0.67842 -0.73467 -0.00000
vn 0.67842 -0.73467 -0.00000
vn 0.01532 -0.99988 -0.00000
vn 0.01532 -0.99988 -0.00000
vn 0.01532 -0.99988 -0.00000
vn 0.01532 -0.99988 -0.00000
vn 0.08679 -0.99623 -0.00000
vn 0.08679 -0.99623 -0.00000
vn 0.08679 -0.99623 -0.00000
vn 0.08679 -0.99623 -0.00000
vn 0.17884 -0.98388 -0.00000
vn 0.17884 -0.98388 -0.00000
vn 0.17884 -0.98388 -0.00000
vn 0.17884 -0.98388 -0.00000
vn 1.00000 0.00000 0.00000
vn 1.00000 0.00000 0.00000
vn 1.00000 0.00000 0.00000
vn 1.00000 0.00000 0.00000
vn -0.99868 0.05129 0.00000
vn -0.99868 0.05129 0.00000
vn -0.99868 0.05129 0.00000
vn -0.99868 0.05129 0.00000
vn -0.07371 0.99728 0.00000
vn -0.07371 0.99728 0.00000
vn -0.07371 0.99728 0.00000
vn -0.07371 0.99728 0.00000
vn 0.06776 -0.99770 -0.00000
vn 0.06776 -0.99770 -0.00000
vn 0.06776 -0.99770 -0.00000
vn 0.06776 -0.99770 -0.00000
vn -0.12524 0.99213 0.00000
vn -0.12524 0.99213 0.00000
vn -0.12524 0.99213 0.00000
vn -0.12524 0.99213 0.00000
vn 0.12984 -0.99153 -0.00000
vn 0.12984 -0.99153 -0.00000
vn 0.12984 -0.99153 -0.00000
vn 0.12984 -0.99153 -0.00000
vn 0.06848 0.99765 0.00000
vn 0.06848 0.99765 0.00000
vn 0.06848 0.99765 0.00000
vn 0.06848 0.99765 0.00000
vn -0.06720 -0.99774 -0.00000
vn -0.06720 -0.99774 -0.00000
vn -0.06720 -0.99774 -0.00000
vn -0.06720 -0.99774 -0.00000
vn 0.22814 -0.97363 -0.00000
vn 0.22814 -0.97363 -0.00000
vn 0.22814 -0.97363 -0.00000
vn 0.22814 -0.97363 -0.00000
vn -0.20678 0.97839 0.00000
vn -0.20678 0.97839 0.00000
vn -0.20678 0.97839 0.00000
vn -0.20678 0.97839 0.00000
vn -0.90009 0.43570 0.00000
vn -0.90009 0.43570 0.00000
vn -0.90009 0.43570 0.00000
vn -0.90009 0.43570 0.00000
vn 0.93205 -0.36233 -0.00000
vn 0.93205 -0.36233 -0.00000
vn 0.93205 -0.36233 -0.00000
vn 0.93205 -0.36233 -0.00000
vn 0.96960 -0.24468 -0.00000
vn 0.96960 -0.24468 -0.00000
vn 0.96960 -0.24468 -0.00000
vn 0.96960 -0.24468 -0.00000
vn -0.95517 0.29606 0.00000
vn -0.95517 0.29606 0.00000
vn -0.95517 0.29606 0.00000
vn -0.95517 0.29606 0.00000
vn -0.94624 -0.32346 -0.00000
vn -0.94624 -0.32346 -0.00000
vn -0.94624 -0.32346 -0.00000
vn -0.94624 -0.32346 -0.00000
vn 0.94886 0.31571 0.00000
vn 0.94886 0.31571 0.00000
vn 0.94886 0.31571 0.00000
vn 0.94886 0.31571 0.00000
vn -0.98341 -0.18139 -0.00000
vn -0.98341 -0.18139 -0.00000
vn -0.98341 -0.18139 -0.00000
vn -0.98341 -0.18139 -0.00000
vn 0.98256 0.18596 0.00000
vn 0.98256 0.18596 0.00000
vn 0.98256 0.18596 0.00000
vn 0.98256 0.18596 0.00000
vn -0.88031 -0.47440 -0.00000
vn -0.88031 -0.47440 -0.00000
vn -0.88031 -0.47440 -0.00000
vn -0.88031 -0.47440 -0.00000
vn 0.88798 0.45987 0.00000
vn 0.88798 0.45987 0.00000
vn 0.88798 0.45987 0.00000
vn 0.88798 0.45987 0.00000
vn -0.06345 -0.99798 -0.00000
vn -0.06345 -0.99798 -0.00000
vn -0.06345 -0.99798 -0.00000
vn -0.06345 -0.99798 -0.00000
vn 0.06220 0.99806 0.00000
vn 0.06220 0.99806 0.00000
vn 0.06220 0.99806 0.00000
vn 0.06220 0.99806 0.00000
vn -0.28492 0.95855 0.00000
vn -0.28492 0.95855 0.00000
vn -0.28492 0.95855 0.00000
vn -0.28492 0.95855 0.00000
vn 0.34744 -0.93770 -0.00000
vn 0.34744 -0.93770 -0.00000
vn 0.34744 -0.93770 -0.00000
vn 0.34744 -0.93770 -0.00000
vn -0.04185 0.99912 0.00000
vn -0.04185 0.99912 0.00000
vn -0.04185 0.99912 0.00000
vn -0.04185 0.99912 0.00000
vn 0.04885 -0.99881 -0.00000
vn 0.04885 -0.99881 -0.00000
vn 0.04885 -0.99881 -0.00000
vn 0.04885 -0.99881 -0.00000
vn 0.22005 0.97549 0.00000
vn 0.22005 0.97549 0.00000
vn 0.22005 0.97549 0.00000
vn 0.22005 0.97549 0.00000
vn -0.21830 -0.97588 -0.00000
vn -0.21830 -0.97588 -0.00000
vn -0.21830 -0.97588 -0.00000
vn -0.21830 -0.97588 -0.00000
vn -0.78361 -0.62125 -0.00000
vn -0.78361 -0.62125 -0.00000
vn -0.78361 -0.62125 -0.00000
vn -0.78361 -0.62125 -0.00000
vn 0.79386 0.60810 0.00000
vn 0.79386 0.60810 0.00000
vn 0.79386 0.60810 0.00000
vn 0.79386 0.60810 0.00000
vn 0.54529 0.83825 0.00000
vn 0.54529 0.83825 0.00000
vn 0.54529 0.83825 0.00000
vn 0.54529 0.83825 0.00000
vn -0.55335 -0.83295 -0.00000
vn -0.55335 -0.83295 -0.00000
vn -0.55335 -0.83295 -0.00000
vn -0.55335 -0.83295 -0.00000
vn 0.38380 0.92342 0.00000
vn 0.38380 0.92342 0.00000
vn 0.38380 0.92342 0.00000
vn 0.38380 0.92342 0.00000
vn -0.38533 -0.92278 -0.00000
vn -0.38533 -0.92278 -0.00000
vn -0.38533 -0.92278 -0.00000
vn -0.38533 -0.92278 -0.00000
vn 0.68806 0.72566 0.00000
vn 0.68806 0.72566 0.00000
vn 0.68806 0.72566 0.00000
vn 0.68806 0.72566 0.00000
vn -0.70319 -0.71100 -0.00000
vn -0.70319 -0.71100 -0.00000
vn -0.70319 -0.71100 -0.00000
vn -0.70319 -0.71100 -0.00000
vn -0.66212 -0.74940 -0.00000
vn -0.66212 -0.74940 -0.00000
vn -0.66212 -0.74940 -0.00000
vn -0.66212 -0.74940 -0.00000
vn 0.66863 0.74359 0.00000
vn 0.66863 0.74359 0.00000
vn 0.66863 0.74359 0.00000
vn 0.66863 0.74359 0.00000
vn 0.21723 -0.97612 -0.00000
vn 0.21723 -0.97612 -0.00000
vn 0.21723 -0.97612 -0.00000
vn 0.21723 -0.97612 -0.00000
vn -0.23545 0.97189 0.00000
vn -0.23545 0.97189 0.00000
vn -0.23545 0.97189 0.00000
vn -0.23545 0.97189 0.00000
vn 0.80036 0.59952 0.00000
vn 0.80036 0.59952 0.00000
vn 0.80036 0.59952 0.00000
vn 0.80036 0.59952 0.00000
vn -0.82180 -0.56978 -0.00000
vn -0.82180 -0.56978 -0.00000
vn -0.82180 -0.56978 -0.00000
vn -0.82180 -0.56978 -0.00000
vn 0.94804 0.31815 0.00000
vn 0.94804 0.31815 0.00000
vn 0.94804 0.31815 0.00000
vn 0.94804 0.31815 0.00000
vn -0.96016 -0.27945 -0.00000
vn -0.96016 -0.27945 -0.00000
vn -0.96016 -0.27945 -0.00000
vn -0.96016 -0.27945 -0.00000
vn -0.99844 -0.05577 -0.00000
vn -0.99844 -0.05577 -0.00000
vn -0.99844 -0.05577 -0.00000
vn -0.99844 -0.05577 -0.00000
vn 0.99721 0.07463 0.00000
vn 0.99721 0.07463 0.00000
vn 0.99721 0.07463 0.00000
vn 0.99721 0.07463 0.00000
vn 0.88716 0.46147 0.00000
vn 0.88716 0.46147 0.00000
vn 0.88716 0.46147 0.00000
vn 0.88716 0.46147 0.00000
vn -0.90704 -0.42104 -0.00000
vn -0.90704 -0.42104 -0.00000
vn -0.90704 -0.42104 -0.00000
vn -0.90704 -0.42104 -0.00000
vn 0.98356 0.18057 0.00000
vn 0.98356 0.18057 0.00000
vn 0.98356 0.18057 0.00000
vn 0.98356 0.18057 0.00000
vn -0.98811 -0.15376 -0.00000
vn -0.98811 -0.15376 -0.00000
vn -0.98811 -0.15376 -0.00000
vn -0.98811 -0.15376 -0.00000
vn -0.81783 0.57546 0.00000
vn -0.81783 0.57546 0.00000
vn -0.81783 0.57546 0.00000
vn -0.81783 0.57546 0.00000
vn 0.87282 -0.48805 -0.00000
vn 0.87282 -0.48805 -0.00000
vn 0.87282 -0.48805 -0.00000
vn 0.87282 -0.48805 -0.00000
vn -0.51759 -0.85563 -0.00000
vn -0.51759 -0.85563 -0.00000
vn -0.51759 -0.85563 -0.00000
vn -0.51759 -0.85563 -0.00000
vn 0.51935 0.85456 0.00000
vn 0.51935 0.85456 0.00000
vn 0.51935 0.85456 0.00000
vn 0.51935 0.85456 0.00000
vn -0.20473 -0.97882 -0.00000
vn -0.20473 -0.97882 -0.00000
vn -0.20473 -0.97882 -0.00000
vn -0.20473 -0.97882 -0.00000
vn 0.20212 0.97936 0.00000
vn 0.20212 0.97936 0.00000
vn 0.20212 0.97936 0.00000
vn 0.20212 0.97936 0.00000
vn 0.99025 -0.13934 -0.00000
vn 0.99025 -0.13934 -0.00000
vn 0.99025 -0.13934 -0.00000
vn 0.99025 -0.13934 -0.00000
vn -0.98610 0.16618 0.00000
vn -0.98610 0.16618 0.00000
vn -0.98610 0.16618 0.00000
vn -0.98610 0.16618 0.00000
vn -0.36001 -0.93295 -0.00000
vn -0.36001 -0.93295 -0.00000
vn -0.36001 -0.93295 -0.00000
vn -0.36001 -0.93295 -0.00000
vn 0.35832 0.93360 0.00000
vn 0.35832 0.93360 0.00000
vn 0.35832 0.93360 0.00000
vn 0.35832 0.93360 0.00000
vn 0.99842 0.05614 0.00000
vn 0.99842 0.05614 0.00000
vn 0.99842 0.05614 0.00000
vn 0.99842 0.05614 0.00000
vn -0.99891 -0.04672 -0.00000
vn -0.99891 -0.04672 -0.00000
vn -0.99891 -0.04672 -0.00000
vn -0.99891 -0.04672 -0.00000
vn 0.37828 -0.92569 -0.00000
vn 0.37828 -0.92569 -0.00000
vn 0.37828 -0.92569 -0.00000
vn 0.37828 -0.92569 -0.00000
vn -0.40657 0.91362 0.00000
vn -0.40657 0.91362 0.00000
vn -0.40657 0.91362 0.00000
vn -0.40657 0.91362 0.00000
vn -0.70945 0.70475 0.00000
vn -0.70945 0.70475 0.00000
vn -0.70945 0.70475 0.00000
vn -0.70945 0.70475 0.00000
vn 0.78921 -0.61413 -0.00000
vn 0.78921 -0.61413 -0.00000
vn 0.78921 -0.61413 -0.00000
vn 0.78921 -0.61413 -0.00000
vn 0.53719 -0.84346 -0.00000
vn 0.53719 -0.84346 -0.00000
vn 0.53719 -0.84346 -0.00000
vn 0.53719 -0.84346 -0.00000
vn -0.57009 0.82158 0.00000
vn -0.57009 0.82158 0.00000
vn -0.57009 0.82158 0.00000
vn -0.57009 0.82158 0.00000
vn 0.38091 -0.92461 -0.00000
vn 0.38091 -0.92461 -0.00000
vn 0.38091 -0.92461 -0.00000
vn 0.38091 -0.92461 -0.00000
vn 1.00000 0.00000 0.00000
vn 1.00000 0.00000 0.00000
vn 1.00000 0.00000 0.00000
vn 1.00000 0.00000 0.00000
vn -0.35841 0.93356 0.00000
vn -0.35841 0.93356 0.00000
vn -0.35841 0.93356 0.00000
vn -0.35841 0.93356 0.00000
vn 0.00000 1.00000 0.00000
vn 0.00000 1.00000 0.00000
vn 0.00000 1.00000 0.00000
vn 0.00000 1.00000 0.00000
vn 0.00000 -1.00000 -0.00000
vn 0.00000 -1.00000 -0.00000
vn 0.00000 -1.00000 -0.00000
vn 0.00000 -1.00000 -0.00000
vn 0.27126 -0.96251 -0.00000
vn 0.27126 -0.96251 -0.00000
vn 0.27126 -0.96251 -0.00000
vn 0.27126 -0.96251 -0.00000
vn 0.31096 -0.95042 -0.00000
vn 0.31096 -0.95042 -0.00000
vn 0.31096 -0.95042 -0.00000
vn 0.31096 -0.95042 -0.00000
f 1215/1739/4989 1216/1740/4990 1217/1741/4991 
f 1218/1742/4992 1219/1743/4993 1220/1744/4994 
f 1221/1745/4995 1222/1746/4996 1223/1747/4997 
f 1224/1748/4998 1225/1749/4999 1226/1750/5000 
f 1227/1751/5001 1228/1752/5002 1229/1753/5003 
f 1230/1754/5004 1231/1755/5005 1232/1756/5006 1233/1757/5007 
f 1234/1758/5008 1235/1759/5009 1236/1760/5010 1237/1761/5011 
f 1226/1750/5012 1222/1746/5013 1221/1745/5014 1224/1748/5015 
f 1238/1762/5016 1234/1758/5017 1237/1761/5018 1239/1763/5019 
f 1224/1748/5020 1240/1764/5021 1241/1765/5022 1225/1749/5023 
f 1242/1766/5024 1243/1767/5025 1244/1768/5026 1245/1769/5027 
f 1246/1770/5028 1244/1768/5029 1243/1767/5030 1247/1771/5031 
f 1248/1772/5032 1249/1773/5033 1250/1774/5034 1251/1775/5035 
f 1252/1776/5036 1248/1772/5037 1251/1775/5038 1253/1777/5039 
f 1249/1773/5040 1254/1778/5041 1255/1779/5042 1250/1774/5043 
f 1256/1780/5044 1218/1742/5045 1220/1744/5046 1257/1781/5047 
f 1258/1782/5048 1259/1783/5049 1240/1764/5050 1260/1784/5051 
f 1223/1747/5052 1219/1743/5053 1218/1742/5054 1221/1745/5055 
f 1261/1785/5056 1238/1762/5057 1239/1763/5058 1262/1786/5059 
f 1254/1778/5060 1263/1787/5061 1264/1788/5062 1255/1779/5063 
f 1265/1789/5064 1266/1790/5065 1267/1791/5066 1268/1792/5067 
f 1266/1790/5068 1261/1785/5069 1262/1786/5070 1267/1791/5071 
f 1269/1793/5072 1265/1789/5073 1268/1792/5074 1270/1794/5075 
f 1263/1787/5076 1271/1795/5077 1272/1796/5078 1264/1788/5079 
f 1273/1797/5080 1236/1760/5081 1235/1759/5082 1274/1798/5083 
f 1275/1799/5084 1269/1793/5085 1270/1794/5086 1276/1800/5087 
f 1277/1801/5088 1278/1802/5089 1279/1803/5090 1280/1804/5091 
f 1233/1757/5092 1252/1776/5093 1253/1777/5094 1230/1754/5095 
f 1278/1802/5096 1275/1799/5097 1276/1800/5098 1279/1803/5099 
f 1281/1805/5100 1277/1801/5101 1280/1804/5102 1282/1806/5103 
f 1283/1807/5104 1242/1766/5105 1245/1769/5106 1284/1808/5107 
f 1271/1795/5108 1285/1809/5109 1286/1810/5110 1272/1796/5111 
f 1287/1811/5112 1256/1780/5113 1257/1781/5114 1288/1812/5115 
f 1231/1755/5116 1246/1770/5117 1247/1771/5118 1232/1756/5119 
f 1285/1809/5120 1287/1811/5121 1288/1812/5122 1286/1810/5123 
f 1227/1751/5124 1281/1805/5125 1282/1806/5126 1228/1752/5127 
f 1289/1813/5128 1273/1797/5129 1274/1798/5130 1290/1814/5131 
f 1217/1741/5132 1283/1807/5133 1284/1808/5134 1215/1739/5135 
f 1215/1739/5136 1289/1813/5137 1290/1814/5138 1216/1740/5139 
f 1260/1784/5140 1291/1815/5141 1292/1816/5142 1258/1782/5143 
f 1229/1753/5144 1233/1757/5145 1232/1756/5146 1227/1751/5147 
f 1259/1783/5148 1293/1817/5149 1241/1765/5150 1240/1764/5151 
f 1294/1818/5152 1295/1819/5153 1296/1820/5154 
f 1297/1821/5155 1298/1822/5156 1299/1823/5157 
f 1300/1824/5158 1301/1825/5159 1302/1826/5160 
f 1303/1827/5161 1304/1828/5162 1305/1829/5163 
f 1306/1830/5164 1307/1831/5165 1308/1832/5166 
f 1309/1833/5167 1310/1834/5168 1311/1835/5169 1312/1836/5170 
f 1313/1837/5171 1314/1838/5172 1315/1839/5173 1316/1840/5174 
f 1305/1829/5175 1302/1826/5176 1301/1825/5177 1303/1827/5178 
f 1317/1841/5179 1313/1837/5180 1316/1840/5181 1318/1842/5182 
f 1304/1828/5183 1319/1843/5184 1320/1844/5185 1305/1829/5186 
f 1321/1845/5187 1322/1846/5188 1323/1847/5189 1324/1848/5190 
f 1325/1849/5191 1323/1847/5192 1322/1846/5193 1326/1850/5194 
f 1327/1851/5195 1328/1852/5196 1329/1853/5197 1330/1854/5198 
f 1331/1855/5199 1327/1851/5200 1330/1854/5201 1332/1856/5202 
f 1328/1852/5203 1333/1857/5204 1334/1858/5205 1329/1853/5206 
f 1335/1859/5207 1297/1821/5208 1299/1823/5209 1336/1860/5210 
f 1337/1861/5211 1320/1844/5212 1338/1862/5213 1339/1863/5214 
f 1302/1826/5215 1299/1823/5216 1298/1822/5217 1300/1824/5218 
f 1340/1864/5219 1317/1841/5220 1318/1842/5221 1341/1865/5222 
f 1333/1857/5223 1342/1866/5224 1343/1867/5225 1334/1858/5226 
f 1344/1868/5227 1345/1869/5228 1346/1870/5229 1347/1871/5230 
f 1345/1869/5231 1340/1864/5232 1341/1865/5233 1346/1870/5234 
f 1348/1872/5235 1344/1868/5236 1347/1871/5237 1349/1873/5238 
f 1342/1866/5239 1350/1874/5240 1351/1875/5241 1343/1867/5242 
f 1352/1876/5243 1315/1839/5244 1314/1838/5245 1353/1877/5246 
f 1354/1878/5247 1348/1872/5248 1349/1873/5249 1355/1879/5250 
f 1356/1880/5251 1357/1881/5252 1358/1882/5253 1359/1883/5254 
f 1312/1836/5255 1331/1855/5256 1332/1856/5257 1309/1833/5258 
f 1357/1881/5259 1354/1878/5260 1355/1879/5261 1358/1882/5262 
f 1360/1884/5263 1356/1880/5264 1359/1883/5265 1361/1885/5266 
f 1362/1886/5267 1321/1845/5268 1324/1848/5269 1363/1887/5270 
f 1350/1874/5271 1364/1888/5272 1365/1889/5273 1351/1875/5274 
f 1366/1890/5275 1335/1859/5276 1336/1860/5277 1367/1891/5278 
f 1310/1834/5279 1325/1849/5280 1326/1850/5281 1311/1835/5282 
f 1364/1888/5283 1366/1890/5284 1367/1891/5285 1365/1889/5286 
f 1307/1831/5287 1360/1884/5288 1361/1885/5289 1308/1832/5290 
f 1368/1892/5291 1352/1876/5292 1353/1877/5293 1369/1893/5294 
f 1296/1820/5295 1362/1886/5296 1363/1887/5297 1294/1818/5298 
f 1295/1819/5299 1368/1892/5300 1369/1893/5301 1296/1820/5302 
f 1339/1863/5303 1370/1894/5304 1371/1895/5305 1337/1861/5306 
f 1308/1832/5307 1310/1834/5308 1309/1833/5309 1306/1830/5310 
f 1320/1844/5311 1319/1843/5312 1372/1896/5313 1338/1862/5314 
f 1217/1897/5315 1216/1898/5316 1295/1899/5317 1294/1900/5318 
f 1220/1901/5319 1219/1902/5320 1298/1903/5321 1297/1904/5322 
f 1223/1905/5323 1222/1906/5324 1301/1907/5325 1300/1908/5326 
f 1226/1909/5327 1225/1910/5328 1304/1911/5329 1303/1912/5330 
f 1229/1913/5331 1228/1914/5332 1307/1915/5333 1306/1916/5334 
f 1231/1917/5335 1230/1918/5336 1312/1919/5337 1311/1920/5338 
f 1237/1921/5339 1236/1922/5340 1314/1923/5341 1313/1924/5342 
f 1235/1925/5343 1234/1926/5344 1316/1927/5345 1315/1928/5346 
f 1224/1929/5347 1221/1930/5348 1302/1931/5349 1305/1932/5350 
f 1222/1906/5351 1226/1909/5352 1303/1912/5353 1301/1907/5354 
f 1239/1933/5355 1237/1921/5356 1313/1924/5357 1317/1934/5358 
f 1234/1926/5359 1238/1935/5360 1318/1936/5361 1316/1927/5362 
f 1225/1910/5363 1241/1937/5364 1319/1938/5365 1304/1911/5366 
f 1240/1939/5367 1224/1929/5368 1305/1932/5369 1320/1940/5370 
f 1245/1941/5371 1244/1942/5372 1322/1943/5373 1321/1944/5374 
f 1243/1945/5375 1242/1946/5376 1324/1947/5377 1323/1948/5378 
f 1247/1949/5379 1243/1945/5380 1323/1948/5381 1325/1950/5382 
f 1244/1942/5383 1246/1951/5384 1326/1952/5385 1322/1943/5386 
f 1251/1953/5387 1250/1954/5388 1328/1955/5389 1327/1956/5390 
f 1249/1957/5391 1248/1958/5392 1330/1959/5393 1329/1960/5394 
f 1253/1961/5395 1251/1953/5396 1327/1956/5397 1331/1962/5398 
f 1248/1958/5399 1252/1963/5400 1332/1964/5401 1330/1959/5402 
f 1250/1954/5403 1255/1965/5404 1333/1966/5405 1328/1955/5406 
f 1254/1967/5407 1249/1957/5408 1329/1960/5409 1334/1968/5410 
f 1257/1969/5411 1220/1901/5412 1297/1904/5413 1335/1970/5414 
f 1218/1971/5415 1256/1972/5416 1336/1973/5417 1299/1974/5418 
f 1260/1975/5419 1240/1939/5420 1320/1940/5421 1337/1976/5422 
f 1259/1977/5423 1258/1978/5424 1339/1979/5425 1338/1980/5426 
f 1221/1930/5427 1218/1971/5428 1299/1974/5429 1302/1931/5430 
f 1219/1902/5431 1223/1905/5432 1300/1908/5433 1298/1903/5434 
f 1262/1981/5435 1239/1933/5436 1317/1934/5437 1340/1982/5438 
f 1238/1935/5439 1261/1983/5440 1341/1984/5441 1318/1936/5442 
f 1255/1965/5443 1264/1985/5444 1342/1986/5445 1333/1966/5446 
f 1263/1987/5447 1254/1967/5448 1334/1968/5449 1343/1988/5450 
f 1268/1989/5451 1267/1990/5452 1345/1991/5453 1344/1992/5454 
f 1266/1993/5455 1265/1994/5456 1347/1995/5457 1346/1996/5458 
f 1267/1990/5459 1262/1981/5460 1340/1982/5461 1345/1991/5462 
f 1261/1983/5463 1266/1993/5464 1346/1996/5465 1341/1984/5466 
f 1270/1997/5467 1268/1989/5468 1344/1992/5469 1348/1998/5470 
f 1265/1994/5471 1269/1999/5472 1349/2000/5473 1347/1995/5474 
f 1264/2001/5475 1272/2002/5476 1350/2003/5477 1342/2004/5478 
f 1271/2005/5479 1263/2006/5480 1343/2007/5481 1351/2008/5482 
f 1274/2009/5483 1235/1925/5484 1315/1928/5485 1352/2010/5486 
f 1236/1922/5487 1273/2011/5488 1353/2012/5489 1314/1923/5490 
f 1276/2013/5491 1270/2014/5492 1348/2015/5493 1354/2016/5494 
f 1269/2017/5495 1275/2018/5496 1355/2019/5497 1349/2020/5498 
f 1280/2021/5499 1279/2022/5500 1357/2023/5501 1356/2024/5502 
f 1278/2025/5503 1277/2026/5504 1359/2027/5505 1358/2028/5506 
f 1230/1918/5507 1253/1961/5508 1331/1962/5509 1312/1919/5510 
f 1252/1963/5511 1233/2029/5512 1309/2030/5513 1332/1964/5514 
f 1279/2022/5515 1276/2013/5516 1354/2016/5517 1357/2023/5518 
f 1275/2018/5519 1278/2025/5520 1358/2028/5521 1355/2019/5522 
f 1282/2031/5523 1280/2021/5524 1356/2024/5525 1360/2032/5526 
f 1277/2026/5527 1281/2033/5528 1361/2034/5529 1359/2027/5530 
f 1284/2035/5531 1245/1941/5532 1321/1944/5533 1362/2036/5534 
f 1242/1946/5535 1283/2037/5536 1363/2038/5537 1324/1947/5538 
f 1272/2002/5539 1286/2039/5540 1364/2040/5541 1350/2003/5542 
f 1285/2041/5543 1271/2005/5544 1351/2008/5545 1365/2042/5546 
f 1288/2043/5547 1257/1969/5548 1335/1970/5549 1366/2044/5550 
f 1256/1972/5551 1287/2045/5552 1367/2046/5553 1336/1973/5554 
f 1232/2047/5555 1247/1949/5556 1325/1950/5557 1310/2048/5558 
f 1246/1951/5559 1231/1917/5560 1311/1920/5561 1326/1952/5562 
f 1286/2039/5563 1288/2043/5564 1366/2044/5565 1364/2040/5566 
f 1287/2045/5567 1285/2041/5568 1365/2042/5569 1367/2046/5570 
f 1228/1914/5571 1282/2031/5572 1360/2032/5573 1307/1915/5574 
f 1281/2033/5575 1227/2049/5576 1308/2050/5577 1361/2034/5578 
f 1290/2051/5579 1274/2009/5580 1352/2010/5581 1368/2052/5582 
f 1273/2011/5583 1289/2053/5584 1369/2054/5585 1353/2012/5586 
f 1215/2055/5587 1284/2035/5588 1362/2036/5589 1296/2056/5590 
f 1283/2037/5591 1217/2057/5592 1294/2058/5593 1363/2038/5594 
f 1216/1898/5595 1290/2051/5596 1368/2052/5597 1295/1899/5598 
f 1289/2053/5599 1215/2059/5600 1296/2060/5601 1369/2054/5602 
f 1258/1978/5603 1292/2061/5604 1370/2062/5605 1339/1979/5606 
f 1292/2063/5607 1291/2064/5608 1371/2065/5609 1370/2066/5610 
f 1291/2067/5611 1260/1975/5612 1337/1976/5613 1371/2068/5614 
f 1227/2069/5615 1232/2070/5616 1310/2071/5617 1308/2072/5618 
f 1233/2073/5619 1229/2074/5620 1306/2075/5621 1309/2076/5622 
f 1241/1937/5623 1293/2077/5624 1372/2078/5625 1319/1938/5626 
f 1293/2077/5627 1259/1977/5628 1338/1980/5629 1372/2078/5630 
o 006_3D_Text_-_n
g 3D_Text_-_n
usemtl Infusion 5
v -22.679 78.428 -250.000
v -22.178 78.536 -250.000
v -22.155 76.857 -250.000
v -23.618 78.080 -250.000
v -23.159 78.275 -250.000
v -22.860 76.720 -250.000
v -24.437 77.574 -250.000
v -24.048 77.845 -250.000
v -23.475 76.493 -250.000
v -25.095 76.926 -250.000
v -24.786 77.268 -250.000
v -24.000 76.175 -250.000
v -27.439 78.379 -250.000
v -25.791 78.379 -250.000
v -25.461 76.548 -250.000
v -27.439 65.000 -250.000
v -25.412 72.019 -250.000
v -25.412 65.000 -250.000
v -19.360 76.386 -250.000
v -18.646 78.203 -250.000
v -18.014 77.877 -250.000
v -18.284 65.000 -250.000
v -18.284 73.655 -250.000
v -16.257 73.728 -250.000
v -16.257 65.000 -250.000
v -17.478 77.458 -250.000
v -17.039 76.935 -250.000
v -18.760 75.741 -250.000
v -19.028 76.096 -250.000
v -21.657 78.601 -250.000
v -21.360 76.902 -250.000
v -18.552 75.319 -250.000
v -16.697 76.301 -250.000
v -18.314 74.276 -250.000
v -16.306 74.698 -250.000
v -18.403 74.831 -250.000
v -16.453 75.555 -250.000
v -24.436 75.767 -250.000
v -25.364 76.548 -250.000
v -19.759 76.612 -250.000
v -19.374 78.437 -250.000
v -21.116 78.623 -250.000
v -20.759 76.870 -250.000
v -20.225 76.773 -250.000
v -20.197 78.576 -250.000
v -25.373 73.005 -250.000
v -24.787 75.253 -250.000
v -25.256 73.873 -250.000
v -25.061 74.622 -250.000
v -22.155 76.857 -242.500
v -22.178 78.536 -242.500
v -22.679 78.428 -242.500
v -22.860 76.720 -242.500
v -23.159 78.275 -242.500
v -23.618 78.080 -242.500
v -23.475 76.493 -242.500
v -24.048 77.845 -242.500
v -24.437 77.574 -242.500
v -24.000 76.175 -242.500
v -24.786 77.268 -242.500
v -25.095 76.926 -242.500
v -25.461 76.548 -242.500
v -25.791 78.379 -242.500
v -27.439 78.379 -242.500
v -25.412 65.000 -242.500
v -25.412 72.019 -242.500
v -27.439 65.000 -242.500
v -18.014 77.877 -242.500
v -18.646 78.203 -242.500
v -19.360 76.386 -242.500
v -16.257 65.000 -242.500
v -16.257 73.728 -242.500
v -18.284 73.655 -242.500
v -18.284 65.000 -242.500
v -19.028 76.096 -242.500
v -18.760 75.741 -242.500
v -17.039 76.935 -242.500
v -17.478 77.458 -242.500
v -21.360 76.902 -242.500
v -21.657 78.601 -242.500
v -16.697 76.301 -242.500
v -18.552 75.319 -242.500
v -16.306 74.698 -242.500
v -18.314 74.276 -242.500
v -16.453 75.555 -242.500
v -18.403 74.831 -242.500
v -25.364 76.548 -242.500
v -24.436 75.767 -242.500
v -19.374 78.437 -242.500
v -19.759 76.612 -242.500
v -20.759 76.870 -242.500
v -21.116 78.623 -242.500
v -20.197 78.576 -242.500
v -20.225 76.773 -242.500
v -25.373 73.005 -242.500
v -24.787 75.253 -242.500
v -25.256 73.873 -242.500
v -25.061 74.622 -242.500
vt 0.53322 0.76464
vt 0.51320 0.76898
vt 0.51227 0.70180
vt 0.57081 0.75074
vt 0.55243 0.75856
vt 0.54047 0.69635
vt 0.60354 0.73050
vt 0.58798 0.74133
vt 0.56507 0.68727
vt 0.62987 0.70456
vt 0.61751 0.71824
vt 0.58609 0.67455
vt 0.72363 0.76270
vt 0.65771 0.76270
vt 0.64453 0.68946
vt 0.72363 0.22754
vt 0.64257 0.50830
vt 0.64257 0.22754
vt 0.40047 0.68299
vt 0.37192 0.75568
vt 0.34664 0.74262
vt 0.35743 0.22754
vt 0.35743 0.57374
vt 0.27637 0.57666
vt 0.27637 0.22754
vt 0.32519 0.72584
vt 0.30761 0.70495
vt 0.37649 0.65716
vt 0.38721 0.67138
vt 0.49237 0.77159
vt 0.48047 0.70362
vt 0.36815 0.64029
vt 0.29395 0.67958
vt 0.35862 0.59858
vt 0.27832 0.61544
vt 0.36219 0.62076
vt 0.28418 0.64975
vt 0.60351 0.65820
vt 0.64063 0.68946
vt 0.41643 0.69201
vt 0.40102 0.76500
vt 0.47071 0.77246
vt 0.45643 0.70233
vt 0.43508 0.69846
vt 0.43395 0.77060
vt 0.64101 0.54774
vt 0.61757 0.63768
vt 0.63632 0.58244
vt 0.62851 0.61242
vt 0.48773 0.70180
vt 0.48680 0.76898
vt 0.46678 0.76464
vt 0.45953 0.69635
vt 0.44757 0.75856
vt 0.42919 0.75074
vt 0.43493 0.68727
vt 0.41202 0.74133
vt 0.39646 0.73050
vt 0.41391 0.67455
vt 0.38249 0.71824
vt 0.37013 0.70456
vt 0.35547 0.68946
vt 0.34229 0.76270
vt 0.27637 0.76270
vt 0.35743 0.22754
vt 0.35743 0.50830
vt 0.27637 0.22754
vt 0.65336 0.74262
vt 0.62808 0.75568
vt 0.59953 0.68299
vt 0.72363 0.22754
vt 0.72363 0.57666
vt 0.64257 0.57374
vt 0.64257 0.22754
vt 0.61279 0.67138
vt 0.62351 0.65716
vt 0.69239 0.70495
vt 0.67481 0.72584
vt 0.51953 0.70362
vt 0.50763 0.77159
vt 0.70605 0.67958
vt 0.63185 0.64029
vt 0.72168 0.61544
vt 0.64138 0.59858
vt 0.71582 0.64975
vt 0.63781 0.62076
vt 0.35937 0.68946
vt 0.39649 0.65820
vt 0.59898 0.76500
vt 0.58357 0.69201
vt 0.54357 0.70233
vt 0.52929 0.77246
vt 0.56605 0.77060
vt 0.56492 0.69846
vt 0.35899 0.54774
vt 0.38243 0.63768
vt 0.36368 0.58244
vt 0.37149 0.61242
vt 0.35000 0.48680
vt 0.35000 0.46678
vt 0.65000 0.46678
vt 0.65000 0.48680
vt 0.35000 0.44757
vt 0.35000 0.42919
vt 0.65000 0.42919
vt 0.65000 0.44757
vt 0.35000 0.41202
vt 0.35000 0.39646
vt 0.65000 0.39646
vt 0.65000 0.41202
vt 0.35000 0.71824
vt 0.35000 0.70456
vt 0.65000 0.70456
vt 0.65000 0.71824
vt 0.65000 0.68946
vt 0.65000 0.76270
vt 0.35000 0.76270
vt 0.35000 0.68946
vt 0.35000 0.34229
vt 0.35000 0.27637
vt 0.65000 0.27637
vt 0.65000 0.34229
vt 0.65000 0.22754
vt 0.65000 0.50830
vt 0.35000 0.50830
vt 0.35000 0.22754
vt 0.35000 0.72363
vt 0.35000 0.64257
vt 0.65000 0.64257
vt 0.65000 0.72363
vt 0.35000 0.65336
vt 0.35000 0.62808
vt 0.65000 0.62808
vt 0.65000 0.65336
vt 0.65000 0.22754
vt 0.65000 0.57666
vt 0.35000 0.57666
vt 0.35000 0.22754
vt 0.35000 0.57374
vt 0.35000 0.22754
vt 0.65000 0.22754
vt 0.65000 0.57374
vt 0.35000 0.35743
vt 0.35000 0.27637
vt 0.65000 0.27637
vt 0.65000 0.35743
vt 0.35000 0.67138
vt 0.35000 0.65716
vt 0.65000 0.65716
vt 0.65000 0.67138
vt 0.65000 0.70495
vt 0.65000 0.72584
vt 0.35000 0.72584
vt 0.35000 0.70495
vt 0.35000 0.51227
vt 0.35000 0.48047
vt 0.65000 0.48047
vt 0.65000 0.51227
vt 0.35000 0.50763
vt 0.65000 0.50763
vt 0.65000 0.67958
vt 0.35000 0.67958
vt 0.35000 0.64029
vt 0.65000 0.64029
vt 0.65000 0.61544
vt 0.35000 0.61544
vt 0.35000 0.59858
vt 0.65000 0.59858
vt 0.35000 0.54047
vt 0.65000 0.54047
vt 0.35000 0.56507
vt 0.65000 0.56507
vt 0.65000 0.64975
vt 0.35000 0.64975
vt 0.35000 0.62076
vt 0.65000 0.62076
vt 0.35000 0.38249
vt 0.65000 0.38249
vt 0.35000 0.58609
vt 0.65000 0.58609
vt 0.35000 0.40047
vt 0.35000 0.38721
vt 0.65000 0.38721
vt 0.65000 0.40047
vt 0.35000 0.67481
vt 0.65000 0.67481
vt 0.35000 0.68946
vt 0.65000 0.68946
vt 0.35000 0.60351
vt 0.65000 0.60351
vt 0.35000 0.41643
vt 0.65000 0.41643
vt 0.35000 0.59898
vt 0.65000 0.59898
vt 0.35000 0.45643
vt 0.65000 0.45643
vt 0.35000 0.52929
vt 0.65000 0.52929
vt 0.35000 0.56605
vt 0.65000 0.56605
vt 0.35000 0.43508
vt 0.65000 0.43508
vt 0.65000 0.54774
vt 0.35000 0.54774
vt 0.35000 0.76270
vt 0.35000 0.22754
vt 0.65000 0.22754
vt 0.65000 0.76270
vt 0.35000 0.35937
vt 0.35000 0.35547
vt 0.65000 0.35547
vt 0.65000 0.35937
vt 0.65000 0.63768
vt 0.65000 0.65820
vt 0.35000 0.65820
vt 0.35000 0.63768
vt 0.65000 0.58244
vt 0.35000 0.58244
vt 0.65000 0.61242
vt 0.35000 0.61242
vn 0.00000 0.00000 -1.00000
vn 0.00000 0.00000 -1.00000
vn 0.00000 0.00000 -1.00000
vn -0.00000 0.00000 -1.00000
vn -0.00000 0.00000 -1.00000
vn -0.00000 0.00000 -1.00000
vn 0.00000 0.00000 -1.00000
vn 0.00000 0.00000 -1.00000
vn 0.00000 0.00000 -1.00000
vn -0.00000 0.00000 -1.00000
vn -0.00000 0.00000 -1.00000
vn -0.00000 0.00000 -1.00000
vn 0.00000 0.00000 -1.00000
vn 0.00000 0.00000 -1.00000
vn 0.00000 0.00000 -1.00000
vn 0.00000 0.00000 -1.00000
vn 0.00000 0.00000 -1.00000
vn 0.00000 0.00000 -1.00000
vn -0.00000 0.00000 -1.00000
vn -0.00000 0.00000 -1.00000
vn -0.00000 0.00000 -1.00000
vn 0.00000 0.00000 -1.00000
vn 0.00000 0.00000 -1.00000
vn 0.00000 0.00000 -1.00000
vn 0.00000 0.00000 -1.00000
vn -0.00000 0.00000 -1.00000
vn 0.00000 0.00000 -1.00000
vn -0.00000 0.00000 -1.00000
vn -0.00000 0.00000 -1.00000
vn -0.00000 0.00000 -1.00000
vn -0.00000 0.00000 -1.00000
vn -0.00000 0.00000 -1.00000
vn -0.00000 0.00000 -1.00000
vn -0.00000 0.00000 -1.00000
vn 0.00000 0.00000 -1.00000
vn -0.00000 0.00000 -1.00000
vn -0.00000 0.00000 -1.00000
vn 0.00000 0.00000 -1.00000
vn -0.00000 0.00000 -1.00000
vn 0.00000 0.00000 -1.00000
vn 0.00000 0.00000 -1.00000
vn -0.00000 0.00000 -1.00000
vn -0.00000 0.00000 -1.00000
vn -0.00000 0.00000 -1.00000
vn -0.00000 0.00000 -1.00000
vn 0.00000 0.00000 -1.00000
vn 0.00000 0.00000 -1.00000
vn 0.00000 0.00000 -1.00000
vn 0.00000 0.00000 -1.00000
vn -0.00000 0.00000 -1.00000
vn 0.00000 0.00000 -1.00000
vn -0.00000 0.00000 -1.00000
vn -0.00000 0.00000 -1.00000
vn -0.00000 0.00000 -1.00000
vn -0.00000 0.00000 -1.00000
vn -0.00000 0.00000 -1.00000
vn -0.00000 0.00000 -1.00000
vn 0.00000 0.00000 -1.00000
vn -0.00000 0.00000 -1.00000
vn 0.00000 0.00000 -1.00000
vn 0.00000 0.00000 -1.00000
vn -0.00000 0.00000 -1.00000
vn 0.00000 0.00000 -1.00000
vn -0.00000 0.00000 -1.00000
vn -0.00000 0.00000 -1.00000
vn -0.00000 0.00000 -1.00000
vn 0.00000 0.00000 -1.00000
vn -0.00000 0.00000 -1.00000
vn -0.00000 0.00000 -1.00000
vn -0.00000 0.00000 -1.00000
vn -0.00000 0.00000 -1.00000
vn -0.00000 0.00000 -1.00000
vn -0.00000 0.00000 -1.00000
vn 0.00000 0.00000 -1.00000
vn 0.00000 0.00000 -1.00000
vn 0.00000 0.00000 -1.00000
vn 0.00000 0.00000 -1.00000
vn 0.00000 0.00000 -1.00000
vn 0.00000 0.00000 -1.00000
vn 0.00000 0.00000 -1.00000
vn 0.00000 0.00000 -1.00000
vn -0.00000 0.00000 -1.00000
vn -0.00000 0.00000 -1.00000
vn -0.00000 0.00000 -1.00000
vn -0.00000 0.00000 -1.00000
vn 0.00000 0.00000 -1.00000
vn 0.00000 0.00000 -1.00000
vn 0.00000 0.00000 -1.00000
vn 0.00000 0.00000 -1.00000
vn -0.00000 0.00000 -1.00000
vn 0.00000 0.00000 -1.00000
vn -0.00000 0.00000 -1.00000
vn -0.00000 0.00000 -1.00000
vn -0.00000 0.00000 -1.00000
vn -0.00000 0.00000 -1.00000
vn -0.00000 0.00000 -1.00000
vn -0.00000 0.00000 -1.00000
vn 0.00000 0.00000 -1.00000
vn -0.00000 0.00000 -1.00000
vn -0.00000 0.00000 -1.00000
vn -0.00000 0.00000 -1.00000
vn 0.00000 -0.00000 1.00000
vn 0.00000 -0.00000 1.00000
vn 0.00000 -0.00000 1.00000
vn 0.00000 -0.00000 1.00000
vn 0.00000 -0.00000 1.00000
vn 0.00000 -0.00000 1.00000
vn 0.00000 -0.00000 1.00000
vn 0.00000 -0.00000 1.00000
vn 0.00000 -0.00000 1.00000
vn 0.00000 -0.00000 1.00000
vn 0.00000 -0.00000 1.00000
vn 0.00000 -0.00000 1.00000
vn 0.00000 -0.00000 1.00000
vn 0.00000 -0.00000 1.00000
vn 0.00000 -0.00000 1.00000
vn 0.00000 -0.00000 1.00000
vn 0.00000 -0.00000 1.00000
vn 0.00000 -0.00000 1.00000
vn 0.00000 -0.00000 1.00000
vn 0.00000 -0.00000 1.00000
vn 0.00000 -0.00000 1.00000
vn 0.00000 -0.00000 1.00000
vn 0.00000 -0.00000 1.00000
vn 0.00000 -0.00000 1.00000
vn 0.00000 -0.00000 1.00000
vn 0.00000 -0.00000 1.00000
vn 0.00000 -0.00000 1.00000
vn 0.00000 -0.00000 1.00000
vn 0.00000 -0.00000 1.00000
vn 0.00000 -0.00000 1.00000
vn 0.00000 -0.00000 1.00000
vn 0.00000 -0.00000 1.00000
vn 0.00000 -0.00000 1.00000
vn 0.00000 -0.00000 1.00000
vn 0.00000 -0.00000 1.00000
vn 0.00000 -0.00000 1.00000
vn 0.00000 -0.00000 1.00000
vn 0.00000 -0.00000 1.00000
vn 0.00000 -0.00000 1.00000
vn 0.00000 -0.00000 1.00000
vn 0.00000 -0.00000 1.00000
vn 0.00000 -0.00000 1.00000
vn 0.00000 -0.00000 1.00000
vn 0.00000 -0.00000 1.00000
vn 0.00000 -0.00000 1.00000
vn 0.00000 -0.00000 1.00000
vn 0.00000 -0.00000 1.00000
vn 0.00000 -0.00000 1.00000
vn 0.00000 -0.00000 1.00000
vn 0.00000 -0.00000 1.00000
vn 0.00000 -0.00000 1.00000
vn 0.00000 -0.00000 1.00000
vn 0.00000 -0.00000 1.00000
vn 0.00000 -0.00000 1.00000
vn 0.00000 -0.00000 1.00000
vn 0.00000 -0.00000 1.00000
vn 0.00000 -0.00000 1.00000
vn 0.00000 -0.00000 1.00000
vn 0.00000 -0.00000 1.00000
vn 0.00000 -0.00000 1.00000
vn 0.00000 -0.00000 1.00000
vn 0.00000 -0.00000 1.00000
vn 0.00000 -0.00000 1.00000
vn 0.00000 -0.00000 1.00000
vn 0.00000 -0.00000 1.00000
vn 0.00000 -0.00000 1.00000
vn 0.00000 -0.00000 1.00000
vn 0.00000 -0.00000 1.00000
vn 0.00000 -0.00000 1.00000
vn 0.00000 -0.00000 1.00000
vn 0.00000 -0.00000 1.00000
vn 0.00000 -0.00000 1.00000
vn 0.00000 -0.00000 1.00000
vn 0.00000 -0.00000 1.00000
vn 0.00000 -0.00000 1.00000
vn 0.00000 -0.00000 1.00000
vn 0.00000 -0.00000 1.00000
vn 0.00000 -0.00000 1.00000
vn 0.00000 -0.00000 1.00000
vn 0.00000 -0.00000 1.00000
vn 0.00000 -0.00000 1.00000
vn 0.00000 -0.00000 1.00000
vn 0.00000 -0.00000 1.00000
vn 0.00000 -0.00000 1.00000
vn 0.00000 -0.00000 1.00000
vn 0.00000 -0.00000 1.00000
vn 0.00000 -0.00000 1.00000
vn 0.00000 -0.00000 1.00000
vn 0.00000 -0.00000 1.00000
vn 0.00000 -0.00000 1.00000
vn 0.00000 -0.00000 1.00000
vn 0.00000 -0.00000 1.00000
vn 0.00000 -0.00000 1.00000
vn 0.00000 -0.00000 1.00000
vn 0.00000 -0.00000 1.00000
vn 0.00000 -0.00000 1.00000
vn 0.00000 -0.00000 1.00000
vn 0.00000 -0.00000 1.00000
vn 0.00000 -0.00000 1.00000
vn 0.00000 -0.00000 1.00000
vn 0.00000 -0.00000 1.00000
vn -0.21205 0.97726 0.00000
vn -0.21205 0.97726 0.00000
vn -0.21205 0.97726 0.00000
vn -0.21205 0.97726 0.00000
vn -0.39138 0.92023 0.00000
vn -0.39138 0.92023 0.00000
vn -0.39138 0.92023 0.00000
vn -0.39138 0.92023 0.00000
vn -0.57120 0.82081 0.00000
vn -0.57120 0.82081 0.00000
vn -0.57120 0.82081 0.00000
vn -0.57120 0.82081 0.00000
vn -0.74193 0.67047 0.00000
vn -0.74193 0.67047 0.00000
vn -0.74193 0.67047 0.00000
vn -0.74193 0.67047 0.00000
vn 0.98419 0.17711 0.00000
vn 0.98419 0.17711 0.00000
vn 0.98419 0.17711 0.00000
vn 0.98419 0.17711 0.00000
vn 0.00000 1.00000 0.00000
vn 0.00000 1.00000 0.00000
vn 0.00000 1.00000 0.00000
vn 0.00000 1.00000 0.00000
vn 1.00000 0.00000 0.00000
vn 1.00000 0.00000 0.00000
vn 1.00000 0.00000 0.00000
vn 1.00000 0.00000 0.00000
vn 0.00000 -1.00000 -0.00000
vn 0.00000 -1.00000 -0.00000
vn 0.00000 -1.00000 -0.00000
vn 0.00000 -1.00000 -0.00000
vn 0.45885 0.88851 0.00000
vn 0.45885 0.88851 0.00000
vn 0.45885 0.88851 0.00000
vn 0.45885 0.88851 0.00000
vn 1.00000 0.00000 0.00000
vn 1.00000 0.00000 0.00000
vn 1.00000 0.00000 0.00000
vn 1.00000 0.00000 0.00000
vn -1.00000 0.00000 0.00000
vn -1.00000 0.00000 0.00000
vn -1.00000 0.00000 0.00000
vn -1.00000 0.00000 0.00000
vn 0.00000 -1.00000 -0.00000
vn 0.00000 -1.00000 -0.00000
vn 0.00000 -1.00000 -0.00000
vn 0.00000 -1.00000 -0.00000
vn -0.79841 -0.60211 -0.00000
vn -0.79841 -0.60211 -0.00000
vn -0.79841 -0.60211 -0.00000
vn -0.79841 -0.60211 -0.00000
vn 0.76524 0.64375 0.00000
vn 0.76524 0.64375 0.00000
vn 0.76524 0.64375 0.00000
vn 0.76524 0.64375 0.00000
vn 0.05705 -0.99837 -0.00000
vn 0.05705 -0.99837 -0.00000
vn 0.05705 -0.99837 -0.00000
vn 0.05705 -0.99837 -0.00000
vn -0.12411 0.99227 0.00000
vn -0.12411 0.99227 0.00000
vn -0.12411 0.99227 0.00000
vn -0.12411 0.99227 0.00000
vn 0.88030 0.47442 0.00000
vn 0.88030 0.47442 0.00000
vn 0.88030 0.47442 0.00000
vn 0.88030 0.47442 0.00000
vn -0.89649 -0.44306 -0.00000
vn -0.89649 -0.44306 -0.00000
vn -0.89649 -0.44306 -0.00000
vn -0.89649 -0.44306 -0.00000
vn 0.99873 0.05029 0.00000
vn 0.99873 0.05029 0.00000
vn 0.99873 0.05029 0.00000
vn 0.99873 0.05029 0.00000
vn -0.99885 -0.04790 -0.00000
vn -0.99885 -0.04790 -0.00000
vn -0.99885 -0.04790 -0.00000
vn -0.99885 -0.04790 -0.00000
vn 0.18975 -0.98183 -0.00000
vn 0.18975 -0.98183 -0.00000
vn 0.18975 -0.98183 -0.00000
vn 0.18975 -0.98183 -0.00000
vn -0.30193 0.95333 0.00000
vn -0.30193 0.95333 0.00000
vn -0.30193 0.95333 0.00000
vn -0.30193 0.95333 0.00000
vn -0.48059 0.87695 0.00000
vn -0.48059 0.87695 0.00000
vn -0.48059 0.87695 0.00000
vn -0.48059 0.87695 0.00000
vn 0.34631 -0.93812 -0.00000
vn 0.34631 -0.93812 -0.00000
vn 0.34631 -0.93812 -0.00000
vn 0.34631 -0.93812 -0.00000
vn 0.95040 0.31102 0.00000
vn 0.95040 0.31102 0.00000
vn 0.95040 0.31102 0.00000
vn 0.95040 0.31102 0.00000
vn -0.95650 -0.29173 -0.00000
vn -0.95650 -0.29173 -0.00000
vn -0.95650 -0.29173 -0.00000
vn -0.95650 -0.29173 -0.00000
vn -0.65965 0.75158 0.00000
vn -0.65965 0.75158 0.00000
vn -0.65965 0.75158 0.00000
vn -0.65965 0.75158 0.00000
vn 0.51775 -0.85553 -0.00000
vn 0.51775 -0.85553 -0.00000
vn 0.51775 -0.85553 -0.00000
vn 0.51775 -0.85553 -0.00000
vn -0.65863 -0.75247 -0.00000
vn -0.65863 -0.75247 -0.00000
vn -0.65863 -0.75247 -0.00000
vn -0.65863 -0.75247 -0.00000
vn 0.61623 0.78757 0.00000
vn 0.61623 0.78757 0.00000
vn 0.61623 0.78757 0.00000
vn 0.61623 0.78757 0.00000
vn 0.98573 0.16832 0.00000
vn 0.98573 0.16832 0.00000
vn 0.98573 0.16832 0.00000
vn 0.98573 0.16832 0.00000
vn -0.98727 -0.15904 -0.00000
vn -0.98727 -0.15904 -0.00000
vn -0.98727 -0.15904 -0.00000
vn -0.98727 -0.15904 -0.00000
vn -0.81444 0.58025 0.00000
vn -0.81444 0.58025 0.00000
vn -0.81444 0.58025 0.00000
vn -0.81444 0.58025 0.00000
vn 0.68437 -0.72914 -0.00000
vn 0.68437 -0.72914 -0.00000
vn 0.68437 -0.72914 -0.00000
vn 0.68437 -0.72914 -0.00000
vn -0.49241 -0.87036 -0.00000
vn -0.49241 -0.87036 -0.00000
vn -0.49241 -0.87036 -0.00000
vn -0.49241 -0.87036 -0.00000
vn 0.30509 0.95232 0.00000
vn 0.30509 0.95232 0.00000
vn 0.30509 0.95232 0.00000
vn 0.30509 0.95232 0.00000
vn -0.05356 -0.99856 -0.00000
vn -0.05356 -0.99856 -0.00000
vn -0.05356 -0.99856 -0.00000
vn -0.05356 -0.99856 -0.00000
vn -0.04009 0.99920 0.00000
vn -0.04009 0.99920 0.00000
vn -0.04009 0.99920 0.00000
vn -0.04009 0.99920 0.00000
vn 0.16748 0.98588 0.00000
vn 0.16748 0.98588 0.00000
vn 0.16748 0.98588 0.00000
vn 0.16748 0.98588 0.00000
vn -0.32673 -0.94512 -0.00000
vn -0.32673 -0.94512 -0.00000
vn -0.32673 -0.94512 -0.00000
vn -0.32673 -0.94512 -0.00000
vn 0.05067 0.99872 0.00000
vn 0.05067 0.99872 0.00000
vn 0.05067 0.99872 0.00000
vn 0.05067 0.99872 0.00000
vn -0.17832 -0.98397 -0.00000
vn -0.17832 -0.98397 -0.00000
vn -0.17832 -0.98397 -0.00000
vn -0.17832 -0.98397 -0.00000
vn 0.99922 -0.03959 -0.00000
vn 0.99922 -0.03959 -0.00000
vn 0.99922 -0.03959 -0.00000
vn 0.99922 -0.03959 -0.00000
vn -1.00000 0.00000 0.00000
vn -1.00000 0.00000 0.00000
vn -1.00000 0.00000 0.00000
vn -1.00000 0.00000 0.00000
vn 0.00000 1.00000 0.00000
vn 0.00000 1.00000 0.00000
vn 0.00000 1.00000 0.00000
vn 0.00000 1.00000 0.00000
vn 0.82495 -0.56520 -0.00000
vn 0.82495 -0.56520 -0.00000
vn 0.82495 -0.56520 -0.00000
vn 0.82495 -0.56520 -0.00000
vn 0.99100 -0.13383 -0.00000
vn 0.99100 -0.13383 -0.00000
vn 0.99100 -0.13383 -0.00000
vn 0.99100 -0.13383 -0.00000
vn 0.91763 -0.39743 -0.00000
vn 0.91763 -0.39743 -0.00000
vn 0.91763 -0.39743 -0.00000
vn 0.91763 -0.39743 -0.00000
vn 0.96769 -0.25215 -0.00000
vn 0.96769 -0.25215 -0.00000
vn 0.96769 -0.25215 -0.00000
vn 0.96769 -0.25215 -0.00000
f 1373/2079/5631 1374/2080/5632 1375/2081/5633 
f 1376/2082/5634 1377/2083/5635 1378/2084/5636 
f 1379/2085/5637 1380/2086/5638 1381/2087/5639 
f 1382/2088/5640 1383/2089/5641 1384/2090/5642 
f 1385/2091/5643 1386/2092/5644 1387/2093/5645 
f 1388/2094/5646 1389/2095/5647 1390/2096/5648 
f 1391/2097/5649 1392/2098/5650 1393/2099/5651 
f 1394/2100/5652 1395/2101/5653 1396/2102/5654 1397/2103/5655 
f 1398/2104/5656 1399/2105/5657 1400/2106/5658 1401/2107/5659 
f 1374/2080/5660 1402/2108/5661 1403/2109/5662 1375/2081/5663 
f 1404/2110/5664 1400/2106/5665 1399/2105/5666 1405/2111/5667 
f 1395/2101/5668 1406/2112/5669 1407/2113/5670 1396/2102/5671 
f 1377/2083/5672 1373/2079/5673 1375/2081/5674 1378/2084/5675 
f 1381/2087/5676 1380/2086/5677 1376/2082/5678 1378/2084/5679 
f 1408/2114/5680 1404/2110/5681 1405/2111/5682 1409/2115/5683 
f 1384/2090/5684 1383/2089/5685 1379/2085/5686 1381/2087/5687 
f 1393/2099/5688 1398/2104/5689 1401/2107/5690 1391/2097/5691 
f 1406/2112/5692 1408/2114/5693 1409/2115/5694 1407/2113/5695 
f 1410/2116/5696 1411/2117/5697 1382/2088/5698 1384/2090/5699 
f 1392/2098/5700 1391/2097/5701 1412/2118/5702 1413/2119/5703 
f 1414/2120/5704 1415/2121/5705 1403/2109/5706 1402/2108/5707 
f 1412/2118/5708 1416/2122/5709 1417/2123/5710 1413/2119/5711 
f 1416/2122/5712 1415/2121/5713 1414/2120/5714 1417/2123/5715 
f 1388/2094/5716 1385/2091/5717 1418/2124/5718 1389/2095/5719 
f 1419/2125/5720 1387/2093/5721 1411/2117/5722 1410/2116/5723 
f 1418/2124/5724 1385/2091/5725 1387/2093/5726 1420/2126/5727 
f 1420/2126/5728 1387/2093/5729 1419/2125/5731 1421/2127/5730 
f 1422/2128/5732 1423/2129/5733 1424/2130/5734 
f 1425/2131/5735 1426/2132/5736 1427/2133/5737 
f 1428/2134/5738 1429/2135/5739 1430/2136/5740 
f 1431/2137/5741 1432/2138/5742 1433/2139/5743 
f 1434/2140/5744 1435/2141/5745 1436/2142/5746 
f 1437/2143/5747 1438/2144/5748 1439/2145/5749 
f 1440/2146/5750 1441/2147/5751 1442/2148/5752 
f 1443/2149/5753 1444/2150/5754 1445/2151/5755 1446/2152/5756 
f 1447/2153/5757 1448/2154/5758 1449/2155/5759 1450/2156/5760 
f 1422/2128/5761 1451/2157/5762 1452/2158/5763 1423/2129/5764 
f 1453/2159/5765 1449/2155/5766 1448/2154/5767 1454/2160/5768 
f 1444/2150/5769 1455/2161/5770 1456/2162/5771 1445/2151/5772 
f 1425/2131/5773 1422/2128/5774 1424/2130/5775 1426/2132/5776 
f 1425/2131/5777 1427/2133/5778 1429/2135/5779 1428/2134/5780 
f 1457/2163/5781 1453/2159/5782 1454/2160/5783 1458/2164/5784 
f 1428/2134/5785 1430/2136/5786 1432/2138/5787 1431/2137/5788 
f 1442/2148/5789 1447/2153/5790 1450/2156/5791 1440/2146/5792 
f 1455/2161/5793 1457/2163/5794 1458/2164/5795 1456/2162/5796 
f 1431/2137/5797 1433/2139/5798 1459/2165/5799 1460/2166/5800 
f 1461/2167/5801 1462/2168/5802 1442/2148/5803 1441/2147/5804 
f 1452/2158/5805 1451/2157/5806 1463/2169/5807 1464/2170/5808 
f 1461/2167/5809 1465/2171/5810 1466/2172/5811 1462/2168/5812 
f 1465/2171/5813 1464/2170/5814 1463/2169/5815 1466/2172/5816 
f 1438/2144/5817 1467/2173/5818 1436/2142/5819 1439/2145/5820 
f 1460/2166/5821 1459/2165/5822 1434/2140/5823 1468/2174/5824 
f 1469/2175/5825 1434/2140/5826 1436/2142/5827 1467/2173/5828 
f 1470/2176/5829 1468/2174/5830 1434/2140/5831 1469/2175/5832 
f 1374/2177/5833 1373/2178/5834 1424/2179/5835 1423/2180/5836 
f 1377/2181/5837 1376/2182/5838 1427/2183/5839 1426/2184/5840 
f 1380/2185/5841 1379/2186/5842 1430/2187/5843 1429/2188/5844 
f 1383/2189/5845 1382/2190/5846 1433/2191/5847 1432/2192/5848 
f 1387/2193/5849 1386/2194/5850 1435/2195/5851 1434/2196/5852 
f 1386/2197/5853 1385/2198/5854 1436/2199/5855 1435/2200/5856 
f 1390/2201/5857 1389/2202/5858 1438/2203/5859 1437/2204/5860 
f 1388/2205/5861 1390/2206/5862 1437/2207/5863 1439/2208/5864 
f 1393/2209/5865 1392/2210/5866 1441/2211/5867 1440/2212/5868 
f 1397/2213/5869 1396/2214/5870 1444/2215/5871 1443/2216/5872 
f 1395/2217/5873 1394/2218/5874 1446/2219/5875 1445/2220/5876 
f 1394/2221/5877 1397/2222/5878 1443/2223/5879 1446/2224/5880 
f 1401/2225/5881 1400/2226/5882 1448/2227/5883 1447/2228/5884 
f 1399/2229/5885 1398/2230/5886 1450/2231/5887 1449/2232/5888 
f 1375/2233/5889 1403/2234/5890 1451/2235/5891 1422/2236/5892 
f 1402/2237/5893 1374/2177/5894 1423/2180/5895 1452/2238/5896 
f 1405/2239/5897 1399/2229/5898 1449/2232/5899 1453/2240/5900 
f 1400/2226/5901 1404/2241/5902 1454/2242/5903 1448/2227/5904 
f 1396/2214/5905 1407/2243/5906 1455/2244/5907 1444/2215/5908 
f 1406/2245/5909 1395/2217/5910 1445/2220/5911 1456/2246/5912 
f 1378/2247/5913 1375/2233/5914 1422/2236/5915 1425/2248/5916 
f 1373/2178/5917 1377/2181/5918 1426/2184/5919 1424/2179/5920 
f 1376/2182/5921 1380/2185/5922 1429/2188/5923 1427/2183/5924 
f 1381/2249/5925 1378/2247/5926 1425/2248/5927 1428/2250/5928 
f 1409/2251/5929 1405/2239/5930 1453/2240/5931 1457/2252/5932 
f 1404/2241/5933 1408/2253/5934 1458/2254/5935 1454/2242/5936 
f 1379/2186/5937 1383/2255/5938 1432/2256/5939 1430/2187/5940 
f 1384/2257/5941 1381/2249/5942 1428/2250/5943 1431/2258/5944 
f 1391/2259/5945 1401/2260/5946 1447/2261/5947 1442/2262/5948 
f 1398/2263/5949 1393/2209/5950 1440/2212/5951 1450/2264/5952 
f 1407/2243/5953 1409/2251/5954 1457/2252/5955 1455/2244/5956 
f 1408/2253/5957 1406/2245/5958 1456/2246/5959 1458/2254/5960 
f 1382/2190/5961 1411/2265/5962 1459/2266/5963 1433/2191/5964 
f 1410/2267/5965 1384/2257/5966 1431/2258/5967 1460/2268/5968 
f 1412/2269/5969 1391/2259/5970 1442/2262/5971 1462/2270/5972 
f 1392/2210/5973 1413/2271/5974 1461/2272/5975 1441/2211/5976 
f 1403/2234/5977 1415/2273/5978 1463/2274/5979 1451/2235/5980 
f 1414/2275/5981 1402/2237/5982 1452/2238/5983 1464/2276/5984 
f 1413/2271/5985 1417/2277/5986 1465/2278/5987 1461/2272/5988 
f 1416/2279/5989 1412/2269/5990 1462/2270/5991 1466/2280/5992 
f 1417/2277/5993 1414/2275/5994 1464/2276/5995 1465/2278/5996 
f 1415/2273/5997 1416/2279/5998 1466/2280/5999 1463/2274/6000 
f 1389/2202/6001 1418/2281/6002 1467/2282/6003 1438/2203/6004 
f 1385/2283/6005 1388/2284/6006 1439/2285/6007 1436/2286/6008 
f 1411/2287/6009 1387/2288/6010 1434/2289/6011 1459/2290/6012 
f 1419/2291/6013 1410/2292/6014 1460/2293/6015 1468/2294/6016 
f 1418/2281/6017 1420/2295/6018 1469/2296/6019 1467/2282/6020 
f 1421/2297/6021 1419/2291/6022 1468/2294/6023 1470/2298/6024 
f 1420/2295/6025 1421/2297/6026 1470/2298/6027 1469/2296/6028 
o 007_3D_Text_-_t
g 3D_Text_-_t
usemtl Infusion 6
v -13.483 68.845 -250.000
v -11.456 68.931 -250.000
v -11.433 68.470 -250.000
v -11.364 68.054 -250.000
v -11.250 67.682 -250.000
v -13.327 67.373 -250.000
v -10.883 67.075 -250.000
v -10.636 66.842 -250.000
v -12.085 65.410 -250.000
v -10.355 66.661 -250.000
v -10.040 66.532 -250.000
v -10.998 64.920 -250.000
v -9.308 66.428 -250.000
v -9.170 64.773 -250.000
v -9.390 64.760 -250.000
v -7.790 65.004 -250.000
v -8.078 66.540 -250.000
v -7.621 65.061 -250.000
v -7.903 66.572 -250.000
v -7.744 66.605 -250.000
v -7.477 65.122 -250.000
v -7.575 76.804 -250.000
v -11.456 76.804 -250.000
v -11.456 78.379 -250.000
v -7.575 78.379 -250.000
v -8.270 66.507 -250.000
v -7.984 64.951 -250.000
v -8.203 64.903 -250.000
v -8.472 66.479 -250.000
v -13.483 76.804 -250.000
v -8.447 64.859 -250.000
v -8.676 66.457 -250.000
v -8.884 66.441 -250.000
v -8.698 64.822 -250.000
v -8.939 64.793 -250.000
v -9.095 66.431 -250.000
v -9.601 64.756 -250.000
v -9.691 66.454 -250.000
v -11.089 67.356 -250.000
v -12.861 66.228 -250.000
v -13.483 78.623 -250.000
v -12.628 81.479 -250.000
v -11.456 81.479 -250.000
v -7.477 66.673 -250.000
v -7.602 66.639 -250.000
v -15.399 76.804 -250.000
v -15.399 77.781 -250.000
v -11.433 68.470 -242.500
v -11.456 68.931 -242.500
v -13.483 68.845 -242.500
v -13.327 67.373 -242.500
v -11.250 67.682 -242.500
v -11.364 68.054 -242.500
v -12.085 65.410 -242.500
v -10.636 66.842 -242.500
v -10.883 67.075 -242.500
v -10.998 64.920 -242.500
v -10.040 66.532 -242.500
v -10.355 66.661 -242.500
v -9.390 64.760 -242.500
v -9.170 64.773 -242.500
v -9.308 66.428 -242.500
v -7.621 65.061 -242.500
v -8.078 66.540 -242.500
v -7.790 65.004 -242.500
v -7.477 65.122 -242.500
v -7.744 66.605 -242.500
v -7.903 66.572 -242.500
v -7.575 78.379 -242.500
v -11.456 78.379 -242.500
v -11.456 76.804 -242.500
v -7.575 76.804 -242.500
v -8.472 66.479 -242.500
v -8.203 64.903 -242.500
v -7.984 64.951 -242.500
v -8.270 66.507 -242.500
v -13.483 76.804 -242.500
v -8.676 66.457 -242.500
v -8.447 64.859 -242.500
v -9.095 66.431 -242.500
v -8.939 64.793 -242.500
v -8.698 64.822 -242.500
v -8.884 66.441 -242.500
v -9.691 66.454 -242.500
v -9.601 64.756 -242.500
v -12.861 66.228 -242.500
v -11.089 67.356 -242.500
v -13.483 78.623 -242.500
v -11.456 81.479 -242.500
v -12.628 81.479 -242.500
v -7.602 66.639 -242.500
v -7.477 66.673 -242.500
v -15.399 77.781 -242.500
v -15.399 76.804 -242.500
vt 0.58179 0.32909
vt 0.50073 0.33251
vt 0.49981 0.31407
vt 0.49706 0.29743
vt 0.49247 0.28259
vt 0.57558 0.27021
vt 0.47779 0.25829
vt 0.46792 0.24897
vt 0.52589 0.19170
vt 0.45669 0.24173
vt 0.44410 0.23655
vt 0.48241 0.17207
vt 0.41481 0.23241
vt 0.40929 0.16619
vt 0.41810 0.16570
vt 0.35410 0.17545
vt 0.36561 0.23687
vt 0.34733 0.17772
vt 0.35860 0.23817
vt 0.35225 0.23949
vt 0.34155 0.18017
vt 0.34547 0.64745
vt 0.50073 0.64745
vt 0.50073 0.71045
vt 0.34547 0.71045
vt 0.37329 0.23559
vt 0.36186 0.17335
vt 0.37062 0.17142
vt 0.38136 0.23445
vt 0.58179 0.64745
vt 0.38037 0.16967
vt 0.38954 0.23355
vt 0.39785 0.23292
vt 0.39042 0.16818
vt 0.40006 0.16702
vt 0.40627 0.23254
vt 0.42651 0.16553
vt 0.43014 0.23345
vt 0.48605 0.26954
vt 0.55695 0.22441
vt 0.58179 0.72021
vt 0.54761 0.83447
vt 0.50073 0.83447
vt 0.34155 0.24219
vt 0.34657 0.24083
vt 0.65845 0.64745
vt 0.65845 0.68653
vt 0.50019 0.31407
vt 0.49927 0.33251
vt 0.41821 0.32909
vt 0.42442 0.27021
vt 0.50753 0.28259
vt 0.50294 0.29743
vt 0.47411 0.19170
vt 0.53208 0.24897
vt 0.52221 0.25829
vt 0.51759 0.17207
vt 0.55590 0.23655
vt 0.54331 0.24173
vt 0.58190 0.16570
vt 0.59071 0.16619
vt 0.58519 0.23241
vt 0.65267 0.17772
vt 0.63439 0.23687
vt 0.64590 0.17545
vt 0.65845 0.18017
vt 0.64775 0.23949
vt 0.64140 0.23817
vt 0.65453 0.71045
vt 0.49927 0.71045
vt 0.49927 0.64745
vt 0.65453 0.64745
vt 0.61864 0.23445
vt 0.62938 0.17142
vt 0.63814 0.17335
vt 0.62671 0.23559
vt 0.41821 0.64745
vt 0.61046 0.23355
vt 0.61963 0.16967
vt 0.59373 0.23254
vt 0.59994 0.16702
vt 0.60958 0.16818
vt 0.60215 0.23292
vt 0.56986 0.23345
vt 0.57349 0.16553
vt 0.44305 0.22441
vt 0.51395 0.26954
vt 0.41821 0.72021
vt 0.49927 0.83447
vt 0.45239 0.83447
vt 0.65343 0.24083
vt 0.65845 0.24219
vt 0.34155 0.68653
vt 0.34155 0.64745
vt 0.65000 0.31407
vt 0.65000 0.33251
vt 0.35000 0.33251
vt 0.35000 0.31407
vt 0.65000 0.28259
vt 0.65000 0.29743
vt 0.35000 0.29743
vt 0.35000 0.28259
vt 0.35000 0.53208
vt 0.35000 0.52221
vt 0.65000 0.52221
vt 0.65000 0.53208
vt 0.35000 0.55590
vt 0.35000 0.54331
vt 0.65000 0.54331
vt 0.65000 0.55590
vt 0.35000 0.41810
vt 0.35000 0.40929
vt 0.65000 0.40929
vt 0.65000 0.41810
vt 0.35000 0.35410
vt 0.35000 0.34733
vt 0.65000 0.34733
vt 0.65000 0.35410
vt 0.35000 0.64775
vt 0.35000 0.64140
vt 0.65000 0.64140
vt 0.65000 0.64775
vt 0.35000 0.65453
vt 0.35000 0.49927
vt 0.65000 0.49927
vt 0.65000 0.65453
vt 0.35000 0.50073
vt 0.35000 0.34547
vt 0.65000 0.34547
vt 0.65000 0.50073
vt 0.65000 0.64745
vt 0.65000 0.71045
vt 0.35000 0.71045
vt 0.35000 0.64745
vt 0.35000 0.37062
vt 0.35000 0.36186
vt 0.65000 0.36186
vt 0.65000 0.37062
vt 0.35000 0.62671
vt 0.35000 0.61864
vt 0.65000 0.61864
vt 0.65000 0.62671
vt 0.35000 0.63439
vt 0.65000 0.63439
vt 0.35000 0.34155
vt 0.65000 0.34155
vt 0.65000 0.64745
vt 0.35000 0.64745
vt 0.35000 0.64745
vt 0.35000 0.32909
vt 0.65000 0.32909
vt 0.65000 0.64745
vt 0.35000 0.38037
vt 0.65000 0.38037
vt 0.35000 0.61046
vt 0.65000 0.61046
vt 0.35000 0.40006
vt 0.35000 0.39042
vt 0.65000 0.39042
vt 0.65000 0.40006
vt 0.35000 0.60215
vt 0.35000 0.59373
vt 0.65000 0.59373
vt 0.65000 0.60215
vt 0.35000 0.58519
vt 0.65000 0.58519
vt 0.35000 0.56986
vt 0.65000 0.56986
vt 0.35000 0.42651
vt 0.65000 0.42651
vt 0.35000 0.27021
vt 0.65000 0.27021
vt 0.35000 0.22441
vt 0.65000 0.22441
vt 0.65000 0.26954
vt 0.35000 0.26954
vt 0.65000 0.25829
vt 0.35000 0.25829
vt 0.35000 0.19170
vt 0.65000 0.19170
vt 0.35000 0.49927
vt 0.35000 0.45239
vt 0.65000 0.45239
vt 0.65000 0.49927
vt 0.35000 0.83447
vt 0.35000 0.72021
vt 0.65000 0.72021
vt 0.65000 0.83447
vt 0.65000 0.71045
vt 0.65000 0.83447
vt 0.35000 0.83447
vt 0.35000 0.71045
vt 0.35000 0.48241
vt 0.65000 0.48241
vt 0.35000 0.52589
vt 0.65000 0.52589
vt 0.35000 0.65343
vt 0.65000 0.65343
vt 0.65000 0.18017
vt 0.65000 0.24219
vt 0.35000 0.24219
vt 0.35000 0.18017
vt 0.35000 0.65845
vt 0.65000 0.65845
vt 0.35000 0.41821
vt 0.35000 0.34155
vt 0.65000 0.34155
vt 0.65000 0.41821
vt 0.35000 0.68653
vt 0.35000 0.64745
vt 0.65000 0.64745
vt 0.65000 0.68653
vt 0.35000 0.65845
vt 0.35000 0.58179
vt 0.65000 0.58179
vt 0.65000 0.65845
vn -0.00000 0.00000 -1.00000
vn -0.00000 0.00000 -1.00000
vn -0.00000 0.00000 -1.00000
vn 0.00000 0.00000 -1.00000
vn 0.00000 0.00000 -1.00000
vn 0.00000 0.00000 -1.00000
vn 0.00000 0.00000 -1.00000
vn 0.00000 0.00000 -1.00000
vn 0.00000 0.00000 -1.00000
vn 0.00000 0.00000 -1.00000
vn 0.00000 0.00000 -1.00000
vn 0.00000 0.00000 -1.00000
vn 0.00000 0.00000 -1.00000
vn 0.00000 0.00000 -1.00000
vn 0.00000 0.00000 -1.00000
vn 0.00000 0.00000 -1.00000
vn 0.00000 0.00000 -1.00000
vn 0.00000 0.00000 -1.00000
vn 0.00000 0.00000 -1.00000
vn 0.00000 0.00000 -1.00000
vn 0.00000 0.00000 -1.00000
vn 0.00000 0.00000 -1.00000
vn 0.00000 0.00000 -1.00000
vn 0.00000 0.00000 -1.00000
vn 0.00000 0.00000 -1.00000
vn -0.00000 0.00000 -1.00000
vn 0.00000 0.00000 -1.00000
vn -0.00000 0.00000 -1.00000
vn -0.00000 0.00000 -1.00000
vn -0.00000 0.00000 -1.00000
vn -0.00000 0.00000 -1.00000
vn -0.00000 0.00000 -1.00000
vn -0.00000 0.00000 -1.00000
vn 0.00000 0.00000 -1.00000
vn -0.00000 0.00000 -1.00000
vn 0.00000 0.00000 -1.00000
vn 0.00000 0.00000 -1.00000
vn -0.00000 0.00000 -1.00000
vn 0.00000 0.00000 -1.00000
vn -0.00000 0.00000 -1.00000
vn -0.00000 0.00000 -1.00000
vn 0.00000 0.00000 -1.00000
vn 0.00000 0.00000 -1.00000
vn 0.00000 0.00000 -1.00000
vn 0.00000 0.00000 -1.00000
vn -0.00000 0.00000 -1.00000
vn -0.00000 0.00000 -1.00000
vn -0.00000 0.00000 -1.00000
vn -0.00000 0.00000 -1.00000
vn -0.00000 0.00000 -1.00000
vn -0.00000 0.00000 -1.00000
vn -0.00000 0.00000 -1.00000
vn -0.00000 0.00000 -1.00000
vn 0.00000 0.00000 -1.00000
vn -0.00000 0.00000 -1.00000
vn 0.00000 0.00000 -1.00000
vn 0.00000 0.00000 -1.00000
vn 0.00000 0.00000 -1.00000
vn -0.00000 0.00000 -1.00000
vn 0.00000 0.00000 -1.00000
vn 0.00000 0.00000 -1.00000
vn -0.00000 0.00000 -1.00000
vn -0.00000 0.00000 -1.00000
vn -0.00000 0.00000 -1.00000
vn -0.00000 0.00000 -1.00000
vn 0.00000 0.00000 -1.00000
vn -0.00000 0.00000 -1.00000
vn 0.00000 0.00000 -1.00000
vn 0.00000 0.00000 -1.00000
vn -0.00000 0.00000 -1.00000
vn -0.00000 0.00000 -1.00000
vn -0.00000 0.00000 -1.00000
vn -0.00000 0.00000 -1.00000
vn -0.00000 0.00000 -1.00000
vn 0.00000 0.00000 -1.00000
vn -0.00000 0.00000 -1.00000
vn -0.00000 0.00000 -1.00000
vn 0.00000 0.00000 -1.00000
vn -0.00000 0.00000 -1.00000
vn 0.00000 0.00000 -1.00000
vn 0.00000 0.00000 -1.00000
vn 0.00000 0.00000 -1.00000
vn -0.00000 0.00000 -1.00000
vn 0.00000 0.00000 -1.00000
vn 0.00000 0.00000 -1.00000
vn 0.00000 0.00000 -1.00000
vn -0.00000 0.00000 -1.00000
vn 0.00000 0.00000 -1.00000
vn 0.00000 0.00000 -1.00000
vn 0.00000 0.00000 -1.00000
vn -0.00000 0.00000 -1.00000
vn -0.00000 0.00000 -1.00000
vn -0.00000 0.00000 -1.00000
vn 0.00000 0.00000 -1.00000
vn -0.00000 0.00000 -1.00000
vn 0.00000 0.00000 -1.00000
vn 0.00000 0.00000 -1.00000
vn 0.00000 -0.00000 1.00000
vn 0.00000 -0.00000 1.00000
vn 0.00000 -0.00000 1.00000
vn 0.00000 -0.00000 1.00000
vn 0.00000 -0.00000 1.00000
vn 0.00000 -0.00000 1.00000
vn 0.00000 -0.00000 1.00000
vn 0.00000 -0.00000 1.00000
vn 0.00000 -0.00000 1.00000
vn 0.00000 -0.00000 1.00000
vn 0.00000 -0.00000 1.00000
vn 0.00000 -0.00000 1.00000
vn 0.00000 -0.00000 1.00000
vn 0.00000 -0.00000 1.00000
vn 0.00000 -0.00000 1.00000
vn 0.00000 -0.00000 1.00000
vn 0.00000 -0.00000 1.00000
vn 0.00000 -0.00000 1.00000
vn 0.00000 -0.00000 1.00000
vn 0.00000 -0.00000 1.00000
vn 0.00000 -0.00000 1.00000
vn 0.00000 -0.00000 1.00000
vn 0.00000 -0.00000 1.00000
vn 0.00000 -0.00000 1.00000
vn 0.00000 -0.00000 1.00000
vn 0.00000 -0.00000 1.00000
vn 0.00000 -0.00000 1.00000
vn 0.00000 -0.00000 1.00000
vn 0.00000 -0.00000 1.00000
vn 0.00000 -0.00000 1.00000
vn 0.00000 -0.00000 1.00000
vn 0.00000 -0.00000 1.00000
vn 0.00000 -0.00000 1.00000
vn 0.00000 -0.00000 1.00000
vn 0.00000 -0.00000 1.00000
vn 0.00000 -0.00000 1.00000
vn 0.00000 -0.00000 1.00000
vn 0.00000 -0.00000 1.00000
vn 0.00000 -0.00000 1.00000
vn 0.00000 -0.00000 1.00000
vn 0.00000 -0.00000 1.00000
vn 0.00000 -0.00000 1.00000
vn 0.00000 -0.00000 1.00000
vn 0.00000 -0.00000 1.00000
vn 0.00000 -0.00000 1.00000
vn 0.00000 -0.00000 1.00000
vn 0.00000 -0.00000 1.00000
vn 0.00000 -0.00000 1.00000
vn 0.00000 -0.00000 1.00000
vn 0.00000 -0.00000 1.00000
vn 0.00000 -0.00000 1.00000
vn 0.00000 -0.00000 1.00000
vn 0.00000 -0.00000 1.00000
vn 0.00000 -0.00000 1.00000
vn 0.00000 -0.00000 1.00000
vn 0.00000 -0.00000 1.00000
vn 0.00000 -0.00000 1.00000
vn 0.00000 -0.00000 1.00000
vn 0.00000 -0.00000 1.00000
vn 0.00000 -0.00000 1.00000
vn 0.00000 -0.00000 1.00000
vn 0.00000 -0.00000 1.00000
vn 0.00000 -0.00000 1.00000
vn 0.00000 -0.00000 1.00000
vn 0.00000 -0.00000 1.00000
vn 0.00000 -0.00000 1.00000
vn 0.00000 -0.00000 1.00000
vn 0.00000 -0.00000 1.00000
vn 0.00000 -0.00000 1.00000
vn 0.00000 -0.00000 1.00000
vn 0.00000 -0.00000 1.00000
vn 0.00000 -0.00000 1.00000
vn 0.00000 -0.00000 1.00000
vn 0.00000 -0.00000 1.00000
vn 0.00000 -0.00000 1.00000
vn 0.00000 -0.00000 1.00000
vn 0.00000 -0.00000 1.00000
vn 0.00000 -0.00000 1.00000
vn 0.00000 -0.00000 1.00000
vn 0.00000 -0.00000 1.00000
vn 0.00000 -0.00000 1.00000
vn 0.00000 -0.00000 1.00000
vn 0.00000 -0.00000 1.00000
vn 0.00000 -0.00000 1.00000
vn 0.00000 -0.00000 1.00000
vn 0.00000 -0.00000 1.00000
vn 0.00000 -0.00000 1.00000
vn 0.00000 -0.00000 1.00000
vn 0.00000 -0.00000 1.00000
vn 0.00000 -0.00000 1.00000
vn 0.00000 -0.00000 1.00000
vn 0.00000 -0.00000 1.00000
vn 0.00000 -0.00000 1.00000
vn 0.00000 -0.00000 1.00000
vn 0.00000 -0.00000 1.00000
vn 0.00000 -0.00000 1.00000
vn 0.00000 -0.00000 1.00000
vn 0.99876 0.04971 0.00000
vn 0.99876 0.04971 0.00000
vn 0.99876 0.04971 0.00000
vn 0.99876 0.04971 0.00000
vn 0.95541 0.29530 0.00000
vn 0.95541 0.29530 0.00000
vn 0.95541 0.29530 0.00000
vn 0.95541 0.29530 0.00000
vn 0.68657 0.72707 0.00000
vn 0.68657 0.72707 0.00000
vn 0.68657 0.72707 0.00000
vn 0.68657 0.72707 0.00000
vn 0.38009 0.92495 0.00000
vn 0.38009 0.92495 0.00000
vn 0.38009 0.92495 0.00000
vn 0.38009 0.92495 0.00000
vn 0.05626 -0.99842 -0.00000
vn 0.05626 -0.99842 -0.00000
vn 0.05626 -0.99842 -0.00000
vn 0.05626 -0.99842 -0.00000
vn 0.31844 -0.94794 -0.00000
vn 0.31844 -0.94794 -0.00000
vn 0.31844 -0.94794 -0.00000
vn 0.31844 -0.94794 -0.00000
vn -0.20359 0.97906 0.00000
vn -0.20359 0.97906 0.00000
vn -0.20359 0.97906 0.00000
vn -0.20359 0.97906 0.00000
vn 0.00000 1.00000 0.00000
vn 0.00000 1.00000 0.00000
vn 0.00000 1.00000 0.00000
vn 0.00000 1.00000 0.00000
vn 0.00000 -1.00000 -0.00000
vn 0.00000 -1.00000 -0.00000
vn 0.00000 -1.00000 -0.00000
vn 0.00000 -1.00000 -0.00000
vn 1.00000 0.00000 0.00000
vn 1.00000 0.00000 0.00000
vn 1.00000 0.00000 0.00000
vn 1.00000 0.00000 0.00000
vn 0.21475 -0.97667 -0.00000
vn 0.21475 -0.97667 -0.00000
vn 0.21475 -0.97667 -0.00000
vn 0.21475 -0.97667 -0.00000
vn -0.14050 0.99008 0.00000
vn -0.14050 0.99008 0.00000
vn -0.14050 0.99008 0.00000
vn -0.14050 0.99008 0.00000
vn -0.18240 0.98322 0.00000
vn -0.18240 0.98322 0.00000
vn -0.18240 0.98322 0.00000
vn -0.18240 0.98322 0.00000
vn 0.39029 -0.92069 -0.00000
vn 0.39029 -0.92069 -0.00000
vn 0.39029 -0.92069 -0.00000
vn 0.39029 -0.92069 -0.00000
vn 0.26110 -0.96531 -0.00000
vn 0.26110 -0.96531 -0.00000
vn 0.26110 -0.96531 -0.00000
vn 0.26110 -0.96531 -0.00000
vn -0.16468 0.98635 0.00000
vn -0.16468 0.98635 0.00000
vn -0.16468 0.98635 0.00000
vn -0.16468 0.98635 0.00000
vn 1.00000 0.00000 0.00000
vn 1.00000 0.00000 0.00000
vn 1.00000 0.00000 0.00000
vn 1.00000 0.00000 0.00000
vn -1.00000 0.00000 0.00000
vn -1.00000 0.00000 0.00000
vn -1.00000 0.00000 0.00000
vn -1.00000 0.00000 0.00000
vn 0.17676 -0.98425 -0.00000
vn 0.17676 -0.98425 -0.00000
vn 0.17676 -0.98425 -0.00000
vn 0.17676 -0.98425 -0.00000
vn -0.10814 0.99414 0.00000
vn -0.10814 0.99414 0.00000
vn -0.10814 0.99414 0.00000
vn -0.10814 0.99414 0.00000
vn 0.11940 -0.99285 -0.00000
vn 0.11940 -0.99285 -0.00000
vn 0.11940 -0.99285 -0.00000
vn 0.11940 -0.99285 -0.00000
vn -0.04526 0.99898 0.00000
vn -0.04526 0.99898 0.00000
vn -0.04526 0.99898 0.00000
vn -0.04526 0.99898 0.00000
vn 0.14669 -0.98918 -0.00000
vn 0.14669 -0.98918 -0.00000
vn 0.14669 -0.98918 -0.00000
vn 0.14669 -0.98918 -0.00000
vn -0.07637 0.99708 0.00000
vn -0.07637 0.99708 0.00000
vn -0.07637 0.99708 0.00000
vn -0.07637 0.99708 0.00000
vn 0.08937 -0.99600 -0.00000
vn 0.08937 -0.99600 -0.00000
vn 0.08937 -0.99600 -0.00000
vn 0.08937 -0.99600 -0.00000
vn -0.01489 0.99989 0.00000
vn -0.01489 0.99989 0.00000
vn -0.01489 0.99989 0.00000
vn -0.01489 0.99989 0.00000
vn 0.06739 0.99773 0.00000
vn 0.06739 0.99773 0.00000
vn 0.06739 0.99773 0.00000
vn 0.06739 0.99773 0.00000
vn 0.01970 -0.99981 -0.00000
vn 0.01970 -0.99981 -0.00000
vn 0.01970 -0.99981 -0.00000
vn 0.01970 -0.99981 -0.00000
vn -0.99448 -0.10490 -0.00000
vn -0.99448 -0.10490 -0.00000
vn -0.99448 -0.10490 -0.00000
vn -0.99448 -0.10490 -0.00000
vn 0.98659 0.16321 0.00000
vn 0.98659 0.16321 0.00000
vn 0.98659 0.16321 0.00000
vn 0.98659 0.16321 0.00000
vn -0.92626 -0.37687 -0.00000
vn -0.92626 -0.37687 -0.00000
vn -0.92626 -0.37687 -0.00000
vn -0.92626 -0.37687 -0.00000
vn 0.89717 0.44168 0.00000
vn 0.89717 0.44168 0.00000
vn 0.89717 0.44168 0.00000
vn 0.89717 0.44168 0.00000
vn 0.80613 0.59174 0.00000
vn 0.80613 0.59174 0.00000
vn 0.80613 0.59174 0.00000
vn 0.80613 0.59174 0.00000
vn -0.72523 -0.68851 -0.00000
vn -0.72523 -0.68851 -0.00000
vn -0.72523 -0.68851 -0.00000
vn -0.72523 -0.68851 -0.00000
vn 0.00000 1.00000 0.00000
vn 0.00000 1.00000 0.00000
vn 0.00000 1.00000 0.00000
vn 0.00000 1.00000 0.00000
vn -0.95805 0.28659 0.00000
vn -0.95805 0.28659 0.00000
vn -0.95805 0.28659 0.00000
vn -0.95805 0.28659 0.00000
vn 1.00000 0.00000 0.00000
vn 1.00000 0.00000 0.00000
vn 1.00000 0.00000 0.00000
vn 1.00000 0.00000 0.00000
vn -0.11624 -0.99322 -0.00000
vn -0.11624 -0.99322 -0.00000
vn -0.11624 -0.99322 -0.00000
vn -0.11624 -0.99322 -0.00000
vn 0.21714 0.97614 0.00000
vn 0.21714 0.97614 0.00000
vn 0.21714 0.97614 0.00000
vn 0.21714 0.97614 0.00000
vn -0.41144 -0.91144 -0.00000
vn -0.41144 -0.91144 -0.00000
vn -0.41144 -0.91144 -0.00000
vn -0.41144 -0.91144 -0.00000
vn 0.54215 0.84028 0.00000
vn 0.54215 0.84028 0.00000
vn 0.54215 0.84028 0.00000
vn 0.54215 0.84028 0.00000
vn -0.22933 0.97335 0.00000
vn -0.22933 0.97335 0.00000
vn -0.22933 0.97335 0.00000
vn -0.22933 0.97335 0.00000
vn 1.00000 0.00000 0.00000
vn 1.00000 0.00000 0.00000
vn 1.00000 0.00000 0.00000
vn 1.00000 0.00000 0.00000
vn -0.26120 0.96528 0.00000
vn -0.26120 0.96528 0.00000
vn -0.26120 0.96528 0.00000
vn -0.26120 0.96528 0.00000
vn -0.40223 0.91554 0.00000
vn -0.40223 0.91554 0.00000
vn -0.40223 0.91554 0.00000
vn -0.40223 0.91554 0.00000
vn -1.00000 0.00000 0.00000
vn -1.00000 0.00000 0.00000
vn -1.00000 0.00000 0.00000
vn -1.00000 0.00000 0.00000
vn 0.00000 -1.00000 -0.00000
vn 0.00000 -1.00000 -0.00000
vn 0.00000 -1.00000 -0.00000
vn 0.00000 -1.00000 -0.00000
f 1471/2299/6029 1472/2300/6030 1473/2301/6031 
f 1474/2302/6032 1475/2303/6033 1476/2304/6034 
f 1477/2305/6035 1478/2306/6036 1479/2307/6037 
f 1480/2308/6038 1481/2309/6039 1482/2310/6040 
f 1483/2311/6041 1484/2312/6042 1485/2313/6043 
f 1486/2314/6044 1487/2315/6045 1488/2316/6046 
f 1489/2317/6047 1490/2318/6048 1491/2319/6049 
f 1492/2320/6050 1493/2321/6051 1494/2322/6052 1495/2323/6053 
f 1496/2324/6054 1497/2325/6055 1498/2326/6056 1499/2327/6057 
f 1488/2316/6058 1487/2315/6059 1489/2317/6060 1491/2319/6061 
f 1487/2315/6062 1486/2314/6063 1497/2325/6064 1496/2324/6065 
f 1471/2299/6066 1500/2328/6067 1493/2321/6068 1472/2300/6069 
f 1499/2327/6070 1498/2326/6071 1501/2329/6072 1502/2330/6073 
f 1503/2331/6074 1504/2332/6075 1505/2333/6076 1506/2334/6077 
f 1502/2330/6078 1501/2329/6079 1504/2332/6080 1503/2331/6081 
f 1506/2334/6082 1505/2333/6083 1484/2312/6084 1483/2311/6085 
f 1485/2313/6086 1507/2335/6087 1508/2336/6088 1483/2311/6089 
f 1473/2301/6090 1474/2302/6091 1476/2304/6092 1471/2299/6093 
f 1475/2303/6094 1509/2337/6095 1510/2338/6096 1476/2304/6097 
f 1479/2307/6098 1510/2338/6099 1509/2337/6100 1477/2305/6101 
f 1494/2322/6102 1493/2321/6103 1500/2328/6104 1511/2339/6105 
f 1494/2322/6106 1511/2339/6107 1512/2340/6108 1513/2341/6109 
f 1481/2309/6110 1508/2336/6111 1507/2335/6112 1482/2310/6113 
f 1478/2306/6114 1480/2308/6115 1482/2310/6116 1479/2307/6117 
f 1514/2342/6118 1491/2319/6119 1490/2318/6121 1515/2343/6120 
f 1516/2344/6122 1517/2345/6123 1511/2339/6124 1500/2328/6125 
f 1518/2346/6126 1519/2347/6127 1520/2348/6128 
f 1521/2349/6129 1522/2350/6130 1523/2351/6131 
f 1524/2352/6132 1525/2353/6133 1526/2354/6134 
f 1527/2355/6135 1528/2356/6136 1529/2357/6137 
f 1530/2358/6138 1531/2359/6139 1532/2360/6140 
f 1533/2361/6141 1534/2362/6142 1535/2363/6143 
f 1536/2364/6144 1537/2365/6145 1538/2366/6146 
f 1539/2367/6147 1540/2368/6148 1541/2369/6149 1542/2370/6150 
f 1543/2371/6151 1544/2372/6152 1545/2373/6153 1546/2374/6154 
f 1536/2364/6155 1538/2366/6156 1534/2362/6157 1533/2361/6158 
f 1546/2374/6159 1545/2373/6160 1535/2363/6161 1534/2362/6162 
f 1519/2347/6163 1541/2369/6164 1547/2375/6165 1520/2348/6166 
f 1548/2376/6167 1549/2377/6168 1544/2372/6169 1543/2371/6170 
f 1550/2378/6171 1551/2379/6172 1552/2380/6173 1553/2381/6174 
f 1553/2381/6175 1552/2380/6176 1549/2377/6177 1548/2376/6178 
f 1532/2360/6179 1531/2359/6180 1551/2379/6181 1550/2378/6182 
f 1532/2360/6183 1554/2382/6184 1555/2383/6185 1530/2358/6186 
f 1520/2348/6187 1521/2349/6188 1523/2351/6189 1518/2346/6190 
f 1521/2349/6191 1556/2384/6192 1557/2385/6193 1522/2350/6194 
f 1526/2354/6195 1557/2385/6196 1556/2384/6197 1524/2352/6198 
f 1558/2386/6199 1547/2375/6200 1541/2369/6201 1540/2368/6202 
f 1559/2387/6203 1560/2388/6204 1558/2386/6205 1540/2368/6206 
f 1527/2355/6207 1555/2383/6208 1554/2382/6209 1528/2356/6210 
f 1524/2352/6211 1527/2355/6212 1529/2357/6213 1525/2353/6214 
f 1561/2389/6215 1537/2365/6216 1536/2364/6217 1562/2390/6218 
f 1547/2375/6219 1558/2386/6220 1563/2391/6221 1564/2392/6222 
f 1473/2393/6223 1472/2394/6224 1519/2395/6225 1518/2396/6226 
f 1475/2397/6227 1474/2398/6228 1523/2399/6229 1522/2400/6230 
f 1478/2401/6231 1477/2402/6232 1526/2403/6233 1525/2404/6234 
f 1481/2405/6235 1480/2406/6236 1529/2407/6237 1528/2408/6238 
f 1485/2409/6239 1484/2410/6240 1531/2411/6241 1530/2412/6242 
f 1486/2413/6243 1488/2414/6244 1533/2415/6245 1535/2416/6246 
f 1490/2417/6247 1489/2418/6248 1538/2419/6249 1537/2420/6250 
f 1495/2421/6251 1494/2422/6252 1540/2423/6253 1539/2424/6254 
f 1493/2425/6255 1492/2426/6256 1542/2427/6257 1541/2428/6258 
f 1492/2429/6259 1495/2430/6260 1539/2431/6261 1542/2432/6262 
f 1498/2433/6263 1497/2434/6264 1545/2435/6265 1544/2436/6266 
f 1496/2437/6267 1499/2438/6268 1543/2439/6269 1546/2440/6270 
f 1489/2418/6271 1487/2441/6272 1534/2442/6273 1538/2419/6274 
f 1488/2414/6275 1491/2443/6276 1536/2444/6277 1533/2415/6278 
f 1497/2434/6279 1486/2413/6280 1535/2416/6281 1545/2435/6282 
f 1487/2441/6283 1496/2437/6284 1546/2440/6285 1534/2442/6286 
f 1472/2394/6287 1493/2445/6288 1541/2446/6289 1519/2395/6290 
f 1500/2447/6291 1471/2448/6292 1520/2449/6293 1547/2450/6294 
f 1501/2451/6295 1498/2433/6296 1544/2436/6297 1549/2452/6298 
f 1499/2438/6299 1502/2453/6300 1548/2454/6301 1543/2439/6302 
f 1505/2455/6303 1504/2456/6304 1552/2457/6305 1551/2458/6306 
f 1503/2459/6307 1506/2460/6308 1550/2461/6309 1553/2462/6310 
f 1504/2456/6311 1501/2451/6312 1549/2452/6313 1552/2457/6314 
f 1502/2453/6315 1503/2459/6316 1553/2462/6317 1548/2454/6318 
f 1484/2410/6319 1505/2455/6320 1551/2458/6321 1531/2411/6322 
f 1506/2460/6323 1483/2463/6324 1532/2464/6325 1550/2461/6326 
f 1483/2463/6327 1508/2465/6328 1554/2466/6329 1532/2464/6330 
f 1507/2467/6331 1485/2409/6332 1530/2412/6333 1555/2468/6334 
f 1471/2448/6335 1476/2469/6336 1521/2470/6337 1520/2449/6338 
f 1474/2398/6339 1473/2393/6340 1518/2396/6341 1523/2399/6342 
f 1476/2469/6343 1510/2471/6344 1556/2472/6345 1521/2470/6346 
f 1509/2473/6347 1475/2397/6348 1522/2400/6349 1557/2474/6350 
f 1477/2475/6351 1509/2473/6352 1557/2474/6353 1526/2476/6354 
f 1510/2471/6355 1479/2477/6356 1524/2478/6357 1556/2472/6358 
f 1513/2479/6359 1512/2480/6360 1560/2481/6361 1559/2482/6362 
f 1512/2483/6363 1511/2484/6364 1558/2485/6365 1560/2486/6366 
f 1494/2487/6367 1513/2488/6368 1559/2489/6369 1540/2490/6370 
f 1482/2491/6371 1507/2467/6372 1555/2468/6373 1527/2492/6374 
f 1508/2465/6375 1481/2405/6376 1528/2408/6377 1554/2466/6378 
f 1479/2493/6379 1482/2491/6380 1527/2492/6381 1524/2494/6382 
f 1480/2406/6383 1478/2401/6384 1525/2404/6385 1529/2407/6386 
f 1515/2495/6387 1490/2417/6388 1537/2420/6389 1561/2496/6390 
f 1491/2497/6391 1514/2498/6392 1562/2499/6393 1536/2500/6394 
f 1514/2501/6395 1515/2495/6396 1561/2496/6397 1562/2502/6398 
f 1511/2503/6399 1517/2504/6400 1563/2505/6401 1558/2506/6402 
f 1517/2507/6403 1516/2508/6404 1564/2509/6405 1563/2510/6406 
f 1516/2511/6407 1500/2512/6408 1547/2513/6409 1564/2514/6410 
o 008_3D_Text_-_L
g 3D_Text_-_L
usemtl Infusion 7
v 0.464 65.000 -250.000
v 0.464 82.847 -250.000
v 2.539 82.847 -250.000
v 2.539 66.880 -250.000
v 10.413 66.880 -250.000
v 10.413 65.000 -250.000
v 2.539 66.880 -242.500
v 2.539 82.847 -242.500
v 0.464 82.847 -242.500
v 0.464 65.000 -242.500
v 10.413 65.000 -242.500
v 10.413 66.880 -242.500
vt 0.69898 0.14307
vt 0.69898 0.85693
vt 0.61596 0.85693
vt 0.61596 0.21827
vt 0.30102 0.21827
vt 0.30102 0.14307
vt 0.38404 0.21827
vt 0.38404 0.85693
vt 0.30102 0.85693
vt 0.30102 0.14307
vt 0.69898 0.14307
vt 0.69898 0.21827
vt 0.65000 0.21827
vt 0.65000 0.85693
vt 0.35000 0.85693
vt 0.35000 0.21827
vt 0.35000 0.38404
vt 0.35000 0.30102
vt 0.65000 0.30102
vt 0.65000 0.38404
vt 0.35000 0.85693
vt 0.35000 0.14307
vt 0.65000 0.14307
vt 0.65000 0.85693
vt 0.35000 0.69898
vt 0.35000 0.30102
vt 0.65000 0.30102
vt 0.65000 0.69898
vt 0.65000 0.14307
vt 0.65000 0.21827
vt 0.35000 0.21827
vt 0.35000 0.14307
vt 0.35000 0.69898
vt 0.35000 0.38404
vt 0.65000 0.38404
vt 0.65000 0.69898
vn 0.00000 0.00000 -1.00000
vn 0.00000 0.00000 -1.00000
vn 0.00000 0.00000 -1.00000
vn 0.00000 0.00000 -1.00000
vn 0.00000 0.00000 -1.00000
vn 0.00000 0.00000 -1.00000
vn 0.00000 0.00000 -1.00000
vn 0.00000 0.00000 -1.00000
vn 0.00000 -0.00000 1.00000
vn 0.00000 -0.00000 1.00000
vn 0.00000 -0.00000 1.00000
vn 0.00000 -0.00000 1.00000
vn 0.00000 -0.00000 1.00000
vn 0.00000 -0.00000 1.00000
vn 0.00000 -0.00000 1.00000
vn 0.00000 -0.00000 1.00000
vn 1.00000 0.00000 0.00000
vn 1.00000 0.00000 0.00000
vn 1.00000 0.00000 0.00000
vn 1.00000 0.00000 0.00000
vn 0.00000 1.00000 0.00000
vn 0.00000 1.00000 0.00000
vn 0.00000 1.00000 0.00000
vn 0.00000 1.00000 0.00000
vn -1.00000 0.00000 0.00000
vn -1.00000 0.00000 0.00000
vn -1.00000 0.00000 0.00000
vn -1.00000 0.00000 0.00000
vn 0.00000 -1.00000 -0.00000
vn 0.00000 -1.00000 -0.00000
vn 0.00000 -1.00000 -0.00000
vn 0.00000 -1.00000 -0.00000
vn 1.00000 0.00000 0.00000
vn 1.00000 0.00000 0.00000
vn 1.00000 0.00000 0.00000
vn 1.00000 0.00000 0.00000
vn 0.00000 1.00000 0.00000
vn 0.00000 1.00000 0.00000
vn 0.00000 1.00000 0.00000
vn 0.00000 1.00000 0.00000
f 1565/2515/6411 1566/2516/6412 1567/2517/6413 1568/2518/6414 
f 1568/2518/6415 1569/2519/6416 1570/2520/6417 1565/2515/6418 
f 1571/2521/6419 1572/2522/6420 1573/2523/6421 1574/2524/6422 
f 1574/2524/6423 1575/2525/6424 1576/2526/6425 1571/2521/6426 
f 1568/2527/6427 1567/2528/6428 1572/2529/6429 1571/2530/6430 
f 1567/2531/6431 1566/2532/6432 1573/2533/6433 1572/2534/6434 
f 1566/2535/6435 1565/2536/6436 1574/2537/6437 1573/2538/6438 
f 1565/2539/6439 1570/2540/6440 1575/2541/6441 1574/2542/6442 
f 1570/2543/6443 1569/2544/6444 1576/2545/6445 1575/2546/6446 
f 1569/2547/6447 1568/2548/6448 1571/2549/6449 1576/2550/6450 
o 009_3D_Text_-_o
g 3D_Text_-_o
usemtl Infusion 8
v 11.214 70.098 -250.000
v 11.123 70.878 -250.000
v 13.233 70.725 -250.000
v 11.577 68.666 -250.000
v 13.561 69.065 -250.000
v 11.849 68.015 -250.000
v 12.556 66.873 -250.000
v 14.218 67.796 -250.000
v 12.986 66.389 -250.000
v 13.998 65.598 -250.000
v 15.192 66.936 -250.000
v 14.570 65.295 -250.000
v 15.813 64.891 -250.000
v 16.475 66.506 -250.000
v 16.482 64.790 -250.000
v 17.208 76.902 -250.000
v 16.451 76.850 -250.000
v 16.158 78.550 -250.000
v 17.269 78.623 -250.000
v 18.296 64.829 -250.000
v 17.184 64.756 -250.000
v 17.233 66.452 -250.000
v 17.990 66.506 -250.000
v 23.319 72.923 -250.000
v 23.385 71.701 -250.000
v 21.285 71.701 -250.000
v 21.244 72.673 -250.000
v 13.233 72.685 -250.000
v 13.192 71.701 -250.000
v 11.093 71.701 -250.000
v 11.158 72.952 -250.000
v 21.244 70.721 -250.000
v 23.319 70.450 -250.000
v 15.795 66.667 -250.000
v 15.175 65.059 -250.000
v 20.914 74.322 -250.000
v 20.625 74.999 -250.000
v 22.326 75.956 -250.000
v 22.790 75.050 -250.000
v 23.120 74.039 -250.000
v 21.120 73.546 -250.000
v 14.205 75.595 -250.000
v 13.841 75.022 -250.000
v 12.139 76.010 -250.000
v 12.728 76.798 -250.000
v 22.330 67.385 -250.000
v 21.737 66.593 -250.000
v 20.254 67.789 -250.000
v 20.625 68.374 -250.000
v 20.914 69.057 -250.000
v 22.792 68.292 -250.000
v 14.666 67.312 -250.000
v 13.466 65.964 -250.000
v 13.557 74.346 -250.000
v 11.681 75.107 -250.000
v 20.254 75.577 -250.000
v 21.731 76.756 -250.000
v 21.120 69.839 -250.000
v 23.122 69.314 -250.000
v 13.354 73.567 -250.000
v 11.354 74.087 -250.000
v 19.802 76.054 -250.000
v 21.023 77.428 -250.000
v 13.433 77.455 -250.000
v 14.650 76.066 -250.000
v 15.148 78.331 -250.000
v 15.773 76.693 -250.000
v 21.028 65.932 -250.000
v 19.803 67.308 -250.000
v 17.974 76.849 -250.000
v 18.346 78.548 -250.000
v 19.271 76.425 -250.000
v 20.223 77.951 -250.000
v 12.177 67.414 -250.000
v 13.849 68.381 -250.000
v 13.356 69.846 -250.000
v 11.365 69.361 -250.000
v 19.307 65.050 -250.000
v 18.671 66.666 -250.000
v 14.240 77.966 -250.000
v 15.172 76.432 -250.000
v 18.662 76.690 -250.000
v 19.331 78.324 -250.000
v 20.218 65.417 -250.000
v 19.275 66.934 -250.000
v 13.233 70.725 -242.500
v 11.123 70.878 -242.500
v 11.214 70.098 -242.500
v 11.849 68.015 -242.500
v 13.561 69.065 -242.500
v 11.577 68.666 -242.500
v 12.986 66.389 -242.500
v 14.218 67.796 -242.500
v 12.556 66.873 -242.500
v 14.570 65.295 -242.500
v 15.192 66.936 -242.500
v 13.998 65.598 -242.500
v 16.482 64.790 -242.500
v 16.475 66.506 -242.500
v 15.813 64.891 -242.500
v 17.269 78.623 -242.500
v 16.158 78.550 -242.500
v 16.451 76.850 -242.500
v 17.208 76.902 -242.500
v 17.990 66.506 -242.500
v 17.233 66.452 -242.500
v 17.184 64.756 -242.500
v 18.296 64.829 -242.500
v 21.244 72.673 -242.500
v 21.285 71.701 -242.500
v 23.385 71.701 -242.500
v 23.319 72.923 -242.500
v 11.158 72.952 -242.500
v 11.093 71.701 -242.500
v 13.192 71.701 -242.500
v 13.233 72.685 -242.500
v 23.319 70.450 -242.500
v 21.244 70.721 -242.500
v 15.175 65.059 -242.500
v 15.795 66.667 -242.500
v 22.790 75.050 -242.500
v 22.326 75.956 -242.500
v 20.625 74.999 -242.500
v 20.914 74.322 -242.500
v 21.120 73.546 -242.500
v 23.120 74.039 -242.500
v 12.728 76.798 -242.500
v 12.139 76.010 -242.500
v 13.841 75.022 -242.500
v 14.205 75.595 -242.500
v 20.625 68.374 -242.500
v 20.254 67.789 -242.500
v 21.737 66.593 -242.500
v 22.330 67.385 -242.500
v 22.792 68.292 -242.500
v 20.914 69.057 -242.500
v 13.466 65.964 -242.500
v 14.666 67.312 -242.500
v 11.681 75.107 -242.500
v 13.557 74.346 -242.500
v 21.731 76.756 -242.500
v 20.254 75.577 -242.500
v 23.122 69.314 -242.500
v 21.120 69.839 -242.500
v 11.354 74.087 -242.500
v 13.354 73.567 -242.500
v 21.023 77.428 -242.500
v 19.802 76.054 -242.500
v 14.650 76.066 -242.500
v 13.433 77.455 -242.500
v 15.773 76.693 -242.500
v 15.148 78.331 -242.500
v 19.803 67.308 -242.500
v 21.028 65.932 -242.500
v 18.346 78.548 -242.500
v 17.974 76.849 -242.500
v 20.223 77.951 -242.500
v 19.271 76.425 -242.500
v 13.849 68.381 -242.500
v 12.177 67.414 -242.500
v 11.365 69.361 -242.500
v 13.356 69.846 -242.500
v 18.671 66.666 -242.500
v 19.307 65.050 -242.500
v 15.172 76.432 -242.500
v 14.240 77.966 -242.500
v 19.331 78.324 -242.500
v 18.662 76.690 -242.500
v 19.275 66.934 -242.500
v 20.218 65.417 -242.500
vt 0.74101 0.43635
vt 0.74464 0.46755
vt 0.66023 0.46142
vt 0.72648 0.37908
vt 0.64710 0.39501
vt 0.71559 0.35302
vt 0.68731 0.30732
vt 0.62085 0.34424
vt 0.67012 0.28798
vt 0.62965 0.25634
vt 0.58187 0.30986
vt 0.60674 0.24422
vt 0.55705 0.22805
vt 0.53055 0.29267
vt 0.53028 0.22401
vt 0.50123 0.70850
vt 0.53150 0.70641
vt 0.54324 0.77442
vt 0.49879 0.77734
vt 0.45773 0.22560
vt 0.50221 0.22266
vt 0.50025 0.29052
vt 0.46995 0.29266
vt 0.25680 0.54935
vt 0.25415 0.50048
vt 0.33815 0.50048
vt 0.33980 0.53934
vt 0.66025 0.53984
vt 0.66187 0.50048
vt 0.74585 0.50048
vt 0.74323 0.55051
vt 0.33980 0.46125
vt 0.25679 0.45043
vt 0.55775 0.29912
vt 0.58254 0.23478
vt 0.35300 0.60528
vt 0.36456 0.63236
vt 0.29651 0.67064
vt 0.27797 0.63443
vt 0.26474 0.59400
vt 0.34475 0.57428
vt 0.62135 0.65624
vt 0.63594 0.63329
vt 0.70398 0.67283
vt 0.68043 0.70434
vt 0.29634 0.32783
vt 0.32007 0.29614
vt 0.37941 0.34400
vt 0.36456 0.36737
vt 0.35300 0.39470
vt 0.27788 0.36410
vt 0.60291 0.32490
vt 0.65090 0.27099
vt 0.64728 0.60624
vt 0.72230 0.63668
vt 0.37941 0.65552
vt 0.32033 0.70264
vt 0.34475 0.42599
vt 0.26470 0.40497
vt 0.65539 0.57509
vt 0.73538 0.59591
vt 0.39749 0.67459
vt 0.34864 0.72953
vt 0.65222 0.73062
vt 0.60357 0.67505
vt 0.58363 0.76566
vt 0.55865 0.70014
vt 0.34845 0.26969
vt 0.39745 0.32475
vt 0.47058 0.70638
vt 0.45572 0.77435
vt 0.41871 0.68943
vt 0.38064 0.75045
vt 0.70246 0.32900
vt 0.63562 0.36767
vt 0.65531 0.42626
vt 0.73496 0.40685
vt 0.41728 0.23442
vt 0.44272 0.29908
vt 0.61996 0.75106
vt 0.58267 0.68969
vt 0.44307 0.70002
vt 0.41633 0.76539
vt 0.38085 0.24911
vt 0.41855 0.30977
vt 0.33977 0.46142
vt 0.25536 0.46755
vt 0.25899 0.43635
vt 0.28441 0.35302
vt 0.35290 0.39501
vt 0.27352 0.37908
vt 0.32988 0.28798
vt 0.37915 0.34424
vt 0.31269 0.30732
vt 0.39326 0.24422
vt 0.41813 0.30986
vt 0.37035 0.25634
vt 0.46972 0.22401
vt 0.46945 0.29267
vt 0.44295 0.22805
vt 0.50121 0.77734
vt 0.45676 0.77442
vt 0.46850 0.70641
vt 0.49877 0.70850
vt 0.53005 0.29266
vt 0.49975 0.29052
vt 0.49779 0.22266
vt 0.54227 0.22560
vt 0.66020 0.53934
vt 0.66185 0.50048
vt 0.74585 0.50048
vt 0.74320 0.54935
vt 0.25677 0.55051
vt 0.25415 0.50048
vt 0.33813 0.50048
vt 0.33975 0.53984
vt 0.74321 0.45043
vt 0.66020 0.46125
vt 0.41746 0.23478
vt 0.44225 0.29912
vt 0.72203 0.63443
vt 0.70349 0.67064
vt 0.63544 0.63236
vt 0.64700 0.60528
vt 0.65525 0.57428
vt 0.73526 0.59400
vt 0.31957 0.70434
vt 0.29602 0.67283
vt 0.36406 0.63329
vt 0.37865 0.65624
vt 0.63544 0.36737
vt 0.62059 0.34400
vt 0.67993 0.29614
vt 0.70366 0.32783
vt 0.72212 0.36410
vt 0.64700 0.39470
vt 0.34910 0.27099
vt 0.39709 0.32490
vt 0.27770 0.63668
vt 0.35272 0.60624
vt 0.67967 0.70264
vt 0.62059 0.65552
vt 0.73530 0.40497
vt 0.65525 0.42599
vt 0.26462 0.59591
vt 0.34461 0.57509
vt 0.65136 0.72953
vt 0.60251 0.67459
vt 0.39643 0.67505
vt 0.34778 0.73062
vt 0.44135 0.70014
vt 0.41637 0.76566
vt 0.60255 0.32475
vt 0.65155 0.26969
vt 0.54428 0.77435
vt 0.52942 0.70638
vt 0.61936 0.75045
vt 0.58129 0.68943
vt 0.36438 0.36767
vt 0.29754 0.32900
vt 0.26504 0.40685
vt 0.34469 0.42626
vt 0.55728 0.29908
vt 0.58272 0.23442
vt 0.41733 0.68969
vt 0.38004 0.75106
vt 0.58367 0.76539
vt 0.55693 0.70002
vt 0.58145 0.30977
vt 0.61915 0.24911
vt 0.35000 0.46755
vt 0.35000 0.43635
vt 0.65000 0.43635
vt 0.65000 0.46755
vt 0.35000 0.37908
vt 0.35000 0.35302
vt 0.65000 0.35302
vt 0.65000 0.37908
vt 0.35000 0.30732
vt 0.35000 0.28798
vt 0.65000 0.28798
vt 0.65000 0.30732
vt 0.35000 0.62965
vt 0.35000 0.60674
vt 0.65000 0.60674
vt 0.65000 0.62965
vt 0.35000 0.55705
vt 0.35000 0.53028
vt 0.65000 0.53028
vt 0.65000 0.55705
vt 0.35000 0.50121
vt 0.35000 0.45676
vt 0.65000 0.45676
vt 0.65000 0.50121
vt 0.35000 0.53150
vt 0.35000 0.50123
vt 0.65000 0.50123
vt 0.65000 0.53150
vt 0.35000 0.53005
vt 0.35000 0.49975
vt 0.65000 0.49975
vt 0.65000 0.53005
vt 0.35000 0.50221
vt 0.35000 0.45773
vt 0.65000 0.45773
vt 0.65000 0.50221
vt 0.35000 0.53934
vt 0.35000 0.50048
vt 0.65000 0.50048
vt 0.65000 0.53934
vt 0.65000 0.50048
vt 0.65000 0.54935
vt 0.35000 0.54935
vt 0.35000 0.50048
vt 0.35000 0.55051
vt 0.35000 0.50048
vt 0.65000 0.50048
vt 0.65000 0.55051
vt 0.65000 0.50048
vt 0.65000 0.53984
vt 0.35000 0.53984
vt 0.35000 0.50048
vt 0.65000 0.45043
vt 0.35000 0.45043
vt 0.35000 0.46125
vt 0.65000 0.46125
vt 0.35000 0.58254
vt 0.65000 0.58254
vt 0.35000 0.44225
vt 0.35000 0.41813
vt 0.65000 0.41813
vt 0.65000 0.44225
vt 0.65000 0.63443
vt 0.65000 0.67064
vt 0.35000 0.67064
vt 0.35000 0.63443
vt 0.35000 0.63236
vt 0.35000 0.60528
vt 0.65000 0.60528
vt 0.65000 0.63236
vt 0.35000 0.57428
vt 0.65000 0.57428
vt 0.65000 0.59400
vt 0.35000 0.59400
vt 0.35000 0.70434
vt 0.35000 0.67283
vt 0.65000 0.67283
vt 0.65000 0.70434
vt 0.65000 0.63329
vt 0.65000 0.65624
vt 0.35000 0.65624
vt 0.35000 0.63329
vt 0.35000 0.36737
vt 0.35000 0.34400
vt 0.65000 0.34400
vt 0.65000 0.36737
vt 0.65000 0.29614
vt 0.65000 0.32783
vt 0.35000 0.32783
vt 0.35000 0.29614
vt 0.65000 0.36410
vt 0.35000 0.36410
vt 0.35000 0.39470
vt 0.65000 0.39470
vt 0.35000 0.67012
vt 0.35000 0.65090
vt 0.65000 0.65090
vt 0.65000 0.67012
vt 0.65000 0.32490
vt 0.65000 0.34424
vt 0.35000 0.34424
vt 0.35000 0.32490
vt 0.35000 0.63668
vt 0.65000 0.63668
vt 0.65000 0.60624
vt 0.35000 0.60624
vt 0.65000 0.70264
vt 0.35000 0.70264
vt 0.35000 0.65552
vt 0.65000 0.65552
vt 0.65000 0.40497
vt 0.35000 0.40497
vt 0.35000 0.42599
vt 0.65000 0.42599
vt 0.35000 0.59591
vt 0.65000 0.59591
vt 0.65000 0.57509
vt 0.35000 0.57509
vt 0.35000 0.67967
vt 0.35000 0.65136
vt 0.65000 0.65136
vt 0.65000 0.67967
vt 0.35000 0.67459
vt 0.65000 0.67459
vt 0.35000 0.46945
vt 0.65000 0.46945
vt 0.65000 0.67505
vt 0.35000 0.67505
vt 0.35000 0.34778
vt 0.35000 0.31957
vt 0.65000 0.31957
vt 0.65000 0.34778
vt 0.35000 0.55865
vt 0.65000 0.55865
vt 0.35000 0.41637
vt 0.65000 0.41637
vt 0.35000 0.32475
vt 0.65000 0.32475
vt 0.35000 0.34845
vt 0.35000 0.32007
vt 0.65000 0.32007
vt 0.65000 0.34845
vt 0.35000 0.54428
vt 0.65000 0.54428
vt 0.35000 0.47058
vt 0.65000 0.47058
vt 0.35000 0.61936
vt 0.65000 0.61936
vt 0.35000 0.41871
vt 0.35000 0.39749
vt 0.65000 0.39749
vt 0.65000 0.41871
vt 0.35000 0.32900
vt 0.65000 0.32900
vt 0.65000 0.36767
vt 0.35000 0.36767
vt 0.35000 0.40685
vt 0.65000 0.40685
vt 0.65000 0.39501
vt 0.65000 0.42626
vt 0.35000 0.42626
vt 0.35000 0.39501
vt 0.35000 0.55728
vt 0.65000 0.55728
vt 0.35000 0.41728
vt 0.65000 0.41728
vt 0.35000 0.60357
vt 0.35000 0.58267
vt 0.65000 0.58267
vt 0.65000 0.60357
vt 0.35000 0.38004
vt 0.65000 0.38004
vt 0.65000 0.46142
vt 0.35000 0.46142
vt 0.35000 0.58367
vt 0.65000 0.58367
vt 0.35000 0.44307
vt 0.65000 0.44307
vt 0.35000 0.60255
vt 0.35000 0.58145
vt 0.65000 0.58145
vt 0.65000 0.60255
vt 0.35000 0.38085
vt 0.65000 0.38085
vt 0.35000 0.39709
vt 0.65000 0.39709
vn -0.00000 0.00000 -1.00000
vn -0.00000 0.00000 -1.00000
vn -0.00000 0.00000 -1.00000
vn 0.00000 0.00000 -1.00000
vn 0.00000 0.00000 -1.00000
vn 0.00000 0.00000 -1.00000
vn -0.00000 0.00000 -1.00000
vn -0.00000 0.00000 -1.00000
vn -0.00000 0.00000 -1.00000
vn 0.00000 0.00000 -1.00000
vn 0.00000 0.00000 -1.00000
vn 0.00000 0.00000 -1.00000
vn 0.00000 0.00000 -1.00000
vn 0.00000 0.00000 -1.00000
vn 0.00000 0.00000 -1.00000
vn 0.00000 0.00000 -1.00000
vn -0.00000 0.00000 -1.00000
vn 0.00000 0.00000 -1.00000
vn 0.00000 0.00000 -1.00000
vn 0.00000 0.00000 -1.00000
vn -0.00000 0.00000 -1.00000
vn 0.00000 0.00000 -1.00000
vn 0.00000 0.00000 -1.00000
vn -0.00000 0.00000 -1.00000
vn 0.00000 0.00000 -1.00000
vn -0.00000 0.00000 -1.00000
vn -0.00000 0.00000 -1.00000
vn -0.00000 0.00000 -1.00000
vn 0.00000 0.00000 -1.00000
vn -0.00000 0.00000 -1.00000
vn -0.00000 0.00000 -1.00000
vn -0.00000 0.00000 -1.00000
vn 0.00000 0.00000 -1.00000
vn -0.00000 0.00000 -1.00000
vn -0.00000 0.00000 -1.00000
vn -0.00000 0.00000 -1.00000
vn 0.00000 0.00000 -1.00000
vn -0.00000 0.00000 -1.00000
vn -0.00000 0.00000 -1.00000
vn 0.00000 0.00000 -1.00000
vn 0.00000 0.00000 -1.00000
vn 0.00000 0.00000 -1.00000
vn 0.00000 0.00000 -1.00000
vn 0.00000 0.00000 -1.00000
vn -0.00000 0.00000 -1.00000
vn 0.00000 0.00000 -1.00000
vn 0.00000 0.00000 -1.00000
vn 0.00000 0.00000 -1.00000
vn -0.00000 0.00000 -1.00000
vn 0.00000 0.00000 -1.00000
vn 0.00000 0.00000 -1.00000
vn -0.00000 0.00000 -1.00000
vn -0.00000 0.00000 -1.00000
vn -0.00000 0.00000 -1.00000
vn -0.00000 0.00000 -1.00000
vn -0.00000 0.00000 -1.00000
vn -0.00000 0.00000 -1.00000
vn -0.00000 0.00000 -1.00000
vn -0.00000 0.00000 -1.00000
vn -0.00000 0.00000 -1.00000
vn -0.00000 0.00000 -1.00000
vn -0.00000 0.00000 -1.00000
vn -0.00000 0.00000 -1.00000
vn -0.00000 0.00000 -1.00000
vn 0.00000 0.00000 -1.00000
vn -0.00000 0.00000 -1.00000
vn -0.00000 0.00000 -1.00000
vn 0.00000 0.00000 -1.00000
vn 0.00000 0.00000 -1.00000
vn 0.00000 0.00000 -1.00000
vn 0.00000 0.00000 -1.00000
vn -0.00000 0.00000 -1.00000
vn 0.00000 0.00000 -1.00000
vn -0.00000 0.00000 -1.00000
vn -0.00000 0.00000 -1.00000
vn -0.00000 0.00000 -1.00000
vn -0.00000 0.00000 -1.00000
vn -0.00000 0.00000 -1.00000
vn -0.00000 0.00000 -1.00000
vn -0.00000 0.00000 -1.00000
vn -0.00000 0.00000 -1.00000
vn -0.00000 0.00000 -1.00000
vn -0.00000 0.00000 -1.00000
vn 0.00000 0.00000 -1.00000
vn 0.00000 0.00000 -1.00000
vn 0.00000 0.00000 -1.00000
vn 0.00000 0.00000 -1.00000
vn -0.00000 0.00000 -1.00000
vn 0.00000 0.00000 -1.00000
vn -0.00000 0.00000 -1.00000
vn -0.00000 0.00000 -1.00000
vn -0.00000 0.00000 -1.00000
vn -0.00000 0.00000 -1.00000
vn -0.00000 0.00000 -1.00000
vn -0.00000 0.00000 -1.00000
vn 0.00000 0.00000 -1.00000
vn 0.00000 0.00000 -1.00000
vn 0.00000 0.00000 -1.00000
vn 0.00000 0.00000 -1.00000
vn -0.00000 0.00000 -1.00000
vn -0.00000 0.00000 -1.00000
vn -0.00000 0.00000 -1.00000
vn -0.00000 0.00000 -1.00000
vn -0.00000 0.00000 -1.00000
vn 0.00000 0.00000 -1.00000
vn -0.00000 0.00000 -1.00000
vn -0.00000 0.00000 -1.00000
vn 0.00000 0.00000 -1.00000
vn -0.00000 0.00000 -1.00000
vn 0.00000 0.00000 -1.00000
vn 0.00000 0.00000 -1.00000
vn 0.00000 0.00000 -1.00000
vn 0.00000 0.00000 -1.00000
vn 0.00000 0.00000 -1.00000
vn 0.00000 0.00000 -1.00000
vn 0.00000 0.00000 -1.00000
vn 0.00000 0.00000 -1.00000
vn 0.00000 0.00000 -1.00000
vn 0.00000 0.00000 -1.00000
vn -0.00000 0.00000 -1.00000
vn -0.00000 0.00000 -1.00000
vn -0.00000 0.00000 -1.00000
vn -0.00000 0.00000 -1.00000
vn 0.00000 0.00000 -1.00000
vn 0.00000 0.00000 -1.00000
vn 0.00000 0.00000 -1.00000
vn 0.00000 0.00000 -1.00000
vn -0.00000 0.00000 -1.00000
vn -0.00000 0.00000 -1.00000
vn -0.00000 0.00000 -1.00000
vn -0.00000 0.00000 -1.00000
vn 0.00000 0.00000 -1.00000
vn -0.00000 0.00000 -1.00000
vn 0.00000 0.00000 -1.00000
vn 0.00000 0.00000 -1.00000
vn 0.00000 0.00000 -1.00000
vn -0.00000 0.00000 -1.00000
vn 0.00000 0.00000 -1.00000
vn 0.00000 0.00000 -1.00000
vn 0.00000 0.00000 -1.00000
vn -0.00000 0.00000 -1.00000
vn 0.00000 0.00000 -1.00000
vn 0.00000 0.00000 -1.00000
vn -0.00000 0.00000 -1.00000
vn -0.00000 0.00000 -1.00000
vn -0.00000 0.00000 -1.00000
vn -0.00000 0.00000 -1.00000
vn -0.00000 0.00000 -1.00000
vn 0.00000 0.00000 -1.00000
vn -0.00000 0.00000 -1.00000
vn -0.00000 0.00000 -1.00000
vn -0.00000 0.00000 -1.00000
vn 0.00000 0.00000 -1.00000
vn -0.00000 0.00000 -1.00000
vn -0.00000 0.00000 -1.00000
vn 0.00000 0.00000 -1.00000
vn 0.00000 0.00000 -1.00000
vn 0.00000 0.00000 -1.00000
vn 0.00000 0.00000 -1.00000
vn 0.00000 0.00000 -1.00000
vn 0.00000 0.00000 -1.00000
vn 0.00000 0.00000 -1.00000
vn 0.00000 0.00000 -1.00000
vn 0.00000 0.00000 -1.00000
vn -0.00000 0.00000 -1.00000
vn 0.00000 0.00000 -1.00000
vn 0.00000 0.00000 -1.00000
vn 0.00000 0.00000 -1.00000
vn 0.00000 0.00000 -1.00000
vn 0.00000 0.00000 -1.00000
vn 0.00000 0.00000 -1.00000
vn 0.00000 0.00000 -1.00000
vn 0.00000 0.00000 -1.00000
vn 0.00000 0.00000 -1.00000
vn 0.00000 0.00000 -1.00000
vn 0.00000 -0.00000 1.00000
vn 0.00000 -0.00000 1.00000
vn 0.00000 -0.00000 1.00000
vn 0.00000 -0.00000 1.00000
vn 0.00000 -0.00000 1.00000
vn 0.00000 -0.00000 1.00000
vn 0.00000 -0.00000 1.00000
vn 0.00000 -0.00000 1.00000
vn 0.00000 -0.00000 1.00000
vn 0.00000 -0.00000 1.00000
vn 0.00000 -0.00000 1.00000
vn 0.00000 -0.00000 1.00000
vn 0.00000 -0.00000 1.00000
vn 0.00000 -0.00000 1.00000
vn 0.00000 -0.00000 1.00000
vn 0.00000 -0.00000 1.00000
vn 0.00000 -0.00000 1.00000
vn 0.00000 -0.00000 1.00000
vn 0.00000 -0.00000 1.00000
vn 0.00000 -0.00000 1.00000
vn 0.00000 -0.00000 1.00000
vn 0.00000 -0.00000 1.00000
vn 0.00000 -0.00000 1.00000
vn 0.00000 -0.00000 1.00000
vn 0.00000 -0.00000 1.00000
vn 0.00000 -0.00000 1.00000
vn 0.00000 -0.00000 1.00000
vn 0.00000 -0.00000 1.00000
vn 0.00000 -0.00000 1.00000
vn 0.00000 -0.00000 1.00000
vn 0.00000 -0.00000 1.00000
vn 0.00000 -0.00000 1.00000
vn 0.00000 -0.00000 1.00000
vn 0.00000 -0.00000 1.00000
vn 0.00000 -0.00000 1.00000
vn 0.00000 -0.00000 1.00000
vn 0.00000 -0.00000 1.00000
vn 0.00000 -0.00000 1.00000
vn 0.00000 -0.00000 1.00000
vn 0.00000 -0.00000 1.00000
vn 0.00000 -0.00000 1.00000
vn 0.00000 -0.00000 1.00000
vn 0.00000 -0.00000 1.00000
vn 0.00000 -0.00000 1.00000
vn 0.00000 -0.00000 1.00000
vn 0.00000 -0.00000 1.00000
vn 0.00000 -0.00000 1.00000
vn 0.00000 -0.00000 1.00000
vn 0.00000 -0.00000 1.00000
vn 0.00000 -0.00000 1.00000
vn 0.00000 -0.00000 1.00000
vn 0.00000 -0.00000 1.00000
vn 0.00000 -0.00000 1.00000
vn 0.00000 -0.00000 1.00000
vn 0.00000 -0.00000 1.00000
vn 0.00000 -0.00000 1.00000
vn 0.00000 -0.00000 1.00000
vn 0.00000 -0.00000 1.00000
vn 0.00000 -0.00000 1.00000
vn 0.00000 -0.00000 1.00000
vn 0.00000 -0.00000 1.00000
vn 0.00000 -0.00000 1.00000
vn 0.00000 -0.00000 1.00000
vn 0.00000 -0.00000 1.00000
vn 0.00000 -0.00000 1.00000
vn 0.00000 -0.00000 1.00000
vn 0.00000 -0.00000 1.00000
vn 0.00000 -0.00000 1.00000
vn 0.00000 -0.00000 1.00000
vn 0.00000 -0.00000 1.00000
vn 0.00000 -0.00000 1.00000
vn 0.00000 -0.00000 1.00000
vn 0.00000 -0.00000 1.00000
vn 0.00000 -0.00000 1.00000
vn 0.00000 -0.00000 1.00000
vn 0.00000 -0.00000 1.00000
vn 0.00000 -0.00000 1.00000
vn 0.00000 -0.00000 1.00000
vn 0.00000 -0.00000 1.00000
vn 0.00000 -0.00000 1.00000
vn 0.00000 -0.00000 1.00000
vn 0.00000 -0.00000 1.00000
vn 0.00000 -0.00000 1.00000
vn 0.00000 -0.00000 1.00000
vn 0.00000 -0.00000 1.00000
vn 0.00000 -0.00000 1.00000
vn 0.00000 -0.00000 1.00000
vn 0.00000 -0.00000 1.00000
vn 0.00000 -0.00000 1.00000
vn 0.00000 -0.00000 1.00000
vn 0.00000 -0.00000 1.00000
vn 0.00000 -0.00000 1.00000
vn 0.00000 -0.00000 1.00000
vn 0.00000 -0.00000 1.00000
vn 0.00000 -0.00000 1.00000
vn 0.00000 -0.00000 1.00000
vn 0.00000 -0.00000 1.00000
vn 0.00000 -0.00000 1.00000
vn 0.00000 -0.00000 1.00000
vn 0.00000 -0.00000 1.00000
vn 0.00000 -0.00000 1.00000
vn 0.00000 -0.00000 1.00000
vn 0.00000 -0.00000 1.00000
vn 0.00000 -0.00000 1.00000
vn 0.00000 -0.00000 1.00000
vn 0.00000 -0.00000 1.00000
vn 0.00000 -0.00000 1.00000
vn 0.00000 -0.00000 1.00000
vn 0.00000 -0.00000 1.00000
vn 0.00000 -0.00000 1.00000
vn 0.00000 -0.00000 1.00000
vn 0.00000 -0.00000 1.00000
vn 0.00000 -0.00000 1.00000
vn 0.00000 -0.00000 1.00000
vn 0.00000 -0.00000 1.00000
vn 0.00000 -0.00000 1.00000
vn 0.00000 -0.00000 1.00000
vn 0.00000 -0.00000 1.00000
vn 0.00000 -0.00000 1.00000
vn 0.00000 -0.00000 1.00000
vn 0.00000 -0.00000 1.00000
vn 0.00000 -0.00000 1.00000
vn 0.00000 -0.00000 1.00000
vn 0.00000 -0.00000 1.00000
vn 0.00000 -0.00000 1.00000
vn 0.00000 -0.00000 1.00000
vn 0.00000 -0.00000 1.00000
vn 0.00000 -0.00000 1.00000
vn 0.00000 -0.00000 1.00000
vn 0.00000 -0.00000 1.00000
vn 0.00000 -0.00000 1.00000
vn 0.00000 -0.00000 1.00000
vn 0.00000 -0.00000 1.00000
vn 0.00000 -0.00000 1.00000
vn 0.00000 -0.00000 1.00000
vn 0.00000 -0.00000 1.00000
vn 0.00000 -0.00000 1.00000
vn 0.00000 -0.00000 1.00000
vn 0.00000 -0.00000 1.00000
vn 0.00000 -0.00000 1.00000
vn 0.00000 -0.00000 1.00000
vn 0.00000 -0.00000 1.00000
vn 0.00000 -0.00000 1.00000
vn 0.00000 -0.00000 1.00000
vn 0.00000 -0.00000 1.00000
vn 0.00000 -0.00000 1.00000
vn 0.00000 -0.00000 1.00000
vn 0.00000 -0.00000 1.00000
vn 0.00000 -0.00000 1.00000
vn 0.00000 -0.00000 1.00000
vn 0.00000 -0.00000 1.00000
vn 0.00000 -0.00000 1.00000
vn 0.00000 -0.00000 1.00000
vn 0.00000 -0.00000 1.00000
vn 0.00000 -0.00000 1.00000
vn 0.00000 -0.00000 1.00000
vn 0.00000 -0.00000 1.00000
vn 0.00000 -0.00000 1.00000
vn 0.00000 -0.00000 1.00000
vn 0.00000 -0.00000 1.00000
vn 0.00000 -0.00000 1.00000
vn 0.00000 -0.00000 1.00000
vn 0.00000 -0.00000 1.00000
vn 0.00000 -0.00000 1.00000
vn 0.00000 -0.00000 1.00000
vn 0.00000 -0.00000 1.00000
vn 0.00000 -0.00000 1.00000
vn 0.00000 -0.00000 1.00000
vn 0.00000 -0.00000 1.00000
vn 0.00000 -0.00000 1.00000
vn 0.00000 -0.00000 1.00000
vn 0.00000 -0.00000 1.00000
vn 0.00000 -0.00000 1.00000
vn 0.00000 -0.00000 1.00000
vn 0.00000 -0.00000 1.00000
vn -0.99330 -0.11557 -0.00000
vn -0.99330 -0.11557 -0.00000
vn -0.99330 -0.11557 -0.00000
vn -0.99330 -0.11557 -0.00000
vn -0.92262 -0.38570 -0.00000
vn -0.92262 -0.38570 -0.00000
vn -0.92262 -0.38570 -0.00000
vn -0.92262 -0.38570 -0.00000
vn -0.74740 -0.66437 -0.00000
vn -0.74740 -0.66437 -0.00000
vn -0.74740 -0.66437 -0.00000
vn -0.74740 -0.66437 -0.00000
vn -0.46779 -0.88384 -0.00000
vn -0.46779 -0.88384 -0.00000
vn -0.46779 -0.88384 -0.00000
vn -0.46779 -0.88384 -0.00000
vn -0.14924 -0.98880 -0.00000
vn -0.14924 -0.98880 -0.00000
vn -0.14924 -0.98880 -0.00000
vn -0.14924 -0.98880 -0.00000
vn -0.06555 0.99785 0.00000
vn -0.06555 0.99785 0.00000
vn -0.06555 0.99785 0.00000
vn -0.06555 0.99785 0.00000
vn 0.06889 -0.99762 -0.00000
vn 0.06889 -0.99762 -0.00000
vn 0.06889 -0.99762 -0.00000
vn 0.06889 -0.99762 -0.00000
vn -0.07043 0.99752 0.00000
vn -0.07043 0.99752 0.00000
vn -0.07043 0.99752 0.00000
vn -0.07043 0.99752 0.00000
vn 0.06594 -0.99782 -0.00000
vn 0.06594 -0.99782 -0.00000
vn 0.06594 -0.99782 -0.00000
vn 0.06594 -0.99782 -0.00000
vn -0.99910 -0.04243 -0.00000
vn -0.99910 -0.04243 -0.00000
vn -0.99910 -0.04243 -0.00000
vn -0.99910 -0.04243 -0.00000
vn 0.99854 0.05409 0.00000
vn 0.99854 0.05409 0.00000
vn 0.99854 0.05409 0.00000
vn 0.99854 0.05409 0.00000
vn -0.99863 0.05223 0.00000
vn -0.99863 0.05223 0.00000
vn -0.99863 0.05223 0.00000
vn -0.99863 0.05223 0.00000
vn 0.99915 -0.04115 -0.00000
vn 0.99915 -0.04115 -0.00000
vn 0.99915 -0.04115 -0.00000
vn 0.99915 -0.04115 -0.00000
vn 0.99862 -0.05261 -0.00000
vn 0.99862 -0.05261 -0.00000
vn 0.99862 -0.05261 -0.00000
vn 0.99862 -0.05261 -0.00000
vn -0.99912 0.04204 0.00000
vn -0.99912 0.04204 0.00000
vn -0.99912 0.04204 0.00000
vn -0.99912 0.04204 0.00000
vn -0.36311 -0.93175 -0.00000
vn -0.36311 -0.93175 -0.00000
vn -0.36311 -0.93175 -0.00000
vn -0.36311 -0.93175 -0.00000
vn 0.40690 0.91347 0.00000
vn 0.40690 0.91347 0.00000
vn 0.40690 0.91347 0.00000
vn 0.40690 0.91347 0.00000
vn 0.89023 0.45552 0.00000
vn 0.89023 0.45552 0.00000
vn 0.89023 0.45552 0.00000
vn 0.89023 0.45552 0.00000
vn -0.91980 -0.39238 -0.00000
vn -0.91980 -0.39238 -0.00000
vn -0.91980 -0.39238 -0.00000
vn -0.91980 -0.39238 -0.00000
vn -0.99011 -0.14033 -0.00000
vn -0.99011 -0.14033 -0.00000
vn -0.99011 -0.14033 -0.00000
vn -0.99011 -0.14033 -0.00000
vn 0.98455 0.17512 0.00000
vn 0.98455 0.17512 0.00000
vn 0.98455 0.17512 0.00000
vn 0.98455 0.17512 0.00000
vn -0.96636 -0.25717 -0.00000
vn -0.96636 -0.25717 -0.00000
vn -0.96636 -0.25717 -0.00000
vn -0.96636 -0.25717 -0.00000
vn 0.95037 0.31112 0.00000
vn 0.95037 0.31112 0.00000
vn 0.95037 0.31112 0.00000
vn 0.95037 0.31112 0.00000
vn -0.80103 0.59862 0.00000
vn -0.80103 0.59862 0.00000
vn -0.80103 0.59862 0.00000
vn -0.80103 0.59862 0.00000
vn 0.84392 -0.53647 -0.00000
vn 0.84392 -0.53647 -0.00000
vn 0.84392 -0.53647 -0.00000
vn 0.84392 -0.53647 -0.00000
vn -0.84392 0.53647 0.00000
vn -0.84392 0.53647 0.00000
vn -0.84392 0.53647 0.00000
vn -0.84392 0.53647 0.00000
vn 0.80041 -0.59945 -0.00000
vn 0.80041 -0.59945 -0.00000
vn 0.80041 -0.59945 -0.00000
vn 0.80041 -0.59945 -0.00000
vn 0.89127 -0.45347 -0.00000
vn 0.89127 -0.45347 -0.00000
vn 0.89127 -0.45347 -0.00000
vn 0.89127 -0.45347 -0.00000
vn -0.92109 0.38934 0.00000
vn -0.92109 0.38934 0.00000
vn -0.92109 0.38934 0.00000
vn -0.92109 0.38934 0.00000
vn -0.66241 -0.74914 -0.00000
vn -0.66241 -0.74914 -0.00000
vn -0.66241 -0.74914 -0.00000
vn -0.66241 -0.74914 -0.00000
vn 0.73305 0.68017 0.00000
vn 0.73305 0.68017 0.00000
vn 0.73305 0.68017 0.00000
vn 0.73305 0.68017 0.00000
vn -0.89199 0.45206 0.00000
vn -0.89199 0.45206 0.00000
vn -0.89199 0.45206 0.00000
vn -0.89199 0.45206 0.00000
vn 0.92217 -0.38679 -0.00000
vn 0.92217 -0.38679 -0.00000
vn 0.92217 -0.38679 -0.00000
vn 0.92217 -0.38679 -0.00000
vn 0.80207 0.59722 0.00000
vn 0.80207 0.59722 0.00000
vn 0.80207 0.59722 0.00000
vn 0.80207 0.59722 0.00000
vn -0.84170 -0.53994 -0.00000
vn -0.84170 -0.53994 -0.00000
vn -0.84170 -0.53994 -0.00000
vn -0.84170 -0.53994 -0.00000
vn 0.98520 -0.17144 -0.00000
vn 0.98520 -0.17144 -0.00000
vn 0.98520 -0.17144 -0.00000
vn 0.98520 -0.17144 -0.00000
vn -0.99029 0.13905 0.00000
vn -0.99029 0.13905 0.00000
vn -0.99029 0.13905 0.00000
vn -0.99029 0.13905 0.00000
vn -0.98538 0.17038 0.00000
vn -0.98538 0.17038 0.00000
vn -0.98538 0.17038 0.00000
vn -0.98538 0.17038 0.00000
vn 0.99062 -0.13663 -0.00000
vn 0.99062 -0.13663 -0.00000
vn 0.99062 -0.13663 -0.00000
vn 0.99062 -0.13663 -0.00000
vn 0.68872 0.72503 0.00000
vn 0.68872 0.72503 0.00000
vn 0.68872 0.72503 0.00000
vn 0.68872 0.72503 0.00000
vn -0.72582 -0.68789 -0.00000
vn -0.72582 -0.68789 -0.00000
vn -0.72582 -0.68789 -0.00000
vn -0.72582 -0.68789 -0.00000
vn 0.07075 0.99749 0.00000
vn 0.07075 0.99749 0.00000
vn 0.07075 0.99749 0.00000
vn 0.07075 0.99749 0.00000
vn -0.04794 -0.99885 -0.00000
vn -0.04794 -0.99885 -0.00000
vn -0.04794 -0.99885 -0.00000
vn -0.04794 -0.99885 -0.00000
vn 0.72684 -0.68681 -0.00000
vn 0.72684 -0.68681 -0.00000
vn 0.72684 -0.68681 -0.00000
vn 0.72684 -0.68681 -0.00000
vn -0.68168 0.73165 0.00000
vn -0.68168 0.73165 0.00000
vn -0.68168 0.73165 0.00000
vn -0.68168 0.73165 0.00000
vn 0.95170 -0.30702 -0.00000
vn 0.95170 -0.30702 -0.00000
vn 0.95170 -0.30702 -0.00000
vn 0.95170 -0.30702 -0.00000
vn -0.96695 0.25496 0.00000
vn -0.96695 0.25496 0.00000
vn -0.96695 0.25496 0.00000
vn -0.96695 0.25496 0.00000
vn -0.95217 0.30556 0.00000
vn -0.95217 0.30556 0.00000
vn -0.95217 0.30556 0.00000
vn -0.95217 0.30556 0.00000
vn 0.96779 -0.25176 -0.00000
vn 0.96779 -0.25176 -0.00000
vn 0.96779 -0.25176 -0.00000
vn 0.96779 -0.25176 -0.00000
vn 0.22508 -0.97434 -0.00000
vn 0.22508 -0.97434 -0.00000
vn 0.22508 -0.97434 -0.00000
vn 0.22508 -0.97434 -0.00000
vn -0.21196 0.97728 0.00000
vn -0.21196 0.97728 0.00000
vn -0.21196 0.97728 0.00000
vn -0.21196 0.97728 0.00000
vn -0.72978 0.68368 0.00000
vn -0.72978 0.68368 0.00000
vn -0.72978 0.68368 0.00000
vn -0.72978 0.68368 0.00000
vn 0.68183 -0.73151 -0.00000
vn 0.68183 -0.73151 -0.00000
vn 0.68183 -0.73151 -0.00000
vn 0.68183 -0.73151 -0.00000
vn 0.06920 0.99760 0.00000
vn 0.06920 0.99760 0.00000
vn 0.06920 0.99760 0.00000
vn 0.06920 0.99760 0.00000
vn -0.06897 -0.99762 -0.00000
vn -0.06897 -0.99762 -0.00000
vn -0.06897 -0.99762 -0.00000
vn -0.06897 -0.99762 -0.00000
vn 0.54711 0.83706 0.00000
vn 0.54711 0.83706 0.00000
vn 0.54711 0.83706 0.00000
vn 0.54711 0.83706 0.00000
vn -0.57295 -0.81959 -0.00000
vn -0.57295 -0.81959 -0.00000
vn -0.57295 -0.81959 -0.00000
vn -0.57295 -0.81959 -0.00000
vn -0.81954 -0.57302 -0.00000
vn -0.81954 -0.57302 -0.00000
vn -0.81954 -0.57302 -0.00000
vn -0.81954 -0.57302 -0.00000
vn 0.84603 0.53314 0.00000
vn 0.84603 0.53314 0.00000
vn 0.84603 0.53314 0.00000
vn 0.84603 0.53314 0.00000
vn -0.95649 -0.29178 -0.00000
vn -0.95649 -0.29178 -0.00000
vn -0.95649 -0.29178 -0.00000
vn -0.95649 -0.29178 -0.00000
vn 0.96722 0.25394 0.00000
vn 0.96722 0.25394 0.00000
vn 0.96722 0.25394 0.00000
vn 0.96722 0.25394 0.00000
vn -0.22937 0.97334 0.00000
vn -0.22937 0.97334 0.00000
vn -0.22937 0.97334 0.00000
vn -0.22937 0.97334 0.00000
vn 0.21298 -0.97706 -0.00000
vn 0.21298 -0.97706 -0.00000
vn 0.21298 -0.97706 -0.00000
vn 0.21298 -0.97706 -0.00000
vn 0.57352 -0.81919 -0.00000
vn 0.57352 -0.81919 -0.00000
vn 0.57352 -0.81919 -0.00000
vn 0.57352 -0.81919 -0.00000
vn -0.53513 0.84477 0.00000
vn -0.53513 0.84477 0.00000
vn -0.53513 0.84477 0.00000
vn -0.53513 0.84477 0.00000
vn -0.99932 -0.03674 -0.00000
vn -0.99932 -0.03674 -0.00000
vn -0.99932 -0.03674 -0.00000
vn -0.99932 -0.03674 -0.00000
vn 0.99912 0.04197 0.00000
vn 0.99912 0.04197 0.00000
vn 0.99912 0.04197 0.00000
vn 0.99912 0.04197 0.00000
vn 0.39894 -0.91698 -0.00000
vn 0.39894 -0.91698 -0.00000
vn 0.39894 -0.91698 -0.00000
vn 0.39894 -0.91698 -0.00000
vn -0.37291 0.92787 0.00000
vn -0.37291 0.92787 0.00000
vn -0.37291 0.92787 0.00000
vn -0.37291 0.92787 0.00000
vn 0.38612 0.92245 0.00000
vn 0.38612 0.92245 0.00000
vn 0.38612 0.92245 0.00000
vn 0.38612 0.92245 0.00000
vn -0.39882 -0.91703 -0.00000
vn -0.39882 -0.91703 -0.00000
vn -0.39882 -0.91703 -0.00000
vn -0.39882 -0.91703 -0.00000
vn -0.57871 0.81553 0.00000
vn -0.57871 0.81553 0.00000
vn -0.57871 0.81553 0.00000
vn -0.57871 0.81553 0.00000
vn 0.53602 -0.84421 -0.00000
vn 0.53602 -0.84421 -0.00000
vn 0.53602 -0.84421 -0.00000
vn 0.53602 -0.84421 -0.00000
vn 0.22193 0.97506 0.00000
vn 0.22193 0.97506 0.00000
vn 0.22193 0.97506 0.00000
vn 0.22193 0.97506 0.00000
vn -0.22518 -0.97432 -0.00000
vn -0.22518 -0.97432 -0.00000
vn -0.22518 -0.97432 -0.00000
vn -0.22518 -0.97432 -0.00000
vn -0.40471 0.91445 0.00000
vn -0.40471 0.91445 0.00000
vn -0.40471 0.91445 0.00000
vn -0.40471 0.91445 0.00000
vn 0.37413 -0.92738 -0.00000
vn 0.37413 -0.92738 -0.00000
vn 0.37413 -0.92738 -0.00000
vn 0.37413 -0.92738 -0.00000
vn -0.87751 -0.47955 -0.00000
vn -0.87751 -0.47955 -0.00000
vn -0.87751 -0.47955 -0.00000
vn -0.87751 -0.47955 -0.00000
vn 0.92195 0.38730 0.00000
vn 0.92195 0.38730 0.00000
vn 0.92195 0.38730 0.00000
vn 0.92195 0.38730 0.00000
vn -0.56765 -0.82327 -0.00000
vn -0.56765 -0.82327 -0.00000
vn -0.56765 -0.82327 -0.00000
vn -0.56765 -0.82327 -0.00000
vn 0.58172 0.81339 0.00000
vn 0.58172 0.81339 0.00000
vn 0.58172 0.81339 0.00000
vn 0.58172 0.81339 0.00000
vn -0.97959 -0.20102 -0.00000
vn -0.97959 -0.20102 -0.00000
vn -0.97959 -0.20102 -0.00000
vn -0.97959 -0.20102 -0.00000
vn 0.99034 0.13867 0.00000
vn 0.99034 0.13867 0.00000
vn 0.99034 0.13867 0.00000
vn 0.99034 0.13867 0.00000
vn -0.25551 -0.96681 -0.00000
vn -0.25551 -0.96681 -0.00000
vn -0.25551 -0.96681 -0.00000
vn -0.25551 -0.96681 -0.00000
vn 0.23055 0.97306 0.00000
vn 0.23055 0.97306 0.00000
vn 0.23055 0.97306 0.00000
vn 0.23055 0.97306 0.00000
f 1577/2551/6451 1578/2552/6452 1579/2553/6453 
f 1580/2554/6454 1581/2555/6455 1582/2556/6456 
f 1583/2557/6457 1584/2558/6458 1585/2559/6459 
f 1586/2560/6460 1587/2561/6461 1588/2562/6462 
f 1589/2563/6463 1590/2564/6464 1591/2565/6465 
f 1592/2566/6466 1593/2567/6467 1594/2568/6468 1595/2569/6469 
f 1596/2570/6470 1597/2571/6471 1598/2572/6472 1599/2573/6473 
f 1600/2574/6474 1601/2575/6475 1602/2576/6476 1603/2577/6477 
f 1604/2578/6478 1605/2579/6479 1606/2580/6480 1607/2581/6481 
f 1608/2582/6482 1602/2576/6483 1601/2575/6484 1609/2583/6485 
f 1610/2584/6486 1611/2585/6487 1588/2562/6488 1587/2561/6489 
f 1612/2586/6490 1613/2587/6491 1614/2588/6492 1615/2589/6493 
f 1616/2590/6494 1600/2574/6495 1603/2577/6496 1617/2591/6497 
f 1615/2589/6498 1616/2590/6499 1617/2591/6500 1612/2586/6501 
f 1618/2592/6502 1619/2593/6503 1620/2594/6504 1621/2595/6505 
f 1622/2596/6506 1623/2597/6507 1624/2598/6508 1625/2599/6509 
f 1625/2599/6510 1626/2600/6511 1627/2601/6512 1622/2596/6513 
f 1628/2602/6514 1629/2603/6515 1585/2559/6516 1584/2558/6517 
f 1619/2593/6518 1630/2604/6519 1631/2605/6520 1620/2594/6521 
f 1613/2587/6522 1632/2606/6523 1633/2607/6524 1614/2588/6525 
f 1634/2608/6526 1608/2582/6527 1609/2583/6528 1635/2609/6529 
f 1636/2610/6530 1604/2578/6531 1607/2581/6532 1637/2611/6533 
f 1632/2606/6534 1638/2612/6535 1639/2613/6536 1633/2607/6537 
f 1597/2571/6538 1591/2565/6539 1590/2564/6540 1598/2572/6541 
f 1621/2595/6542 1640/2614/6543 1641/2615/6544 1618/2592/6545 
f 1626/2600/6546 1634/2608/6547 1635/2609/6548 1627/2601/6549 
f 1630/2604/6550 1636/2610/6551 1637/2611/6552 1631/2605/6553 
f 1642/2616/6554 1594/2568/6555 1593/2567/6556 1643/2617/6557 
f 1623/2597/6558 1644/2618/6559 1645/2619/6560 1624/2598/6561 
f 1646/2620/6562 1592/2566/6563 1595/2569/6564 1647/2621/6565 
f 1638/2612/6566 1648/2622/6567 1649/2623/6568 1639/2613/6569 
f 1584/2558/6570 1583/2557/6571 1650/2624/6572 1651/2625/6573 
f 1652/2626/6574 1581/2555/6575 1580/2554/6576 1653/2627/6577 
f 1654/2628/6578 1596/2570/6579 1599/2573/6580 1655/2629/6581 
f 1640/2614/6582 1656/2630/6583 1657/2631/6584 1641/2615/6585 
f 1605/2579/6586 1579/2553/6587 1578/2552/6588 1606/2580/6589 
f 1656/2630/6590 1642/2616/6591 1643/2617/6592 1657/2631/6593 
f 1648/2622/6594 1658/2632/6595 1659/2633/6596 1649/2623/6597 
f 1644/2618/6598 1660/2634/6599 1661/2635/6600 1645/2619/6601 
f 1658/2632/6602 1646/2620/6603 1647/2621/6604 1659/2633/6605 
f 1660/2634/6606 1654/2628/6607 1655/2629/6608 1661/2635/6609 
f 1651/2625/6610 1650/2624/6611 1582/2556/6612 1581/2555/6613 
f 1587/2561/6614 1586/2560/6615 1629/2603/6616 1628/2602/6617 
f 1652/2626/6618 1653/2627/6619 1577/2551/6620 1579/2553/6621 
f 1590/2564/6622 1589/2563/6623 1611/2585/6624 1610/2584/6625 
f 1662/2636/6626 1663/2637/6627 1664/2638/6628 
f 1665/2639/6629 1666/2640/6630 1667/2641/6631 
f 1668/2642/6632 1669/2643/6633 1670/2644/6634 
f 1671/2645/6635 1672/2646/6636 1673/2647/6637 
f 1674/2648/6638 1675/2649/6639 1676/2650/6640 
f 1677/2651/6641 1678/2652/6642 1679/2653/6643 1680/2654/6644 
f 1681/2655/6645 1682/2656/6646 1683/2657/6647 1684/2658/6648 
f 1685/2659/6649 1686/2660/6650 1687/2661/6651 1688/2662/6652 
f 1689/2663/6653 1690/2664/6654 1691/2665/6655 1692/2666/6656 
f 1693/2667/6657 1687/2661/6658 1686/2660/6659 1694/2668/6660 
f 1672/2646/6661 1671/2645/6662 1695/2669/6663 1696/2670/6664 
f 1697/2671/6665 1698/2672/6666 1699/2673/6667 1700/2674/6668 
f 1701/2675/6669 1685/2659/6670 1688/2662/6671 1702/2676/6672 
f 1700/2674/6673 1701/2675/6674 1702/2676/6675 1697/2671/6676 
f 1703/2677/6677 1704/2678/6678 1705/2679/6679 1706/2680/6680 
f 1707/2681/6681 1708/2682/6682 1709/2683/6683 1710/2684/6684 
f 1710/2684/6685 1711/2685/6686 1712/2686/6687 1707/2681/6688 
f 1669/2643/6689 1668/2642/6690 1713/2687/6691 1714/2688/6692 
f 1704/2678/6693 1715/2689/6694 1716/2690/6695 1705/2679/6696 
f 1698/2672/6697 1717/2691/6698 1718/2692/6699 1699/2673/6700 
f 1719/2693/6701 1693/2667/6702 1694/2668/6703 1720/2694/6704 
f 1721/2695/6705 1689/2663/6706 1692/2666/6707 1722/2696/6708 
f 1717/2691/6709 1723/2697/6710 1724/2698/6711 1718/2692/6712 
f 1682/2656/6713 1675/2649/6714 1674/2648/6715 1683/2657/6716 
f 1706/2680/6717 1725/2699/6718 1726/2700/6719 1703/2677/6720 
f 1711/2685/6721 1719/2693/6722 1720/2694/6723 1712/2686/6724 
f 1715/2689/6725 1721/2695/6726 1722/2696/6727 1716/2690/6728 
f 1727/2701/6729 1679/2653/6730 1678/2652/6731 1728/2702/6732 
f 1708/2682/6733 1729/2703/6734 1730/2704/6735 1709/2683/6736 
f 1731/2705/6737 1677/2651/6738 1680/2654/6739 1732/2706/6740 
f 1723/2697/6741 1733/2707/6742 1734/2708/6743 1724/2698/6744 
f 1735/2709/6745 1736/2710/6746 1670/2644/6747 1669/2643/6748 
f 1737/2711/6749 1667/2641/6750 1666/2640/6751 1738/2712/6752 
f 1739/2713/6753 1681/2655/6754 1684/2658/6755 1740/2714/6756 
f 1725/2699/6757 1741/2715/6758 1742/2716/6759 1726/2700/6760 
f 1690/2664/6761 1663/2637/6762 1662/2636/6763 1691/2665/6764 
f 1741/2715/6765 1727/2701/6766 1728/2702/6767 1742/2716/6768 
f 1733/2707/6769 1743/2717/6770 1744/2718/6771 1734/2708/6772 
f 1729/2703/6773 1745/2719/6774 1746/2720/6775 1730/2704/6776 
f 1743/2717/6777 1731/2705/6778 1732/2706/6779 1744/2718/6780 
f 1745/2719/6781 1739/2713/6782 1740/2714/6783 1746/2720/6784 
f 1666/2640/6785 1665/2639/6786 1736/2710/6787 1735/2709/6788 
f 1714/2688/6789 1713/2687/6790 1673/2647/6791 1672/2646/6792 
f 1662/2636/6793 1664/2638/6794 1737/2711/6795 1738/2712/6796 
f 1696/2670/6797 1695/2669/6798 1676/2650/6799 1675/2649/6800 
f 1578/2721/6801 1577/2722/6802 1664/2723/6803 1663/2724/6804 
f 1580/2725/6805 1582/2726/6806 1665/2727/6807 1667/2728/6808 
f 1583/2729/6809 1585/2730/6810 1668/2731/6811 1670/2732/6812 
f 1586/2733/6813 1588/2734/6814 1671/2735/6815 1673/2736/6816 
f 1589/2737/6817 1591/2738/6818 1674/2739/6819 1676/2740/6820 
f 1595/2741/6821 1594/2742/6822 1678/2743/6823 1677/2744/6824 
f 1593/2745/6825 1592/2746/6826 1680/2747/6827 1679/2748/6828 
f 1599/2749/6829 1598/2750/6830 1682/2751/6831 1681/2752/6832 
f 1597/2753/6833 1596/2754/6834 1684/2755/6835 1683/2756/6836 
f 1603/2757/6837 1602/2758/6838 1686/2759/6839 1685/2760/6840 
f 1601/2761/6841 1600/2762/6842 1688/2763/6843 1687/2764/6844 
f 1607/2765/6845 1606/2766/6846 1690/2767/6847 1689/2768/6848 
f 1605/2769/6849 1604/2770/6850 1692/2771/6851 1691/2772/6852 
f 1609/2773/6853 1601/2761/6854 1687/2764/6855 1693/2774/6856 
f 1602/2758/6857 1608/2775/6858 1694/2776/6859 1686/2759/6860 
f 1588/2734/6861 1611/2777/6862 1695/2778/6863 1671/2735/6864 
f 1610/2779/6865 1587/2780/6866 1672/2781/6867 1696/2782/6868 
f 1615/2783/6869 1614/2784/6870 1698/2785/6871 1697/2786/6872 
f 1613/2787/6873 1612/2788/6874 1700/2789/6875 1699/2790/6876 
f 1617/2791/6877 1603/2757/6878 1685/2760/6879 1701/2792/6880 
f 1600/2762/6881 1616/2793/6882 1702/2794/6883 1688/2763/6884 
f 1612/2788/6885 1617/2791/6886 1701/2792/6887 1700/2789/6888 
f 1616/2793/6889 1615/2783/6890 1697/2786/6891 1702/2794/6892 
f 1621/2795/6893 1620/2796/6894 1704/2797/6895 1703/2798/6896 
f 1619/2799/6897 1618/2800/6898 1706/2801/6899 1705/2802/6900 
f 1625/2803/6901 1624/2804/6902 1708/2805/6903 1707/2806/6904 
f 1623/2807/6905 1622/2808/6906 1710/2809/6907 1709/2810/6908 
f 1622/2808/6909 1627/2811/6910 1711/2812/6911 1710/2809/6912 
f 1626/2813/6913 1625/2803/6914 1707/2806/6915 1712/2814/6916 
f 1585/2815/6917 1629/2816/6918 1713/2817/6919 1668/2818/6920 
f 1628/2819/6921 1584/2820/6922 1669/2821/6923 1714/2822/6924 
f 1620/2796/6925 1631/2823/6926 1715/2824/6927 1704/2797/6928 
f 1630/2825/6929 1619/2799/6930 1705/2802/6931 1716/2826/6932 
f 1614/2784/6933 1633/2827/6934 1717/2828/6935 1698/2785/6936 
f 1632/2829/6937 1613/2787/6938 1699/2790/6939 1718/2830/6940 
f 1635/2831/6941 1609/2773/6942 1693/2774/6943 1719/2832/6944 
f 1608/2775/6945 1634/2833/6946 1720/2834/6947 1694/2776/6948 
f 1637/2835/6949 1607/2765/6950 1689/2768/6951 1721/2836/6952 
f 1604/2770/6953 1636/2837/6954 1722/2838/6955 1692/2771/6956 
f 1633/2839/6957 1639/2840/6958 1723/2841/6959 1717/2842/6960 
f 1638/2843/6961 1632/2829/6962 1718/2830/6963 1724/2844/6964 
f 1598/2750/6965 1590/2845/6966 1675/2846/6967 1682/2751/6968 
f 1591/2738/6969 1597/2753/6970 1683/2756/6971 1674/2739/6972 
f 1618/2800/6973 1641/2847/6974 1725/2848/6975 1706/2801/6976 
f 1640/2849/6977 1621/2850/6978 1703/2851/6979 1726/2852/6980 
f 1627/2811/6981 1635/2831/6982 1719/2832/6983 1711/2812/6984 
f 1634/2833/6985 1626/2813/6986 1712/2814/6987 1720/2834/6988 
f 1631/2823/6989 1637/2835/6990 1721/2836/6991 1715/2824/6992 
f 1636/2837/6993 1630/2825/6994 1716/2826/6995 1722/2838/6996 
f 1643/2853/6997 1593/2745/6998 1679/2748/6999 1727/2854/7000 
f 1594/2742/7001 1642/2855/7002 1728/2856/7003 1678/2743/7004 
f 1624/2804/7005 1645/2857/7006 1729/2858/7007 1708/2805/7008 
f 1644/2859/7009 1623/2860/7010 1709/2861/7011 1730/2862/7012 
f 1647/2863/7013 1595/2741/7014 1677/2744/7015 1731/2864/7016 
f 1592/2746/7017 1646/2865/7018 1732/2866/7019 1680/2747/7020 
f 1639/2840/7021 1649/2867/7022 1733/2868/7023 1723/2841/7024 
f 1648/2869/7025 1638/2870/7026 1724/2871/7027 1734/2872/7028 
f 1650/2873/7029 1583/2729/7030 1670/2732/7031 1736/2874/7032 
f 1584/2820/7033 1651/2875/7034 1735/2876/7035 1669/2821/7036 
f 1653/2877/7037 1580/2725/7038 1667/2728/7039 1737/2878/7040 
f 1581/2879/7041 1652/2880/7042 1738/2881/7043 1666/2882/7044 
f 1655/2883/7045 1599/2749/7046 1681/2752/7047 1739/2884/7048 
f 1596/2754/7049 1654/2885/7050 1740/2886/7051 1684/2755/7052 
f 1641/2887/7053 1657/2888/7054 1741/2889/7055 1725/2890/7056 
f 1656/2891/7057 1640/2849/7058 1726/2852/7059 1742/2892/7060 
f 1606/2766/7061 1578/2721/7062 1663/2724/7063 1690/2767/7064 
f 1579/2893/7065 1605/2769/7066 1691/2772/7067 1662/2894/7068 
f 1657/2888/7069 1643/2853/7070 1727/2854/7071 1741/2889/7072 
f 1642/2855/7073 1656/2891/7074 1742/2892/7075 1728/2856/7076 
f 1649/2867/7077 1659/2895/7078 1743/2896/7079 1733/2868/7080 
f 1658/2897/7081 1648/2869/7082 1734/2872/7083 1744/2898/7084 
f 1645/2899/7085 1661/2900/7086 1745/2901/7087 1729/2902/7088 
f 1660/2903/7089 1644/2859/7090 1730/2862/7091 1746/2904/7092 
f 1659/2895/7093 1647/2863/7094 1731/2864/7095 1743/2896/7096 
f 1646/2865/7097 1658/2897/7098 1744/2898/7099 1732/2866/7100 
f 1661/2900/7101 1655/2883/7102 1739/2884/7103 1745/2901/7104 
f 1654/2885/7105 1660/2903/7106 1746/2904/7107 1740/2886/7108 
f 1582/2726/7109 1650/2873/7110 1736/2874/7111 1665/2727/7112 
f 1651/2875/7113 1581/2879/7114 1666/2882/7115 1735/2876/7116 
f 1629/2816/7117 1586/2733/7118 1673/2736/7119 1713/2817/7120 
f 1587/2780/7121 1628/2905/7122 1714/2906/7123 1672/2781/7124 
f 1577/2722/7125 1653/2877/7126 1737/2878/7127 1664/2723/7128 
f 1652/2880/7129 1579/2893/7130 1662/2894/7131 1738/2881/7132 
f 1611/2777/7133 1589/2737/7134 1676/2740/7135 1695/2778/7136 
f 1590/2845/7137 1610/2779/7138 1696/2782/7139 1675/2846/7140 
o 010_3D_Text_-_c
g 3D_Text_-_c
usemtl Infusion 9
v 28.735 78.330 -250.000
v 29.767 78.550 -250.000
v 29.392 76.620 -250.000
v 25.265 75.083 -250.000
v 25.718 75.999 -250.000
v 27.435 74.956 -250.000
v 24.942 74.045 -250.000
v 26.945 73.501 -250.000
v 24.747 72.886 -250.000
v 32.763 66.785 -250.000
v 33.590 65.201 -250.000
v 32.970 65.006 -250.000
v 33.456 66.987 -250.000
v 34.155 67.246 -250.000
v 34.155 65.451 -250.000
v 34.114 78.036 -250.000
v 33.454 76.310 -250.000
v 33.171 76.406 -250.000
v 33.845 78.140 -250.000
v 29.982 66.579 -250.000
v 30.725 66.526 -250.000
v 30.774 64.756 -250.000
v 29.664 64.828 -250.000
v 31.398 66.555 -250.000
v 32.077 66.641 -250.000
v 32.293 64.867 -250.000
v 31.561 64.784 -250.000
v 30.908 78.623 -250.000
v 31.294 78.615 -250.000
v 31.111 76.821 -250.000
v 30.859 76.828 -250.000
v 34.351 77.927 -250.000
v 33.728 76.206 -250.000
v 32.878 76.495 -250.000
v 33.542 78.238 -250.000
v 26.965 65.900 -250.000
v 26.276 66.544 -250.000
v 27.777 67.844 -250.000
v 28.213 67.370 -250.000
v 31.680 78.590 -250.000
v 31.377 76.800 -250.000
v 33.206 78.330 -250.000
v 32.576 76.577 -250.000
v 24.747 70.355 -250.000
v 24.683 71.604 -250.000
v 26.782 71.629 -250.000
v 26.822 70.688 -250.000
v 32.066 78.548 -250.000
v 31.658 76.765 -250.000
v 32.837 78.415 -250.000
v 32.263 76.651 -250.000
v 32.451 78.490 -250.000
v 31.953 76.715 -250.000
v 28.726 67.000 -250.000
v 27.760 65.400 -250.000
v 25.702 67.319 -250.000
v 27.419 68.417 -250.000
v 29.316 66.737 -250.000
v 28.660 65.042 -250.000
v 24.938 69.224 -250.000
v 26.941 69.839 -250.000
v 25.256 68.212 -250.000
v 27.140 69.082 -250.000
v 26.300 76.792 -250.000
v 28.250 75.996 -250.000
v 27.814 77.964 -250.000
v 27.002 77.451 -250.000
v 29.392 76.620 -242.500
v 29.767 78.550 -242.500
v 28.735 78.330 -242.500
v 27.435 74.956 -242.500
v 25.718 75.999 -242.500
v 25.265 75.083 -242.500
v 24.747 72.886 -242.500
v 26.945 73.501 -242.500
v 24.942 74.045 -242.500
v 32.970 65.006 -242.500
v 33.590 65.201 -242.500
v 32.763 66.785 -242.500
v 34.155 65.451 -242.500
v 34.155 67.246 -242.500
v 33.456 66.987 -242.500
v 33.845 78.140 -242.500
v 33.171 76.406 -242.500
v 33.454 76.310 -242.500
v 34.114 78.036 -242.500
v 29.664 64.828 -242.500
v 30.774 64.756 -242.500
v 30.725 66.526 -242.500
v 29.982 66.579 -242.500
v 31.561 64.784 -242.500
v 32.293 64.867 -242.500
v 32.077 66.641 -242.500
v 31.398 66.555 -242.500
v 30.859 76.828 -242.500
v 31.111 76.821 -242.500
v 31.294 78.615 -242.500
v 30.908 78.623 -242.500
v 33.728 76.206 -242.500
v 34.351 77.927 -242.500
v 33.542 78.238 -242.500
v 32.878 76.495 -242.500
v 28.213 67.370 -242.500
v 27.777 67.844 -242.500
v 26.276 66.544 -242.500
v 26.965 65.900 -242.500
v 31.377 76.800 -242.500
v 31.680 78.590 -242.500
v 32.576 76.577 -242.500
v 33.206 78.330 -242.500
v 26.822 70.688 -242.500
v 26.782 71.629 -242.500
v 24.683 71.604 -242.500
v 24.747 70.355 -242.500
v 31.658 76.765 -242.500
v 32.066 78.548 -242.500
v 32.263 76.651 -242.500
v 32.837 78.415 -242.500
v 31.953 76.715 -242.500
v 32.451 78.490 -242.500
v 27.760 65.400 -242.500
v 28.726 67.000 -242.500
v 27.419 68.417 -242.500
v 25.702 67.319 -242.500
v 28.660 65.042 -242.500
v 29.316 66.737 -242.500
v 26.941 69.839 -242.500
v 24.938 69.224 -242.500
v 27.140 69.082 -242.500
v 25.256 68.212 -242.500
v 28.250 75.996 -242.500
v 26.300 76.792 -242.500
v 27.814 77.964 -242.500
v 27.002 77.451 -242.500
vt 0.53126 0.76562
vt 0.49000 0.77441
vt 0.50501 0.69724
vt 0.67008 0.63574
vt 0.65196 0.67236
vt 0.58329 0.63068
vt 0.68301 0.59424
vt 0.60286 0.57244
vt 0.69077 0.54785
vt 0.37017 0.30383
vt 0.33706 0.24046
vt 0.36189 0.23268
vt 0.34245 0.31189
vt 0.31446 0.32226
vt 0.31446 0.25048
vt 0.31610 0.75388
vt 0.34249 0.68481
vt 0.35382 0.68867
vt 0.32688 0.75802
vt 0.48138 0.29557
vt 0.45166 0.29346
vt 0.44972 0.22266
vt 0.49410 0.22552
vt 0.42477 0.29461
vt 0.39761 0.29807
vt 0.38894 0.22711
vt 0.41822 0.22377
vt 0.44434 0.77734
vt 0.42891 0.77701
vt 0.43624 0.70528
vt 0.44630 0.70556
vt 0.30664 0.74950
vt 0.33156 0.68066
vt 0.36553 0.69223
vt 0.33899 0.76193
vt 0.60205 0.26843
vt 0.62964 0.29418
vt 0.56958 0.34618
vt 0.55213 0.32720
vt 0.41348 0.77601
vt 0.42559 0.70443
vt 0.35243 0.76560
vt 0.37764 0.69550
vt 0.69081 0.44661
vt 0.69336 0.49658
vt 0.60938 0.49756
vt 0.60779 0.45994
vt 0.39805 0.77435
vt 0.41436 0.70301
vt 0.36720 0.76904
vt 0.39014 0.69848
vt 0.38262 0.77203
vt 0.40254 0.70103
vt 0.53162 0.31244
vt 0.57027 0.24841
vt 0.65258 0.32517
vt 0.58391 0.36911
vt 0.50803 0.30190
vt 0.53428 0.23410
vt 0.68316 0.40138
vt 0.60301 0.42599
vt 0.67042 0.36090
vt 0.59505 0.39572
vt 0.62868 0.70410
vt 0.55067 0.67228
vt 0.56813 0.75097
vt 0.60060 0.73047
vt 0.49499 0.69724
vt 0.51000 0.77441
vt 0.46874 0.76562
vt 0.41671 0.63068
vt 0.34804 0.67236
vt 0.32992 0.63574
vt 0.30923 0.54785
vt 0.39714 0.57244
vt 0.31699 0.59424
vt 0.63811 0.23268
vt 0.66294 0.24046
vt 0.62983 0.30383
vt 0.68554 0.25048
vt 0.68554 0.32226
vt 0.65755 0.31189
vt 0.67312 0.75802
vt 0.64618 0.68867
vt 0.65751 0.68481
vt 0.68390 0.75388
vt 0.50590 0.22552
vt 0.55028 0.22266
vt 0.54834 0.29346
vt 0.51862 0.29557
vt 0.58178 0.22377
vt 0.61106 0.22711
vt 0.60239 0.29807
vt 0.57523 0.29461
vt 0.55370 0.70556
vt 0.56376 0.70528
vt 0.57109 0.77701
vt 0.55566 0.77734
vt 0.66844 0.68066
vt 0.69336 0.74950
vt 0.66101 0.76193
vt 0.63447 0.69223
vt 0.44787 0.32720
vt 0.43042 0.34618
vt 0.37036 0.29418
vt 0.39795 0.26843
vt 0.57441 0.70443
vt 0.58652 0.77601
vt 0.62236 0.69550
vt 0.64757 0.76560
vt 0.39221 0.45994
vt 0.39062 0.49756
vt 0.30664 0.49658
vt 0.30919 0.44661
vt 0.58564 0.70301
vt 0.60195 0.77435
vt 0.60986 0.69848
vt 0.63280 0.76904
vt 0.59746 0.70103
vt 0.61738 0.77203
vt 0.42973 0.24841
vt 0.46838 0.31244
vt 0.41609 0.36911
vt 0.34742 0.32517
vt 0.46572 0.23410
vt 0.49197 0.30190
vt 0.39699 0.42599
vt 0.31684 0.40138
vt 0.40495 0.39572
vt 0.32958 0.36090
vt 0.44933 0.67228
vt 0.37132 0.70410
vt 0.43187 0.75097
vt 0.39940 0.73047
vt 0.35000 0.51000
vt 0.35000 0.46874
vt 0.65000 0.46874
vt 0.65000 0.51000
vt 0.35000 0.67236
vt 0.35000 0.63574
vt 0.65000 0.63574
vt 0.65000 0.67236
vt 0.35000 0.59424
vt 0.35000 0.54785
vt 0.65000 0.54785
vt 0.65000 0.59424
vt 0.35000 0.36189
vt 0.35000 0.33706
vt 0.65000 0.33706
vt 0.65000 0.36189
vt 0.65000 0.25048
vt 0.65000 0.32226
vt 0.35000 0.32226
vt 0.35000 0.25048
vt 0.35000 0.68554
vt 0.35000 0.65755
vt 0.65000 0.65755
vt 0.65000 0.68554
vt 0.35000 0.35382
vt 0.35000 0.34249
vt 0.65000 0.34249
vt 0.65000 0.35382
vt 0.35000 0.68390
vt 0.35000 0.67312
vt 0.65000 0.67312
vt 0.65000 0.68390
vt 0.35000 0.49410
vt 0.35000 0.44972
vt 0.65000 0.44972
vt 0.65000 0.49410
vt 0.35000 0.54834
vt 0.35000 0.51862
vt 0.65000 0.51862
vt 0.65000 0.54834
vt 0.35000 0.41822
vt 0.35000 0.38894
vt 0.65000 0.38894
vt 0.65000 0.41822
vt 0.35000 0.60239
vt 0.35000 0.57523
vt 0.65000 0.57523
vt 0.65000 0.60239
vt 0.35000 0.44630
vt 0.35000 0.43624
vt 0.65000 0.43624
vt 0.65000 0.44630
vt 0.35000 0.57109
vt 0.35000 0.55566
vt 0.65000 0.55566
vt 0.65000 0.57109
vt 0.35000 0.33156
vt 0.65000 0.33156
vt 0.65000 0.68066
vt 0.65000 0.74950
vt 0.35000 0.74950
vt 0.35000 0.68066
vt 0.35000 0.69336
vt 0.65000 0.69336
vt 0.35000 0.36553
vt 0.65000 0.36553
vt 0.35000 0.66101
vt 0.65000 0.66101
vt 0.65000 0.32720
vt 0.65000 0.34618
vt 0.35000 0.34618
vt 0.35000 0.32720
vt 0.35000 0.62964
vt 0.35000 0.60205
vt 0.65000 0.60205
vt 0.65000 0.62964
vt 0.35000 0.42559
vt 0.65000 0.42559
vt 0.35000 0.58652
vt 0.65000 0.58652
vt 0.35000 0.37764
vt 0.65000 0.37764
vt 0.35000 0.64757
vt 0.65000 0.64757
vt 0.65000 0.45994
vt 0.65000 0.49756
vt 0.35000 0.49756
vt 0.35000 0.45994
vt 0.35000 0.49658
vt 0.35000 0.44661
vt 0.65000 0.44661
vt 0.65000 0.49658
vt 0.35000 0.41436
vt 0.65000 0.41436
vt 0.35000 0.60195
vt 0.65000 0.60195
vt 0.35000 0.39014
vt 0.65000 0.39014
vt 0.35000 0.63280
vt 0.65000 0.63280
vt 0.35000 0.40254
vt 0.65000 0.40254
vt 0.35000 0.61738
vt 0.65000 0.61738
vt 0.35000 0.57027
vt 0.65000 0.57027
vt 0.35000 0.46838
vt 0.35000 0.44787
vt 0.65000 0.44787
vt 0.65000 0.46838
vt 0.65000 0.36911
vt 0.35000 0.36911
vt 0.35000 0.32517
vt 0.35000 0.29418
vt 0.65000 0.29418
vt 0.65000 0.32517
vt 0.35000 0.53428
vt 0.65000 0.53428
vt 0.35000 0.49197
vt 0.65000 0.49197
vt 0.35000 0.62983
vt 0.65000 0.62983
vt 0.65000 0.42599
vt 0.35000 0.42599
vt 0.35000 0.40138
vt 0.65000 0.40138
vt 0.65000 0.39572
vt 0.35000 0.39572
vt 0.35000 0.36090
vt 0.65000 0.36090
vt 0.35000 0.31446
vt 0.65000 0.31446
vt 0.65000 0.57244
vt 0.65000 0.63068
vt 0.35000 0.63068
vt 0.35000 0.57244
vt 0.65000 0.67228
vt 0.35000 0.67228
vt 0.35000 0.70410
vt 0.65000 0.70410
vt 0.35000 0.43187
vt 0.65000 0.43187
vt 0.35000 0.55067
vt 0.35000 0.50501
vt 0.65000 0.50501
vt 0.65000 0.55067
vt 0.35000 0.39940
vt 0.65000 0.39940
vt 0.35000 0.37132
vt 0.65000 0.37132
vn 0.00000 0.00000 -1.00000
vn 0.00000 0.00000 -1.00000
vn 0.00000 0.00000 -1.00000
vn -0.00000 0.00000 -1.00000
vn -0.00000 0.00000 -1.00000
vn -0.00000 0.00000 -1.00000
vn -0.00000 0.00000 -1.00000
vn -0.00000 0.00000 -1.00000
vn -0.00000 0.00000 -1.00000
vn -0.00000 0.00000 -1.00000
vn -0.00000 0.00000 -1.00000
vn -0.00000 0.00000 -1.00000
vn -0.00000 0.00000 -1.00000
vn -0.00000 0.00000 -1.00000
vn -0.00000 0.00000 -1.00000
vn 0.00000 0.00000 -1.00000
vn -0.00000 0.00000 -1.00000
vn 0.00000 0.00000 -1.00000
vn 0.00000 0.00000 -1.00000
vn 0.00000 0.00000 -1.00000
vn 0.00000 0.00000 -1.00000
vn 0.00000 0.00000 -1.00000
vn 0.00000 0.00000 -1.00000
vn 0.00000 0.00000 -1.00000
vn 0.00000 0.00000 -1.00000
vn 0.00000 0.00000 -1.00000
vn 0.00000 0.00000 -1.00000
vn -0.00000 0.00000 -1.00000
vn 0.00000 0.00000 -1.00000
vn -0.00000 0.00000 -1.00000
vn -0.00000 0.00000 -1.00000
vn 0.00000 0.00000 -1.00000
vn -0.00000 0.00000 -1.00000
vn 0.00000 0.00000 -1.00000
vn 0.00000 0.00000 -1.00000
vn 0.00000 0.00000 -1.00000
vn -0.00000 0.00000 -1.00000
vn 0.00000 0.00000 -1.00000
vn 0.00000 0.00000 -1.00000
vn -0.00000 0.00000 -1.00000
vn -0.00000 0.00000 -1.00000
vn -0.00000 0.00000 -1.00000
vn -0.00000 0.00000 -1.00000
vn 0.00000 0.00000 -1.00000
vn -0.00000 0.00000 -1.00000
vn 0.00000 0.00000 -1.00000
vn 0.00000 0.00000 -1.00000
vn -0.00000 0.00000 -1.00000
vn 0.00000 0.00000 -1.00000
vn -0.00000 0.00000 -1.00000
vn -0.00000 0.00000 -1.00000
vn 0.00000 0.00000 -1.00000
vn -0.00000 0.00000 -1.00000
vn 0.00000 0.00000 -1.00000
vn 0.00000 0.00000 -1.00000
vn -0.00000 0.00000 -1.00000
vn -0.00000 0.00000 -1.00000
vn -0.00000 0.00000 -1.00000
vn -0.00000 0.00000 -1.00000
vn 0.00000 0.00000 -1.00000
vn 0.00000 0.00000 -1.00000
vn 0.00000 0.00000 -1.00000
vn 0.00000 0.00000 -1.00000
vn 0.00000 0.00000 -1.00000
vn 0.00000 0.00000 -1.00000
vn 0.00000 0.00000 -1.00000
vn 0.00000 0.00000 -1.00000
vn 0.00000 0.00000 -1.00000
vn -0.00000 0.00000 -1.00000
vn 0.00000 0.00000 -1.00000
vn 0.00000 0.00000 -1.00000
vn -0.00000 0.00000 -1.00000
vn 0.00000 0.00000 -1.00000
vn -0.00000 0.00000 -1.00000
vn -0.00000 0.00000 -1.00000
vn -0.00000 0.00000 -1.00000
vn 0.00000 0.00000 -1.00000
vn -0.00000 0.00000 -1.00000
vn -0.00000 0.00000 -1.00000
vn -0.00000 0.00000 -1.00000
vn -0.00000 0.00000 -1.00000
vn -0.00000 0.00000 -1.00000
vn -0.00000 0.00000 -1.00000
vn -0.00000 0.00000 -1.00000
vn -0.00000 0.00000 -1.00000
vn -0.00000 0.00000 -1.00000
vn -0.00000 0.00000 -1.00000
vn -0.00000 0.00000 -1.00000
vn -0.00000 0.00000 -1.00000
vn -0.00000 0.00000 -1.00000
vn -0.00000 0.00000 -1.00000
vn 0.00000 0.00000 -1.00000
vn -0.00000 0.00000 -1.00000
vn 0.00000 0.00000 -1.00000
vn 0.00000 0.00000 -1.00000
vn 0.00000 0.00000 -1.00000
vn -0.00000 0.00000 -1.00000
vn 0.00000 0.00000 -1.00000
vn 0.00000 0.00000 -1.00000
vn 0.00000 0.00000 -1.00000
vn 0.00000 0.00000 -1.00000
vn 0.00000 0.00000 -1.00000
vn 0.00000 0.00000 -1.00000
vn -0.00000 0.00000 -1.00000
vn -0.00000 0.00000 -1.00000
vn -0.00000 0.00000 -1.00000
vn -0.00000 0.00000 -1.00000
vn 0.00000 0.00000 -1.00000
vn -0.00000 0.00000 -1.00000
vn 0.00000 0.00000 -1.00000
vn 0.00000 0.00000 -1.00000
vn -0.00000 0.00000 -1.00000
vn -0.00000 0.00000 -1.00000
vn -0.00000 0.00000 -1.00000
vn -0.00000 0.00000 -1.00000
vn 0.00000 0.00000 -1.00000
vn 0.00000 0.00000 -1.00000
vn 0.00000 0.00000 -1.00000
vn 0.00000 0.00000 -1.00000
vn 0.00000 0.00000 -1.00000
vn -0.00000 0.00000 -1.00000
vn 0.00000 0.00000 -1.00000
vn 0.00000 0.00000 -1.00000
vn -0.00000 0.00000 -1.00000
vn -0.00000 0.00000 -1.00000
vn -0.00000 0.00000 -1.00000
vn -0.00000 0.00000 -1.00000
vn 0.00000 0.00000 -1.00000
vn 0.00000 0.00000 -1.00000
vn 0.00000 0.00000 -1.00000
vn 0.00000 0.00000 -1.00000
vn -0.00000 0.00000 -1.00000
vn 0.00000 0.00000 -1.00000
vn -0.00000 0.00000 -1.00000
vn -0.00000 0.00000 -1.00000
vn 0.00000 -0.00000 1.00000
vn 0.00000 -0.00000 1.00000
vn 0.00000 -0.00000 1.00000
vn 0.00000 -0.00000 1.00000
vn 0.00000 -0.00000 1.00000
vn 0.00000 -0.00000 1.00000
vn 0.00000 -0.00000 1.00000
vn 0.00000 -0.00000 1.00000
vn 0.00000 -0.00000 1.00000
vn 0.00000 -0.00000 1.00000
vn 0.00000 -0.00000 1.00000
vn 0.00000 -0.00000 1.00000
vn 0.00000 -0.00000 1.00000
vn 0.00000 -0.00000 1.00000
vn 0.00000 -0.00000 1.00000
vn 0.00000 -0.00000 1.00000
vn 0.00000 -0.00000 1.00000
vn 0.00000 -0.00000 1.00000
vn 0.00000 -0.00000 1.00000
vn 0.00000 -0.00000 1.00000
vn 0.00000 -0.00000 1.00000
vn 0.00000 -0.00000 1.00000
vn 0.00000 -0.00000 1.00000
vn 0.00000 -0.00000 1.00000
vn 0.00000 -0.00000 1.00000
vn 0.00000 -0.00000 1.00000
vn 0.00000 -0.00000 1.00000
vn 0.00000 -0.00000 1.00000
vn 0.00000 -0.00000 1.00000
vn 0.00000 -0.00000 1.00000
vn 0.00000 -0.00000 1.00000
vn 0.00000 -0.00000 1.00000
vn 0.00000 -0.00000 1.00000
vn 0.00000 -0.00000 1.00000
vn 0.00000 -0.00000 1.00000
vn 0.00000 -0.00000 1.00000
vn 0.00000 -0.00000 1.00000
vn 0.00000 -0.00000 1.00000
vn 0.00000 -0.00000 1.00000
vn 0.00000 -0.00000 1.00000
vn 0.00000 -0.00000 1.00000
vn 0.00000 -0.00000 1.00000
vn 0.00000 -0.00000 1.00000
vn 0.00000 -0.00000 1.00000
vn 0.00000 -0.00000 1.00000
vn 0.00000 -0.00000 1.00000
vn 0.00000 -0.00000 1.00000
vn 0.00000 -0.00000 1.00000
vn 0.00000 -0.00000 1.00000
vn 0.00000 -0.00000 1.00000
vn 0.00000 -0.00000 1.00000
vn 0.00000 -0.00000 1.00000
vn 0.00000 -0.00000 1.00000
vn 0.00000 -0.00000 1.00000
vn 0.00000 -0.00000 1.00000
vn 0.00000 -0.00000 1.00000
vn 0.00000 -0.00000 1.00000
vn 0.00000 -0.00000 1.00000
vn 0.00000 -0.00000 1.00000
vn 0.00000 -0.00000 1.00000
vn 0.00000 -0.00000 1.00000
vn 0.00000 -0.00000 1.00000
vn 0.00000 -0.00000 1.00000
vn 0.00000 -0.00000 1.00000
vn 0.00000 -0.00000 1.00000
vn 0.00000 -0.00000 1.00000
vn 0.00000 -0.00000 1.00000
vn 0.00000 -0.00000 1.00000
vn 0.00000 -0.00000 1.00000
vn 0.00000 -0.00000 1.00000
vn 0.00000 -0.00000 1.00000
vn 0.00000 -0.00000 1.00000
vn 0.00000 -0.00000 1.00000
vn 0.00000 -0.00000 1.00000
vn 0.00000 -0.00000 1.00000
vn 0.00000 -0.00000 1.00000
vn 0.00000 -0.00000 1.00000
vn 0.00000 -0.00000 1.00000
vn 0.00000 -0.00000 1.00000
vn 0.00000 -0.00000 1.00000
vn 0.00000 -0.00000 1.00000
vn 0.00000 -0.00000 1.00000
vn 0.00000 -0.00000 1.00000
vn 0.00000 -0.00000 1.00000
vn 0.00000 -0.00000 1.00000
vn 0.00000 -0.00000 1.00000
vn 0.00000 -0.00000 1.00000
vn 0.00000 -0.00000 1.00000
vn 0.00000 -0.00000 1.00000
vn 0.00000 -0.00000 1.00000
vn 0.00000 -0.00000 1.00000
vn 0.00000 -0.00000 1.00000
vn 0.00000 -0.00000 1.00000
vn 0.00000 -0.00000 1.00000
vn 0.00000 -0.00000 1.00000
vn 0.00000 -0.00000 1.00000
vn 0.00000 -0.00000 1.00000
vn 0.00000 -0.00000 1.00000
vn 0.00000 -0.00000 1.00000
vn 0.00000 -0.00000 1.00000
vn 0.00000 -0.00000 1.00000
vn 0.00000 -0.00000 1.00000
vn 0.00000 -0.00000 1.00000
vn 0.00000 -0.00000 1.00000
vn 0.00000 -0.00000 1.00000
vn 0.00000 -0.00000 1.00000
vn 0.00000 -0.00000 1.00000
vn 0.00000 -0.00000 1.00000
vn 0.00000 -0.00000 1.00000
vn 0.00000 -0.00000 1.00000
vn 0.00000 -0.00000 1.00000
vn 0.00000 -0.00000 1.00000
vn 0.00000 -0.00000 1.00000
vn 0.00000 -0.00000 1.00000
vn 0.00000 -0.00000 1.00000
vn 0.00000 -0.00000 1.00000
vn 0.00000 -0.00000 1.00000
vn 0.00000 -0.00000 1.00000
vn 0.00000 -0.00000 1.00000
vn 0.00000 -0.00000 1.00000
vn 0.00000 -0.00000 1.00000
vn 0.00000 -0.00000 1.00000
vn 0.00000 -0.00000 1.00000
vn 0.00000 -0.00000 1.00000
vn 0.00000 -0.00000 1.00000
vn 0.00000 -0.00000 1.00000
vn 0.00000 -0.00000 1.00000
vn 0.00000 -0.00000 1.00000
vn 0.00000 -0.00000 1.00000
vn 0.00000 -0.00000 1.00000
vn 0.00000 -0.00000 1.00000
vn 0.00000 -0.00000 1.00000
vn 0.00000 -0.00000 1.00000
vn 0.00000 -0.00000 1.00000
vn 0.00000 -0.00000 1.00000
vn -0.20832 0.97806 0.00000
vn -0.20832 0.97806 0.00000
vn -0.20832 0.97806 0.00000
vn -0.20832 0.97806 0.00000
vn -0.89638 0.44329 0.00000
vn -0.89638 0.44329 0.00000
vn -0.89638 0.44329 0.00000
vn -0.89638 0.44329 0.00000
vn -0.98629 0.16503 0.00000
vn -0.98629 0.16503 0.00000
vn -0.98629 0.16503 0.00000
vn -0.98629 0.16503 0.00000
vn 0.29937 -0.95414 -0.00000
vn 0.29937 -0.95414 -0.00000
vn 0.29937 -0.95414 -0.00000
vn 0.29937 -0.95414 -0.00000
vn 1.00000 0.00000 0.00000
vn 1.00000 0.00000 0.00000
vn 1.00000 0.00000 0.00000
vn 1.00000 0.00000 0.00000
vn -0.34735 0.93774 0.00000
vn -0.34735 0.93774 0.00000
vn -0.34735 0.93774 0.00000
vn -0.34735 0.93774 0.00000
vn -0.32240 -0.94660 -0.00000
vn -0.32240 -0.94660 -0.00000
vn -0.32240 -0.94660 -0.00000
vn -0.32240 -0.94660 -0.00000
vn 0.35864 0.93348 0.00000
vn 0.35864 0.93348 0.00000
vn 0.35864 0.93348 0.00000
vn 0.35864 0.93348 0.00000
vn -0.06433 -0.99793 -0.00000
vn -0.06433 -0.99793 -0.00000
vn -0.06433 -0.99793 -0.00000
vn -0.06433 -0.99793 -0.00000
vn 0.07077 0.99749 0.00000
vn 0.07077 0.99749 0.00000
vn 0.07077 0.99749 0.00000
vn 0.07077 0.99749 0.00000
vn 0.11329 -0.99356 -0.00000
vn 0.11329 -0.99356 -0.00000
vn 0.11329 -0.99356 -0.00000
vn 0.11329 -0.99356 -0.00000
vn -0.12621 0.99200 0.00000
vn -0.12621 0.99200 0.00000
vn -0.12621 0.99200 0.00000
vn -0.12621 0.99200 0.00000
vn -0.02814 -0.99960 -0.00000
vn -0.02814 -0.99960 -0.00000
vn -0.02814 -0.99960 -0.00000
vn -0.02814 -0.99960 -0.00000
vn 0.02151 0.99977 0.00000
vn 0.02151 0.99977 0.00000
vn 0.02151 0.99977 0.00000
vn 0.02151 0.99977 0.00000
vn -0.04280 0.99908 0.00000
vn -0.04280 0.99908 0.00000
vn -0.04280 0.99908 0.00000
vn -0.04280 0.99908 0.00000
vn 0.03530 -0.99938 -0.00000
vn 0.03530 -0.99938 -0.00000
vn 0.03530 -0.99938 -0.00000
vn 0.03530 -0.99938 -0.00000
vn -0.35488 -0.93491 -0.00000
vn -0.35488 -0.93491 -0.00000
vn -0.35488 -0.93491 -0.00000
vn -0.35488 -0.93491 -0.00000
vn 0.94029 -0.34038 -0.00000
vn 0.94029 -0.34038 -0.00000
vn 0.94029 -0.34038 -0.00000
vn 0.94029 -0.34038 -0.00000
vn 0.42017 0.90744 0.00000
vn 0.42017 0.90744 0.00000
vn 0.42017 0.90744 0.00000
vn 0.42017 0.90744 0.00000
vn -0.29103 -0.95671 -0.00000
vn -0.29103 -0.95671 -0.00000
vn -0.29103 -0.95671 -0.00000
vn -0.29103 -0.95671 -0.00000
vn 0.30706 0.95169 0.00000
vn 0.30706 0.95169 0.00000
vn 0.30706 0.95169 0.00000
vn 0.30706 0.95169 0.00000
vn 0.73621 0.67675 0.00000
vn 0.73621 0.67675 0.00000
vn 0.73621 0.67675 0.00000
vn 0.73621 0.67675 0.00000
vn -0.68231 -0.73107 -0.00000
vn -0.68231 -0.73107 -0.00000
vn -0.68231 -0.73107 -0.00000
vn -0.68231 -0.73107 -0.00000
vn -0.07955 -0.99683 -0.00000
vn -0.07955 -0.99683 -0.00000
vn -0.07955 -0.99683 -0.00000
vn -0.07955 -0.99683 -0.00000
vn 0.06442 0.99792 0.00000
vn 0.06442 0.99792 0.00000
vn 0.06442 0.99792 0.00000
vn 0.06442 0.99792 0.00000
vn -0.26082 -0.96539 -0.00000
vn -0.26082 -0.96539 -0.00000
vn -0.26082 -0.96539 -0.00000
vn -0.26082 -0.96539 -0.00000
vn 0.26361 0.96463 0.00000
vn 0.26361 0.96463 0.00000
vn 0.26361 0.96463 0.00000
vn 0.26361 0.96463 0.00000
vn 0.99911 0.04228 0.00000
vn 0.99911 0.04228 0.00000
vn 0.99911 0.04228 0.00000
vn 0.99911 0.04228 0.00000
vn -0.99870 -0.05094 -0.00000
vn -0.99870 -0.05094 -0.00000
vn -0.99870 -0.05094 -0.00000
vn -0.99870 -0.05094 -0.00000
vn -0.12508 -0.99215 -0.00000
vn -0.12508 -0.99215 -0.00000
vn -0.12508 -0.99215 -0.00000
vn -0.12508 -0.99215 -0.00000
vn 0.10698 0.99426 0.00000
vn 0.10698 0.99426 0.00000
vn 0.10698 0.99426 0.00000
vn 0.10698 0.99426 0.00000
vn -0.23178 -0.97277 -0.00000
vn -0.23178 -0.97277 -0.00000
vn -0.23178 -0.97277 -0.00000
vn -0.23178 -0.97277 -0.00000
vn 0.22671 0.97396 0.00000
vn 0.22671 0.97396 0.00000
vn 0.22671 0.97396 0.00000
vn 0.22671 0.97396 0.00000
vn -0.16544 -0.98622 -0.00000
vn -0.16544 -0.98622 -0.00000
vn -0.16544 -0.98622 -0.00000
vn -0.16544 -0.98622 -0.00000
vn 0.14897 0.98884 0.00000
vn 0.14897 0.98884 0.00000
vn 0.14897 0.98884 0.00000
vn 0.14897 0.98884 0.00000
vn -0.20129 -0.97953 -0.00000
vn -0.20129 -0.97953 -0.00000
vn -0.20129 -0.97953 -0.00000
vn -0.20129 -0.97953 -0.00000
vn 0.19018 0.98175 0.00000
vn 0.19018 0.98175 0.00000
vn 0.19018 0.98175 0.00000
vn 0.19018 0.98175 0.00000
vn -0.53305 -0.84608 -0.00000
vn -0.53305 -0.84608 -0.00000
vn -0.53305 -0.84608 -0.00000
vn -0.53305 -0.84608 -0.00000
vn 0.58406 0.81171 0.00000
vn 0.58406 0.81171 0.00000
vn 0.58406 0.81171 0.00000
vn 0.58406 0.81171 0.00000
vn 0.84807 0.52988 0.00000
vn 0.84807 0.52988 0.00000
vn 0.84807 0.52988 0.00000
vn 0.84807 0.52988 0.00000
vn -0.80375 -0.59497 -0.00000
vn -0.80375 -0.59497 -0.00000
vn -0.80375 -0.59497 -0.00000
vn -0.80375 -0.59497 -0.00000
vn -0.20887 -0.97794 -0.00000
vn -0.20887 -0.97794 -0.00000
vn -0.20887 -0.97794 -0.00000
vn -0.20887 -0.97794 -0.00000
vn 0.23095 0.97297 0.00000
vn 0.23095 0.97297 0.00000
vn 0.23095 0.97297 0.00000
vn 0.23095 0.97297 0.00000
vn 0.20146 -0.97950 -0.00000
vn 0.20146 -0.97950 -0.00000
vn 0.20146 -0.97950 -0.00000
vn 0.20146 -0.97950 -0.00000
vn -0.20544 0.97867 0.00000
vn -0.20544 0.97867 0.00000
vn -0.20544 0.97867 0.00000
vn -0.20544 0.97867 0.00000
vn -0.36940 -0.92927 -0.00000
vn -0.36940 -0.92927 -0.00000
vn -0.36940 -0.92927 -0.00000
vn -0.36940 -0.92927 -0.00000
vn 0.40815 0.91292 0.00000
vn 0.40815 0.91292 0.00000
vn 0.40815 0.91292 0.00000
vn 0.40815 0.91292 0.00000
vn 0.99025 0.13931 0.00000
vn 0.99025 0.13931 0.00000
vn 0.99025 0.13931 0.00000
vn 0.99025 0.13931 0.00000
vn -0.98601 -0.16671 -0.00000
vn -0.98601 -0.16671 -0.00000
vn -0.98601 -0.16671 -0.00000
vn -0.98601 -0.16671 -0.00000
vn 0.92235 0.38636 0.00000
vn 0.92235 0.38636 0.00000
vn 0.92235 0.38636 0.00000
vn 0.92235 0.38636 0.00000
vn -0.89468 -0.44670 -0.00000
vn -0.89468 -0.44670 -0.00000
vn -0.89468 -0.44670 -0.00000
vn -0.89468 -0.44670 -0.00000
vn 0.96713 0.25427 0.00000
vn 0.96713 0.25427 0.00000
vn 0.96713 0.25427 0.00000
vn 0.96713 0.25427 0.00000
vn -0.95385 -0.30029 -0.00000
vn -0.95385 -0.30029 -0.00000
vn -0.95385 -0.30029 -0.00000
vn -0.95385 -0.30029 -0.00000
vn 0.40514 -0.91426 -0.00000
vn 0.40514 -0.91426 -0.00000
vn 0.40514 -0.91426 -0.00000
vn 0.40514 -0.91426 -0.00000
vn -0.27937 0.96018 0.00000
vn -0.27937 0.96018 0.00000
vn -0.27937 0.96018 0.00000
vn -0.27937 0.96018 0.00000
vn 0.94792 -0.31852 -0.00000
vn 0.94792 -0.31852 -0.00000
vn 0.94792 -0.31852 -0.00000
vn 0.94792 -0.31852 -0.00000
vn -0.95470 0.29756 0.00000
vn -0.95470 0.29756 0.00000
vn -0.95470 0.29756 0.00000
vn -0.95470 0.29756 0.00000
vn 0.78696 -0.61701 -0.00000
vn 0.78696 -0.61701 -0.00000
vn 0.78696 -0.61701 -0.00000
vn 0.78696 -0.61701 -0.00000
vn -0.80628 0.59154 0.00000
vn -0.80628 0.59154 0.00000
vn -0.80628 0.59154 0.00000
vn -0.80628 0.59154 0.00000
vn -0.36923 0.92934 0.00000
vn -0.36923 0.92934 0.00000
vn -0.36923 0.92934 0.00000
vn -0.36923 0.92934 0.00000
vn 0.47964 -0.87747 -0.00000
vn 0.47964 -0.87747 -0.00000
vn 0.47964 -0.87747 -0.00000
vn 0.47964 -0.87747 -0.00000
vn 0.99623 -0.08679 -0.00000
vn 0.99623 -0.08679 -0.00000
vn 0.99623 -0.08679 -0.00000
vn 0.99623 -0.08679 -0.00000
vn -0.99873 0.05040 0.00000
vn -0.99873 0.05040 0.00000
vn -0.99873 0.05040 0.00000
vn -0.99873 0.05040 0.00000
vn -0.06403 0.99795 0.00000
vn -0.06403 0.99795 0.00000
vn -0.06403 0.99795 0.00000
vn -0.06403 0.99795 0.00000
vn 0.14031 -0.99011 -0.00000
vn 0.14031 -0.99011 -0.00000
vn 0.14031 -0.99011 -0.00000
vn 0.14031 -0.99011 -0.00000
vn -0.53396 0.84551 0.00000
vn -0.53396 0.84551 0.00000
vn -0.53396 0.84551 0.00000
vn -0.53396 0.84551 0.00000
vn -0.68454 0.72897 0.00000
vn -0.68454 0.72897 0.00000
vn -0.68454 0.72897 0.00000
vn -0.68454 0.72897 0.00000
f 1747/2907/7141 1748/2908/7142 1749/2909/7143 
f 1750/2910/7144 1751/2911/7145 1752/2912/7146 
f 1753/2913/7147 1754/2914/7148 1755/2915/7149 
f 1756/2916/7150 1757/2917/7151 1758/2918/7152 
f 1759/2919/7153 1760/2920/7154 1761/2921/7155 
f 1762/2922/7156 1763/2923/7157 1764/2924/7158 1765/2925/7159 
f 1766/2926/7160 1767/2927/7161 1768/2928/7162 1769/2929/7163 
f 1770/2930/7164 1771/2931/7165 1772/2932/7166 1773/2933/7167 
f 1774/2934/7168 1775/2935/7169 1776/2936/7170 1777/2937/7171 
f 1773/2933/7172 1768/2928/7173 1767/2927/7174 1770/2930/7175 
f 1778/2938/7176 1779/2939/7177 1763/2923/7178 1762/2922/7179 
f 1765/2925/7180 1764/2924/7181 1780/2940/7182 1781/2941/7183 
f 1782/2942/7184 1783/2943/7185 1784/2944/7186 1785/2945/7187 
f 1775/2935/7188 1786/2946/7189 1787/2947/7190 1776/2936/7191 
f 1788/2948/7192 1781/2941/7193 1780/2940/7194 1789/2949/7195 
f 1790/2950/7196 1791/2951/7197 1792/2952/7198 1793/2953/7199 
f 1786/2946/7200 1794/2954/7201 1795/2955/7202 1787/2947/7203 
f 1796/2956/7204 1788/2948/7205 1789/2949/7206 1797/2957/7207 
f 1794/2954/7208 1798/2958/7209 1799/2959/7210 1795/2955/7211 
f 1798/2958/7212 1796/2956/7213 1797/2957/7214 1799/2959/7215 
f 1785/2945/7216 1800/2960/7217 1801/2961/7218 1782/2942/7219 
f 1783/2943/7220 1802/2962/7221 1803/2963/7222 1784/2944/7223 
f 1804/2964/7224 1766/2926/7225 1769/2929/7226 1805/2965/7227 
f 1771/2931/7228 1756/2916/7229 1758/2918/7230 1772/2932/7231 
f 1800/2960/7232 1804/2964/7233 1805/2965/7234 1801/2961/7235 
f 1806/2966/7236 1790/2950/7237 1793/2953/7238 1807/2967/7239 
f 1802/2962/7240 1808/2968/7241 1809/2969/7242 1803/2963/7243 
f 1808/2968/7244 1806/2966/7245 1807/2967/7246 1809/2969/7247 
f 1759/2919/7248 1761/2921/7249 1757/2917/7250 1756/2916/7251 
f 1753/2913/7252 1750/2910/7253 1752/2912/7254 1754/2914/7255 
f 1751/2911/7256 1810/2970/7257 1811/2971/7258 1752/2912/7259 
f 1749/2909/7260 1811/2971/7261 1812/2972/7262 1747/2907/7263 
f 1791/2951/7264 1755/2915/7265 1754/2914/7266 1792/2952/7267 
f 1777/2937/7268 1749/2909/7269 1748/2908/7270 1774/2934/7271 
f 1811/2971/7272 1810/2970/7273 1813/2973/7274 1812/2972/7275 
f 1814/2974/7276 1815/2975/7277 1816/2976/7278 
f 1817/2977/7279 1818/2978/7280 1819/2979/7281 
f 1820/2980/7282 1821/2981/7283 1822/2982/7284 
f 1823/2983/7285 1824/2984/7286 1825/2985/7287 
f 1826/2986/7288 1827/2987/7289 1828/2988/7290 
f 1829/2989/7291 1830/2990/7292 1831/2991/7293 1832/2992/7294 
f 1833/2993/7295 1834/2994/7296 1835/2995/7297 1836/2996/7298 
f 1837/2997/7299 1838/2998/7300 1839/2999/7301 1840/3000/7302 
f 1841/3001/7303 1842/3002/7304 1843/3003/7305 1844/3004/7306 
f 1840/3000/7307 1835/2995/7308 1834/2994/7309 1837/2997/7310 
f 1832/2992/7311 1831/2991/7312 1845/3005/7313 1846/3006/7314 
f 1847/3007/7315 1848/3008/7316 1830/2990/7317 1829/2989/7318 
f 1849/3009/7319 1850/3010/7320 1851/3011/7321 1852/3012/7322 
f 1842/3002/7323 1853/3013/7324 1854/3014/7325 1843/3003/7326 
f 1855/3015/7327 1848/3008/7328 1847/3007/7329 1856/3016/7330 
f 1857/3017/7331 1858/3018/7332 1859/3019/7333 1860/3020/7334 
f 1853/3013/7335 1861/3021/7336 1862/3022/7337 1854/3014/7338 
f 1863/3023/7339 1855/3015/7340 1856/3016/7341 1864/3024/7342 
f 1861/3021/7343 1865/3025/7344 1866/3026/7345 1862/3022/7346 
f 1865/3025/7347 1863/3023/7348 1864/3024/7349 1866/3026/7350 
f 1852/3012/7351 1867/3027/7352 1868/3028/7353 1849/3009/7354 
f 1850/3010/7355 1869/3029/7356 1870/3030/7357 1851/3011/7358 
f 1871/3031/7359 1833/2993/7360 1836/2996/7361 1872/3032/7362 
f 1838/2998/7363 1823/2983/7364 1825/2985/7365 1839/2999/7366 
f 1867/3027/7367 1871/3031/7368 1872/3032/7369 1868/3028/7370 
f 1873/3033/7371 1857/3017/7372 1860/3020/7373 1874/3034/7374 
f 1869/3029/7375 1875/3035/7376 1876/3036/7377 1870/3030/7378 
f 1875/3035/7379 1873/3033/7380 1874/3034/7381 1876/3036/7382 
f 1825/2985/7383 1824/2984/7384 1826/2986/7385 1828/2988/7386 
f 1821/2981/7387 1817/2977/7388 1819/2979/7389 1822/2982/7390 
f 1817/2977/7391 1877/3037/7392 1878/3038/7393 1818/2978/7394 
f 1816/2976/7395 1879/3039/7396 1877/3037/7397 1814/2974/7398 
f 1858/3018/7399 1821/2981/7400 1820/2980/7401 1859/3019/7402 
f 1844/3004/7403 1815/2975/7404 1814/2974/7405 1841/3001/7406 
f 1879/3039/7407 1880/3040/7408 1878/3038/7409 1877/3037/7410 
f 1748/3041/7411 1747/3042/7412 1816/3043/7413 1815/3044/7414 
f 1751/3045/7415 1750/3046/7416 1819/3047/7417 1818/3048/7418 
f 1753/3049/7419 1755/3050/7420 1820/3051/7421 1822/3052/7422 
f 1758/3053/7423 1757/3054/7424 1824/3055/7425 1823/3056/7426 
f 1761/3057/7427 1760/3058/7428 1827/3059/7429 1826/3060/7430 
f 1760/3061/7431 1759/3062/7432 1828/3063/7433 1827/3064/7434 
f 1764/3065/7435 1763/3066/7436 1831/3067/7437 1830/3068/7438 
f 1762/3069/7439 1765/3070/7440 1829/3071/7441 1832/3072/7442 
f 1769/3073/7443 1768/3074/7444 1834/3075/7445 1833/3076/7446 
f 1767/3077/7447 1766/3078/7448 1836/3079/7449 1835/3080/7450 
f 1773/3081/7451 1772/3082/7452 1838/3083/7453 1837/3084/7454 
f 1771/3085/7455 1770/3086/7456 1840/3087/7457 1839/3088/7458 
f 1777/3089/7459 1776/3090/7460 1842/3091/7461 1841/3092/7462 
f 1775/3093/7463 1774/3094/7464 1844/3095/7465 1843/3096/7466 
f 1770/3086/7467 1767/3077/7468 1835/3080/7469 1840/3087/7470 
f 1768/3074/7471 1773/3081/7472 1837/3084/7473 1834/3075/7474 
f 1763/3066/7475 1779/3097/7476 1845/3098/7477 1831/3067/7478 
f 1779/3099/7479 1778/3100/7480 1846/3101/7481 1845/3102/7482 
f 1778/3103/7483 1762/3069/7484 1832/3072/7485 1846/3104/7486 
f 1780/3105/7487 1764/3065/7488 1830/3068/7489 1848/3106/7490 
f 1765/3070/7491 1781/3107/7492 1847/3108/7493 1829/3071/7494 
f 1785/3109/7495 1784/3110/7496 1850/3111/7497 1849/3112/7498 
f 1783/3113/7499 1782/3114/7500 1852/3115/7501 1851/3116/7502 
f 1776/3090/7503 1787/3117/7504 1853/3118/7505 1842/3091/7506 
f 1786/3119/7507 1775/3093/7508 1843/3096/7509 1854/3120/7510 
f 1789/3121/7511 1780/3105/7512 1848/3106/7513 1855/3122/7514 
f 1781/3107/7515 1788/3123/7516 1856/3124/7517 1847/3108/7518 
f 1793/3125/7519 1792/3126/7520 1858/3127/7521 1857/3128/7522 
f 1791/3129/7523 1790/3130/7524 1860/3131/7525 1859/3132/7526 
f 1787/3117/7527 1795/3133/7528 1861/3134/7529 1853/3118/7530 
f 1794/3135/7531 1786/3119/7532 1854/3120/7533 1862/3136/7534 
f 1797/3137/7535 1789/3121/7536 1855/3122/7537 1863/3138/7538 
f 1788/3123/7539 1796/3139/7540 1864/3140/7541 1856/3124/7542 
f 1795/3133/7543 1799/3141/7544 1865/3142/7545 1861/3134/7546 
f 1798/3143/7547 1794/3135/7548 1862/3136/7549 1866/3144/7550 
f 1799/3141/7551 1797/3137/7552 1863/3138/7553 1865/3142/7554 
f 1796/3139/7555 1798/3143/7556 1866/3144/7557 1864/3140/7558 
f 1782/3114/7559 1801/3145/7560 1867/3146/7561 1852/3115/7562 
f 1800/3147/7563 1785/3148/7564 1849/3149/7565 1868/3150/7566 
f 1784/3110/7567 1803/3151/7568 1869/3152/7569 1850/3111/7570 
f 1802/3153/7571 1783/3154/7572 1851/3155/7573 1870/3156/7574 
f 1805/3157/7575 1769/3073/7576 1833/3076/7577 1871/3158/7578 
f 1766/3078/7579 1804/3159/7580 1872/3160/7581 1836/3079/7582 
f 1772/3082/7583 1758/3053/7584 1823/3056/7585 1838/3083/7586 
f 1756/3161/7587 1771/3085/7588 1839/3088/7589 1825/3162/7590 
f 1801/3145/7591 1805/3157/7592 1871/3158/7593 1867/3146/7594 
f 1804/3159/7595 1800/3147/7596 1868/3150/7597 1872/3160/7598 
f 1807/3163/7599 1793/3125/7600 1857/3128/7601 1873/3164/7602 
f 1790/3130/7603 1806/3165/7604 1874/3166/7605 1860/3131/7606 
f 1803/3151/7607 1809/3167/7608 1875/3168/7609 1869/3152/7610 
f 1808/3169/7611 1802/3153/7612 1870/3156/7613 1876/3170/7614 
f 1809/3167/7615 1807/3163/7616 1873/3164/7617 1875/3168/7618 
f 1806/3165/7619 1808/3169/7620 1876/3170/7621 1874/3166/7622 
f 1757/3054/7623 1761/3171/7624 1826/3172/7625 1824/3055/7626 
f 1759/3062/7627 1756/3161/7628 1825/3162/7629 1828/3063/7630 
f 1754/3173/7631 1752/3174/7632 1817/3175/7633 1821/3176/7634 
f 1750/3046/7635 1753/3049/7636 1822/3052/7637 1819/3047/7638 
f 1752/3174/7639 1811/3177/7640 1877/3178/7641 1817/3175/7642 
f 1810/3179/7643 1751/3045/7644 1818/3048/7645 1878/3180/7646 
f 1747/3042/7647 1812/3181/7648 1879/3182/7649 1816/3043/7650 
f 1811/3183/7651 1749/3184/7652 1814/3185/7653 1877/3186/7654 
f 1792/3126/7655 1754/3173/7656 1821/3176/7657 1858/3127/7658 
f 1755/3050/7659 1791/3129/7660 1859/3132/7661 1820/3051/7662 
f 1774/3094/7663 1748/3041/7664 1815/3044/7665 1844/3095/7666 
f 1749/3184/7667 1777/3089/7668 1841/3092/7669 1814/3185/7670 
f 1812/3181/7671 1813/3187/7672 1880/3188/7673 1879/3182/7674 
f 1813/3187/7675 1810/3189/7676 1878/3190/7677 1880/3188/7678 
o 011_3D_Text_-_a
g 3D_Text_-_a
usemtl Infusion 10
v 40.695 78.586 -250.000
v 41.168 78.599 -250.000
v 41.046 76.926 -250.000
v 39.749 78.489 -250.000
v 40.222 78.550 -250.000
v 40.360 76.885 -250.000
v 38.342 78.162 -250.000
v 38.806 78.294 -250.000
v 38.881 76.557 -250.000
v 42.108 76.806 -250.000
v 42.884 78.429 -250.000
v 42.541 76.656 -250.000
v 41.620 72.947 -250.000
v 41.815 71.494 -250.000
v 40.902 71.437 -250.000
v 39.286 72.715 -250.000
v 40.097 71.333 -250.000
v 39.400 71.183 -250.000
v 35.397 70.165 -250.000
v 37.433 69.679 -250.000
v 37.305 69.206 -250.000
v 40.513 66.470 -250.000
v 40.995 64.916 -250.000
v 40.498 64.827 -250.000
v 41.173 66.594 -250.000
v 41.870 65.201 -250.000
v 41.452 65.041 -250.000
v 41.767 66.802 -250.000
v 42.667 65.688 -250.000
v 42.268 65.412 -250.000
v 43.963 66.905 -250.000
v 43.798 69.657 -250.000
v 43.841 70.371 -250.000
v 44.366 65.000 -250.000
v 45.868 65.000 -250.000
v 43.841 71.579 -250.000
v 45.868 74.131 -250.000
v 45.130 77.060 -250.000
v 44.203 77.919 -250.000
v 44.714 77.536 -250.000
v 36.753 65.412 -250.000
v 36.267 65.782 -250.000
v 37.308 65.125 -250.000
v 37.262 68.674 -250.000
v 37.289 68.256 -250.000
v 35.183 67.976 -250.000
v 35.138 68.699 -250.000
v 37.368 67.879 -250.000
v 35.319 67.324 -250.000
v 43.890 73.020 -250.000
v 37.502 67.545 -250.000
v 35.544 66.740 -250.000
v 39.789 66.428 -250.000
v 39.962 64.774 -250.000
v 39.386 64.756 -250.000
v 38.625 64.797 -250.000
v 38.917 66.520 -250.000
v 39.332 66.451 -250.000
v 37.688 67.252 -250.000
v 35.861 66.226 -250.000
v 42.297 67.092 -250.000
v 43.066 66.028 -250.000
v 38.544 66.635 -250.000
v 37.932 64.920 -250.000
v 43.647 75.443 -250.000
v 43.457 75.842 -250.000
v 45.453 76.482 -250.000
v 36.639 77.451 -250.000
v 37.042 77.657 -250.000
v 38.089 76.270 -250.000
v 37.262 75.901 -250.000
v 38.215 66.795 -250.000
v 39.277 78.403 -250.000
v 39.638 76.762 -250.000
v 37.927 67.002 -250.000
v 37.894 78.012 -250.000
v 42.076 78.556 -250.000
v 41.609 76.896 -250.000
v 43.782 74.978 -250.000
v 45.683 75.801 -250.000
v 42.761 67.466 -250.000
v 43.466 66.434 -250.000
v 43.213 76.175 -250.000
v 42.909 76.446 -250.000
v 43.593 78.216 -250.000
v 43.890 73.850 -250.000
v 43.863 74.447 -250.000
v 45.822 75.017 -250.000
v 36.175 71.324 -250.000
v 37.646 70.093 -250.000
v 37.945 70.448 -250.000
v 37.471 72.173 -250.000
v 38.811 70.986 -250.000
v 43.150 67.914 -250.000
v 43.866 66.905 -250.000
v 43.453 68.429 -250.000
v 43.669 69.010 -250.000
v 38.330 70.743 -250.000
v 37.461 77.844 -250.000
v 41.046 76.926 -242.500
v 41.168 78.599 -242.500
v 40.695 78.586 -242.500
v 40.360 76.885 -242.500
v 40.222 78.550 -242.500
v 39.749 78.489 -242.500
v 38.881 76.557 -242.500
v 38.806 78.294 -242.500
v 38.342 78.162 -242.500
v 42.541 76.656 -242.500
v 42.884 78.429 -242.500
v 42.108 76.806 -242.500
v 40.902 71.437 -242.500
v 41.815 71.494 -242.500
v 41.620 72.947 -242.500
v 39.400 71.183 -242.500
v 40.097 71.333 -242.500
v 39.286 72.715 -242.500
v 37.305 69.206 -242.500
v 37.433 69.679 -242.500
v 35.397 70.165 -242.500
v 40.498 64.827 -242.500
v 40.995 64.916 -242.500
v 40.513 66.470 -242.500
v 41.452 65.041 -242.500
v 41.870 65.201 -242.500
v 41.173 66.594 -242.500
v 42.268 65.412 -242.500
v 42.667 65.688 -242.500
v 41.767 66.802 -242.500
v 43.841 70.371 -242.500
v 43.798 69.657 -242.500
v 43.963 66.905 -242.500
v 45.868 65.000 -242.500
v 44.366 65.000 -242.500
v 45.868 74.131 -242.500
v 43.841 71.579 -242.500
v 44.714 77.536 -242.500
v 44.203 77.919 -242.500
v 45.130 77.060 -242.500
v 37.308 65.125 -242.500
v 36.267 65.782 -242.500
v 36.753 65.412 -242.500
v 35.138 68.699 -242.500
v 35.183 67.976 -242.500
v 37.289 68.256 -242.500
v 37.262 68.674 -242.500
v 35.319 67.324 -242.500
v 37.368 67.879 -242.500
v 43.890 73.020 -242.500
v 35.544 66.740 -242.500
v 37.502 67.545 -242.500
v 39.962 64.774 -242.500
v 39.789 66.428 -242.500
v 39.332 66.451 -242.500
v 38.917 66.520 -242.500
v 38.625 64.797 -242.500
v 39.386 64.756 -242.500
v 35.861 66.226 -242.500
v 37.688 67.252 -242.500
v 43.066 66.028 -242.500
v 42.297 67.092 -242.500
v 37.932 64.920 -242.500
v 38.544 66.635 -242.500
v 45.453 76.482 -242.500
v 43.457 75.842 -242.500
v 43.647 75.443 -242.500
v 37.262 75.901 -242.500
v 38.089 76.270 -242.500
v 37.042 77.657 -242.500
v 36.639 77.451 -242.500
v 38.215 66.795 -242.500
v 39.638 76.762 -242.500
v 39.277 78.403 -242.500
v 37.927 67.002 -242.500
v 37.894 78.012 -242.500
v 41.609 76.896 -242.500
v 42.076 78.556 -242.500
v 45.683 75.801 -242.500
v 43.782 74.978 -242.500
v 43.466 66.434 -242.500
v 42.761 67.466 -242.500
v 43.593 78.216 -242.500
v 42.909 76.446 -242.500
v 43.213 76.175 -242.500
v 45.822 75.017 -242.500
v 43.863 74.447 -242.500
v 43.890 73.850 -242.500
v 37.646 70.093 -242.500
v 36.175 71.324 -242.500
v 37.471 72.173 -242.500
v 37.945 70.448 -242.500
v 38.811 70.986 -242.500
v 43.866 66.905 -242.500
v 43.150 67.914 -242.500
v 43.453 68.429 -242.500
v 43.669 69.010 -242.500
v 38.330 70.743 -242.500
v 37.461 77.844 -242.500
vt 0.49233 0.77636
vt 0.47340 0.77685
vt 0.47828 0.70997
vt 0.53015 0.77246
vt 0.51125 0.77490
vt 0.50574 0.70833
vt 0.58642 0.75940
vt 0.56788 0.76465
vt 0.56487 0.69520
vt 0.43581 0.70516
vt 0.40476 0.77005
vt 0.41848 0.69916
vt 0.45532 0.55079
vt 0.44752 0.49267
vt 0.48403 0.49037
vt 0.54866 0.54149
vt 0.51623 0.48623
vt 0.54411 0.48022
vt 0.70423 0.43953
vt 0.62280 0.42008
vt 0.62793 0.40117
vt 0.49959 0.29169
vt 0.48031 0.22957
vt 0.50018 0.22600
vt 0.47321 0.29667
vt 0.44532 0.24097
vt 0.46202 0.23455
vt 0.44943 0.30498
vt 0.41344 0.26042
vt 0.42939 0.24940
vt 0.36158 0.30909
vt 0.36819 0.41920
vt 0.36646 0.44775
vt 0.34546 0.23291
vt 0.28540 0.23291
vt 0.36646 0.49609
vt 0.28540 0.59815
vt 0.31493 0.71533
vt 0.35198 0.74966
vt 0.33154 0.73437
vt 0.64999 0.24940
vt 0.66944 0.26417
vt 0.62779 0.23792
vt 0.62964 0.37989
vt 0.62858 0.36315
vt 0.71279 0.35197
vt 0.71460 0.38085
vt 0.62538 0.34809
vt 0.70737 0.32585
vt 0.36450 0.55371
vt 0.62006 0.33471
vt 0.69834 0.30252
vt 0.52856 0.29003
vt 0.52164 0.22386
vt 0.54468 0.22315
vt 0.57514 0.22479
vt 0.56345 0.29370
vt 0.54685 0.29095
vt 0.61260 0.32301
vt 0.68570 0.28196
vt 0.42825 0.31660
vt 0.39747 0.27405
vt 0.57834 0.29830
vt 0.60284 0.22971
vt 0.37426 0.65064
vt 0.38184 0.66660
vt 0.30201 0.69218
vt 0.65454 0.73095
vt 0.63842 0.73918
vt 0.59655 0.68372
vt 0.62964 0.66895
vt 0.59153 0.30472
vt 0.54902 0.76904
vt 0.53460 0.70341
vt 0.60302 0.31299
vt 0.60436 0.75340
vt 0.43710 0.77515
vt 0.45575 0.70877
vt 0.36884 0.63203
vt 0.29278 0.66494
vt 0.40966 0.33155
vt 0.38149 0.29027
vt 0.39160 0.67993
vt 0.40374 0.69074
vt 0.37638 0.76156
vt 0.36450 0.58691
vt 0.36558 0.61079
vt 0.28725 0.63360
vt 0.67312 0.48586
vt 0.61426 0.43663
vt 0.60230 0.45082
vt 0.62126 0.51985
vt 0.56767 0.47236
vt 0.39411 0.34948
vt 0.36548 0.30909
vt 0.38201 0.37006
vt 0.37337 0.39330
vt 0.58692 0.46265
vt 0.62170 0.74666
vt 0.52172 0.70997
vt 0.52660 0.77685
vt 0.50767 0.77636
vt 0.49426 0.70833
vt 0.48875 0.77490
vt 0.46985 0.77246
vt 0.43513 0.69520
vt 0.43212 0.76465
vt 0.41358 0.75940
vt 0.58152 0.69916
vt 0.59524 0.77005
vt 0.56419 0.70516
vt 0.51597 0.49037
vt 0.55248 0.49267
vt 0.54468 0.55079
vt 0.45589 0.48022
vt 0.48377 0.48623
vt 0.45134 0.54149
vt 0.37207 0.40117
vt 0.37720 0.42008
vt 0.29577 0.43953
vt 0.49982 0.22600
vt 0.51969 0.22957
vt 0.50041 0.29169
vt 0.53798 0.23455
vt 0.55468 0.24097
vt 0.52679 0.29667
vt 0.57061 0.24940
vt 0.58656 0.26042
vt 0.55057 0.30498
vt 0.63354 0.44775
vt 0.63181 0.41920
vt 0.63842 0.30909
vt 0.71460 0.23291
vt 0.65454 0.23291
vt 0.71460 0.59815
vt 0.63354 0.49609
vt 0.66846 0.73437
vt 0.64802 0.74966
vt 0.68507 0.71533
vt 0.37221 0.23792
vt 0.33056 0.26417
vt 0.35001 0.24940
vt 0.28540 0.38085
vt 0.28721 0.35197
vt 0.37142 0.36315
vt 0.37036 0.37989
vt 0.29263 0.32585
vt 0.37462 0.34809
vt 0.63550 0.55371
vt 0.30166 0.30252
vt 0.37994 0.33471
vt 0.47836 0.22386
vt 0.47144 0.29003
vt 0.45315 0.29095
vt 0.43655 0.29370
vt 0.42486 0.22479
vt 0.45532 0.22315
vt 0.31430 0.28196
vt 0.38740 0.32301
vt 0.60253 0.27405
vt 0.57175 0.31660
vt 0.39716 0.22971
vt 0.42166 0.29830
vt 0.69799 0.69218
vt 0.61816 0.66660
vt 0.62574 0.65064
vt 0.37036 0.66895
vt 0.40345 0.68372
vt 0.36158 0.73918
vt 0.34546 0.73095
vt 0.40847 0.30472
vt 0.46540 0.70341
vt 0.45098 0.76904
vt 0.39698 0.31299
vt 0.39564 0.75340
vt 0.54425 0.70877
vt 0.56290 0.77515
vt 0.70722 0.66494
vt 0.63116 0.63203
vt 0.61851 0.29027
vt 0.59034 0.33155
vt 0.62362 0.76156
vt 0.59626 0.69074
vt 0.60840 0.67993
vt 0.71275 0.63360
vt 0.63442 0.61079
vt 0.63550 0.58691
vt 0.38574 0.43663
vt 0.32688 0.48586
vt 0.37874 0.51985
vt 0.39770 0.45082
vt 0.43233 0.47236
vt 0.63452 0.30909
vt 0.60589 0.34948
vt 0.61799 0.37006
vt 0.62663 0.39330
vt 0.41308 0.46265
vt 0.37830 0.74666
vt 0.35000 0.52660
vt 0.35000 0.50767
vt 0.65000 0.50767
vt 0.65000 0.52660
vt 0.35000 0.48875
vt 0.35000 0.46985
vt 0.65000 0.46985
vt 0.65000 0.48875
vt 0.35000 0.43212
vt 0.35000 0.41358
vt 0.65000 0.41358
vt 0.65000 0.43212
vt 0.35000 0.43581
vt 0.35000 0.41848
vt 0.65000 0.41848
vt 0.65000 0.43581
vt 0.35000 0.48403
vt 0.35000 0.44752
vt 0.65000 0.44752
vt 0.65000 0.48403
vt 0.35000 0.54411
vt 0.35000 0.51623
vt 0.65000 0.51623
vt 0.65000 0.54411
vt 0.65000 0.40117
vt 0.65000 0.42008
vt 0.35000 0.42008
vt 0.35000 0.40117
vt 0.35000 0.50018
vt 0.35000 0.48031
vt 0.65000 0.48031
vt 0.65000 0.50018
vt 0.35000 0.46202
vt 0.35000 0.44532
vt 0.65000 0.44532
vt 0.65000 0.46202
vt 0.35000 0.42939
vt 0.35000 0.41344
vt 0.65000 0.41344
vt 0.65000 0.42939
vt 0.35000 0.44775
vt 0.35000 0.41920
vt 0.65000 0.41920
vt 0.65000 0.44775
vt 0.35000 0.30909
vt 0.35000 0.23291
vt 0.65000 0.23291
vt 0.65000 0.30909
vt 0.35000 0.34546
vt 0.35000 0.28540
vt 0.65000 0.28540
vt 0.65000 0.34546
vt 0.35000 0.49609
vt 0.65000 0.49609
vt 0.35000 0.66846
vt 0.35000 0.64802
vt 0.65000 0.64802
vt 0.65000 0.66846
vt 0.65000 0.71533
vt 0.65000 0.73437
vt 0.35000 0.73437
vt 0.35000 0.71533
vt 0.35000 0.66944
vt 0.35000 0.64999
vt 0.65000 0.64999
vt 0.65000 0.66944
vt 0.35000 0.62779
vt 0.65000 0.62779
vt 0.35000 0.38085
vt 0.35000 0.35197
vt 0.65000 0.35197
vt 0.65000 0.38085
vt 0.65000 0.36315
vt 0.65000 0.37989
vt 0.35000 0.37989
vt 0.35000 0.36315
vt 0.35000 0.32585
vt 0.65000 0.32585
vt 0.65000 0.34809
vt 0.35000 0.34809
vt 0.35000 0.36646
vt 0.65000 0.36646
vt 0.35000 0.63550
vt 0.35000 0.54468
vt 0.65000 0.54468
vt 0.65000 0.63550
vt 0.35000 0.30252
vt 0.65000 0.30252
vt 0.65000 0.33471
vt 0.35000 0.33471
vt 0.35000 0.52164
vt 0.65000 0.52164
vt 0.35000 0.50041
vt 0.35000 0.47144
vt 0.65000 0.47144
vt 0.65000 0.50041
vt 0.35000 0.52679
vt 0.65000 0.52679
vt 0.35000 0.55057
vt 0.65000 0.55057
vt 0.35000 0.45315
vt 0.35000 0.43655
vt 0.65000 0.43655
vt 0.65000 0.45315
vt 0.35000 0.57514
vt 0.35000 0.54468
vt 0.65000 0.54468
vt 0.65000 0.57514
vt 0.35000 0.28196
vt 0.65000 0.28196
vt 0.65000 0.32301
vt 0.35000 0.32301
vt 0.35000 0.50574
vt 0.35000 0.47828
vt 0.65000 0.47828
vt 0.65000 0.50574
vt 0.35000 0.39747
vt 0.65000 0.39747
vt 0.35000 0.57175
vt 0.65000 0.57175
vt 0.35000 0.60284
vt 0.65000 0.60284
vt 0.35000 0.42166
vt 0.65000 0.42166
vt 0.65000 0.69218
vt 0.35000 0.69218
vt 0.35000 0.66660
vt 0.35000 0.65064
vt 0.65000 0.65064
vt 0.65000 0.66660
vt 0.35000 0.62964
vt 0.35000 0.59655
vt 0.65000 0.59655
vt 0.65000 0.62964
vt 0.35000 0.36158
vt 0.35000 0.34546
vt 0.65000 0.34546
vt 0.65000 0.36158
vt 0.35000 0.73095
vt 0.35000 0.66895
vt 0.65000 0.66895
vt 0.65000 0.73095
vt 0.35000 0.40847
vt 0.65000 0.40847
vt 0.35000 0.53460
vt 0.65000 0.53460
vt 0.35000 0.45098
vt 0.65000 0.45098
vt 0.35000 0.45134
vt 0.65000 0.45134
vt 0.35000 0.26417
vt 0.65000 0.26417
vt 0.65000 0.31299
vt 0.35000 0.31299
vt 0.35000 0.39564
vt 0.65000 0.39564
vt 0.35000 0.56487
vt 0.65000 0.56487
vt 0.35000 0.45575
vt 0.65000 0.45575
vt 0.35000 0.56290
vt 0.65000 0.56290
vt 0.65000 0.66494
vt 0.35000 0.66494
vt 0.35000 0.63203
vt 0.65000 0.63203
vt 0.65000 0.27405
vt 0.65000 0.29027
vt 0.35000 0.29027
vt 0.35000 0.27405
vt 0.35000 0.59034
vt 0.65000 0.59034
vt 0.35000 0.43953
vt 0.65000 0.43953
vt 0.35000 0.40374
vt 0.35000 0.39160
vt 0.65000 0.39160
vt 0.65000 0.40374
vt 0.35000 0.62362
vt 0.65000 0.62362
vt 0.65000 0.59815
vt 0.65000 0.63360
vt 0.35000 0.63360
vt 0.35000 0.59815
vt 0.35000 0.61079
vt 0.35000 0.58691
vt 0.65000 0.58691
vt 0.65000 0.61079
vt 0.35000 0.67993
vt 0.65000 0.67993
vt 0.35000 0.59524
vt 0.65000 0.59524
vt 0.65000 0.43663
vt 0.35000 0.43663
vt 0.35000 0.48586
vt 0.65000 0.48586
vt 0.35000 0.39698
vt 0.65000 0.39698
vt 0.35000 0.37874
vt 0.35000 0.32688
vt 0.65000 0.32688
vt 0.65000 0.37874
vt 0.65000 0.45082
vt 0.35000 0.45082
vt 0.35000 0.56767
vt 0.65000 0.56767
vt 0.65000 0.30909
vt 0.35000 0.30909
vt 0.35000 0.34948
vt 0.35000 0.33155
vt 0.65000 0.33155
vt 0.65000 0.34948
vt 0.35000 0.55371
vt 0.65000 0.55371
vt 0.65000 0.23291
vt 0.35000 0.23291
vt 0.35000 0.36548
vt 0.35000 0.36158
vt 0.65000 0.36158
vt 0.65000 0.36548
vt 0.35000 0.37006
vt 0.65000 0.37006
vt 0.35000 0.39330
vt 0.65000 0.39330
vt 0.35000 0.58692
vt 0.65000 0.58692
vt 0.35000 0.60230
vt 0.65000 0.60230
vt 0.35000 0.37830
vt 0.65000 0.37830
vn -0.00000 0.00000 -1.00000
vn -0.00000 0.00000 -1.00000
vn -0.00000 0.00000 -1.00000
vn -0.00000 0.00000 -1.00000
vn -0.00000 0.00000 -1.00000
vn -0.00000 0.00000 -1.00000
vn 0.00000 0.00000 -1.00000
vn 0.00000 0.00000 -1.00000
vn 0.00000 0.00000 -1.00000
vn 0.00000 0.00000 -1.00000
vn 0.00000 0.00000 -1.00000
vn 0.00000 0.00000 -1.00000
vn 0.00000 0.00000 -1.00000
vn 0.00000 0.00000 -1.00000
vn 0.00000 0.00000 -1.00000
vn -0.00000 0.00000 -1.00000
vn -0.00000 0.00000 -1.00000
vn -0.00000 0.00000 -1.00000
vn -0.00000 0.00000 -1.00000
vn -0.00000 0.00000 -1.00000
vn -0.00000 0.00000 -1.00000
vn -0.00000 0.00000 -1.00000
vn -0.00000 0.00000 -1.00000
vn -0.00000 0.00000 -1.00000
vn 0.00000 0.00000 -1.00000
vn 0.00000 0.00000 -1.00000
vn 0.00000 0.00000 -1.00000
vn -0.00000 0.00000 -1.00000
vn -0.00000 0.00000 -1.00000
vn -0.00000 0.00000 -1.00000
vn -0.00000 0.00000 -1.00000
vn -0.00000 0.00000 -1.00000
vn -0.00000 0.00000 -1.00000
vn 0.00000 0.00000 -1.00000
vn 0.00000 0.00000 -1.00000
vn 0.00000 0.00000 -1.00000
vn 0.00000 0.00000 -1.00000
vn 0.00000 0.00000 -1.00000
vn 0.00000 0.00000 -1.00000
vn -0.00000 0.00000 -1.00000
vn -0.00000 0.00000 -1.00000
vn -0.00000 0.00000 -1.00000
vn -0.00000 0.00000 -1.00000
vn -0.00000 0.00000 -1.00000
vn -0.00000 0.00000 -1.00000
vn 0.00000 0.00000 -1.00000
vn -0.00000 0.00000 -1.00000
vn 0.00000 0.00000 -1.00000
vn 0.00000 0.00000 -1.00000
vn -0.00000 0.00000 -1.00000
vn -0.00000 0.00000 -1.00000
vn -0.00000 0.00000 -1.00000
vn -0.00000 0.00000 -1.00000
vn -0.00000 0.00000 -1.00000
vn -0.00000 0.00000 -1.00000
vn -0.00000 0.00000 -1.00000
vn -0.00000 0.00000 -1.00000
vn -0.00000 0.00000 -1.00000
vn -0.00000 0.00000 -1.00000
vn -0.00000 0.00000 -1.00000
vn -0.00000 0.00000 -1.00000
vn 0.00000 0.00000 -1.00000
vn -0.00000 0.00000 -1.00000
vn 0.00000 0.00000 -1.00000
vn 0.00000 0.00000 -1.00000
vn 0.00000 0.00000 -1.00000
vn 0.00000 0.00000 -1.00000
vn 0.00000 0.00000 -1.00000
vn 0.00000 0.00000 -1.00000
vn -0.00000 0.00000 -1.00000
vn -0.00000 0.00000 -1.00000
vn -0.00000 0.00000 -1.00000
vn -0.00000 0.00000 -1.00000
vn 0.00000 0.00000 -1.00000
vn 0.00000 0.00000 -1.00000
vn 0.00000 0.00000 -1.00000
vn 0.00000 0.00000 -1.00000
vn -0.00000 0.00000 -1.00000
vn 0.00000 0.00000 -1.00000
vn -0.00000 0.00000 -1.00000
vn -0.00000 0.00000 -1.00000
vn 0.00000 0.00000 -1.00000
vn 0.00000 0.00000 -1.00000
vn 0.00000 0.00000 -1.00000
vn 0.00000 0.00000 -1.00000
vn -0.00000 0.00000 -1.00000
vn 0.00000 0.00000 -1.00000
vn -0.00000 0.00000 -1.00000
vn -0.00000 0.00000 -1.00000
vn 0.00000 0.00000 -1.00000
vn 0.00000 0.00000 -1.00000
vn 0.00000 0.00000 -1.00000
vn 0.00000 0.00000 -1.00000
vn -0.00000 0.00000 -1.00000
vn -0.00000 0.00000 -1.00000
vn -0.00000 0.00000 -1.00000
vn -0.00000 0.00000 -1.00000
vn -0.00000 0.00000 -1.00000
vn -0.00000 0.00000 -1.00000
vn -0.00000 0.00000 -1.00000
vn -0.00000 0.00000 -1.00000
vn -0.00000 0.00000 -1.00000
vn -0.00000 0.00000 -1.00000
vn -0.00000 0.00000 -1.00000
vn -0.00000 0.00000 -1.00000
vn 0.00000 0.00000 -1.00000
vn -0.00000 0.00000 -1.00000
vn 0.00000 0.00000 -1.00000
vn 0.00000 0.00000 -1.00000
vn 0.00000 0.00000 -1.00000
vn 0.00000 0.00000 -1.00000
vn 0.00000 0.00000 -1.00000
vn 0.00000 0.00000 -1.00000
vn 0.00000 0.00000 -1.00000
vn -0.00000 0.00000 -1.00000
vn 0.00000 0.00000 -1.00000
vn 0.00000 0.00000 -1.00000
vn -0.00000 0.00000 -1.00000
vn 0.00000 0.00000 -1.00000
vn -0.00000 0.00000 -1.00000
vn -0.00000 0.00000 -1.00000
vn -0.00000 0.00000 -1.00000
vn 0.00000 0.00000 -1.00000
vn -0.00000 0.00000 -1.00000
vn -0.00000 0.00000 -1.00000
vn 0.00000 0.00000 -1.00000
vn 0.00000 0.00000 -1.00000
vn 0.00000 0.00000 -1.00000
vn 0.00000 0.00000 -1.00000
vn -0.00000 0.00000 -1.00000
vn 0.00000 0.00000 -1.00000
vn -0.00000 0.00000 -1.00000
vn -0.00000 0.00000 -1.00000
vn 0.00000 0.00000 -1.00000
vn 0.00000 0.00000 -1.00000
vn 0.00000 0.00000 -1.00000
vn 0.00000 0.00000 -1.00000
vn 0.00000 0.00000 -1.00000
vn -0.00000 0.00000 -1.00000
vn 0.00000 0.00000 -1.00000
vn 0.00000 0.00000 -1.00000
vn -0.00000 0.00000 -1.00000
vn 0.00000 0.00000 -1.00000
vn -0.00000 0.00000 -1.00000
vn -0.00000 0.00000 -1.00000
vn 0.00000 0.00000 -1.00000
vn -0.00000 0.00000 -1.00000
vn 0.00000 0.00000 -1.00000
vn 0.00000 0.00000 -1.00000
vn -0.00000 0.00000 -1.00000
vn 0.00000 0.00000 -1.00000
vn -0.00000 0.00000 -1.00000
vn -0.00000 0.00000 -1.00000
vn -0.00000 0.00000 -1.00000
vn 0.00000 0.00000 -1.00000
vn -0.00000 0.00000 -1.00000
vn -0.00000 0.00000 -1.00000
vn -0.00000 0.00000 -1.00000
vn -0.00000 0.00000 -1.00000
vn -0.00000 0.00000 -1.00000
vn -0.00000 0.00000 -1.00000
vn 0.00000 0.00000 -1.00000
vn 0.00000 0.00000 -1.00000
vn 0.00000 0.00000 -1.00000
vn 0.00000 0.00000 -1.00000
vn 0.00000 0.00000 -1.00000
vn 0.00000 0.00000 -1.00000
vn 0.00000 0.00000 -1.00000
vn 0.00000 0.00000 -1.00000
vn 0.00000 0.00000 -1.00000
vn -0.00000 0.00000 -1.00000
vn 0.00000 0.00000 -1.00000
vn 0.00000 0.00000 -1.00000
vn -0.00000 0.00000 -1.00000
vn 0.00000 0.00000 -1.00000
vn -0.00000 0.00000 -1.00000
vn -0.00000 0.00000 -1.00000
vn -0.00000 0.00000 -1.00000
vn 0.00000 0.00000 -1.00000
vn -0.00000 0.00000 -1.00000
vn -0.00000 0.00000 -1.00000
vn 0.00000 0.00000 -1.00000
vn 0.00000 0.00000 -1.00000
vn 0.00000 0.00000 -1.00000
vn 0.00000 0.00000 -1.00000
vn -0.00000 0.00000 -1.00000
vn -0.00000 0.00000 -1.00000
vn -0.00000 0.00000 -1.00000
vn -0.00000 0.00000 -1.00000
vn -0.00000 0.00000 -1.00000
vn -0.00000 0.00000 -1.00000
vn -0.00000 0.00000 -1.00000
vn -0.00000 0.00000 -1.00000
vn -0.00000 0.00000 -1.00000
vn 0.00000 0.00000 -1.00000
vn -0.00000 0.00000 -1.00000
vn -0.00000 0.00000 -1.00000
vn 0.00000 0.00000 -1.00000
vn 0.00000 0.00000 -1.00000
vn 0.00000 0.00000 -1.00000
vn 0.00000 0.00000 -1.00000
vn 0.00000 0.00000 -1.00000
vn -0.00000 0.00000 -1.00000
vn -0.00000 0.00000 -1.00000
vn -0.00000 0.00000 -1.00000
vn 0.00000 0.00000 -1.00000
vn -0.00000 0.00000 -1.00000
vn -0.00000 0.00000 -1.00000
vn -0.00000 0.00000 -1.00000
vn -0.00000 0.00000 -1.00000
vn -0.00000 0.00000 -1.00000
vn -0.00000 0.00000 -1.00000
vn -0.00000 0.00000 -1.00000
vn 0.00000 -0.00000 1.00000
vn 0.00000 -0.00000 1.00000
vn 0.00000 -0.00000 1.00000
vn 0.00000 -0.00000 1.00000
vn 0.00000 -0.00000 1.00000
vn 0.00000 -0.00000 1.00000
vn 0.00000 -0.00000 1.00000
vn 0.00000 -0.00000 1.00000
vn 0.00000 -0.00000 1.00000
vn 0.00000 -0.00000 1.00000
vn 0.00000 -0.00000 1.00000
vn 0.00000 -0.00000 1.00000
vn 0.00000 -0.00000 1.00000
vn 0.00000 -0.00000 1.00000
vn 0.00000 -0.00000 1.00000
vn 0.00000 -0.00000 1.00000
vn 0.00000 -0.00000 1.00000
vn 0.00000 -0.00000 1.00000
vn 0.00000 -0.00000 1.00000
vn 0.00000 -0.00000 1.00000
vn 0.00000 -0.00000 1.00000
vn 0.00000 -0.00000 1.00000
vn 0.00000 -0.00000 1.00000
vn 0.00000 -0.00000 1.00000
vn 0.00000 -0.00000 1.00000
vn 0.00000 -0.00000 1.00000
vn 0.00000 -0.00000 1.00000
vn 0.00000 -0.00000 1.00000
vn 0.00000 -0.00000 1.00000
vn 0.00000 -0.00000 1.00000
vn 0.00000 -0.00000 1.00000
vn 0.00000 -0.00000 1.00000
vn 0.00000 -0.00000 1.00000
vn 0.00000 -0.00000 1.00000
vn 0.00000 -0.00000 1.00000
vn 0.00000 -0.00000 1.00000
vn 0.00000 -0.00000 1.00000
vn 0.00000 -0.00000 1.00000
vn 0.00000 -0.00000 1.00000
vn 0.00000 -0.00000 1.00000
vn 0.00000 -0.00000 1.00000
vn 0.00000 -0.00000 1.00000
vn 0.00000 -0.00000 1.00000
vn 0.00000 -0.00000 1.00000
vn 0.00000 -0.00000 1.00000
vn 0.00000 -0.00000 1.00000
vn 0.00000 -0.00000 1.00000
vn 0.00000 -0.00000 1.00000
vn 0.00000 -0.00000 1.00000
vn 0.00000 -0.00000 1.00000
vn 0.00000 -0.00000 1.00000
vn 0.00000 -0.00000 1.00000
vn 0.00000 -0.00000 1.00000
vn 0.00000 -0.00000 1.00000
vn 0.00000 -0.00000 1.00000
vn 0.00000 -0.00000 1.00000
vn 0.00000 -0.00000 1.00000
vn 0.00000 -0.00000 1.00000
vn 0.00000 -0.00000 1.00000
vn 0.00000 -0.00000 1.00000
vn 0.00000 -0.00000 1.00000
vn 0.00000 -0.00000 1.00000
vn 0.00000 -0.00000 1.00000
vn 0.00000 -0.00000 1.00000
vn 0.00000 -0.00000 1.00000
vn 0.00000 -0.00000 1.00000
vn 0.00000 -0.00000 1.00000
vn 0.00000 -0.00000 1.00000
vn 0.00000 -0.00000 1.00000
vn 0.00000 -0.00000 1.00000
vn 0.00000 -0.00000 1.00000
vn 0.00000 -0.00000 1.00000
vn 0.00000 -0.00000 1.00000
vn 0.00000 -0.00000 1.00000
vn 0.00000 -0.00000 1.00000
vn 0.00000 -0.00000 1.00000
vn 0.00000 -0.00000 1.00000
vn 0.00000 -0.00000 1.00000
vn 0.00000 -0.00000 1.00000
vn 0.00000 -0.00000 1.00000
vn 0.00000 -0.00000 1.00000
vn 0.00000 -0.00000 1.00000
vn 0.00000 -0.00000 1.00000
vn 0.00000 -0.00000 1.00000
vn 0.00000 -0.00000 1.00000
vn 0.00000 -0.00000 1.00000
vn 0.00000 -0.00000 1.00000
vn 0.00000 -0.00000 1.00000
vn 0.00000 -0.00000 1.00000
vn 0.00000 -0.00000 1.00000
vn 0.00000 -0.00000 1.00000
vn 0.00000 -0.00000 1.00000
vn 0.00000 -0.00000 1.00000
vn 0.00000 -0.00000 1.00000
vn 0.00000 -0.00000 1.00000
vn 0.00000 -0.00000 1.00000
vn 0.00000 -0.00000 1.00000
vn 0.00000 -0.00000 1.00000
vn 0.00000 -0.00000 1.00000
vn 0.00000 -0.00000 1.00000
vn 0.00000 -0.00000 1.00000
vn 0.00000 -0.00000 1.00000
vn 0.00000 -0.00000 1.00000
vn 0.00000 -0.00000 1.00000
vn 0.00000 -0.00000 1.00000
vn 0.00000 -0.00000 1.00000
vn 0.00000 -0.00000 1.00000
vn 0.00000 -0.00000 1.00000
vn 0.00000 -0.00000 1.00000
vn 0.00000 -0.00000 1.00000
vn 0.00000 -0.00000 1.00000
vn 0.00000 -0.00000 1.00000
vn 0.00000 -0.00000 1.00000
vn 0.00000 -0.00000 1.00000
vn 0.00000 -0.00000 1.00000
vn 0.00000 -0.00000 1.00000
vn 0.00000 -0.00000 1.00000
vn 0.00000 -0.00000 1.00000
vn 0.00000 -0.00000 1.00000
vn 0.00000 -0.00000 1.00000
vn 0.00000 -0.00000 1.00000
vn 0.00000 -0.00000 1.00000
vn 0.00000 -0.00000 1.00000
vn 0.00000 -0.00000 1.00000
vn 0.00000 -0.00000 1.00000
vn 0.00000 -0.00000 1.00000
vn 0.00000 -0.00000 1.00000
vn 0.00000 -0.00000 1.00000
vn 0.00000 -0.00000 1.00000
vn 0.00000 -0.00000 1.00000
vn 0.00000 -0.00000 1.00000
vn 0.00000 -0.00000 1.00000
vn 0.00000 -0.00000 1.00000
vn 0.00000 -0.00000 1.00000
vn 0.00000 -0.00000 1.00000
vn 0.00000 -0.00000 1.00000
vn 0.00000 -0.00000 1.00000
vn 0.00000 -0.00000 1.00000
vn 0.00000 -0.00000 1.00000
vn 0.00000 -0.00000 1.00000
vn 0.00000 -0.00000 1.00000
vn 0.00000 -0.00000 1.00000
vn 0.00000 -0.00000 1.00000
vn 0.00000 -0.00000 1.00000
vn 0.00000 -0.00000 1.00000
vn 0.00000 -0.00000 1.00000
vn 0.00000 -0.00000 1.00000
vn 0.00000 -0.00000 1.00000
vn 0.00000 -0.00000 1.00000
vn 0.00000 -0.00000 1.00000
vn 0.00000 -0.00000 1.00000
vn 0.00000 -0.00000 1.00000
vn 0.00000 -0.00000 1.00000
vn 0.00000 -0.00000 1.00000
vn 0.00000 -0.00000 1.00000
vn 0.00000 -0.00000 1.00000
vn 0.00000 -0.00000 1.00000
vn 0.00000 -0.00000 1.00000
vn 0.00000 -0.00000 1.00000
vn 0.00000 -0.00000 1.00000
vn 0.00000 -0.00000 1.00000
vn 0.00000 -0.00000 1.00000
vn 0.00000 -0.00000 1.00000
vn 0.00000 -0.00000 1.00000
vn 0.00000 -0.00000 1.00000
vn 0.00000 -0.00000 1.00000
vn 0.00000 -0.00000 1.00000
vn 0.00000 -0.00000 1.00000
vn 0.00000 -0.00000 1.00000
vn 0.00000 -0.00000 1.00000
vn 0.00000 -0.00000 1.00000
vn 0.00000 -0.00000 1.00000
vn 0.00000 -0.00000 1.00000
vn 0.00000 -0.00000 1.00000
vn 0.00000 -0.00000 1.00000
vn 0.00000 -0.00000 1.00000
vn 0.00000 -0.00000 1.00000
vn 0.00000 -0.00000 1.00000
vn 0.00000 -0.00000 1.00000
vn 0.00000 -0.00000 1.00000
vn 0.00000 -0.00000 1.00000
vn 0.00000 -0.00000 1.00000
vn 0.00000 -0.00000 1.00000
vn 0.00000 -0.00000 1.00000
vn 0.00000 -0.00000 1.00000
vn 0.00000 -0.00000 1.00000
vn 0.00000 -0.00000 1.00000
vn 0.00000 -0.00000 1.00000
vn 0.00000 -0.00000 1.00000
vn 0.00000 -0.00000 1.00000
vn 0.00000 -0.00000 1.00000
vn 0.00000 -0.00000 1.00000
vn 0.00000 -0.00000 1.00000
vn 0.00000 -0.00000 1.00000
vn 0.00000 -0.00000 1.00000
vn 0.00000 -0.00000 1.00000
vn 0.00000 -0.00000 1.00000
vn 0.00000 -0.00000 1.00000
vn 0.00000 -0.00000 1.00000
vn 0.00000 -0.00000 1.00000
vn 0.00000 -0.00000 1.00000
vn 0.00000 -0.00000 1.00000
vn 0.00000 -0.00000 1.00000
vn 0.00000 -0.00000 1.00000
vn 0.00000 -0.00000 1.00000
vn 0.00000 -0.00000 1.00000
vn 0.00000 -0.00000 1.00000
vn 0.00000 -0.00000 1.00000
vn 0.00000 -0.00000 1.00000
vn 0.00000 -0.00000 1.00000
vn 0.00000 -0.00000 1.00000
vn 0.00000 -0.00000 1.00000
vn 0.00000 -0.00000 1.00000
vn -0.02577 0.99967 0.00000
vn -0.02577 0.99967 0.00000
vn -0.02577 0.99967 0.00000
vn -0.02577 0.99967 0.00000
vn -0.12806 0.99177 0.00000
vn -0.12806 0.99177 0.00000
vn -0.12806 0.99177 0.00000
vn -0.12806 0.99177 0.00000
vn -0.27249 0.96216 0.00000
vn -0.27249 0.96216 0.00000
vn -0.27249 0.96216 0.00000
vn -0.27249 0.96216 0.00000
vn -0.32745 -0.94487 -0.00000
vn -0.32745 -0.94487 -0.00000
vn -0.32745 -0.94487 -0.00000
vn -0.32745 -0.94487 -0.00000
vn 0.06273 -0.99803 -0.00000
vn 0.06273 -0.99803 -0.00000
vn 0.06273 -0.99803 -0.00000
vn 0.06273 -0.99803 -0.00000
vn 0.21053 -0.97759 -0.00000
vn 0.21053 -0.97759 -0.00000
vn 0.21053 -0.97759 -0.00000
vn 0.21053 -0.97759 -0.00000
vn 0.96518 -0.26160 -0.00000
vn 0.96518 -0.26160 -0.00000
vn 0.96518 -0.26160 -0.00000
vn 0.96518 -0.26160 -0.00000
vn 0.17653 -0.98430 -0.00000
vn 0.17653 -0.98430 -0.00000
vn 0.17653 -0.98430 -0.00000
vn 0.17653 -0.98430 -0.00000
vn 0.35852 -0.93352 -0.00000
vn 0.35852 -0.93352 -0.00000
vn 0.35852 -0.93352 -0.00000
vn 0.35852 -0.93352 -0.00000
vn 0.56866 -0.82258 -0.00000
vn 0.56866 -0.82258 -0.00000
vn 0.56866 -0.82258 -0.00000
vn 0.56866 -0.82258 -0.00000
vn -0.99817 0.06041 0.00000
vn -0.99817 0.06041 0.00000
vn -0.99817 0.06041 0.00000
vn -0.99817 0.06041 0.00000
vn -0.97834 -0.20702 -0.00000
vn -0.97834 -0.20702 -0.00000
vn -0.97834 -0.20702 -0.00000
vn -0.97834 -0.20702 -0.00000
vn 0.00000 -1.00000 -0.00000
vn 0.00000 -1.00000 -0.00000
vn 0.00000 -1.00000 -0.00000
vn 0.00000 -1.00000 -0.00000
vn -1.00000 0.00000 0.00000
vn -1.00000 0.00000 0.00000
vn -1.00000 0.00000 0.00000
vn -1.00000 0.00000 0.00000
vn 0.59908 0.80069 0.00000
vn 0.59908 0.80069 0.00000
vn 0.59908 0.80069 0.00000
vn 0.59908 0.80069 0.00000
vn 0.75359 0.65735 0.00000
vn 0.75359 0.65735 0.00000
vn 0.75359 0.65735 0.00000
vn 0.75359 0.65735 0.00000
vn -0.60474 -0.79642 -0.00000
vn -0.60474 -0.79642 -0.00000
vn -0.60474 -0.79642 -0.00000
vn -0.60474 -0.79642 -0.00000
vn -0.45951 -0.88817 -0.00000
vn -0.45951 -0.88817 -0.00000
vn -0.45951 -0.88817 -0.00000
vn -0.45951 -0.88817 -0.00000
vn -0.99805 -0.06242 -0.00000
vn -0.99805 -0.06242 -0.00000
vn -0.99805 -0.06242 -0.00000
vn -0.99805 -0.06242 -0.00000
vn 0.99798 0.06347 0.00000
vn 0.99798 0.06347 0.00000
vn 0.99798 0.06347 0.00000
vn 0.99798 0.06347 0.00000
vn -0.97913 -0.20322 -0.00000
vn -0.97913 -0.20322 -0.00000
vn -0.97913 -0.20322 -0.00000
vn -0.97913 -0.20322 -0.00000
vn 0.97824 0.20747 0.00000
vn 0.97824 0.20747 0.00000
vn 0.97824 0.20747 0.00000
vn 0.97824 0.20747 0.00000
vn 0.04215 -0.99911 -0.00000
vn 0.04215 -0.99911 -0.00000
vn 0.04215 -0.99911 -0.00000
vn 0.04215 -0.99911 -0.00000
vn -0.03214 0.99948 0.00000
vn -0.03214 0.99948 0.00000
vn -0.03214 0.99948 0.00000
vn -0.03214 0.99948 0.00000
vn -0.93259 -0.36095 -0.00000
vn -0.93259 -0.36095 -0.00000
vn -0.93259 -0.36095 -0.00000
vn -0.93259 -0.36095 -0.00000
vn 0.92915 0.36971 0.00000
vn 0.92915 0.36971 0.00000
vn 0.92915 0.36971 0.00000
vn 0.92915 0.36971 0.00000
vn 0.09917 -0.99507 -0.00000
vn 0.09917 -0.99507 -0.00000
vn 0.09917 -0.99507 -0.00000
vn 0.09917 -0.99507 -0.00000
vn -0.05723 0.99836 0.00000
vn -0.05723 0.99836 0.00000
vn -0.05723 0.99836 0.00000
vn -0.05723 0.99836 0.00000
vn -0.18561 0.98262 0.00000
vn -0.18561 0.98262 0.00000
vn -0.18561 0.98262 0.00000
vn -0.18561 0.98262 0.00000
vn 0.26321 -0.96474 -0.00000
vn 0.26321 -0.96474 -0.00000
vn 0.26321 -0.96474 -0.00000
vn 0.26321 -0.96474 -0.00000
vn -0.32968 0.94409 0.00000
vn -0.32968 0.94409 0.00000
vn -0.32968 0.94409 0.00000
vn -0.32968 0.94409 0.00000
vn 0.46762 -0.88393 -0.00000
vn 0.46762 -0.88393 -0.00000
vn 0.46762 -0.88393 -0.00000
vn 0.46762 -0.88393 -0.00000
vn 0.16381 0.98649 0.00000
vn 0.16381 0.98649 0.00000
vn 0.16381 0.98649 0.00000
vn 0.16381 0.98649 0.00000
vn -0.05380 -0.99855 -0.00000
vn -0.05380 -0.99855 -0.00000
vn -0.05380 -0.99855 -0.00000
vn -0.05380 -0.99855 -0.00000
vn -0.85182 -0.52384 -0.00000
vn -0.85182 -0.52384 -0.00000
vn -0.85182 -0.52384 -0.00000
vn -0.85182 -0.52384 -0.00000
vn 0.84336 0.53735 0.00000
vn 0.84336 0.53735 0.00000
vn 0.84336 0.53735 0.00000
vn 0.84336 0.53735 0.00000
vn 0.05966 -0.99822 -0.00000
vn 0.05966 -0.99822 -0.00000
vn 0.05966 -0.99822 -0.00000
vn 0.05966 -0.99822 -0.00000
vn -0.07717 0.99702 0.00000
vn -0.07717 0.99702 0.00000
vn -0.07717 0.99702 0.00000
vn -0.07717 0.99702 0.00000
vn 0.64906 -0.76073 -0.00000
vn 0.64906 -0.76073 -0.00000
vn 0.64906 -0.76073 -0.00000
vn 0.64906 -0.76073 -0.00000
vn -0.48112 0.87666 0.00000
vn -0.48112 0.87666 0.00000
vn -0.48112 0.87666 0.00000
vn -0.48112 0.87666 0.00000
vn -0.17494 -0.98458 -0.00000
vn -0.17494 -0.98458 -0.00000
vn -0.17494 -0.98458 -0.00000
vn -0.17494 -0.98458 -0.00000
vn 0.29466 0.95560 0.00000
vn 0.29466 0.95560 0.00000
vn 0.29466 0.95560 0.00000
vn 0.29466 0.95560 0.00000
vn 0.03092 -0.99952 -0.00000
vn 0.03092 -0.99952 -0.00000
vn 0.03092 -0.99952 -0.00000
vn 0.03092 -0.99952 -0.00000
vn 0.05014 0.99874 0.00000
vn 0.05014 0.99874 0.00000
vn 0.05014 0.99874 0.00000
vn 0.05014 0.99874 0.00000
vn 0.87316 0.48743 0.00000
vn 0.87316 0.48743 0.00000
vn 0.87316 0.48743 0.00000
vn 0.87316 0.48743 0.00000
vn -0.90318 -0.42926 -0.00000
vn -0.90318 -0.42926 -0.00000
vn -0.90318 -0.42926 -0.00000
vn -0.90318 -0.42926 -0.00000
vn 0.40755 -0.91318 -0.00000
vn 0.40755 -0.91318 -0.00000
vn 0.40755 -0.91318 -0.00000
vn 0.40755 -0.91318 -0.00000
vn -0.45464 0.89067 0.00000
vn -0.45464 0.89067 0.00000
vn -0.45464 0.89067 0.00000
vn -0.45464 0.89067 0.00000
vn -0.92796 -0.37268 -0.00000
vn -0.92796 -0.37268 -0.00000
vn -0.92796 -0.37268 -0.00000
vn -0.92796 -0.37268 -0.00000
vn -0.31234 -0.94997 -0.00000
vn -0.31234 -0.94997 -0.00000
vn -0.31234 -0.94997 -0.00000
vn -0.31234 -0.94997 -0.00000
vn 0.43810 0.89893 0.00000
vn 0.43810 0.89893 0.00000
vn 0.43810 0.89893 0.00000
vn 0.43810 0.89893 0.00000
vn 0.16811 -0.98577 -0.00000
vn 0.16811 -0.98577 -0.00000
vn 0.16811 -0.98577 -0.00000
vn 0.16811 -0.98577 -0.00000
vn -0.17807 0.98402 0.00000
vn -0.17807 0.98402 0.00000
vn -0.17807 0.98402 0.00000
vn -0.17807 0.98402 0.00000
vn -0.09914 0.99507 0.00000
vn -0.09914 0.99507 0.00000
vn -0.09914 0.99507 0.00000
vn -0.09914 0.99507 0.00000
vn 0.12783 -0.99180 -0.00000
vn 0.12783 -0.99180 -0.00000
vn 0.12783 -0.99180 -0.00000
vn 0.12783 -0.99180 -0.00000
vn -0.73813 -0.67466 -0.00000
vn -0.73813 -0.67466 -0.00000
vn -0.73813 -0.67466 -0.00000
vn -0.73813 -0.67466 -0.00000
vn 0.72257 0.69130 0.00000
vn 0.72257 0.69130 0.00000
vn 0.72257 0.69130 0.00000
vn 0.72257 0.69130 0.00000
vn -0.31702 0.94842 0.00000
vn -0.31702 0.94842 0.00000
vn -0.31702 0.94842 0.00000
vn -0.31702 0.94842 0.00000
vn 0.34084 -0.94012 -0.00000
vn 0.34084 -0.94012 -0.00000
vn 0.34084 -0.94012 -0.00000
vn 0.34084 -0.94012 -0.00000
vn -0.22683 0.97393 0.00000
vn -0.22683 0.97393 0.00000
vn -0.22683 0.97393 0.00000
vn -0.22683 0.97393 0.00000
vn 0.26157 -0.96518 -0.00000
vn 0.26157 -0.96518 -0.00000
vn 0.26157 -0.96518 -0.00000
vn 0.26157 -0.96518 -0.00000
vn -0.05325 -0.99858 -0.00000
vn -0.05325 -0.99858 -0.00000
vn -0.05325 -0.99858 -0.00000
vn -0.05325 -0.99858 -0.00000
vn 0.04675 0.99891 0.00000
vn 0.04675 0.99891 0.00000
vn 0.04675 0.99891 0.00000
vn 0.04675 0.99891 0.00000
vn 0.94714 0.32081 0.00000
vn 0.94714 0.32081 0.00000
vn 0.94714 0.32081 0.00000
vn 0.94714 0.32081 0.00000
vn -0.96009 -0.27971 -0.00000
vn -0.96009 -0.27971 -0.00000
vn -0.96009 -0.27971 -0.00000
vn -0.96009 -0.27971 -0.00000
vn 0.71225 -0.70192 -0.00000
vn 0.71225 -0.70192 -0.00000
vn 0.71225 -0.70192 -0.00000
vn 0.71225 -0.70192 -0.00000
vn -0.62669 0.77927 0.00000
vn -0.62669 0.77927 0.00000
vn -0.62669 0.77927 0.00000
vn -0.62669 0.77927 0.00000
vn -0.98474 0.17406 0.00000
vn -0.98474 0.17406 0.00000
vn -0.98474 0.17406 0.00000
vn -0.98474 0.17406 0.00000
vn 0.99679 -0.08006 -0.00000
vn 0.99679 -0.08006 -0.00000
vn 0.99679 -0.08006 -0.00000
vn 0.99679 -0.08006 -0.00000
vn -0.66519 -0.74668 -0.00000
vn -0.66519 -0.74668 -0.00000
vn -0.66519 -0.74668 -0.00000
vn -0.66519 -0.74668 -0.00000
vn 0.43810 0.89893 0.00000
vn 0.43810 0.89893 0.00000
vn 0.43810 0.89893 0.00000
vn 0.43810 0.89893 0.00000
vn 0.99865 0.05200 0.00000
vn 0.99865 0.05200 0.00000
vn 0.99865 0.05200 0.00000
vn 0.99865 0.05200 0.00000
vn -0.99897 -0.04534 -0.00000
vn -0.99897 -0.04534 -0.00000
vn -0.99897 -0.04534 -0.00000
vn -0.99897 -0.04534 -0.00000
vn -0.80690 -0.59068 -0.00000
vn -0.80690 -0.59068 -0.00000
vn -0.80690 -0.59068 -0.00000
vn -0.80690 -0.59068 -0.00000
vn -0.49568 -0.86850 -0.00000
vn -0.49568 -0.86850 -0.00000
vn -0.49568 -0.86850 -0.00000
vn -0.49568 -0.86850 -0.00000
vn 0.28687 0.95797 0.00000
vn 0.28687 0.95797 0.00000
vn 0.28687 0.95797 0.00000
vn 0.28687 0.95797 0.00000
vn 0.98475 0.17395 0.00000
vn 0.98475 0.17395 0.00000
vn 0.98475 0.17395 0.00000
vn 0.98475 0.17395 0.00000
vn -0.98848 -0.15133 -0.00000
vn -0.98848 -0.15133 -0.00000
vn -0.98848 -0.15133 -0.00000
vn -0.98848 -0.15133 -0.00000
vn 0.88860 -0.45869 -0.00000
vn 0.88860 -0.45869 -0.00000
vn 0.88860 -0.45869 -0.00000
vn 0.88860 -0.45869 -0.00000
vn -0.83018 0.55750 0.00000
vn -0.83018 0.55750 0.00000
vn -0.83018 0.55750 0.00000
vn -0.83018 0.55750 0.00000
vn 0.58396 0.81178 0.00000
vn 0.58396 0.81178 0.00000
vn 0.58396 0.81178 0.00000
vn 0.58396 0.81178 0.00000
vn -0.17795 -0.98404 -0.00000
vn -0.17795 -0.98404 -0.00000
vn -0.17795 -0.98404 -0.00000
vn -0.17795 -0.98404 -0.00000
vn 0.15571 0.98780 0.00000
vn 0.15571 0.98780 0.00000
vn 0.15571 0.98780 0.00000
vn 0.15571 0.98780 0.00000
vn -0.54818 0.83636 0.00000
vn -0.54818 0.83636 0.00000
vn -0.54818 0.83636 0.00000
vn -0.54818 0.83636 0.00000
vn 0.76460 -0.64451 -0.00000
vn 0.76460 -0.64451 -0.00000
vn 0.76460 -0.64451 -0.00000
vn 0.76460 -0.64451 -0.00000
vn 0.31637 -0.94864 -0.00000
vn 0.31637 -0.94864 -0.00000
vn 0.31637 -0.94864 -0.00000
vn 0.31637 -0.94864 -0.00000
vn -0.28571 0.95832 0.00000
vn -0.28571 0.95832 0.00000
vn -0.28571 0.95832 0.00000
vn -0.28571 0.95832 0.00000
vn 0.76177 -0.64785 -0.00000
vn 0.76177 -0.64785 -0.00000
vn 0.76177 -0.64785 -0.00000
vn 0.76177 -0.64785 -0.00000
vn -0.75539 0.65528 0.00000
vn -0.75539 0.65528 0.00000
vn -0.75539 0.65528 0.00000
vn -0.75539 0.65528 0.00000
vn -1.00000 0.00000 0.00000
vn -1.00000 0.00000 0.00000
vn -1.00000 0.00000 0.00000
vn -1.00000 0.00000 0.00000
vn 1.00000 0.00000 0.00000
vn 1.00000 0.00000 0.00000
vn 1.00000 0.00000 0.00000
vn 1.00000 0.00000 0.00000
vn 0.00000 -1.00000 -0.00000
vn 0.00000 -1.00000 -0.00000
vn 0.00000 -1.00000 -0.00000
vn 0.00000 -1.00000 -0.00000
vn -0.86216 0.50664 0.00000
vn -0.86216 0.50664 0.00000
vn -0.86216 0.50664 0.00000
vn -0.86216 0.50664 0.00000
vn -0.93732 0.34847 0.00000
vn -0.93732 0.34847 0.00000
vn -0.93732 0.34847 0.00000
vn -0.93732 0.34847 0.00000
vn -0.98055 0.19629 0.00000
vn -0.98055 0.19629 0.00000
vn -0.98055 0.19629 0.00000
vn -0.98055 0.19629 0.00000
vn 0.45053 -0.89276 -0.00000
vn 0.45053 -0.89276 -0.00000
vn 0.45053 -0.89276 -0.00000
vn 0.45053 -0.89276 -0.00000
vn 0.60967 -0.79266 -0.00000
vn 0.60967 -0.79266 -0.00000
vn 0.60967 -0.79266 -0.00000
vn 0.60967 -0.79266 -0.00000
vn -0.36244 0.93201 0.00000
vn -0.36244 0.93201 0.00000
vn -0.36244 0.93201 0.00000
vn -0.36244 0.93201 0.00000
vn -0.40843 0.91279 0.00000
vn -0.40843 0.91279 0.00000
vn -0.40843 0.91279 0.00000
vn -0.40843 0.91279 0.00000
f 1881/3191/7679 1882/3192/7680 1883/3193/7681 
f 1884/3194/7682 1885/3195/7683 1886/3196/7684 
f 1887/3197/7685 1888/3198/7686 1889/3199/7687 
f 1890/3200/7688 1891/3201/7689 1892/3202/7690 
f 1893/3203/7691 1894/3204/7692 1895/3205/7693 
f 1896/3206/7694 1897/3207/7695 1898/3208/7696 
f 1899/3209/7697 1900/3210/7698 1901/3211/7699 
f 1902/3212/7700 1903/3213/7701 1904/3214/7702 
f 1905/3215/7703 1906/3216/7704 1907/3217/7705 
f 1908/3218/7706 1909/3219/7707 1910/3220/7708 
f 1911/3221/7709 1912/3222/7710 1913/3223/7711 
f 1914/3224/7712 1911/3221/7713 1915/3225/7714 
f 1916/3226/7715 1917/3227/7716 1913/3223/7717 
f 1918/3228/7718 1919/3229/7719 1920/3230/7720 
f 1921/3231/7721 1922/3232/7722 1923/3233/7723 
f 1924/3234/7724 1925/3235/7725 1926/3236/7726 1927/3237/7727 
f 1925/3235/7728 1928/3238/7729 1929/3239/7730 1926/3236/7731 
f 1893/3203/7732 1930/3240/7733 1916/3226/7734 1894/3204/7735 
f 1928/3238/7736 1931/3241/7737 1932/3242/7738 1929/3239/7739 
f 1933/3243/7740 1902/3212/7741 1904/3214/7742 1934/3244/7743 
f 1907/3217/7744 1903/3213/7745 1902/3212/7746 1905/3215/7747 
f 1906/3216/7748 1905/3215/7749 1908/3218/7750 1910/3220/7751 
f 1935/3245/7752 1936/3246/7753 1937/3247/7754 1938/3248/7755 
f 1931/3241/7756 1939/3249/7757 1940/3250/7758 1932/3242/7759 
f 1885/3195/7760 1881/3191/7761 1883/3193/7762 1886/3196/7763 
f 1941/3251/7764 1942/3252/7765 1909/3219/7766 1908/3218/7767 
f 1943/3253/7768 1937/3247/7769 1936/3246/7770 1944/3254/7771 
f 1933/3243/7772 1934/3244/7773 1935/3245/7774 1938/3248/7775 
f 1945/3255/7776 1946/3256/7777 1918/3228/7778 1947/3257/7779 
f 1948/3258/7780 1949/3259/7781 1950/3260/7782 1951/3261/7783 
f 1952/3262/7784 1943/3253/7785 1944/3254/7786 1923/3233/7787 
f 1953/3263/7788 1884/3194/7789 1886/3196/7790 1954/3264/7791 
f 1895/3205/7792 1897/3207/7793 1896/3206/7794 1893/3203/7795 
f 1939/3249/7796 1955/3265/7797 1922/3232/7798 1940/3250/7799 
f 1889/3199/7800 1950/3260/7801 1956/3266/7802 1887/3197/7803 
f 1954/3264/7804 1889/3199/7805 1888/3198/7806 1953/3263/7807 
f 1882/3192/7808 1957/3267/7809 1958/3268/7810 1883/3193/7811 
f 1959/3269/7812 1945/3255/7813 1947/3257/7814 1960/3270/7815 
f 1961/3271/7816 1962/3272/7817 1942/3252/7818 1941/3251/7819 
f 1901/3211/7820 1924/3234/7821 1927/3237/7822 1899/3209/7823 
f 1919/3229/7824 1963/3273/7825 1964/3274/7826 1965/3275/7827 
f 1966/3276/7828 1967/3277/7829 1968/3278/7830 1917/3227/7831 
f 1946/3256/7832 1963/3273/7833 1919/3229/7834 1918/3228/7835 
f 1965/3275/7836 1964/3274/7837 1892/3202/7838 1891/3201/7839 
f 1967/3277/7840 1959/3269/7841 1960/3270/7842 1968/3278/7843 
f 1899/3209/7844 1969/3279/7845 1970/3280/7846 1900/3210/7847 
f 1955/3265/7848 1952/3262/7849 1923/3233/7850 1922/3232/7851 
f 1957/3267/7852 1891/3201/7853 1890/3200/7854 1958/3268/7855 
f 1971/3281/7856 1970/3280/7857 1969/3279/7858 1972/3282/7859 
f 1972/3282/7860 1896/3206/7861 1898/3208/7862 1973/3283/7863 
f 1961/3271/7864 1974/3284/7865 1975/3285/7866 1962/3272/7867 
f 1917/3227/7868 1916/3226/7869 1930/3240/7870 1966/3276/7871 
f 1917/3227/7872 1915/3225/7873 1911/3221/7874 1913/3223/7875 
f 1976/3286/7876 1911/3221/7877 1975/3285/7878 1974/3284/7879 
f 1912/3222/7880 1911/3221/7881 1976/3286/7883 1977/3287/7882 
f 1971/3281/7884 1972/3282/7885 1973/3283/7887 1978/3288/7886 
f 1949/3259/7888 1979/3289/7889 1956/3266/7890 1950/3260/7891 
f 1980/3290/7892 1981/3291/7893 1982/3292/7894 
f 1983/3293/7895 1984/3294/7896 1985/3295/7897 
f 1986/3296/7898 1987/3297/7899 1988/3298/7900 
f 1989/3299/7901 1990/3300/7902 1991/3301/7903 
f 1992/3302/7904 1993/3303/7905 1994/3304/7906 
f 1995/3305/7907 1996/3306/7908 1997/3307/7909 
f 1998/3308/7910 1999/3309/7911 2000/3310/7912 
f 2001/3311/7913 2002/3312/7914 2003/3313/7915 
f 2004/3314/7916 2005/3315/7917 2006/3316/7918 
f 2007/3317/7919 2008/3318/7920 2009/3319/7921 
f 2010/3320/7922 2011/3321/7923 2012/3322/7924 
f 2013/3323/7925 2012/3322/7926 2014/3324/7927 
f 2010/3320/7928 2015/3325/7929 2016/3326/7930 
f 2017/3327/7931 2018/3328/7932 2019/3329/7933 
f 2020/3330/7934 2021/3331/7935 2022/3332/7936 
f 2023/3333/7937 2024/3334/7938 2025/3335/7939 2026/3336/7940 
f 2024/3334/7941 2027/3337/7942 2028/3338/7943 2025/3335/7944 
f 1993/3303/7945 2016/3326/7946 2029/3339/7947 1994/3304/7948 
f 2027/3337/7949 2030/3340/7950 2031/3341/7951 2028/3338/7952 
f 2032/3342/7953 2001/3311/7954 2003/3313/7955 2033/3343/7956 
f 2006/3316/7957 2003/3313/7958 2002/3312/7959 2004/3314/7960 
f 2007/3317/7961 2009/3319/7962 2006/3316/7963 2005/3315/7964 
f 2034/3344/7965 2035/3345/7966 2036/3346/7967 2037/3347/7968 
f 2030/3340/7969 2038/3348/7970 2039/3349/7971 2031/3341/7972 
f 1983/3293/7973 1980/3290/7974 1982/3292/7975 1984/3294/7976 
f 2009/3319/7977 2008/3318/7978 2040/3350/7979 2041/3351/7980 
f 2042/3352/7981 2036/3346/7982 2035/3345/7983 2043/3353/7984 
f 2034/3344/7985 2037/3347/7986 2032/3342/7987 2033/3343/7988 
f 2044/3354/7989 2019/3329/7990 2045/3355/7991 2046/3356/7992 
f 2047/3357/7993 2048/3358/7994 2049/3359/7995 2050/3360/7996 
f 2020/3330/7997 2042/3352/7998 2043/3353/7999 2051/3361/8000 
f 2052/3362/8001 1983/3293/8002 1985/3295/8003 2053/3363/8004 
f 1994/3304/8005 1997/3307/8006 1996/3306/8007 1992/3302/8008 
f 2038/3348/8009 2021/3331/8010 2054/3364/8011 2039/3349/8012 
f 1988/3298/8013 2055/3365/8014 2048/3358/8015 1986/3296/8016 
f 2053/3363/8017 1987/3297/8018 1986/3296/8019 2052/3362/8020 
f 1980/3290/8021 2056/3366/8022 2057/3367/8023 1981/3291/8024 
f 2058/3368/8025 2044/3354/8026 2046/3356/8027 2059/3369/8028 
f 2041/3351/8029 2040/3350/8030 2060/3370/8031 2061/3371/8032 
f 2000/3310/8033 2023/3333/8034 2026/3336/8035 1998/3308/8036 
f 2062/3372/8037 2063/3373/8038 2064/3374/8039 2018/3328/8040 
f 2015/3325/8041 2065/3375/8042 2066/3376/8043 2067/3377/8044 
f 2019/3329/8045 2018/3328/8046 2064/3374/8047 2045/3355/8048 
f 1990/3300/8049 1989/3299/8050 2063/3373/8051 2062/3372/8052 
f 2065/3375/8053 2058/3368/8054 2059/3369/8055 2066/3376/8056 
f 1999/3309/8057 2068/3378/8058 2069/3379/8059 2000/3310/8060 
f 2021/3331/8061 2020/3330/8062 2051/3361/8063 2054/3364/8064 
f 2056/3366/8065 1991/3301/8066 1990/3300/8067 2057/3367/8068 
f 2070/3380/8069 2069/3379/8070 2068/3378/8071 2071/3381/8072 
f 2072/3382/8073 1995/3305/8074 1997/3307/8075 2070/3380/8076 
f 2060/3370/8077 2073/3383/8078 2074/3384/8079 2061/3371/8080 
f 2067/3377/8081 2029/3339/8082 2016/3326/8084 2015/3325/8083 
f 2010/3320/8085 2012/3322/8086 2013/3323/8087 2015/3325/8088 
f 2074/3384/8089 2073/3383/8090 2012/3322/8091 2075/3385/8092 
f 2076/3386/8093 2075/3385/8094 2012/3322/8095 2011/3321/8096 
f 2077/3387/8097 2072/3382/8098 2070/3380/8099 2071/3381/8100 
f 2048/3358/8101 2055/3365/8102 2078/3388/8103 2049/3359/8104 
f 1882/3389/8105 1881/3390/8106 1982/3391/8107 1981/3392/8108 
f 1885/3393/8109 1884/3394/8110 1985/3395/8111 1984/3396/8112 
f 1888/3397/8113 1887/3398/8114 1988/3399/8115 1987/3400/8116 
f 1890/3401/8117 1892/3402/8118 1989/3403/8119 1991/3404/8120 
f 1895/3405/8121 1894/3406/8122 1993/3407/8123 1992/3408/8124 
f 1898/3409/8125 1897/3410/8126 1996/3411/8127 1995/3412/8128 
f 1901/3413/8129 1900/3414/8130 1999/3415/8131 1998/3416/8132 
f 1904/3417/8133 1903/3418/8134 2002/3419/8135 2001/3420/8136 
f 1907/3421/8137 1906/3422/8138 2005/3423/8139 2004/3424/8140 
f 1910/3425/8141 1909/3426/8142 2008/3427/8143 2007/3428/8144 
f 1913/3429/8145 1912/3430/8146 2011/3431/8147 2010/3432/8148 
f 1911/3433/8149 1914/3434/8150 2014/3435/8151 2012/3436/8152 
f 1914/3437/8153 1915/3438/8154 2013/3439/8155 2014/3440/8156 
f 1916/3441/8157 1913/3429/8158 2010/3432/8159 2016/3442/8160 
f 1920/3443/8161 1919/3444/8162 2018/3445/8163 2017/3446/8164 
f 1918/3447/8165 1920/3448/8166 2017/3449/8167 2019/3450/8168 
f 1922/3451/8169 1921/3452/8170 2022/3453/8171 2021/3454/8172 
f 1921/3452/8173 1923/3455/8174 2020/3456/8175 2022/3453/8176 
f 1927/3457/8177 1926/3458/8178 2024/3459/8179 2023/3460/8180 
f 1925/3461/8181 1924/3462/8182 2026/3463/8183 2025/3464/8184 
f 1926/3458/8185 1929/3465/8186 2027/3466/8187 2024/3459/8188 
f 1928/3467/8189 1925/3461/8190 2025/3464/8191 2028/3468/8192 
f 1894/3406/8193 1916/3469/8194 2016/3470/8195 1993/3407/8196 
f 1930/3471/8197 1893/3472/8198 1994/3473/8199 2029/3474/8200 
f 1929/3465/8201 1932/3475/8202 2030/3476/8203 2027/3466/8204 
f 1931/3477/8205 1928/3467/8206 2028/3468/8207 2031/3478/8208 
f 1934/3479/8209 1904/3417/8210 2001/3420/8211 2032/3480/8212 
f 1902/3481/8213 1933/3482/8214 2033/3483/8215 2003/3484/8216 
f 1905/3485/8217 1902/3481/8218 2003/3484/8219 2006/3486/8220 
f 1903/3418/8221 1907/3421/8222 2004/3424/8223 2002/3419/8224 
f 1908/3487/8225 1905/3485/8226 2006/3486/8227 2009/3488/8228 
f 1906/3422/8229 1910/3425/8230 2007/3428/8231 2005/3423/8232 
f 1938/3489/8233 1937/3490/8234 2035/3491/8235 2034/3492/8236 
f 1936/3493/8237 1935/3494/8238 2037/3495/8239 2036/3496/8240 
f 1932/3475/8241 1940/3497/8242 2038/3498/8243 2030/3476/8244 
f 1939/3499/8245 1931/3477/8246 2031/3478/8247 2039/3500/8248 
f 1886/3501/8249 1883/3502/8250 1980/3503/8251 1983/3504/8252 
f 1881/3390/8253 1885/3393/8254 1984/3396/8255 1982/3391/8256 
f 1909/3426/8257 1942/3505/8258 2040/3506/8259 2008/3427/8260 
f 1941/3507/8261 1908/3487/8262 2009/3488/8263 2041/3508/8264 
f 1944/3509/8265 1936/3493/8266 2036/3496/8267 2042/3510/8268 
f 1937/3490/8269 1943/3511/8270 2043/3512/8271 2035/3491/8272 
f 1935/3494/8273 1934/3479/8274 2032/3480/8275 2037/3495/8276 
f 1933/3482/8277 1938/3489/8278 2034/3492/8279 2033/3483/8280 
f 1947/3513/8281 1918/3447/8282 2019/3450/8283 2044/3514/8284 
f 1946/3515/8285 1945/3516/8286 2046/3517/8287 2045/3518/8288 
f 1951/3519/8289 1950/3520/8290 2048/3521/8291 2047/3522/8292 
f 1949/3523/8293 1948/3524/8294 2050/3525/8295 2049/3526/8296 
f 1948/3527/8297 1951/3528/8298 2047/3529/8299 2050/3530/8300 
f 1923/3455/8301 1944/3509/8302 2042/3510/8303 2020/3456/8304 
f 1943/3511/8305 1952/3531/8306 2051/3532/8307 2043/3512/8308 
f 1954/3533/8309 1886/3501/8310 1983/3504/8311 2052/3534/8312 
f 1884/3394/8313 1953/3535/8314 2053/3536/8315 1985/3395/8316 
f 1893/3472/8317 1896/3537/8318 1997/3538/8319 1994/3473/8320 
f 1897/3410/8321 1895/3405/8322 1992/3408/8323 1996/3411/8324 
f 1940/3497/8325 1922/3539/8326 2021/3540/8327 2038/3498/8328 
f 1955/3541/8329 1939/3499/8330 2039/3500/8331 2054/3542/8332 
f 1887/3398/8333 1956/3543/8334 2055/3544/8335 1988/3399/8336 
f 1950/3520/8337 1889/3545/8338 1986/3546/8339 2048/3521/8340 
f 1953/3535/8341 1888/3397/8342 1987/3400/8343 2053/3536/8344 
f 1889/3545/8345 1954/3533/8346 2052/3534/8347 1986/3546/8348 
f 1883/3502/8349 1958/3547/8350 2056/3548/8351 1980/3503/8352 
f 1957/3549/8353 1882/3389/8354 1981/3392/8355 2057/3550/8356 
f 1960/3551/8357 1947/3513/8358 2044/3514/8359 2058/3552/8360 
f 1945/3516/8361 1959/3553/8362 2059/3554/8363 2046/3517/8364 
f 1942/3555/8365 1962/3556/8366 2060/3557/8367 2040/3558/8368 
f 1961/3559/8369 1941/3507/8370 2041/3508/8371 2061/3560/8372 
f 1899/3561/8373 1927/3457/8374 2023/3460/8375 2000/3562/8376 
f 1924/3462/8377 1901/3413/8378 1998/3416/8379 2026/3463/8380 
f 1964/3563/8381 1963/3564/8382 2064/3565/8383 2063/3566/8384 
f 1919/3444/8385 1965/3567/8386 2062/3568/8387 2018/3445/8388 
f 1917/3569/8389 1968/3570/8390 2065/3571/8391 2015/3572/8392 
f 1967/3573/8393 1966/3574/8394 2067/3575/8395 2066/3576/8396 
f 1963/3577/8397 1946/3515/8398 2045/3518/8399 2064/3578/8400 
f 1892/3402/8401 1964/3563/8402 2063/3566/8403 1989/3403/8404 
f 1965/3567/8405 1891/3579/8406 1990/3580/8407 2062/3568/8408 
f 1968/3570/8409 1960/3551/8410 2058/3552/8411 2065/3571/8412 
f 1959/3553/8413 1967/3573/8414 2066/3576/8415 2059/3554/8416 
f 1900/3414/8417 1970/3581/8418 2068/3582/8419 1999/3415/8420 
f 1969/3583/8421 1899/3561/8422 2000/3562/8423 2069/3584/8424 
f 1952/3531/8425 1955/3585/8426 2054/3586/8427 2051/3532/8428 
f 1958/3547/8429 1890/3401/8430 1991/3404/8431 2056/3548/8432 
f 1891/3579/8433 1957/3549/8434 2057/3550/8435 1990/3580/8436 
f 1972/3587/8437 1969/3588/8438 2069/3589/8439 2070/3590/8440 
f 1970/3581/8441 1971/3591/8442 2071/3592/8443 2068/3582/8444 
f 1973/3593/8445 1898/3409/8446 1995/3412/8447 2072/3594/8448 
f 1896/3537/8449 1972/3587/8450 2070/3590/8451 1997/3538/8452 
f 1962/3556/8453 1975/3595/8454 2073/3596/8455 2060/3557/8456 
f 1974/3597/8457 1961/3598/8458 2061/3599/8459 2074/3600/8460 
f 1966/3574/8461 1930/3601/8462 2029/3602/8463 2067/3575/8464 
f 1915/3603/8465 1917/3569/8466 2015/3572/8467 2013/3604/8468 
f 1975/3605/8469 1911/3606/8470 2012/3607/8471 2073/3608/8472 
f 1976/3609/8473 1974/3597/8474 2074/3600/8475 2075/3610/8476 
f 1977/3611/8477 1976/3609/8478 2075/3610/8479 2076/3612/8480 
f 1912/3430/8481 1977/3611/8482 2076/3612/8483 2011/3431/8484 
f 1978/3613/8485 1973/3593/8486 2072/3594/8487 2077/3614/8488 
f 1971/3615/8489 1978/3613/8490 2077/3614/8491 2071/3616/8492 
f 1956/3543/8493 1979/3617/8494 2078/3618/8495 2055/3544/8496 
f 1979/3617/8497 1949/3523/8498 2049/3526/8499 2078/3618/8500 
o 012_3D_Text_-_t
g 3D_Text_-_t
usemtl Infusion 11
v 48.799 68.845 -250.000
v 50.825 68.931 -250.000
v 50.848 68.470 -250.000
v 50.917 68.054 -250.000
v 51.032 67.682 -250.000
v 48.954 67.373 -250.000
v 51.399 67.075 -250.000
v 51.646 66.842 -250.000
v 50.196 65.410 -250.000
v 51.926 66.661 -250.000
v 52.241 66.532 -250.000
v 51.283 64.920 -250.000
v 52.973 66.428 -250.000
v 53.111 64.773 -250.000
v 52.891 64.760 -250.000
v 54.491 65.004 -250.000
v 54.203 66.540 -250.000
v 54.660 65.061 -250.000
v 54.379 66.572 -250.000
v 54.537 66.605 -250.000
v 54.805 65.122 -250.000
v 54.707 76.804 -250.000
v 50.825 76.804 -250.000
v 50.825 78.379 -250.000
v 54.707 78.379 -250.000
v 54.011 66.507 -250.000
v 54.297 64.951 -250.000
v 54.078 64.903 -250.000
v 53.810 66.479 -250.000
v 48.799 76.804 -250.000
v 53.834 64.859 -250.000
v 53.605 66.457 -250.000
v 53.397 66.441 -250.000
v 53.583 64.822 -250.000
v 53.342 64.793 -250.000
v 53.187 66.431 -250.000
v 52.681 64.756 -250.000
v 52.590 66.454 -250.000
v 51.192 67.356 -250.000
v 49.420 66.228 -250.000
v 48.799 78.623 -250.000
v 49.653 81.479 -250.000
v 50.825 81.479 -250.000
v 54.805 66.673 -250.000
v 54.679 66.639 -250.000
v 46.882 76.804 -250.000
v 46.882 77.781 -250.000
v 50.848 68.470 -242.500
v 50.825 68.931 -242.500
v 48.799 68.845 -242.500
v 48.954 67.373 -242.500
v 51.032 67.682 -242.500
v 50.917 68.054 -242.500
v 50.196 65.410 -242.500
v 51.646 66.842 -242.500
v 51.399 67.075 -242.500
v 51.283 64.920 -242.500
v 52.241 66.532 -242.500
v 51.926 66.661 -242.500
v 52.891 64.760 -242.500
v 53.111 64.773 -242.500
v 52.973 66.428 -242.500
v 54.660 65.061 -242.500
v 54.203 66.540 -242.500
v 54.491 65.004 -242.500
v 54.805 65.122 -242.500
v 54.537 66.605 -242.500
v 54.379 66.572 -242.500
v 54.707 78.379 -242.500
v 50.825 78.379 -242.500
v 50.825 76.804 -242.500
v 54.707 76.804 -242.500
v 53.810 66.479 -242.500
v 54.078 64.903 -242.500
v 54.297 64.951 -242.500
v 54.011 66.507 -242.500
v 48.799 76.804 -242.500
v 53.605 66.457 -242.500
v 53.834 64.859 -242.500
v 53.187 66.431 -242.500
v 53.342 64.793 -242.500
v 53.583 64.822 -242.500
v 53.397 66.441 -242.500
v 52.590 66.454 -242.500
v 52.681 64.756 -242.500
v 49.420 66.228 -242.500
v 51.192 67.356 -242.500
v 48.799 78.623 -242.500
v 50.825 81.479 -242.500
v 49.653 81.479 -242.500
v 54.679 66.639 -242.500
v 54.805 66.673 -242.500
v 46.882 77.781 -242.500
v 46.882 76.804 -242.500
vt 0.58179 0.32909
vt 0.50073 0.33251
vt 0.49981 0.31407
vt 0.49706 0.29743
vt 0.49247 0.28259
vt 0.57558 0.27021
vt 0.47779 0.25829
vt 0.46792 0.24897
vt 0.52589 0.19170
vt 0.45669 0.24173
vt 0.44410 0.23655
vt 0.48241 0.17207
vt 0.41481 0.23241
vt 0.40929 0.16619
vt 0.41810 0.16570
vt 0.35410 0.17545
vt 0.36561 0.23687
vt 0.34733 0.17772
vt 0.35860 0.23817
vt 0.35225 0.23949
vt 0.34155 0.18017
vt 0.34547 0.64745
vt 0.50073 0.64745
vt 0.50073 0.71045
vt 0.34547 0.71045
vt 0.37329 0.23559
vt 0.36186 0.17335
vt 0.37062 0.17142
vt 0.38136 0.23445
vt 0.58179 0.64745
vt 0.38037 0.16967
vt 0.38954 0.23355
vt 0.39785 0.23292
vt 0.39042 0.16818
vt 0.40006 0.16702
vt 0.40627 0.23254
vt 0.42651 0.16553
vt 0.43014 0.23345
vt 0.48605 0.26954
vt 0.55695 0.22441
vt 0.58179 0.72021
vt 0.54761 0.83447
vt 0.50073 0.83447
vt 0.34155 0.24219
vt 0.34657 0.24083
vt 0.65845 0.64745
vt 0.65845 0.68653
vt 0.50019 0.31407
vt 0.49927 0.33251
vt 0.41821 0.32909
vt 0.42442 0.27021
vt 0.50753 0.28259
vt 0.50294 0.29743
vt 0.47411 0.19170
vt 0.53208 0.24897
vt 0.52221 0.25829
vt 0.51759 0.17207
vt 0.55590 0.23655
vt 0.54331 0.24173
vt 0.58190 0.16570
vt 0.59071 0.16619
vt 0.58519 0.23241
vt 0.65267 0.17772
vt 0.63439 0.23687
vt 0.64590 0.17545
vt 0.65845 0.18017
vt 0.64775 0.23949
vt 0.64140 0.23817
vt 0.65453 0.71045
vt 0.49927 0.71045
vt 0.49927 0.64745
vt 0.65453 0.64745
vt 0.61864 0.23445
vt 0.62938 0.17142
vt 0.63814 0.17335
vt 0.62671 0.23559
vt 0.41821 0.64745
vt 0.61046 0.23355
vt 0.61963 0.16967
vt 0.59373 0.23254
vt 0.59994 0.16702
vt 0.60958 0.16818
vt 0.60215 0.23292
vt 0.56986 0.23345
vt 0.57349 0.16553
vt 0.44305 0.22441
vt 0.51395 0.26954
vt 0.41821 0.72021
vt 0.49927 0.83447
vt 0.45239 0.83447
vt 0.65343 0.24083
vt 0.65845 0.24219
vt 0.34155 0.68653
vt 0.34155 0.64745
vt 0.65000 0.31407
vt 0.65000 0.33251
vt 0.35000 0.33251
vt 0.35000 0.31407
vt 0.65000 0.28259
vt 0.65000 0.29743
vt 0.35000 0.29743
vt 0.35000 0.28259
vt 0.35000 0.53208
vt 0.35000 0.52221
vt 0.65000 0.52221
vt 0.65000 0.53208
vt 0.35000 0.55590
vt 0.35000 0.54331
vt 0.65000 0.54331
vt 0.65000 0.55590
vt 0.35000 0.41810
vt 0.35000 0.40929
vt 0.65000 0.40929
vt 0.65000 0.41810
vt 0.35000 0.35410
vt 0.35000 0.34733
vt 0.65000 0.34733
vt 0.65000 0.35410
vt 0.35000 0.64775
vt 0.35000 0.64140
vt 0.65000 0.64140
vt 0.65000 0.64775
vt 0.35000 0.65453
vt 0.35000 0.49927
vt 0.65000 0.49927
vt 0.65000 0.65453
vt 0.35000 0.50073
vt 0.35000 0.34547
vt 0.65000 0.34547
vt 0.65000 0.50073
vt 0.65000 0.64745
vt 0.65000 0.71045
vt 0.35000 0.71045
vt 0.35000 0.64745
vt 0.35000 0.37062
vt 0.35000 0.36186
vt 0.65000 0.36186
vt 0.65000 0.37062
vt 0.35000 0.62671
vt 0.35000 0.61864
vt 0.65000 0.61864
vt 0.65000 0.62671
vt 0.35000 0.63439
vt 0.65000 0.63439
vt 0.35000 0.34155
vt 0.65000 0.34155
vt 0.65000 0.64745
vt 0.35000 0.64745
vt 0.35000 0.64745
vt 0.35000 0.32909
vt 0.65000 0.32909
vt 0.65000 0.64745
vt 0.35000 0.38037
vt 0.65000 0.38037
vt 0.35000 0.61046
vt 0.65000 0.61046
vt 0.35000 0.40006
vt 0.35000 0.39042
vt 0.65000 0.39042
vt 0.65000 0.40006
vt 0.35000 0.60215
vt 0.35000 0.59373
vt 0.65000 0.59373
vt 0.65000 0.60215
vt 0.35000 0.58519
vt 0.65000 0.58519
vt 0.35000 0.56986
vt 0.65000 0.56986
vt 0.35000 0.42651
vt 0.65000 0.42651
vt 0.35000 0.27021
vt 0.65000 0.27021
vt 0.35000 0.22441
vt 0.65000 0.22441
vt 0.65000 0.26954
vt 0.35000 0.26954
vt 0.65000 0.25829
vt 0.35000 0.25829
vt 0.35000 0.19170
vt 0.65000 0.19170
vt 0.35000 0.49927
vt 0.35000 0.45239
vt 0.65000 0.45239
vt 0.65000 0.49927
vt 0.35000 0.83447
vt 0.35000 0.72021
vt 0.65000 0.72021
vt 0.65000 0.83447
vt 0.65000 0.71045
vt 0.65000 0.83447
vt 0.35000 0.83447
vt 0.35000 0.71045
vt 0.35000 0.48241
vt 0.65000 0.48241
vt 0.35000 0.52589
vt 0.65000 0.52589
vt 0.35000 0.65343
vt 0.65000 0.65343
vt 0.65000 0.18017
vt 0.65000 0.24219
vt 0.35000 0.24219
vt 0.35000 0.18017
vt 0.35000 0.65845
vt 0.65000 0.65845
vt 0.35000 0.41821
vt 0.35000 0.34155
vt 0.65000 0.34155
vt 0.65000 0.41821
vt 0.35000 0.68653
vt 0.35000 0.64745
vt 0.65000 0.64745
vt 0.65000 0.68653
vt 0.35000 0.65845
vt 0.35000 0.58179
vt 0.65000 0.58179
vt 0.65000 0.65845
vn -0.00000 0.00000 -1.00000
vn -0.00000 0.00000 -1.00000
vn -0.00000 0.00000 -1.00000
vn 0.00000 0.00000 -1.00000
vn 0.00000 0.00000 -1.00000
vn 0.00000 0.00000 -1.00000
vn 0.00000 0.00000 -1.00000
vn 0.00000 0.00000 -1.00000
vn 0.00000 0.00000 -1.00000
vn 0.00000 0.00000 -1.00000
vn 0.00000 0.00000 -1.00000
vn 0.00000 0.00000 -1.00000
vn 0.00000 0.00000 -1.00000
vn 0.00000 0.00000 -1.00000
vn 0.00000 0.00000 -1.00000
vn 0.00000 0.00000 -1.00000
vn 0.00000 0.00000 -1.00000
vn 0.00000 0.00000 -1.00000
vn 0.00000 0.00000 -1.00000
vn 0.00000 0.00000 -1.00000
vn 0.00000 0.00000 -1.00000
vn 0.00000 0.00000 -1.00000
vn 0.00000 0.00000 -1.00000
vn 0.00000 0.00000 -1.00000
vn 0.00000 0.00000 -1.00000
vn -0.00000 0.00000 -1.00000
vn 0.00000 0.00000 -1.00000
vn -0.00000 0.00000 -1.00000
vn -0.00000 0.00000 -1.00000
vn -0.00000 0.00000 -1.00000
vn -0.00000 0.00000 -1.00000
vn -0.00000 0.00000 -1.00000
vn -0.00000 0.00000 -1.00000
vn 0.00000 0.00000 -1.00000
vn -0.00000 0.00000 -1.00000
vn 0.00000 0.00000 -1.00000
vn 0.00000 0.00000 -1.00000
vn -0.00000 0.00000 -1.00000
vn 0.00000 0.00000 -1.00000
vn -0.00000 0.00000 -1.00000
vn -0.00000 0.00000 -1.00000
vn 0.00000 0.00000 -1.00000
vn 0.00000 0.00000 -1.00000
vn 0.00000 0.00000 -1.00000
vn 0.00000 0.00000 -1.00000
vn -0.00000 0.00000 -1.00000
vn -0.00000 0.00000 -1.00000
vn -0.00000 0.00000 -1.00000
vn -0.00000 0.00000 -1.00000
vn -0.00000 0.00000 -1.00000
vn -0.00000 0.00000 -1.00000
vn -0.00000 0.00000 -1.00000
vn -0.00000 0.00000 -1.00000
vn 0.00000 0.00000 -1.00000
vn -0.00000 0.00000 -1.00000
vn 0.00000 0.00000 -1.00000
vn 0.00000 0.00000 -1.00000
vn 0.00000 0.00000 -1.00000
vn -0.00000 0.00000 -1.00000
vn 0.00000 0.00000 -1.00000
vn 0.00000 0.00000 -1.00000
vn -0.00000 0.00000 -1.00000
vn -0.00000 0.00000 -1.00000
vn -0.00000 0.00000 -1.00000
vn -0.00000 0.00000 -1.00000
vn 0.00000 0.00000 -1.00000
vn -0.00000 0.00000 -1.00000
vn 0.00000 0.00000 -1.00000
vn 0.00000 0.00000 -1.00000
vn -0.00000 0.00000 -1.00000
vn -0.00000 0.00000 -1.00000
vn -0.00000 0.00000 -1.00000
vn -0.00000 0.00000 -1.00000
vn -0.00000 0.00000 -1.00000
vn 0.00000 0.00000 -1.00000
vn -0.00000 0.00000 -1.00000
vn -0.00000 0.00000 -1.00000
vn 0.00000 0.00000 -1.00000
vn -0.00000 0.00000 -1.00000
vn 0.00000 0.00000 -1.00000
vn 0.00000 0.00000 -1.00000
vn 0.00000 0.00000 -1.00000
vn -0.00000 0.00000 -1.00000
vn 0.00000 0.00000 -1.00000
vn 0.00000 0.00000 -1.00000
vn 0.00000 0.00000 -1.00000
vn -0.00000 0.00000 -1.00000
vn 0.00000 0.00000 -1.00000
vn 0.00000 0.00000 -1.00000
vn 0.00000 0.00000 -1.00000
vn -0.00000 0.00000 -1.00000
vn -0.00000 0.00000 -1.00000
vn -0.00000 0.00000 -1.00000
vn 0.00000 0.00000 -1.00000
vn -0.00000 0.00000 -1.00000
vn 0.00000 0.00000 -1.00000
vn 0.00000 0.00000 -1.00000
vn 0.00000 -0.00000 1.00000
vn 0.00000 -0.00000 1.00000
vn 0.00000 -0.00000 1.00000
vn 0.00000 -0.00000 1.00000
vn 0.00000 -0.00000 1.00000
vn 0.00000 -0.00000 1.00000
vn 0.00000 -0.00000 1.00000
vn 0.00000 -0.00000 1.00000
vn 0.00000 -0.00000 1.00000
vn 0.00000 -0.00000 1.00000
vn 0.00000 -0.00000 1.00000
vn 0.00000 -0.00000 1.00000
vn 0.00000 -0.00000 1.00000
vn 0.00000 -0.00000 1.00000
vn 0.00000 -0.00000 1.00000
vn 0.00000 -0.00000 1.00000
vn 0.00000 -0.00000 1.00000
vn 0.00000 -0.00000 1.00000
vn 0.00000 -0.00000 1.00000
vn 0.00000 -0.00000 1.00000
vn 0.00000 -0.00000 1.00000
vn 0.00000 -0.00000 1.00000
vn 0.00000 -0.00000 1.00000
vn 0.00000 -0.00000 1.00000
vn 0.00000 -0.00000 1.00000
vn 0.00000 -0.00000 1.00000
vn 0.00000 -0.00000 1.00000
vn 0.00000 -0.00000 1.00000
vn 0.00000 -0.00000 1.00000
vn 0.00000 -0.00000 1.00000
vn 0.00000 -0.00000 1.00000
vn 0.00000 -0.00000 1.00000
vn 0.00000 -0.00000 1.00000
vn 0.00000 -0.00000 1.00000
vn 0.00000 -0.00000 1.00000
vn 0.00000 -0.00000 1.00000
vn 0.00000 -0.00000 1.00000
vn 0.00000 -0.00000 1.00000
vn 0.00000 -0.00000 1.00000
vn 0.00000 -0.00000 1.00000
vn 0.00000 -0.00000 1.00000
vn 0.00000 -0.00000 1.00000
vn 0.00000 -0.00000 1.00000
vn 0.00000 -0.00000 1.00000
vn 0.00000 -0.00000 1.00000
vn 0.00000 -0.00000 1.00000
vn 0.00000 -0.00000 1.00000
vn 0.00000 -0.00000 1.00000
vn 0.00000 -0.00000 1.00000
vn 0.00000 -0.00000 1.00000
vn 0.00000 -0.00000 1.00000
vn 0.00000 -0.00000 1.00000
vn 0.00000 -0.00000 1.00000
vn 0.00000 -0.00000 1.00000
vn 0.00000 -0.00000 1.00000
vn 0.00000 -0.00000 1.00000
vn 0.00000 -0.00000 1.00000
vn 0.00000 -0.00000 1.00000
vn 0.00000 -0.00000 1.00000
vn 0.00000 -0.00000 1.00000
vn 0.00000 -0.00000 1.00000
vn 0.00000 -0.00000 1.00000
vn 0.00000 -0.00000 1.00000
vn 0.00000 -0.00000 1.00000
vn 0.00000 -0.00000 1.00000
vn 0.00000 -0.00000 1.00000
vn 0.00000 -0.00000 1.00000
vn 0.00000 -0.00000 1.00000
vn 0.00000 -0.00000 1.00000
vn 0.00000 -0.00000 1.00000
vn 0.00000 -0.00000 1.00000
vn 0.00000 -0.00000 1.00000
vn 0.00000 -0.00000 1.00000
vn 0.00000 -0.00000 1.00000
vn 0.00000 -0.00000 1.00000
vn 0.00000 -0.00000 1.00000
vn 0.00000 -0.00000 1.00000
vn 0.00000 -0.00000 1.00000
vn 0.00000 -0.00000 1.00000
vn 0.00000 -0.00000 1.00000
vn 0.00000 -0.00000 1.00000
vn 0.00000 -0.00000 1.00000
vn 0.00000 -0.00000 1.00000
vn 0.00000 -0.00000 1.00000
vn 0.00000 -0.00000 1.00000
vn 0.00000 -0.00000 1.00000
vn 0.00000 -0.00000 1.00000
vn 0.00000 -0.00000 1.00000
vn 0.00000 -0.00000 1.00000
vn 0.00000 -0.00000 1.00000
vn 0.00000 -0.00000 1.00000
vn 0.00000 -0.00000 1.00000
vn 0.00000 -0.00000 1.00000
vn 0.00000 -0.00000 1.00000
vn 0.00000 -0.00000 1.00000
vn 0.00000 -0.00000 1.00000
vn 0.00000 -0.00000 1.00000
vn 0.99876 0.04971 0.00000
vn 0.99876 0.04971 0.00000
vn 0.99876 0.04971 0.00000
vn 0.99876 0.04971 0.00000
vn 0.95541 0.29530 0.00000
vn 0.95541 0.29530 0.00000
vn 0.95541 0.29530 0.00000
vn 0.95541 0.29530 0.00000
vn 0.68657 0.72707 0.00000
vn 0.68657 0.72707 0.00000
vn 0.68657 0.72707 0.00000
vn 0.68657 0.72707 0.00000
vn 0.38009 0.92495 0.00000
vn 0.38009 0.92495 0.00000
vn 0.38009 0.92495 0.00000
vn 0.38009 0.92495 0.00000
vn 0.05626 -0.99842 -0.00000
vn 0.05626 -0.99842 -0.00000
vn 0.05626 -0.99842 -0.00000
vn 0.05626 -0.99842 -0.00000
vn 0.31844 -0.94794 -0.00000
vn 0.31844 -0.94794 -0.00000
vn 0.31844 -0.94794 -0.00000
vn 0.31844 -0.94794 -0.00000
vn -0.20359 0.97906 0.00000
vn -0.20359 0.97906 0.00000
vn -0.20359 0.97906 0.00000
vn -0.20359 0.97906 0.00000
vn 0.00000 1.00000 0.00000
vn 0.00000 1.00000 0.00000
vn 0.00000 1.00000 0.00000
vn 0.00000 1.00000 0.00000
vn 0.00000 -1.00000 -0.00000
vn 0.00000 -1.00000 -0.00000
vn 0.00000 -1.00000 -0.00000
vn 0.00000 -1.00000 -0.00000
vn 1.00000 0.00000 0.00000
vn 1.00000 0.00000 0.00000
vn 1.00000 0.00000 0.00000
vn 1.00000 0.00000 0.00000
vn 0.21475 -0.97667 -0.00000
vn 0.21475 -0.97667 -0.00000
vn 0.21475 -0.97667 -0.00000
vn 0.21475 -0.97667 -0.00000
vn -0.14050 0.99008 0.00000
vn -0.14050 0.99008 0.00000
vn -0.14050 0.99008 0.00000
vn -0.14050 0.99008 0.00000
vn -0.18240 0.98322 0.00000
vn -0.18240 0.98322 0.00000
vn -0.18240 0.98322 0.00000
vn -0.18240 0.98322 0.00000
vn 0.39029 -0.92069 -0.00000
vn 0.39029 -0.92069 -0.00000
vn 0.39029 -0.92069 -0.00000
vn 0.39029 -0.92069 -0.00000
vn 0.26110 -0.96531 -0.00000
vn 0.26110 -0.96531 -0.00000
vn 0.26110 -0.96531 -0.00000
vn 0.26110 -0.96531 -0.00000
vn -0.16468 0.98635 0.00000
vn -0.16468 0.98635 0.00000
vn -0.16468 0.98635 0.00000
vn -0.16468 0.98635 0.00000
vn 1.00000 0.00000 0.00000
vn 1.00000 0.00000 0.00000
vn 1.00000 0.00000 0.00000
vn 1.00000 0.00000 0.00000
vn -1.00000 0.00000 0.00000
vn -1.00000 0.00000 0.00000
vn -1.00000 0.00000 0.00000
vn -1.00000 0.00000 0.00000
vn 0.17676 -0.98425 -0.00000
vn 0.17676 -0.98425 -0.00000
vn 0.17676 -0.98425 -0.00000
vn 0.17676 -0.98425 -0.00000
vn -0.10814 0.99414 0.00000
vn -0.10814 0.99414 0.00000
vn -0.10814 0.99414 0.00000
vn -0.10814 0.99414 0.00000
vn 0.11940 -0.99285 -0.00000
vn 0.11940 -0.99285 -0.00000
vn 0.11940 -0.99285 -0.00000
vn 0.11940 -0.99285 -0.00000
vn -0.04526 0.99898 0.00000
vn -0.04526 0.99898 0.00000
vn -0.04526 0.99898 0.00000
vn -0.04526 0.99898 0.00000
vn 0.14669 -0.98918 -0.00000
vn 0.14669 -0.98918 -0.00000
vn 0.14669 -0.98918 -0.00000
vn 0.14669 -0.98918 -0.00000
vn -0.07637 0.99708 0.00000
vn -0.07637 0.99708 0.00000
vn -0.07637 0.99708 0.00000
vn -0.07637 0.99708 0.00000
vn 0.08937 -0.99600 -0.00000
vn 0.08937 -0.99600 -0.00000
vn 0.08937 -0.99600 -0.00000
vn 0.08937 -0.99600 -0.00000
vn -0.01489 0.99989 0.00000
vn -0.01489 0.99989 0.00000
vn -0.01489 0.99989 0.00000
vn -0.01489 0.99989 0.00000
vn 0.06739 0.99773 0.00000
vn 0.06739 0.99773 0.00000
vn 0.06739 0.99773 0.00000
vn 0.06739 0.99773 0.00000
vn 0.01970 -0.99981 -0.00000
vn 0.01970 -0.99981 -0.00000
vn 0.01970 -0.99981 -0.00000
vn 0.01970 -0.99981 -0.00000
vn -0.99448 -0.10490 -0.00000
vn -0.99448 -0.10490 -0.00000
vn -0.99448 -0.10490 -0.00000
vn -0.99448 -0.10490 -0.00000
vn 0.98659 0.16321 0.00000
vn 0.98659 0.16321 0.00000
vn 0.98659 0.16321 0.00000
vn 0.98659 0.16321 0.00000
vn -0.92626 -0.37687 -0.00000
vn -0.92626 -0.37687 -0.00000
vn -0.92626 -0.37687 -0.00000
vn -0.92626 -0.37687 -0.00000
vn 0.89717 0.44168 0.00000
vn 0.89717 0.44168 0.00000
vn 0.89717 0.44168 0.00000
vn 0.89717 0.44168 0.00000
vn 0.80613 0.59174 0.00000
vn 0.80613 0.59174 0.00000
vn 0.80613 0.59174 0.00000
vn 0.80613 0.59174 0.00000
vn -0.72523 -0.68851 -0.00000
vn -0.72523 -0.68851 -0.00000
vn -0.72523 -0.68851 -0.00000
vn -0.72523 -0.68851 -0.00000
vn 0.00000 1.00000 0.00000
vn 0.00000 1.00000 0.00000
vn 0.00000 1.00000 0.00000
vn 0.00000 1.00000 0.00000
vn -0.95805 0.28659 0.00000
vn -0.95805 0.28659 0.00000
vn -0.95805 0.28659 0.00000
vn -0.95805 0.28659 0.00000
vn 1.00000 0.00000 0.00000
vn 1.00000 0.00000 0.00000
vn 1.00000 0.00000 0.00000
vn 1.00000 0.00000 0.00000
vn -0.11624 -0.99322 -0.00000
vn -0.11624 -0.99322 -0.00000
vn -0.11624 -0.99322 -0.00000
vn -0.11624 -0.99322 -0.00000
vn 0.21714 0.97614 0.00000
vn 0.21714 0.97614 0.00000
vn 0.21714 0.97614 0.00000
vn 0.21714 0.97614 0.00000
vn -0.41144 -0.91144 -0.00000
vn -0.41144 -0.91144 -0.00000
vn -0.41144 -0.91144 -0.00000
vn -0.41144 -0.91144 -0.00000
vn 0.54215 0.84028 0.00000
vn 0.54215 0.84028 0.00000
vn 0.54215 0.84028 0.00000
vn 0.54215 0.84028 0.00000
vn -0.22933 0.97335 0.00000
vn -0.22933 0.97335 0.00000
vn -0.22933 0.97335 0.00000
vn -0.22933 0.97335 0.00000
vn 1.00000 0.00000 0.00000
vn 1.00000 0.00000 0.00000
vn 1.00000 0.00000 0.00000
vn 1.00000 0.00000 0.00000
vn -0.26120 0.96528 0.00000
vn -0.26120 0.96528 0.00000
vn -0.26120 0.96528 0.00000
vn -0.26120 0.96528 0.00000
vn -0.40223 0.91554 0.00000
vn -0.40223 0.91554 0.00000
vn -0.40223 0.91554 0.00000
vn -0.40223 0.91554 0.00000
vn -1.00000 0.00000 0.00000
vn -1.00000 0.00000 0.00000
vn -1.00000 0.00000 0.00000
vn -1.00000 0.00000 0.00000
vn 0.00000 -1.00000 -0.00000
vn 0.00000 -1.00000 -0.00000
vn 0.00000 -1.00000 -0.00000
vn 0.00000 -1.00000 -0.00000
f 2079/3619/8501 2080/3620/8502 2081/3621/8503 
f 2082/3622/8504 2083/3623/8505 2084/3624/8506 
f 2085/3625/8507 2086/3626/8508 2087/3627/8509 
f 2088/3628/8510 2089/3629/8511 2090/3630/8512 
f 2091/3631/8513 2092/3632/8514 2093/3633/8515 
f 2094/3634/8516 2095/3635/8517 2096/3636/8518 
f 2097/3637/8519 2098/3638/8520 2099/3639/8521 
f 2100/3640/8522 2101/3641/8523 2102/3642/8524 2103/3643/8525 
f 2104/3644/8526 2105/3645/8527 2106/3646/8528 2107/3647/8529 
f 2096/3636/8530 2095/3635/8531 2097/3637/8532 2099/3639/8533 
f 2095/3635/8534 2094/3634/8535 2105/3645/8536 2104/3644/8537 
f 2079/3619/8538 2108/3648/8539 2101/3641/8540 2080/3620/8541 
f 2107/3647/8542 2106/3646/8543 2109/3649/8544 2110/3650/8545 
f 2111/3651/8546 2112/3652/8547 2113/3653/8548 2114/3654/8549 
f 2110/3650/8550 2109/3649/8551 2112/3652/8552 2111/3651/8553 
f 2114/3654/8554 2113/3653/8555 2092/3632/8556 2091/3631/8557 
f 2093/3633/8558 2115/3655/8559 2116/3656/8560 2091/3631/8561 
f 2081/3621/8562 2082/3622/8563 2084/3624/8564 2079/3619/8565 
f 2083/3623/8566 2117/3657/8567 2118/3658/8568 2084/3624/8569 
f 2087/3627/8570 2118/3658/8571 2117/3657/8572 2085/3625/8573 
f 2102/3642/8574 2101/3641/8575 2108/3648/8576 2119/3659/8577 
f 2102/3642/8578 2119/3659/8579 2120/3660/8580 2121/3661/8581 
f 2089/3629/8582 2116/3656/8583 2115/3655/8584 2090/3630/8585 
f 2086/3626/8586 2088/3628/8587 2090/3630/8588 2087/3627/8589 
f 2122/3662/8590 2099/3639/8591 2098/3638/8593 2123/3663/8592 
f 2124/3664/8594 2125/3665/8595 2119/3659/8596 2108/3648/8597 
f 2126/3666/8598 2127/3667/8599 2128/3668/8600 
f 2129/3669/8601 2130/3670/8602 2131/3671/8603 
f 2132/3672/8604 2133/3673/8605 2134/3674/8606 
f 2135/3675/8607 2136/3676/8608 2137/3677/8609 
f 2138/3678/8610 2139/3679/8611 2140/3680/8612 
f 2141/3681/8613 2142/3682/8614 2143/3683/8615 
f 2144/3684/8616 2145/3685/8617 2146/3686/8618 
f 2147/3687/8619 2148/3688/8620 2149/3689/8621 2150/3690/8622 
f 2151/3691/8623 2152/3692/8624 2153/3693/8625 2154/3694/8626 
f 2144/3684/8627 2146/3686/8628 2142/3682/8629 2141/3681/8630 
f 2154/3694/8631 2153/3693/8632 2143/3683/8633 2142/3682/8634 
f 2127/3667/8635 2149/3689/8636 2155/3695/8637 2128/3668/8638 
f 2156/3696/8639 2157/3697/8640 2152/3692/8641 2151/3691/8642 
f 2158/3698/8643 2159/3699/8644 2160/3700/8645 2161/3701/8646 
f 2161/3701/8647 2160/3700/8648 2157/3697/8649 2156/3696/8650 
f 2140/3680/8651 2139/3679/8652 2159/3699/8653 2158/3698/8654 
f 2140/3680/8655 2162/3702/8656 2163/3703/8657 2138/3678/8658 
f 2128/3668/8659 2129/3669/8660 2131/3671/8661 2126/3666/8662 
f 2129/3669/8663 2164/3704/8664 2165/3705/8665 2130/3670/8666 
f 2134/3674/8667 2165/3705/8668 2164/3704/8669 2132/3672/8670 
f 2166/3706/8671 2155/3695/8672 2149/3689/8673 2148/3688/8674 
f 2167/3707/8675 2168/3708/8676 2166/3706/8677 2148/3688/8678 
f 2135/3675/8679 2163/3703/8680 2162/3702/8681 2136/3676/8682 
f 2132/3672/8683 2135/3675/8684 2137/3677/8685 2133/3673/8686 
f 2169/3709/8687 2145/3685/8688 2144/3684/8689 2170/3710/8690 
f 2155/3695/8691 2166/3706/8692 2171/3711/8693 2172/3712/8694 
f 2081/3713/8695 2080/3714/8696 2127/3715/8697 2126/3716/8698 
f 2083/3717/8699 2082/3718/8700 2131/3719/8701 2130/3720/8702 
f 2086/3721/8703 2085/3722/8704 2134/3723/8705 2133/3724/8706 
f 2089/3725/8707 2088/3726/8708 2137/3727/8709 2136/3728/8710 
f 2093/3729/8711 2092/3730/8712 2139/3731/8713 2138/3732/8714 
f 2094/3733/8715 2096/3734/8716 2141/3735/8717 2143/3736/8718 
f 2098/3737/8719 2097/3738/8720 2146/3739/8721 2145/3740/8722 
f 2103/3741/8723 2102/3742/8724 2148/3743/8725 2147/3744/8726 
f 2101/3745/8727 2100/3746/8728 2150/3747/8729 2149/3748/8730 
f 2100/3749/8731 2103/3750/8732 2147/3751/8733 2150/3752/8734 
f 2106/3753/8735 2105/3754/8736 2153/3755/8737 2152/3756/8738 
f 2104/3757/8739 2107/3758/8740 2151/3759/8741 2154/3760/8742 
f 2097/3738/8743 2095/3761/8744 2142/3762/8745 2146/3739/8746 
f 2096/3734/8747 2099/3763/8748 2144/3764/8749 2141/3735/8750 
f 2105/3754/8751 2094/3733/8752 2143/3736/8753 2153/3755/8754 
f 2095/3761/8755 2104/3757/8756 2154/3760/8757 2142/3762/8758 
f 2080/3714/8759 2101/3765/8760 2149/3766/8761 2127/3715/8762 
f 2108/3767/8763 2079/3768/8764 2128/3769/8765 2155/3770/8766 
f 2109/3771/8767 2106/3753/8768 2152/3756/8769 2157/3772/8770 
f 2107/3758/8771 2110/3773/8772 2156/3774/8773 2151/3759/8774 
f 2113/3775/8775 2112/3776/8776 2160/3777/8777 2159/3778/8778 
f 2111/3779/8779 2114/3780/8780 2158/3781/8781 2161/3782/8782 
f 2112/3776/8783 2109/3771/8784 2157/3772/8785 2160/3777/8786 
f 2110/3773/8787 2111/3779/8788 2161/3782/8789 2156/3774/8790 
f 2092/3730/8791 2113/3775/8792 2159/3778/8793 2139/3731/8794 
f 2114/3780/8795 2091/3783/8796 2140/3784/8797 2158/3781/8798 
f 2091/3783/8799 2116/3785/8800 2162/3786/8801 2140/3784/8802 
f 2115/3787/8803 2093/3729/8804 2138/3732/8805 2163/3788/8806 
f 2079/3768/8807 2084/3789/8808 2129/3790/8809 2128/3769/8810 
f 2082/3718/8811 2081/3713/8812 2126/3716/8813 2131/3719/8814 
f 2084/3789/8815 2118/3791/8816 2164/3792/8817 2129/3790/8818 
f 2117/3793/8819 2083/3717/8820 2130/3720/8821 2165/3794/8822 
f 2085/3795/8823 2117/3793/8824 2165/3794/8825 2134/3796/8826 
f 2118/3791/8827 2087/3797/8828 2132/3798/8829 2164/3792/8830 
f 2121/3799/8831 2120/3800/8832 2168/3801/8833 2167/3802/8834 
f 2120/3803/8835 2119/3804/8836 2166/3805/8837 2168/3806/8838 
f 2102/3807/8839 2121/3808/8840 2167/3809/8841 2148/3810/8842 
f 2090/3811/8843 2115/3787/8844 2163/3788/8845 2135/3812/8846 
f 2116/3785/8847 2089/3725/8848 2136/3728/8849 2162/3786/8850 
f 2087/3813/8851 2090/3811/8852 2135/3812/8853 2132/3814/8854 
f 2088/3726/8855 2086/3721/8856 2133/3724/8857 2137/3727/8858 
f 2123/3815/8859 2098/3737/8860 2145/3740/8861 2169/3816/8862 
f 2099/3817/8863 2122/3818/8864 2170/3819/8865 2144/3820/8866 
f 2122/3821/8867 2123/3815/8868 2169/3816/8869 2170/3822/8870 
f 2119/3823/8871 2125/3824/8872 2171/3825/8873 2166/3826/8874 
f 2125/3827/8875 2124/3828/8876 2172/3829/8877 2171/3830/8878 
f 2124/3831/8879 2108/3832/8880 2155/3833/8881 2172/3834/8882 
o 013_3D_Text_-_i
g 3D_Text_-_i
usemtl Infusion 12
v 58.316 83.136 -250.000
v 56.479 82.501 -250.000
v 56.548 82.705 -250.000
v 58.316 80.864 -250.000
v 58.590 81.133 -250.000
v 58.463 80.985 -250.000
v 58.158 80.770 -250.000
v 57.990 80.703 -250.000
v 57.811 80.663 -250.000
v 57.067 83.231 -250.000
v 57.238 83.295 -250.000
v 58.158 83.228 -250.000
v 57.423 83.334 -250.000
v 57.990 83.294 -250.000
v 56.766 83.023 -250.000
v 56.910 83.140 -250.000
v 56.643 82.879 -250.000
v 58.463 83.018 -250.000
v 58.590 82.872 -250.000
v 58.690 82.697 -250.000
v 57.423 80.663 -250.000
v 57.238 80.703 -250.000
v 57.067 80.770 -250.000
v 57.621 80.649 -250.000
v 57.621 83.347 -250.000
v 57.811 83.334 -250.000
v 56.438 82.268 -250.000
v 58.817 82.005 -250.000
v 56.424 82.005 -250.000
v 58.690 81.309 -250.000
v 56.766 80.985 -250.000
v 58.803 81.745 -250.000
v 58.760 81.513 -250.000
v 56.548 81.309 -250.000
v 56.479 81.513 -250.000
v 56.438 81.745 -250.000
v 58.760 82.495 -250.000
v 58.803 82.264 -250.000
v 56.910 80.864 -250.000
v 56.643 81.133 -250.000
v 56.596 78.379 -250.000
v 58.622 78.379 -250.000
v 58.622 65.000 -250.000
v 56.596 65.000 -250.000
v 56.548 82.705 -242.500
v 56.479 82.501 -242.500
v 58.316 83.136 -242.500
v 58.463 80.985 -242.500
v 58.590 81.133 -242.500
v 58.316 80.864 -242.500
v 57.811 80.663 -242.500
v 57.990 80.703 -242.500
v 58.158 80.770 -242.500
v 58.158 83.228 -242.500
v 57.238 83.295 -242.500
v 57.067 83.231 -242.500
v 57.990 83.294 -242.500
v 57.423 83.334 -242.500
v 56.643 82.879 -242.500
v 56.910 83.140 -242.500
v 56.766 83.023 -242.500
v 58.690 82.697 -242.500
v 58.590 82.872 -242.500
v 58.463 83.018 -242.500
v 57.621 80.649 -242.500
v 57.067 80.770 -242.500
v 57.238 80.703 -242.500
v 57.423 80.663 -242.500
v 57.811 83.334 -242.500
v 57.621 83.347 -242.500
v 56.424 82.005 -242.500
v 58.817 82.005 -242.500
v 56.438 82.268 -242.500
v 56.766 80.985 -242.500
v 58.690 81.309 -242.500
v 58.760 81.513 -242.500
v 58.803 81.745 -242.500
v 56.438 81.745 -242.500
v 56.479 81.513 -242.500
v 56.548 81.309 -242.500
v 58.803 82.264 -242.500
v 58.760 82.495 -242.500
v 56.910 80.864 -242.500
v 56.643 81.133 -242.500
v 56.596 65.000 -242.500
v 58.622 65.000 -242.500
v 58.622 78.379 -242.500
v 56.596 78.379 -242.500
vt 0.47219 0.85850
vt 0.54566 0.83312
vt 0.54293 0.84127
vt 0.47219 0.76763
vt 0.46121 0.77839
vt 0.46631 0.77246
vt 0.47850 0.76387
vt 0.48523 0.76119
vt 0.49240 0.75958
vt 0.52214 0.86228
vt 0.51531 0.86487
vt 0.47850 0.86220
vt 0.50792 0.86642
vt 0.48523 0.86483
vt 0.53417 0.85400
vt 0.52843 0.85866
vt 0.53909 0.84823
vt 0.46631 0.85376
vt 0.46121 0.84792
vt 0.45725 0.84095
vt 0.50792 0.75958
vt 0.51531 0.76119
vt 0.52214 0.76387
vt 0.49999 0.75904
vt 0.49999 0.86694
vt 0.49240 0.86641
vt 0.54730 0.82377
vt 0.45215 0.81324
vt 0.54785 0.81324
vt 0.45725 0.78544
vt 0.53417 0.77246
vt 0.45272 0.80286
vt 0.45442 0.79359
vt 0.54293 0.78544
vt 0.54566 0.79359
vt 0.54730 0.80286
vt 0.45442 0.83285
vt 0.45272 0.82361
vt 0.52843 0.76763
vt 0.53909 0.77839
vt 0.54101 0.66822
vt 0.45995 0.66822
vt 0.45995 0.13306
vt 0.54101 0.13306
vt 0.45707 0.84127
vt 0.45434 0.83312
vt 0.52781 0.85850
vt 0.53369 0.77246
vt 0.53879 0.77839
vt 0.52781 0.76763
vt 0.50760 0.75958
vt 0.51477 0.76119
vt 0.52150 0.76387
vt 0.52150 0.86220
vt 0.48469 0.86487
vt 0.47786 0.86228
vt 0.51477 0.86483
vt 0.49208 0.86642
vt 0.46091 0.84823
vt 0.47157 0.85866
vt 0.46583 0.85400
vt 0.54275 0.84095
vt 0.53879 0.84792
vt 0.53369 0.85376
vt 0.50001 0.75904
vt 0.47786 0.76387
vt 0.48469 0.76119
vt 0.49208 0.75958
vt 0.50760 0.86641
vt 0.50001 0.86694
vt 0.45215 0.81324
vt 0.54785 0.81324
vt 0.45270 0.82377
vt 0.46583 0.77246
vt 0.54275 0.78544
vt 0.54558 0.79359
vt 0.54728 0.80286
vt 0.45270 0.80286
vt 0.45434 0.79359
vt 0.45707 0.78544
vt 0.54728 0.82361
vt 0.54558 0.83285
vt 0.47157 0.76763
vt 0.46091 0.77839
vt 0.45899 0.13306
vt 0.54005 0.13306
vt 0.54005 0.66822
vt 0.45899 0.66822
vt 0.35000 0.84127
vt 0.35000 0.83312
vt 0.65000 0.83312
vt 0.65000 0.84127
vt 0.65000 0.77246
vt 0.65000 0.77839
vt 0.35000 0.77839
vt 0.35000 0.77246
vt 0.35000 0.47219
vt 0.35000 0.46631
vt 0.65000 0.46631
vt 0.65000 0.47219
vt 0.35000 0.49240
vt 0.35000 0.48523
vt 0.65000 0.48523
vt 0.65000 0.49240
vt 0.35000 0.47850
vt 0.65000 0.47850
vt 0.35000 0.48469
vt 0.35000 0.47786
vt 0.65000 0.47786
vt 0.65000 0.48469
vt 0.35000 0.52781
vt 0.35000 0.52150
vt 0.65000 0.52150
vt 0.65000 0.52781
vt 0.35000 0.49208
vt 0.65000 0.49208
vt 0.35000 0.51477
vt 0.65000 0.51477
vt 0.35000 0.47157
vt 0.65000 0.47157
vt 0.35000 0.46583
vt 0.65000 0.46583
vt 0.35000 0.85400
vt 0.35000 0.84823
vt 0.65000 0.84823
vt 0.65000 0.85400
vt 0.65000 0.84095
vt 0.65000 0.84792
vt 0.35000 0.84792
vt 0.35000 0.84095
vt 0.65000 0.85376
vt 0.35000 0.85376
vt 0.35000 0.53369
vt 0.65000 0.53369
vt 0.35000 0.52214
vt 0.35000 0.51531
vt 0.65000 0.51531
vt 0.65000 0.52214
vt 0.35000 0.50792
vt 0.65000 0.50792
vt 0.35000 0.49999
vt 0.65000 0.49999
vt 0.35000 0.50760
vt 0.65000 0.50760
vt 0.35000 0.50001
vt 0.65000 0.50001
vt 0.35000 0.82377
vt 0.35000 0.81324
vt 0.65000 0.81324
vt 0.65000 0.82377
vt 0.65000 0.78544
vt 0.65000 0.79359
vt 0.35000 0.79359
vt 0.35000 0.78544
vt 0.65000 0.80286
vt 0.35000 0.80286
vt 0.65000 0.81324
vt 0.35000 0.81324
vt 0.35000 0.80286
vt 0.35000 0.79359
vt 0.65000 0.79359
vt 0.65000 0.80286
vt 0.35000 0.78544
vt 0.65000 0.78544
vt 0.65000 0.82361
vt 0.35000 0.82361
vt 0.65000 0.83285
vt 0.35000 0.83285
vt 0.35000 0.53417
vt 0.35000 0.52843
vt 0.65000 0.52843
vt 0.65000 0.53417
vt 0.35000 0.77839
vt 0.65000 0.77839
vt 0.35000 0.77246
vt 0.65000 0.77246
vt 0.35000 0.54101
vt 0.35000 0.45995
vt 0.65000 0.45995
vt 0.65000 0.54101
vt 0.65000 0.13306
vt 0.65000 0.66822
vt 0.35000 0.66822
vt 0.35000 0.13306
vt 0.35000 0.54005
vt 0.35000 0.45899
vt 0.65000 0.45899
vt 0.65000 0.54005
vt 0.35000 0.66822
vt 0.35000 0.13306
vt 0.65000 0.13306
vt 0.65000 0.66822
vn -0.00000 0.00000 -1.00000
vn -0.00000 0.00000 -1.00000
vn -0.00000 0.00000 -1.00000
vn -0.00000 0.00000 -1.00000
vn -0.00000 0.00000 -1.00000
vn -0.00000 0.00000 -1.00000
vn 0.00000 0.00000 -1.00000
vn -0.00000 0.00000 -1.00000
vn 0.00000 0.00000 -1.00000
vn 0.00000 0.00000 -1.00000
vn 0.00000 0.00000 -1.00000
vn 0.00000 0.00000 -1.00000
vn 0.00000 0.00000 -1.00000
vn 0.00000 0.00000 -1.00000
vn 0.00000 0.00000 -1.00000
vn -0.00000 0.00000 -1.00000
vn 0.00000 0.00000 -1.00000
vn 0.00000 0.00000 -1.00000
vn 0.00000 0.00000 -1.00000
vn 0.00000 0.00000 -1.00000
vn 0.00000 0.00000 -1.00000
vn 0.00000 0.00000 -1.00000
vn 0.00000 0.00000 -1.00000
vn 0.00000 0.00000 -1.00000
vn 0.00000 0.00000 -1.00000
vn 0.00000 0.00000 -1.00000
vn -0.00000 0.00000 -1.00000
vn 0.00000 0.00000 -1.00000
vn -0.00000 0.00000 -1.00000
vn -0.00000 0.00000 -1.00000
vn 0.00000 0.00000 -1.00000
vn -0.00000 0.00000 -1.00000
vn 0.00000 0.00000 -1.00000
vn 0.00000 0.00000 -1.00000
vn 0.00000 0.00000 -1.00000
vn -0.00000 0.00000 -1.00000
vn 0.00000 0.00000 -1.00000
vn 0.00000 0.00000 -1.00000
vn 0.00000 0.00000 -1.00000
vn 0.00000 0.00000 -1.00000
vn 0.00000 0.00000 -1.00000
vn 0.00000 0.00000 -1.00000
vn -0.00000 0.00000 -1.00000
vn -0.00000 0.00000 -1.00000
vn -0.00000 0.00000 -1.00000
vn -0.00000 0.00000 -1.00000
vn 0.00000 0.00000 -1.00000
vn 0.00000 0.00000 -1.00000
vn 0.00000 0.00000 -1.00000
vn 0.00000 0.00000 -1.00000
vn -0.00000 0.00000 -1.00000
vn 0.00000 0.00000 -1.00000
vn -0.00000 0.00000 -1.00000
vn -0.00000 0.00000 -1.00000
vn 0.00000 0.00000 -1.00000
vn 0.00000 0.00000 -1.00000
vn 0.00000 0.00000 -1.00000
vn 0.00000 0.00000 -1.00000
vn -0.00000 0.00000 -1.00000
vn 0.00000 0.00000 -1.00000
vn -0.00000 0.00000 -1.00000
vn -0.00000 0.00000 -1.00000
vn -0.00000 0.00000 -1.00000
vn 0.00000 0.00000 -1.00000
vn -0.00000 0.00000 -1.00000
vn -0.00000 0.00000 -1.00000
vn -0.00000 0.00000 -1.00000
vn 0.00000 0.00000 -1.00000
vn -0.00000 0.00000 -1.00000
vn -0.00000 0.00000 -1.00000
vn 0.00000 0.00000 -1.00000
vn -0.00000 0.00000 -1.00000
vn 0.00000 0.00000 -1.00000
vn 0.00000 0.00000 -1.00000
vn -0.00000 0.00000 -1.00000
vn -0.00000 0.00000 -1.00000
vn -0.00000 0.00000 -1.00000
vn -0.00000 0.00000 -1.00000
vn 0.00000 0.00000 -1.00000
vn 0.00000 0.00000 -1.00000
vn 0.00000 0.00000 -1.00000
vn 0.00000 0.00000 -1.00000
vn 0.00000 -0.00000 1.00000
vn 0.00000 -0.00000 1.00000
vn 0.00000 -0.00000 1.00000
vn 0.00000 -0.00000 1.00000
vn 0.00000 -0.00000 1.00000
vn 0.00000 -0.00000 1.00000
vn 0.00000 -0.00000 1.00000
vn 0.00000 -0.00000 1.00000
vn 0.00000 -0.00000 1.00000
vn 0.00000 -0.00000 1.00000
vn 0.00000 -0.00000 1.00000
vn 0.00000 -0.00000 1.00000
vn 0.00000 -0.00000 1.00000
vn 0.00000 -0.00000 1.00000
vn 0.00000 -0.00000 1.00000
vn 0.00000 -0.00000 1.00000
vn 0.00000 -0.00000 1.00000
vn 0.00000 -0.00000 1.00000
vn 0.00000 -0.00000 1.00000
vn 0.00000 -0.00000 1.00000
vn 0.00000 -0.00000 1.00000
vn 0.00000 -0.00000 1.00000
vn 0.00000 -0.00000 1.00000
vn 0.00000 -0.00000 1.00000
vn 0.00000 -0.00000 1.00000
vn 0.00000 -0.00000 1.00000
vn 0.00000 -0.00000 1.00000
vn 0.00000 -0.00000 1.00000
vn 0.00000 -0.00000 1.00000
vn 0.00000 -0.00000 1.00000
vn 0.00000 -0.00000 1.00000
vn 0.00000 -0.00000 1.00000
vn 0.00000 -0.00000 1.00000
vn 0.00000 -0.00000 1.00000
vn 0.00000 -0.00000 1.00000
vn 0.00000 -0.00000 1.00000
vn 0.00000 -0.00000 1.00000
vn 0.00000 -0.00000 1.00000
vn 0.00000 -0.00000 1.00000
vn 0.00000 -0.00000 1.00000
vn 0.00000 -0.00000 1.00000
vn 0.00000 -0.00000 1.00000
vn 0.00000 -0.00000 1.00000
vn 0.00000 -0.00000 1.00000
vn 0.00000 -0.00000 1.00000
vn 0.00000 -0.00000 1.00000
vn 0.00000 -0.00000 1.00000
vn 0.00000 -0.00000 1.00000
vn 0.00000 -0.00000 1.00000
vn 0.00000 -0.00000 1.00000
vn 0.00000 -0.00000 1.00000
vn 0.00000 -0.00000 1.00000
vn 0.00000 -0.00000 1.00000
vn 0.00000 -0.00000 1.00000
vn 0.00000 -0.00000 1.00000
vn 0.00000 -0.00000 1.00000
vn 0.00000 -0.00000 1.00000
vn 0.00000 -0.00000 1.00000
vn 0.00000 -0.00000 1.00000
vn 0.00000 -0.00000 1.00000
vn 0.00000 -0.00000 1.00000
vn 0.00000 -0.00000 1.00000
vn 0.00000 -0.00000 1.00000
vn 0.00000 -0.00000 1.00000
vn 0.00000 -0.00000 1.00000
vn 0.00000 -0.00000 1.00000
vn 0.00000 -0.00000 1.00000
vn 0.00000 -0.00000 1.00000
vn 0.00000 -0.00000 1.00000
vn 0.00000 -0.00000 1.00000
vn 0.00000 -0.00000 1.00000
vn 0.00000 -0.00000 1.00000
vn 0.00000 -0.00000 1.00000
vn 0.00000 -0.00000 1.00000
vn 0.00000 -0.00000 1.00000
vn 0.00000 -0.00000 1.00000
vn 0.00000 -0.00000 1.00000
vn 0.00000 -0.00000 1.00000
vn 0.00000 -0.00000 1.00000
vn 0.00000 -0.00000 1.00000
vn 0.00000 -0.00000 1.00000
vn 0.00000 -0.00000 1.00000
vn -0.94803 0.31818 0.00000
vn -0.94803 0.31818 0.00000
vn -0.94803 0.31818 0.00000
vn -0.94803 0.31818 0.00000
vn 0.75844 -0.65175 -0.00000
vn 0.75844 -0.65175 -0.00000
vn 0.75844 -0.65175 -0.00000
vn 0.75844 -0.65175 -0.00000
vn 0.63494 -0.77256 -0.00000
vn 0.63494 -0.77256 -0.00000
vn 0.63494 -0.77256 -0.00000
vn 0.63494 -0.77256 -0.00000
vn 0.21930 -0.97566 -0.00000
vn 0.21930 -0.97566 -0.00000
vn 0.21930 -0.97566 -0.00000
vn 0.21930 -0.97566 -0.00000
vn 0.37015 -0.92897 -0.00000
vn 0.37015 -0.92897 -0.00000
vn 0.37015 -0.92897 -0.00000
vn 0.37015 -0.92897 -0.00000
vn 0.51182 -0.85909 -0.00000
vn 0.51182 -0.85909 -0.00000
vn 0.51182 -0.85909 -0.00000
vn 0.51182 -0.85909 -0.00000
vn -0.35407 0.93522 0.00000
vn -0.35407 0.93522 0.00000
vn -0.35407 0.93522 0.00000
vn -0.35407 0.93522 0.00000
vn 0.50502 0.86311 0.00000
vn 0.50502 0.86311 0.00000
vn 0.50502 0.86311 0.00000
vn 0.50502 0.86311 0.00000
vn -0.20577 0.97860 0.00000
vn -0.20577 0.97860 0.00000
vn -0.20577 0.97860 0.00000
vn -0.20577 0.97860 0.00000
vn 0.36441 0.93124 0.00000
vn 0.36441 0.93124 0.00000
vn 0.36441 0.93124 0.00000
vn 0.36441 0.93124 0.00000
vn -0.49931 0.86643 0.00000
vn -0.49931 0.86643 0.00000
vn -0.49931 0.86643 0.00000
vn -0.49931 0.86643 0.00000
vn -0.63026 0.77639 0.00000
vn -0.63026 0.77639 0.00000
vn -0.63026 0.77639 0.00000
vn -0.63026 0.77639 0.00000
vn -0.76069 0.64912 0.00000
vn -0.76069 0.64912 0.00000
vn -0.76069 0.64912 0.00000
vn -0.76069 0.64912 0.00000
vn 0.86925 0.49438 0.00000
vn 0.86925 0.49438 0.00000
vn 0.86925 0.49438 0.00000
vn 0.86925 0.49438 0.00000
vn 0.75328 0.65770 0.00000
vn 0.75328 0.65770 0.00000
vn 0.75328 0.65770 0.00000
vn 0.75328 0.65770 0.00000
vn 0.62809 0.77814 0.00000
vn 0.62809 0.77814 0.00000
vn 0.62809 0.77814 0.00000
vn 0.62809 0.77814 0.00000
vn -0.36547 -0.93082 -0.00000
vn -0.36547 -0.93082 -0.00000
vn -0.36547 -0.93082 -0.00000
vn -0.36547 -0.93082 -0.00000
vn -0.21306 -0.97704 -0.00000
vn -0.21306 -0.97704 -0.00000
vn -0.21306 -0.97704 -0.00000
vn -0.21306 -0.97704 -0.00000
vn -0.06751 -0.99772 -0.00000
vn -0.06751 -0.99772 -0.00000
vn -0.06751 -0.99772 -0.00000
vn -0.06751 -0.99772 -0.00000
vn 0.21556 0.97649 0.00000
vn 0.21556 0.97649 0.00000
vn 0.21556 0.97649 0.00000
vn 0.21556 0.97649 0.00000
vn 0.06926 0.99760 0.00000
vn 0.06926 0.99760 0.00000
vn 0.06926 0.99760 0.00000
vn 0.06926 0.99760 0.00000
vn -0.06510 0.99788 0.00000
vn -0.06510 0.99788 0.00000
vn -0.06510 0.99788 0.00000
vn -0.06510 0.99788 0.00000
vn -0.99865 0.05188 0.00000
vn -0.99865 0.05188 0.00000
vn -0.99865 0.05188 0.00000
vn -0.99865 0.05188 0.00000
vn 0.94467 -0.32802 -0.00000
vn 0.94467 -0.32802 -0.00000
vn 0.94467 -0.32802 -0.00000
vn 0.94467 -0.32802 -0.00000
vn 0.98361 -0.18033 -0.00000
vn 0.98361 -0.18033 -0.00000
vn 0.98361 -0.18033 -0.00000
vn 0.98361 -0.18033 -0.00000
vn 0.99851 -0.05448 -0.00000
vn 0.99851 -0.05448 -0.00000
vn 0.99851 -0.05448 -0.00000
vn 0.99851 -0.05448 -0.00000
vn -0.98467 -0.17441 -0.00000
vn -0.98467 -0.17441 -0.00000
vn -0.98467 -0.17441 -0.00000
vn -0.98467 -0.17441 -0.00000
vn -0.94808 -0.31804 -0.00000
vn -0.94808 -0.31804 -0.00000
vn -0.94808 -0.31804 -0.00000
vn -0.94808 -0.31804 -0.00000
vn -0.99861 -0.05264 -0.00000
vn -0.99861 -0.05264 -0.00000
vn -0.99861 -0.05264 -0.00000
vn -0.99861 -0.05264 -0.00000
vn 0.99851 0.05454 0.00000
vn 0.99851 0.05454 0.00000
vn 0.99851 0.05454 0.00000
vn 0.99851 0.05454 0.00000
vn 0.98350 0.18092 0.00000
vn 0.98350 0.18092 0.00000
vn 0.98350 0.18092 0.00000
vn 0.98350 0.18092 0.00000
vn 0.94402 0.32989 0.00000
vn 0.94402 0.32989 0.00000
vn 0.94402 0.32989 0.00000
vn 0.94402 0.32989 0.00000
vn -0.98491 0.17306 0.00000
vn -0.98491 0.17306 0.00000
vn -0.98491 0.17306 0.00000
vn -0.98491 0.17306 0.00000
vn 0.07052 -0.99751 -0.00000
vn 0.07052 -0.99751 -0.00000
vn 0.07052 -0.99751 -0.00000
vn 0.07052 -0.99751 -0.00000
vn 0.87144 -0.49050 -0.00000
vn 0.87144 -0.49050 -0.00000
vn 0.87144 -0.49050 -0.00000
vn 0.87144 -0.49050 -0.00000
vn -0.64405 -0.76499 -0.00000
vn -0.64405 -0.76499 -0.00000
vn -0.64405 -0.76499 -0.00000
vn -0.64405 -0.76499 -0.00000
vn -0.51302 -0.85838 -0.00000
vn -0.51302 -0.85838 -0.00000
vn -0.51302 -0.85838 -0.00000
vn -0.51302 -0.85838 -0.00000
vn -0.87851 -0.47772 -0.00000
vn -0.87851 -0.47772 -0.00000
vn -0.87851 -0.47772 -0.00000
vn -0.87851 -0.47772 -0.00000
vn -0.76940 -0.63876 -0.00000
vn -0.76940 -0.63876 -0.00000
vn -0.76940 -0.63876 -0.00000
vn -0.76940 -0.63876 -0.00000
vn -0.87614 0.48207 0.00000
vn -0.87614 0.48207 0.00000
vn -0.87614 0.48207 0.00000
vn -0.87614 0.48207 0.00000
vn 0.00000 -1.00000 -0.00000
vn 0.00000 -1.00000 -0.00000
vn 0.00000 -1.00000 -0.00000
vn 0.00000 -1.00000 -0.00000
vn 1.00000 0.00000 0.00000
vn 1.00000 0.00000 0.00000
vn 1.00000 0.00000 0.00000
vn 1.00000 0.00000 0.00000
vn 0.00000 1.00000 0.00000
vn 0.00000 1.00000 0.00000
vn 0.00000 1.00000 0.00000
vn 0.00000 1.00000 0.00000
vn -1.00000 0.00000 0.00000
vn -1.00000 0.00000 0.00000
vn -1.00000 0.00000 0.00000
vn -1.00000 0.00000 0.00000
f 2173/3835/8883 2174/3836/8884 2175/3837/8885 
f 2176/3838/8886 2177/3839/8887 2178/3840/8888 
f 2179/3841/8889 2180/3842/8890 2181/3843/8891 2176/3838/8892 
f 2173/3835/8893 2182/3844/8894 2183/3845/8895 2184/3846/8896 
f 2184/3846/8897 2183/3845/8898 2185/3847/8899 2186/3848/8900 
f 2187/3849/8901 2188/3850/8902 2182/3844/8903 2189/3851/8904 
f 2190/3852/8905 2191/3853/8906 2192/3854/8907 2173/3835/8908 
f 2193/3855/8909 2194/3856/8910 2195/3857/8911 2196/3858/8912 
f 2197/3859/8913 2198/3860/8914 2186/3848/8915 2185/3847/8916 
f 2199/3861/8917 2192/3854/8918 2200/3862/8919 2201/3863/8920 
f 2202/3864/8921 2203/3865/8922 2201/3863/8923 2200/3862/8924 
f 2204/3866/8925 2205/3867/8926 2202/3864/8927 2200/3862/8928 
f 2201/3863/8929 2206/3868/8930 2207/3869/8931 2208/3870/8932 
f 2209/3871/8933 2210/3872/8934 2200/3862/8935 2192/3854/8936 
f 2192/3854/8937 2199/3861/8938 2174/3836/8939 2173/3835/8940 
f 2176/3838/8941 2181/3843/8942 2196/3858/8943 2177/3839/8944 
f 2177/3839/8945 2196/3858/8946 2203/3865/8947 2202/3864/8948 
f 2195/3857/8949 2211/3873/8950 2203/3865/8951 2196/3858/8952 
f 2212/3874/8953 2206/3868/8954 2201/3863/8955 2203/3865/8956 
f 2173/3835/8957 2175/3837/8958 2189/3851/8959 2182/3844/8960 
f 2213/3875/8961 2214/3876/8962 2215/3877/8963 2216/3878/8964 
f 2217/3879/8965 2218/3880/8966 2219/3881/8967 
f 2220/3882/8968 2221/3883/8969 2222/3884/8970 
f 2222/3884/8971 2223/3885/8972 2224/3886/8973 2225/3887/8974 
f 2226/3888/8975 2227/3889/8976 2228/3890/8977 2219/3881/8978 
f 2229/3891/8979 2230/3892/8980 2227/3889/8981 2226/3888/8982 
f 2231/3893/8983 2228/3890/8984 2232/3894/8985 2233/3895/8986 
f 2219/3881/8987 2234/3896/8988 2235/3897/8989 2236/3898/8990 
f 2237/3899/8991 2238/3900/8992 2239/3901/8993 2240/3902/8994 
f 2230/3892/8995 2229/3891/8996 2241/3903/8997 2242/3904/8998 
f 2243/3905/8999 2244/3906/9000 2234/3896/9001 2245/3907/9002 
f 2244/3906/9003 2243/3905/9004 2246/3908/9005 2247/3909/9006 
f 2244/3906/9007 2247/3909/9008 2248/3910/9009 2249/3911/9010 
f 2250/3912/9011 2251/3913/9012 2252/3914/9013 2243/3905/9014 
f 2234/3896/9015 2244/3906/9016 2253/3915/9017 2254/3916/9018 
f 2219/3881/9019 2218/3880/9020 2245/3907/9021 2234/3896/9022 
f 2221/3883/9023 2237/3899/9024 2223/3885/9025 2222/3884/9026 
f 2247/3909/9027 2246/3908/9028 2237/3899/9029 2221/3883/9030 
f 2237/3899/9031 2246/3908/9032 2255/3917/9033 2238/3900/9034 
f 2246/3908/9035 2243/3905/9036 2252/3914/9037 2256/3918/9038 
f 2228/3890/9039 2231/3893/9040 2217/3879/9041 2219/3881/9042 
f 2257/3919/9043 2258/3920/9044 2259/3921/9045 2260/3922/9046 
f 2175/3923/9047 2174/3924/9048 2218/3925/9049 2217/3926/9050 
f 2178/3927/9051 2177/3928/9052 2221/3929/9053 2220/3930/9054 
f 2176/3931/9055 2178/3932/9056 2220/3933/9057 2222/3934/9058 
f 2181/3935/9059 2180/3936/9060 2224/3937/9061 2223/3938/9062 
f 2180/3936/9063 2179/3939/9064 2225/3940/9065 2224/3937/9066 
f 2179/3939/9067 2176/3931/9068 2222/3934/9069 2225/3940/9070 
f 2183/3941/9071 2182/3942/9072 2228/3943/9073 2227/3944/9074 
f 2173/3945/9075 2184/3946/9076 2226/3947/9077 2219/3948/9078 
f 2185/3949/9079 2183/3941/9080 2227/3944/9081 2230/3950/9082 
f 2184/3946/9083 2186/3951/9084 2229/3952/9085 2226/3947/9086 
f 2182/3942/9087 2188/3953/9088 2232/3954/9089 2228/3943/9090 
f 2188/3953/9091 2187/3955/9092 2233/3956/9093 2232/3954/9094 
f 2187/3957/9095 2189/3958/9096 2231/3959/9097 2233/3960/9098 
f 2192/3961/9099 2191/3962/9100 2235/3963/9101 2234/3964/9102 
f 2191/3962/9103 2190/3965/9104 2236/3966/9105 2235/3963/9106 
f 2190/3967/9107 2173/3945/9108 2219/3948/9109 2236/3968/9110 
f 2195/3969/9111 2194/3970/9112 2239/3971/9113 2238/3972/9114 
f 2194/3970/9115 2193/3973/9116 2240/3974/9117 2239/3971/9118 
f 2193/3973/9119 2196/3975/9120 2237/3976/9121 2240/3974/9122 
f 2186/3951/9123 2198/3977/9124 2241/3978/9125 2229/3952/9126 
f 2198/3977/9127 2197/3979/9128 2242/3980/9129 2241/3978/9130 
f 2197/3979/9131 2185/3949/9132 2230/3950/9133 2242/3980/9134 
f 2199/3981/9135 2201/3982/9136 2243/3983/9137 2245/3984/9138 
f 2202/3985/9139 2205/3986/9140 2248/3987/9141 2247/3988/9142 
f 2205/3986/9143 2204/3989/9144 2249/3990/9145 2248/3987/9146 
f 2204/3989/9147 2200/3991/9148 2244/3992/9149 2249/3990/9150 
f 2208/3993/9151 2207/3994/9152 2251/3995/9153 2250/3996/9154 
f 2207/3994/9155 2206/3997/9156 2252/3998/9157 2251/3995/9158 
f 2201/3982/9159 2208/3993/9160 2250/3996/9161 2243/3983/9162 
f 2200/3991/9163 2210/3999/9164 2253/4000/9165 2244/3992/9166 
f 2210/3999/9167 2209/4001/9168 2254/4002/9169 2253/4000/9170 
f 2209/4001/9171 2192/3961/9172 2234/3964/9173 2254/4002/9174 
f 2174/3924/9175 2199/3981/9176 2245/3984/9177 2218/3925/9178 
f 2196/3975/9179 2181/3935/9180 2223/3938/9181 2237/3976/9182 
f 2177/3928/9183 2202/3985/9184 2247/3988/9185 2221/3929/9186 
f 2203/4003/9187 2211/4004/9188 2255/4005/9189 2246/4006/9190 
f 2211/4004/9191 2195/3969/9192 2238/3972/9193 2255/4005/9194 
f 2206/3997/9195 2212/4007/9196 2256/4008/9197 2252/3998/9198 
f 2212/4007/9199 2203/4009/9200 2246/4010/9201 2256/4008/9202 
f 2189/3958/9203 2175/3923/9204 2217/3926/9205 2231/3959/9206 
f 2216/4011/9207 2215/4012/9208 2258/4013/9209 2257/4014/9210 
f 2215/4015/9211 2214/4016/9212 2259/4017/9213 2258/4018/9214 
f 2214/4019/9215 2213/4020/9216 2260/4021/9217 2259/4022/9218 
f 2213/4023/9219 2216/4024/9220 2257/4025/9221 2260/4026/9222 
o 014_3D_Text_-_o
g 3D_Text_-_o
usemtl Infusion 13
v 61.663 70.098 -250.000
v 61.572 70.878 -250.000
v 63.682 70.725 -250.000
v 62.026 68.666 -250.000
v 64.011 69.065 -250.000
v 62.298 68.015 -250.000
v 63.006 66.873 -250.000
v 64.667 67.796 -250.000
v 63.435 66.389 -250.000
v 64.447 65.598 -250.000
v 65.641 66.936 -250.000
v 65.020 65.295 -250.000
v 66.262 64.891 -250.000
v 66.925 66.506 -250.000
v 66.931 64.790 -250.000
v 67.657 76.902 -250.000
v 66.901 76.850 -250.000
v 66.607 78.550 -250.000
v 67.718 78.623 -250.000
v 68.745 64.829 -250.000
v 67.633 64.756 -250.000
v 67.682 66.452 -250.000
v 68.439 66.506 -250.000
v 73.768 72.923 -250.000
v 73.834 71.701 -250.000
v 71.734 71.701 -250.000
v 71.693 72.673 -250.000
v 63.682 72.685 -250.000
v 63.641 71.701 -250.000
v 61.542 71.701 -250.000
v 61.607 72.952 -250.000
v 71.693 70.721 -250.000
v 73.769 70.450 -250.000
v 66.244 66.667 -250.000
v 65.625 65.059 -250.000
v 71.363 74.322 -250.000
v 71.074 74.999 -250.000
v 72.776 75.956 -250.000
v 73.239 75.050 -250.000
v 73.570 74.039 -250.000
v 71.569 73.546 -250.000
v 64.654 75.595 -250.000
v 64.290 75.022 -250.000
v 62.589 76.010 -250.000
v 63.177 76.798 -250.000
v 72.780 67.385 -250.000
v 72.186 66.593 -250.000
v 70.703 67.789 -250.000
v 71.074 68.374 -250.000
v 71.363 69.057 -250.000
v 73.241 68.292 -250.000
v 65.116 67.312 -250.000
v 63.916 65.964 -250.000
v 64.006 74.346 -250.000
v 62.131 75.107 -250.000
v 70.703 75.577 -250.000
v 72.180 76.756 -250.000
v 71.569 69.839 -250.000
v 73.571 69.314 -250.000
v 63.803 73.567 -250.000
v 61.804 74.087 -250.000
v 70.251 76.054 -250.000
v 71.472 77.428 -250.000
v 63.883 77.455 -250.000
v 65.099 76.066 -250.000
v 65.597 78.331 -250.000
v 66.222 76.693 -250.000
v 71.477 65.932 -250.000
v 70.252 67.308 -250.000
v 68.424 76.849 -250.000
v 68.795 78.548 -250.000
v 69.721 76.425 -250.000
v 70.672 77.951 -250.000
v 62.627 67.414 -250.000
v 64.298 68.381 -250.000
v 63.805 69.846 -250.000
v 61.814 69.361 -250.000
v 69.756 65.050 -250.000
v 69.120 66.666 -250.000
v 64.689 77.966 -250.000
v 65.621 76.432 -250.000
v 69.111 76.690 -250.000
v 69.780 78.324 -250.000
v 70.667 65.417 -250.000
v 69.724 66.934 -250.000
v 63.682 70.725 -242.500
v 61.572 70.878 -242.500
v 61.663 70.098 -242.500
v 62.298 68.015 -242.500
v 64.011 69.065 -242.500
v 62.026 68.666 -242.500
v 63.435 66.389 -242.500
v 64.667 67.796 -242.500
v 63.006 66.873 -242.500
v 65.020 65.295 -242.500
v 65.641 66.936 -242.500
v 64.447 65.598 -242.500
v 66.931 64.790 -242.500
v 66.925 66.506 -242.500
v 66.262 64.891 -242.500
v 67.718 78.623 -242.500
v 66.607 78.550 -242.500
v 66.901 76.850 -242.500
v 67.657 76.902 -242.500
v 68.439 66.506 -242.500
v 67.682 66.452 -242.500
v 67.633 64.756 -242.500
v 68.745 64.829 -242.500
v 71.693 72.673 -242.500
v 71.734 71.701 -242.500
v 73.834 71.701 -242.500
v 73.768 72.923 -242.500
v 61.607 72.952 -242.500
v 61.542 71.701 -242.500
v 63.641 71.701 -242.500
v 63.682 72.685 -242.500
v 73.769 70.450 -242.500
v 71.693 70.721 -242.500
v 65.625 65.059 -242.500
v 66.244 66.667 -242.500
v 73.239 75.050 -242.500
v 72.776 75.956 -242.500
v 71.074 74.999 -242.500
v 71.363 74.322 -242.500
v 71.569 73.546 -242.500
v 73.570 74.039 -242.500
v 63.177 76.798 -242.500
v 62.589 76.010 -242.500
v 64.290 75.022 -242.500
v 64.654 75.595 -242.500
v 71.074 68.374 -242.500
v 70.703 67.789 -242.500
v 72.186 66.593 -242.500
v 72.780 67.385 -242.500
v 73.241 68.292 -242.500
v 71.363 69.057 -242.500
v 63.916 65.964 -242.500
v 65.116 67.312 -242.500
v 62.131 75.107 -242.500
v 64.006 74.346 -242.500
v 72.180 76.756 -242.500
v 70.703 75.577 -242.500
v 73.571 69.314 -242.500
v 71.569 69.839 -242.500
v 61.804 74.087 -242.500
v 63.803 73.567 -242.500
v 71.472 77.428 -242.500
v 70.251 76.054 -242.500
v 65.099 76.066 -242.500
v 63.883 77.455 -242.500
v 66.222 76.693 -242.500
v 65.597 78.331 -242.500
v 70.252 67.308 -242.500
v 71.477 65.932 -242.500
v 68.795 78.548 -242.500
v 68.424 76.849 -242.500
v 70.672 77.951 -242.500
v 69.721 76.425 -242.500
v 64.298 68.381 -242.500
v 62.627 67.414 -242.500
v 61.814 69.361 -242.500
v 63.805 69.846 -242.500
v 69.120 66.666 -242.500
v 69.756 65.050 -242.500
v 65.621 76.432 -242.500
v 64.689 77.966 -242.500
v 69.780 78.324 -242.500
v 69.111 76.690 -242.500
v 69.724 66.934 -242.500
v 70.667 65.417 -242.500
vt 0.74101 0.43635
vt 0.74464 0.46755
vt 0.66023 0.46142
vt 0.72648 0.37908
vt 0.64710 0.39501
vt 0.71559 0.35302
vt 0.68731 0.30732
vt 0.62085 0.34424
vt 0.67012 0.28798
vt 0.62965 0.25634
vt 0.58187 0.30986
vt 0.60674 0.24422
vt 0.55705 0.22805
vt 0.53055 0.29267
vt 0.53028 0.22401
vt 0.50123 0.70850
vt 0.53150 0.70641
vt 0.54324 0.77442
vt 0.49879 0.77734
vt 0.45773 0.22560
vt 0.50221 0.22266
vt 0.50025 0.29052
vt 0.46995 0.29266
vt 0.25680 0.54935
vt 0.25415 0.50048
vt 0.33815 0.50048
vt 0.33980 0.53934
vt 0.66025 0.53984
vt 0.66187 0.50048
vt 0.74585 0.50048
vt 0.74323 0.55051
vt 0.33980 0.46125
vt 0.25679 0.45043
vt 0.55775 0.29912
vt 0.58254 0.23478
vt 0.35300 0.60528
vt 0.36456 0.63236
vt 0.29651 0.67064
vt 0.27797 0.63443
vt 0.26474 0.59400
vt 0.34475 0.57428
vt 0.62135 0.65624
vt 0.63594 0.63329
vt 0.70398 0.67283
vt 0.68043 0.70434
vt 0.29634 0.32783
vt 0.32007 0.29614
vt 0.37941 0.34400
vt 0.36456 0.36737
vt 0.35300 0.39470
vt 0.27788 0.36410
vt 0.60291 0.32490
vt 0.65090 0.27099
vt 0.64728 0.60624
vt 0.72230 0.63668
vt 0.37941 0.65552
vt 0.32033 0.70264
vt 0.34475 0.42599
vt 0.26470 0.40497
vt 0.65539 0.57509
vt 0.73538 0.59591
vt 0.39749 0.67459
vt 0.34864 0.72953
vt 0.65222 0.73062
vt 0.60357 0.67505
vt 0.58363 0.76566
vt 0.55865 0.70014
vt 0.34845 0.26969
vt 0.39745 0.32475
vt 0.47058 0.70638
vt 0.45572 0.77435
vt 0.41871 0.68943
vt 0.38064 0.75045
vt 0.70246 0.32900
vt 0.63562 0.36767
vt 0.65531 0.42626
vt 0.73496 0.40685
vt 0.41728 0.23442
vt 0.44272 0.29908
vt 0.61996 0.75106
vt 0.58267 0.68969
vt 0.44307 0.70002
vt 0.41633 0.76539
vt 0.38085 0.24911
vt 0.41855 0.30977
vt 0.33977 0.46142
vt 0.25536 0.46755
vt 0.25899 0.43635
vt 0.28441 0.35302
vt 0.35290 0.39501
vt 0.27352 0.37908
vt 0.32988 0.28798
vt 0.37915 0.34424
vt 0.31269 0.30732
vt 0.39326 0.24422
vt 0.41813 0.30986
vt 0.37035 0.25634
vt 0.46972 0.22401
vt 0.46945 0.29267
vt 0.44295 0.22805
vt 0.50121 0.77734
vt 0.45676 0.77442
vt 0.46850 0.70641
vt 0.49877 0.70850
vt 0.53005 0.29266
vt 0.49975 0.29052
vt 0.49779 0.22266
vt 0.54227 0.22560
vt 0.66020 0.53934
vt 0.66185 0.50048
vt 0.74585 0.50048
vt 0.74320 0.54935
vt 0.25677 0.55051
vt 0.25415 0.50048
vt 0.33813 0.50048
vt 0.33975 0.53984
vt 0.74321 0.45043
vt 0.66020 0.46125
vt 0.41746 0.23478
vt 0.44225 0.29912
vt 0.72203 0.63443
vt 0.70349 0.67064
vt 0.63544 0.63236
vt 0.64700 0.60528
vt 0.65525 0.57428
vt 0.73526 0.59400
vt 0.31957 0.70434
vt 0.29602 0.67283
vt 0.36406 0.63329
vt 0.37865 0.65624
vt 0.63544 0.36737
vt 0.62059 0.34400
vt 0.67993 0.29614
vt 0.70366 0.32783
vt 0.72212 0.36410
vt 0.64700 0.39470
vt 0.34910 0.27099
vt 0.39709 0.32490
vt 0.27770 0.63668
vt 0.35272 0.60624
vt 0.67967 0.70264
vt 0.62059 0.65552
vt 0.73530 0.40497
vt 0.65525 0.42599
vt 0.26462 0.59591
vt 0.34461 0.57509
vt 0.65136 0.72953
vt 0.60251 0.67459
vt 0.39643 0.67505
vt 0.34778 0.73062
vt 0.44135 0.70014
vt 0.41637 0.76566
vt 0.60255 0.32475
vt 0.65155 0.26969
vt 0.54428 0.77435
vt 0.52942 0.70638
vt 0.61936 0.75045
vt 0.58129 0.68943
vt 0.36438 0.36767
vt 0.29754 0.32900
vt 0.26504 0.40685
vt 0.34469 0.42626
vt 0.55728 0.29908
vt 0.58272 0.23442
vt 0.41733 0.68969
vt 0.38004 0.75106
vt 0.58367 0.76539
vt 0.55693 0.70002
vt 0.58145 0.30977
vt 0.61915 0.24911
vt 0.35000 0.46755
vt 0.35000 0.43635
vt 0.65000 0.43635
vt 0.65000 0.46755
vt 0.35000 0.37908
vt 0.35000 0.35302
vt 0.65000 0.35302
vt 0.65000 0.37908
vt 0.35000 0.30732
vt 0.35000 0.28798
vt 0.65000 0.28798
vt 0.65000 0.30732
vt 0.35000 0.62965
vt 0.35000 0.60674
vt 0.65000 0.60674
vt 0.65000 0.62965
vt 0.35000 0.55705
vt 0.35000 0.53028
vt 0.65000 0.53028
vt 0.65000 0.55705
vt 0.35000 0.50121
vt 0.35000 0.45676
vt 0.65000 0.45676
vt 0.65000 0.50121
vt 0.35000 0.53150
vt 0.35000 0.50123
vt 0.65000 0.50123
vt 0.65000 0.53150
vt 0.35000 0.53005
vt 0.35000 0.49975
vt 0.65000 0.49975
vt 0.65000 0.53005
vt 0.35000 0.50221
vt 0.35000 0.45773
vt 0.65000 0.45773
vt 0.65000 0.50221
vt 0.35000 0.53934
vt 0.35000 0.50048
vt 0.65000 0.50048
vt 0.65000 0.53934
vt 0.65000 0.50048
vt 0.65000 0.54935
vt 0.35000 0.54935
vt 0.35000 0.50048
vt 0.35000 0.55051
vt 0.35000 0.50048
vt 0.65000 0.50048
vt 0.65000 0.55051
vt 0.65000 0.50048
vt 0.65000 0.53984
vt 0.35000 0.53984
vt 0.35000 0.50048
vt 0.65000 0.45043
vt 0.35000 0.45043
vt 0.35000 0.46125
vt 0.65000 0.46125
vt 0.35000 0.58254
vt 0.65000 0.58254
vt 0.35000 0.44225
vt 0.35000 0.41813
vt 0.65000 0.41813
vt 0.65000 0.44225
vt 0.65000 0.63443
vt 0.65000 0.67064
vt 0.35000 0.67064
vt 0.35000 0.63443
vt 0.35000 0.63236
vt 0.35000 0.60528
vt 0.65000 0.60528
vt 0.65000 0.63236
vt 0.35000 0.57428
vt 0.65000 0.57428
vt 0.65000 0.59400
vt 0.35000 0.59400
vt 0.35000 0.70434
vt 0.35000 0.67283
vt 0.65000 0.67283
vt 0.65000 0.70434
vt 0.65000 0.63329
vt 0.65000 0.65624
vt 0.35000 0.65624
vt 0.35000 0.63329
vt 0.35000 0.36737
vt 0.35000 0.34400
vt 0.65000 0.34400
vt 0.65000 0.36737
vt 0.65000 0.29614
vt 0.65000 0.32783
vt 0.35000 0.32783
vt 0.35000 0.29614
vt 0.65000 0.36410
vt 0.35000 0.36410
vt 0.35000 0.39470
vt 0.65000 0.39470
vt 0.35000 0.67012
vt 0.35000 0.65090
vt 0.65000 0.65090
vt 0.65000 0.67012
vt 0.65000 0.32490
vt 0.65000 0.34424
vt 0.35000 0.34424
vt 0.35000 0.32490
vt 0.35000 0.63668
vt 0.65000 0.63668
vt 0.65000 0.60624
vt 0.35000 0.60624
vt 0.65000 0.70264
vt 0.35000 0.70264
vt 0.35000 0.65552
vt 0.65000 0.65552
vt 0.65000 0.40497
vt 0.35000 0.40497
vt 0.35000 0.42599
vt 0.65000 0.42599
vt 0.35000 0.59591
vt 0.65000 0.59591
vt 0.65000 0.57509
vt 0.35000 0.57509
vt 0.35000 0.67967
vt 0.35000 0.65136
vt 0.65000 0.65136
vt 0.65000 0.67967
vt 0.35000 0.67459
vt 0.65000 0.67459
vt 0.35000 0.46945
vt 0.65000 0.46945
vt 0.65000 0.67505
vt 0.35000 0.67505
vt 0.35000 0.34778
vt 0.35000 0.31957
vt 0.65000 0.31957
vt 0.65000 0.34778
vt 0.35000 0.55865
vt 0.65000 0.55865
vt 0.35000 0.41637
vt 0.65000 0.41637
vt 0.35000 0.32475
vt 0.65000 0.32475
vt 0.35000 0.34845
vt 0.35000 0.32007
vt 0.65000 0.32007
vt 0.65000 0.34845
vt 0.35000 0.54428
vt 0.65000 0.54428
vt 0.35000 0.47058
vt 0.65000 0.47058
vt 0.35000 0.61936
vt 0.65000 0.61936
vt 0.35000 0.41871
vt 0.35000 0.39749
vt 0.65000 0.39749
vt 0.65000 0.41871
vt 0.35000 0.32900
vt 0.65000 0.32900
vt 0.65000 0.36767
vt 0.35000 0.36767
vt 0.35000 0.40685
vt 0.65000 0.40685
vt 0.65000 0.39501
vt 0.65000 0.42626
vt 0.35000 0.42626
vt 0.35000 0.39501
vt 0.35000 0.55728
vt 0.65000 0.55728
vt 0.35000 0.41728
vt 0.65000 0.41728
vt 0.35000 0.60357
vt 0.35000 0.58267
vt 0.65000 0.58267
vt 0.65000 0.60357
vt 0.35000 0.38004
vt 0.65000 0.38004
vt 0.65000 0.46142
vt 0.35000 0.46142
vt 0.35000 0.58367
vt 0.65000 0.58367
vt 0.35000 0.44307
vt 0.65000 0.44307
vt 0.35000 0.60255
vt 0.35000 0.58145
vt 0.65000 0.58145
vt 0.65000 0.60255
vt 0.35000 0.38085
vt 0.65000 0.38085
vt 0.35000 0.39709
vt 0.65000 0.39709
vn -0.00000 0.00000 -1.00000
vn -0.00000 0.00000 -1.00000
vn -0.00000 0.00000 -1.00000
vn 0.00000 0.00000 -1.00000
vn 0.00000 0.00000 -1.00000
vn 0.00000 0.00000 -1.00000
vn -0.00000 0.00000 -1.00000
vn -0.00000 0.00000 -1.00000
vn -0.00000 0.00000 -1.00000
vn 0.00000 0.00000 -1.00000
vn 0.00000 0.00000 -1.00000
vn 0.00000 0.00000 -1.00000
vn 0.00000 0.00000 -1.00000
vn 0.00000 0.00000 -1.00000
vn 0.00000 0.00000 -1.00000
vn 0.00000 0.00000 -1.00000
vn -0.00000 0.00000 -1.00000
vn 0.00000 0.00000 -1.00000
vn 0.00000 0.00000 -1.00000
vn 0.00000 0.00000 -1.00000
vn -0.00000 0.00000 -1.00000
vn 0.00000 0.00000 -1.00000
vn 0.00000 0.00000 -1.00000
vn -0.00000 0.00000 -1.00000
vn 0.00000 0.00000 -1.00000
vn -0.00000 0.00000 -1.00000
vn -0.00000 0.00000 -1.00000
vn -0.00000 0.00000 -1.00000
vn 0.00000 0.00000 -1.00000
vn -0.00000 0.00000 -1.00000
vn -0.00000 0.00000 -1.00000
vn -0.00000 0.00000 -1.00000
vn 0.00000 0.00000 -1.00000
vn -0.00000 0.00000 -1.00000
vn -0.00000 0.00000 -1.00000
vn -0.00000 0.00000 -1.00000
vn 0.00000 0.00000 -1.00000
vn -0.00000 0.00000 -1.00000
vn -0.00000 0.00000 -1.00000
vn 0.00000 0.00000 -1.00000
vn 0.00000 0.00000 -1.00000
vn 0.00000 0.00000 -1.00000
vn 0.00000 0.00000 -1.00000
vn 0.00000 0.00000 -1.00000
vn -0.00000 0.00000 -1.00000
vn 0.00000 0.00000 -1.00000
vn 0.00000 0.00000 -1.00000
vn 0.00000 0.00000 -1.00000
vn -0.00000 0.00000 -1.00000
vn 0.00000 0.00000 -1.00000
vn 0.00000 0.00000 -1.00000
vn -0.00000 0.00000 -1.00000
vn -0.00000 0.00000 -1.00000
vn -0.00000 0.00000 -1.00000
vn -0.00000 0.00000 -1.00000
vn -0.00000 0.00000 -1.00000
vn -0.00000 0.00000 -1.00000
vn -0.00000 0.00000 -1.00000
vn -0.00000 0.00000 -1.00000
vn -0.00000 0.00000 -1.00000
vn -0.00000 0.00000 -1.00000
vn -0.00000 0.00000 -1.00000
vn -0.00000 0.00000 -1.00000
vn -0.00000 0.00000 -1.00000
vn 0.00000 0.00000 -1.00000
vn -0.00000 0.00000 -1.00000
vn -0.00000 0.00000 -1.00000
vn 0.00000 0.00000 -1.00000
vn 0.00000 0.00000 -1.00000
vn 0.00000 0.00000 -1.00000
vn 0.00000 0.00000 -1.00000
vn -0.00000 0.00000 -1.00000
vn 0.00000 0.00000 -1.00000
vn -0.00000 0.00000 -1.00000
vn -0.00000 0.00000 -1.00000
vn -0.00000 0.00000 -1.00000
vn -0.00000 0.00000 -1.00000
vn -0.00000 0.00000 -1.00000
vn -0.00000 0.00000 -1.00000
vn -0.00000 0.00000 -1.00000
vn -0.00000 0.00000 -1.00000
vn -0.00000 0.00000 -1.00000
vn -0.00000 0.00000 -1.00000
vn 0.00000 0.00000 -1.00000
vn 0.00000 0.00000 -1.00000
vn 0.00000 0.00000 -1.00000
vn 0.00000 0.00000 -1.00000
vn -0.00000 0.00000 -1.00000
vn 0.00000 0.00000 -1.00000
vn -0.00000 0.00000 -1.00000
vn -0.00000 0.00000 -1.00000
vn -0.00000 0.00000 -1.00000
vn -0.00000 0.00000 -1.00000
vn -0.00000 0.00000 -1.00000
vn -0.00000 0.00000 -1.00000
vn 0.00000 0.00000 -1.00000
vn 0.00000 0.00000 -1.00000
vn 0.00000 0.00000 -1.00000
vn 0.00000 0.00000 -1.00000
vn -0.00000 0.00000 -1.00000
vn -0.00000 0.00000 -1.00000
vn -0.00000 0.00000 -1.00000
vn -0.00000 0.00000 -1.00000
vn -0.00000 0.00000 -1.00000
vn 0.00000 0.00000 -1.00000
vn -0.00000 0.00000 -1.00000
vn -0.00000 0.00000 -1.00000
vn 0.00000 0.00000 -1.00000
vn -0.00000 0.00000 -1.00000
vn 0.00000 0.00000 -1.00000
vn 0.00000 0.00000 -1.00000
vn 0.00000 0.00000 -1.00000
vn 0.00000 0.00000 -1.00000
vn 0.00000 0.00000 -1.00000
vn 0.00000 0.00000 -1.00000
vn 0.00000 0.00000 -1.00000
vn 0.00000 0.00000 -1.00000
vn 0.00000 0.00000 -1.00000
vn 0.00000 0.00000 -1.00000
vn -0.00000 0.00000 -1.00000
vn -0.00000 0.00000 -1.00000
vn -0.00000 0.00000 -1.00000
vn -0.00000 0.00000 -1.00000
vn 0.00000 0.00000 -1.00000
vn 0.00000 0.00000 -1.00000
vn 0.00000 0.00000 -1.00000
vn 0.00000 0.00000 -1.00000
vn -0.00000 0.00000 -1.00000
vn -0.00000 0.00000 -1.00000
vn -0.00000 0.00000 -1.00000
vn -0.00000 0.00000 -1.00000
vn 0.00000 0.00000 -1.00000
vn -0.00000 0.00000 -1.00000
vn 0.00000 0.00000 -1.00000
vn 0.00000 0.00000 -1.00000
vn 0.00000 0.00000 -1.00000
vn -0.00000 0.00000 -1.00000
vn 0.00000 0.00000 -1.00000
vn 0.00000 0.00000 -1.00000
vn 0.00000 0.00000 -1.00000
vn -0.00000 0.00000 -1.00000
vn 0.00000 0.00000 -1.00000
vn 0.00000 0.00000 -1.00000
vn -0.00000 0.00000 -1.00000
vn -0.00000 0.00000 -1.00000
vn -0.00000 0.00000 -1.00000
vn -0.00000 0.00000 -1.00000
vn -0.00000 0.00000 -1.00000
vn 0.00000 0.00000 -1.00000
vn -0.00000 0.00000 -1.00000
vn -0.00000 0.00000 -1.00000
vn -0.00000 0.00000 -1.00000
vn 0.00000 0.00000 -1.00000
vn -0.00000 0.00000 -1.00000
vn -0.00000 0.00000 -1.00000
vn 0.00000 0.00000 -1.00000
vn 0.00000 0.00000 -1.00000
vn 0.00000 0.00000 -1.00000
vn 0.00000 0.00000 -1.00000
vn 0.00000 0.00000 -1.00000
vn 0.00000 0.00000 -1.00000
vn 0.00000 0.00000 -1.00000
vn 0.00000 0.00000 -1.00000
vn 0.00000 0.00000 -1.00000
vn -0.00000 0.00000 -1.00000
vn 0.00000 0.00000 -1.00000
vn 0.00000 0.00000 -1.00000
vn 0.00000 0.00000 -1.00000
vn 0.00000 0.00000 -1.00000
vn 0.00000 0.00000 -1.00000
vn 0.00000 0.00000 -1.00000
vn 0.00000 0.00000 -1.00000
vn 0.00000 0.00000 -1.00000
vn 0.00000 0.00000 -1.00000
vn 0.00000 0.00000 -1.00000
vn 0.00000 -0.00000 1.00000
vn 0.00000 -0.00000 1.00000
vn 0.00000 -0.00000 1.00000
vn 0.00000 -0.00000 1.00000
vn 0.00000 -0.00000 1.00000
vn 0.00000 -0.00000 1.00000
vn 0.00000 -0.00000 1.00000
vn 0.00000 -0.00000 1.00000
vn 0.00000 -0.00000 1.00000
vn 0.00000 -0.00000 1.00000
vn 0.00000 -0.00000 1.00000
vn 0.00000 -0.00000 1.00000
vn 0.00000 -0.00000 1.00000
vn 0.00000 -0.00000 1.00000
vn 0.00000 -0.00000 1.00000
vn 0.00000 -0.00000 1.00000
vn 0.00000 -0.00000 1.00000
vn 0.00000 -0.00000 1.00000
vn 0.00000 -0.00000 1.00000
vn 0.00000 -0.00000 1.00000
vn 0.00000 -0.00000 1.00000
vn 0.00000 -0.00000 1.00000
vn 0.00000 -0.00000 1.00000
vn 0.00000 -0.00000 1.00000
vn 0.00000 -0.00000 1.00000
vn 0.00000 -0.00000 1.00000
vn 0.00000 -0.00000 1.00000
vn 0.00000 -0.00000 1.00000
vn 0.00000 -0.00000 1.00000
vn 0.00000 -0.00000 1.00000
vn 0.00000 -0.00000 1.00000
vn 0.00000 -0.00000 1.00000
vn 0.00000 -0.00000 1.00000
vn 0.00000 -0.00000 1.00000
vn 0.00000 -0.00000 1.00000
vn 0.00000 -0.00000 1.00000
vn 0.00000 -0.00000 1.00000
vn 0.00000 -0.00000 1.00000
vn 0.00000 -0.00000 1.00000
vn 0.00000 -0.00000 1.00000
vn 0.00000 -0.00000 1.00000
vn 0.00000 -0.00000 1.00000
vn 0.00000 -0.00000 1.00000
vn 0.00000 -0.00000 1.00000
vn 0.00000 -0.00000 1.00000
vn 0.00000 -0.00000 1.00000
vn 0.00000 -0.00000 1.00000
vn 0.00000 -0.00000 1.00000
vn 0.00000 -0.00000 1.00000
vn 0.00000 -0.00000 1.00000
vn 0.00000 -0.00000 1.00000
vn 0.00000 -0.00000 1.00000
vn 0.00000 -0.00000 1.00000
vn 0.00000 -0.00000 1.00000
vn 0.00000 -0.00000 1.00000
vn 0.00000 -0.00000 1.00000
vn 0.00000 -0.00000 1.00000
vn 0.00000 -0.00000 1.00000
vn 0.00000 -0.00000 1.00000
vn 0.00000 -0.00000 1.00000
vn 0.00000 -0.00000 1.00000
vn 0.00000 -0.00000 1.00000
vn 0.00000 -0.00000 1.00000
vn 0.00000 -0.00000 1.00000
vn 0.00000 -0.00000 1.00000
vn 0.00000 -0.00000 1.00000
vn 0.00000 -0.00000 1.00000
vn 0.00000 -0.00000 1.00000
vn 0.00000 -0.00000 1.00000
vn 0.00000 -0.00000 1.00000
vn 0.00000 -0.00000 1.00000
vn 0.00000 -0.00000 1.00000
vn 0.00000 -0.00000 1.00000
vn 0.00000 -0.00000 1.00000
vn 0.00000 -0.00000 1.00000
vn 0.00000 -0.00000 1.00000
vn 0.00000 -0.00000 1.00000
vn 0.00000 -0.00000 1.00000
vn 0.00000 -0.00000 1.00000
vn 0.00000 -0.00000 1.00000
vn 0.00000 -0.00000 1.00000
vn 0.00000 -0.00000 1.00000
vn 0.00000 -0.00000 1.00000
vn 0.00000 -0.00000 1.00000
vn 0.00000 -0.00000 1.00000
vn 0.00000 -0.00000 1.00000
vn 0.00000 -0.00000 1.00000
vn 0.00000 -0.00000 1.00000
vn 0.00000 -0.00000 1.00000
vn 0.00000 -0.00000 1.00000
vn 0.00000 -0.00000 1.00000
vn 0.00000 -0.00000 1.00000
vn 0.00000 -0.00000 1.00000
vn 0.00000 -0.00000 1.00000
vn 0.00000 -0.00000 1.00000
vn 0.00000 -0.00000 1.00000
vn 0.00000 -0.00000 1.00000
vn 0.00000 -0.00000 1.00000
vn 0.00000 -0.00000 1.00000
vn 0.00000 -0.00000 1.00000
vn 0.00000 -0.00000 1.00000
vn 0.00000 -0.00000 1.00000
vn 0.00000 -0.00000 1.00000
vn 0.00000 -0.00000 1.00000
vn 0.00000 -0.00000 1.00000
vn 0.00000 -0.00000 1.00000
vn 0.00000 -0.00000 1.00000
vn 0.00000 -0.00000 1.00000
vn 0.00000 -0.00000 1.00000
vn 0.00000 -0.00000 1.00000
vn 0.00000 -0.00000 1.00000
vn 0.00000 -0.00000 1.00000
vn 0.00000 -0.00000 1.00000
vn 0.00000 -0.00000 1.00000
vn 0.00000 -0.00000 1.00000
vn 0.00000 -0.00000 1.00000
vn 0.00000 -0.00000 1.00000
vn 0.00000 -0.00000 1.00000
vn 0.00000 -0.00000 1.00000
vn 0.00000 -0.00000 1.00000
vn 0.00000 -0.00000 1.00000
vn 0.00000 -0.00000 1.00000
vn 0.00000 -0.00000 1.00000
vn 0.00000 -0.00000 1.00000
vn 0.00000 -0.00000 1.00000
vn 0.00000 -0.00000 1.00000
vn 0.00000 -0.00000 1.00000
vn 0.00000 -0.00000 1.00000
vn 0.00000 -0.00000 1.00000
vn 0.00000 -0.00000 1.00000
vn 0.00000 -0.00000 1.00000
vn 0.00000 -0.00000 1.00000
vn 0.00000 -0.00000 1.00000
vn 0.00000 -0.00000 1.00000
vn 0.00000 -0.00000 1.00000
vn 0.00000 -0.00000 1.00000
vn 0.00000 -0.00000 1.00000
vn 0.00000 -0.00000 1.00000
vn 0.00000 -0.00000 1.00000
vn 0.00000 -0.00000 1.00000
vn 0.00000 -0.00000 1.00000
vn 0.00000 -0.00000 1.00000
vn 0.00000 -0.00000 1.00000
vn 0.00000 -0.00000 1.00000
vn 0.00000 -0.00000 1.00000
vn 0.00000 -0.00000 1.00000
vn 0.00000 -0.00000 1.00000
vn 0.00000 -0.00000 1.00000
vn 0.00000 -0.00000 1.00000
vn 0.00000 -0.00000 1.00000
vn 0.00000 -0.00000 1.00000
vn 0.00000 -0.00000 1.00000
vn 0.00000 -0.00000 1.00000
vn 0.00000 -0.00000 1.00000
vn 0.00000 -0.00000 1.00000
vn 0.00000 -0.00000 1.00000
vn 0.00000 -0.00000 1.00000
vn 0.00000 -0.00000 1.00000
vn 0.00000 -0.00000 1.00000
vn 0.00000 -0.00000 1.00000
vn 0.00000 -0.00000 1.00000
vn 0.00000 -0.00000 1.00000
vn 0.00000 -0.00000 1.00000
vn 0.00000 -0.00000 1.00000
vn 0.00000 -0.00000 1.00000
vn 0.00000 -0.00000 1.00000
vn 0.00000 -0.00000 1.00000
vn 0.00000 -0.00000 1.00000
vn 0.00000 -0.00000 1.00000
vn 0.00000 -0.00000 1.00000
vn 0.00000 -0.00000 1.00000
vn 0.00000 -0.00000 1.00000
vn 0.00000 -0.00000 1.00000
vn 0.00000 -0.00000 1.00000
vn 0.00000 -0.00000 1.00000
vn -0.99330 -0.11557 -0.00000
vn -0.99330 -0.11557 -0.00000
vn -0.99330 -0.11557 -0.00000
vn -0.99330 -0.11557 -0.00000
vn -0.92262 -0.38570 -0.00000
vn -0.92262 -0.38570 -0.00000
vn -0.92262 -0.38570 -0.00000
vn -0.92262 -0.38570 -0.00000
vn -0.74740 -0.66437 -0.00000
vn -0.74740 -0.66437 -0.00000
vn -0.74740 -0.66437 -0.00000
vn -0.74740 -0.66437 -0.00000
vn -0.46779 -0.88384 -0.00000
vn -0.46779 -0.88384 -0.00000
vn -0.46779 -0.88384 -0.00000
vn -0.46779 -0.88384 -0.00000
vn -0.14924 -0.98880 -0.00000
vn -0.14924 -0.98880 -0.00000
vn -0.14924 -0.98880 -0.00000
vn -0.14924 -0.98880 -0.00000
vn -0.06555 0.99785 0.00000
vn -0.06555 0.99785 0.00000
vn -0.06555 0.99785 0.00000
vn -0.06555 0.99785 0.00000
vn 0.06889 -0.99762 -0.00000
vn 0.06889 -0.99762 -0.00000
vn 0.06889 -0.99762 -0.00000
vn 0.06889 -0.99762 -0.00000
vn -0.07043 0.99752 0.00000
vn -0.07043 0.99752 0.00000
vn -0.07043 0.99752 0.00000
vn -0.07043 0.99752 0.00000
vn 0.06594 -0.99782 -0.00000
vn 0.06594 -0.99782 -0.00000
vn 0.06594 -0.99782 -0.00000
vn 0.06594 -0.99782 -0.00000
vn -0.99910 -0.04243 -0.00000
vn -0.99910 -0.04243 -0.00000
vn -0.99910 -0.04243 -0.00000
vn -0.99910 -0.04243 -0.00000
vn 0.99854 0.05409 0.00000
vn 0.99854 0.05409 0.00000
vn 0.99854 0.05409 0.00000
vn 0.99854 0.05409 0.00000
vn -0.99863 0.05223 0.00000
vn -0.99863 0.05223 0.00000
vn -0.99863 0.05223 0.00000
vn -0.99863 0.05223 0.00000
vn 0.99915 -0.04115 -0.00000
vn 0.99915 -0.04115 -0.00000
vn 0.99915 -0.04115 -0.00000
vn 0.99915 -0.04115 -0.00000
vn 0.99862 -0.05261 -0.00000
vn 0.99862 -0.05261 -0.00000
vn 0.99862 -0.05261 -0.00000
vn 0.99862 -0.05261 -0.00000
vn -0.99912 0.04204 0.00000
vn -0.99912 0.04204 0.00000
vn -0.99912 0.04204 0.00000
vn -0.99912 0.04204 0.00000
vn -0.36311 -0.93175 -0.00000
vn -0.36311 -0.93175 -0.00000
vn -0.36311 -0.93175 -0.00000
vn -0.36311 -0.93175 -0.00000
vn 0.40690 0.91347 0.00000
vn 0.40690 0.91347 0.00000
vn 0.40690 0.91347 0.00000
vn 0.40690 0.91347 0.00000
vn 0.89023 0.45552 0.00000
vn 0.89023 0.45552 0.00000
vn 0.89023 0.45552 0.00000
vn 0.89023 0.45552 0.00000
vn -0.91980 -0.39238 -0.00000
vn -0.91980 -0.39238 -0.00000
vn -0.91980 -0.39238 -0.00000
vn -0.91980 -0.39238 -0.00000
vn -0.99011 -0.14033 -0.00000
vn -0.99011 -0.14033 -0.00000
vn -0.99011 -0.14033 -0.00000
vn -0.99011 -0.14033 -0.00000
vn 0.98455 0.17512 0.00000
vn 0.98455 0.17512 0.00000
vn 0.98455 0.17512 0.00000
vn 0.98455 0.17512 0.00000
vn -0.96636 -0.25717 -0.00000
vn -0.96636 -0.25717 -0.00000
vn -0.96636 -0.25717 -0.00000
vn -0.96636 -0.25717 -0.00000
vn 0.95037 0.31112 0.00000
vn 0.95037 0.31112 0.00000
vn 0.95037 0.31112 0.00000
vn 0.95037 0.31112 0.00000
vn -0.80103 0.59862 0.00000
vn -0.80103 0.59862 0.00000
vn -0.80103 0.59862 0.00000
vn -0.80103 0.59862 0.00000
vn 0.84392 -0.53647 -0.00000
vn 0.84392 -0.53647 -0.00000
vn 0.84392 -0.53647 -0.00000
vn 0.84392 -0.53647 -0.00000
vn -0.84392 0.53647 0.00000
vn -0.84392 0.53647 0.00000
vn -0.84392 0.53647 0.00000
vn -0.84392 0.53647 0.00000
vn 0.80041 -0.59945 -0.00000
vn 0.80041 -0.59945 -0.00000
vn 0.80041 -0.59945 -0.00000
vn 0.80041 -0.59945 -0.00000
vn 0.89127 -0.45347 -0.00000
vn 0.89127 -0.45347 -0.00000
vn 0.89127 -0.45347 -0.00000
vn 0.89127 -0.45347 -0.00000
vn -0.92109 0.38934 0.00000
vn -0.92109 0.38934 0.00000
vn -0.92109 0.38934 0.00000
vn -0.92109 0.38934 0.00000
vn -0.66241 -0.74914 -0.00000
vn -0.66241 -0.74914 -0.00000
vn -0.66241 -0.74914 -0.00000
vn -0.66241 -0.74914 -0.00000
vn 0.73305 0.68017 0.00000
vn 0.73305 0.68017 0.00000
vn 0.73305 0.68017 0.00000
vn 0.73305 0.68017 0.00000
vn -0.89199 0.45206 0.00000
vn -0.89199 0.45206 0.00000
vn -0.89199 0.45206 0.00000
vn -0.89199 0.45206 0.00000
vn 0.92217 -0.38679 -0.00000
vn 0.92217 -0.38679 -0.00000
vn 0.92217 -0.38679 -0.00000
vn 0.92217 -0.38679 -0.00000
vn 0.80207 0.59722 0.00000
vn 0.80207 0.59722 0.00000
vn 0.80207 0.59722 0.00000
vn 0.80207 0.59722 0.00000
vn -0.84170 -0.53994 -0.00000
vn -0.84170 -0.53994 -0.00000
vn -0.84170 -0.53994 -0.00000
vn -0.84170 -0.53994 -0.00000
vn 0.98520 -0.17144 -0.00000
vn 0.98520 -0.17144 -0.00000
vn 0.98520 -0.17144 -0.00000
vn 0.98520 -0.17144 -0.00000
vn -0.99029 0.13905 0.00000
vn -0.99029 0.13905 0.00000
vn -0.99029 0.13905 0.00000
vn -0.99029 0.13905 0.00000
vn -0.98538 0.17038 0.00000
vn -0.98538 0.17038 0.00000
vn -0.98538 0.17038 0.00000
vn -0.98538 0.17038 0.00000
vn 0.99062 -0.13663 -0.00000
vn 0.99062 -0.13663 -0.00000
vn 0.99062 -0.13663 -0.00000
vn 0.99062 -0.13663 -0.00000
vn 0.68872 0.72503 0.00000
vn 0.68872 0.72503 0.00000
vn 0.68872 0.72503 0.00000
vn 0.68872 0.72503 0.00000
vn -0.72582 -0.68789 -0.00000
vn -0.72582 -0.68789 -0.00000
vn -0.72582 -0.68789 -0.00000
vn -0.72582 -0.68789 -0.00000
vn 0.07075 0.99749 0.00000
vn 0.07075 0.99749 0.00000
vn 0.07075 0.99749 0.00000
vn 0.07075 0.99749 0.00000
vn -0.04794 -0.99885 -0.00000
vn -0.04794 -0.99885 -0.00000
vn -0.04794 -0.99885 -0.00000
vn -0.04794 -0.99885 -0.00000
vn 0.72684 -0.68681 -0.00000
vn 0.72684 -0.68681 -0.00000
vn 0.72684 -0.68681 -0.00000
vn 0.72684 -0.68681 -0.00000
vn -0.68168 0.73165 0.00000
vn -0.68168 0.73165 0.00000
vn -0.68168 0.73165 0.00000
vn -0.68168 0.73165 0.00000
vn 0.95170 -0.30702 -0.00000
vn 0.95170 -0.30702 -0.00000
vn 0.95170 -0.30702 -0.00000
vn 0.95170 -0.30702 -0.00000
vn -0.96695 0.25496 0.00000
vn -0.96695 0.25496 0.00000
vn -0.96695 0.25496 0.00000
vn -0.96695 0.25496 0.00000
vn -0.95217 0.30556 0.00000
vn -0.95217 0.30556 0.00000
vn -0.95217 0.30556 0.00000
vn -0.95217 0.30556 0.00000
vn 0.96779 -0.25176 -0.00000
vn 0.96779 -0.25176 -0.00000
vn 0.96779 -0.25176 -0.00000
vn 0.96779 -0.25176 -0.00000
vn 0.22508 -0.97434 -0.00000
vn 0.22508 -0.97434 -0.00000
vn 0.22508 -0.97434 -0.00000
vn 0.22508 -0.97434 -0.00000
vn -0.21196 0.97728 0.00000
vn -0.21196 0.97728 0.00000
vn -0.21196 0.97728 0.00000
vn -0.21196 0.97728 0.00000
vn -0.72978 0.68368 0.00000
vn -0.72978 0.68368 0.00000
vn -0.72978 0.68368 0.00000
vn -0.72978 0.68368 0.00000
vn 0.68183 -0.73151 -0.00000
vn 0.68183 -0.73151 -0.00000
vn 0.68183 -0.73151 -0.00000
vn 0.68183 -0.73151 -0.00000
vn 0.06920 0.99760 0.00000
vn 0.06920 0.99760 0.00000
vn 0.06920 0.99760 0.00000
vn 0.06920 0.99760 0.00000
vn -0.06897 -0.99762 -0.00000
vn -0.06897 -0.99762 -0.00000
vn -0.06897 -0.99762 -0.00000
vn -0.06897 -0.99762 -0.00000
vn 0.54711 0.83706 0.00000
vn 0.54711 0.83706 0.00000
vn 0.54711 0.83706 0.00000
vn 0.54711 0.83706 0.00000
vn -0.57295 -0.81959 -0.00000
vn -0.57295 -0.81959 -0.00000
vn -0.57295 -0.81959 -0.00000
vn -0.57295 -0.81959 -0.00000
vn -0.81954 -0.57302 -0.00000
vn -0.81954 -0.57302 -0.00000
vn -0.81954 -0.57302 -0.00000
vn -0.81954 -0.57302 -0.00000
vn 0.84603 0.53314 0.00000
vn 0.84603 0.53314 0.00000
vn 0.84603 0.53314 0.00000
vn 0.84603 0.53314 0.00000
vn -0.95649 -0.29178 -0.00000
vn -0.95649 -0.29178 -0.00000
vn -0.95649 -0.29178 -0.00000
vn -0.95649 -0.29178 -0.00000
vn 0.96722 0.25394 0.00000
vn 0.96722 0.25394 0.00000
vn 0.96722 0.25394 0.00000
vn 0.96722 0.25394 0.00000
vn -0.22937 0.97334 0.00000
vn -0.22937 0.97334 0.00000
vn -0.22937 0.97334 0.00000
vn -0.22937 0.97334 0.00000
vn 0.21298 -0.97706 -0.00000
vn 0.21298 -0.97706 -0.00000
vn 0.21298 -0.97706 -0.00000
vn 0.21298 -0.97706 -0.00000
vn 0.57352 -0.81919 -0.00000
vn 0.57352 -0.81919 -0.00000
vn 0.57352 -0.81919 -0.00000
vn 0.57352 -0.81919 -0.00000
vn -0.53513 0.84477 0.00000
vn -0.53513 0.84477 0.00000
vn -0.53513 0.84477 0.00000
vn -0.53513 0.84477 0.00000
vn -0.99932 -0.03674 -0.00000
vn -0.99932 -0.03674 -0.00000
vn -0.99932 -0.03674 -0.00000
vn -0.99932 -0.03674 -0.00000
vn 0.99912 0.04197 0.00000
vn 0.99912 0.04197 0.00000
vn 0.99912 0.04197 0.00000
vn 0.99912 0.04197 0.00000
vn 0.39894 -0.91698 -0.00000
vn 0.39894 -0.91698 -0.00000
vn 0.39894 -0.91698 -0.00000
vn 0.39894 -0.91698 -0.00000
vn -0.37291 0.92787 0.00000
vn -0.37291 0.92787 0.00000
vn -0.37291 0.92787 0.00000
vn -0.37291 0.92787 0.00000
vn 0.38612 0.92245 0.00000
vn 0.38612 0.92245 0.00000
vn 0.38612 0.92245 0.00000
vn 0.38612 0.92245 0.00000
vn -0.39882 -0.91703 -0.00000
vn -0.39882 -0.91703 -0.00000
vn -0.39882 -0.91703 -0.00000
vn -0.39882 -0.91703 -0.00000
vn -0.57871 0.81553 0.00000
vn -0.57871 0.81553 0.00000
vn -0.57871 0.81553 0.00000
vn -0.57871 0.81553 0.00000
vn 0.53602 -0.84421 -0.00000
vn 0.53602 -0.84421 -0.00000
vn 0.53602 -0.84421 -0.00000
vn 0.53602 -0.84421 -0.00000
vn 0.22193 0.97506 0.00000
vn 0.22193 0.97506 0.00000
vn 0.22193 0.97506 0.00000
vn 0.22193 0.97506 0.00000
vn -0.22518 -0.97432 -0.00000
vn -0.22518 -0.97432 -0.00000
vn -0.22518 -0.97432 -0.00000
vn -0.22518 -0.97432 -0.00000
vn -0.40471 0.91445 0.00000
vn -0.40471 0.91445 0.00000
vn -0.40471 0.91445 0.00000
vn -0.40471 0.91445 0.00000
vn 0.37413 -0.92738 -0.00000
vn 0.37413 -0.92738 -0.00000
vn 0.37413 -0.92738 -0.00000
vn 0.37413 -0.92738 -0.00000
vn -0.87751 -0.47955 -0.00000
vn -0.87751 -0.47955 -0.00000
vn -0.87751 -0.47955 -0.00000
vn -0.87751 -0.47955 -0.00000
vn 0.92195 0.38730 0.00000
vn 0.92195 0.38730 0.00000
vn 0.92195 0.38730 0.00000
vn 0.92195 0.38730 0.00000
vn -0.56765 -0.82327 -0.00000
vn -0.56765 -0.82327 -0.00000
vn -0.56765 -0.82327 -0.00000
vn -0.56765 -0.82327 -0.00000
vn 0.58172 0.81339 0.00000
vn 0.58172 0.81339 0.00000
vn 0.58172 0.81339 0.00000
vn 0.58172 0.81339 0.00000
vn -0.97959 -0.20102 -0.00000
vn -0.97959 -0.20102 -0.00000
vn -0.97959 -0.20102 -0.00000
vn -0.97959 -0.20102 -0.00000
vn 0.99034 0.13867 0.00000
vn 0.99034 0.13867 0.00000
vn 0.99034 0.13867 0.00000
vn 0.99034 0.13867 0.00000
vn -0.25551 -0.96681 -0.00000
vn -0.25551 -0.96681 -0.00000
vn -0.25551 -0.96681 -0.00000
vn -0.25551 -0.96681 -0.00000
vn 0.23055 0.97306 0.00000
vn 0.23055 0.97306 0.00000
vn 0.23055 0.97306 0.00000
vn 0.23055 0.97306 0.00000
f 2261/4027/9223 2262/4028/9224 2263/4029/9225 
f 2264/4030/9226 2265/4031/9227 2266/4032/9228 
f 2267/4033/9229 2268/4034/9230 2269/4035/9231 
f 2270/4036/9232 2271/4037/9233 2272/4038/9234 
f 2273/4039/9235 2274/4040/9236 2275/4041/9237 
f 2276/4042/9238 2277/4043/9239 2278/4044/9240 2279/4045/9241 
f 2280/4046/9242 2281/4047/9243 2282/4048/9244 2283/4049/9245 
f 2284/4050/9246 2285/4051/9247 2286/4052/9248 2287/4053/9249 
f 2288/4054/9250 2289/4055/9251 2290/4056/9252 2291/4057/9253 
f 2292/4058/9254 2286/4052/9255 2285/4051/9256 2293/4059/9257 
f 2294/4060/9258 2295/4061/9259 2272/4038/9260 2271/4037/9261 
f 2296/4062/9262 2297/4063/9263 2298/4064/9264 2299/4065/9265 
f 2300/4066/9266 2284/4050/9267 2287/4053/9268 2301/4067/9269 
f 2299/4065/9270 2300/4066/9271 2301/4067/9272 2296/4062/9273 
f 2302/4068/9274 2303/4069/9275 2304/4070/9276 2305/4071/9277 
f 2306/4072/9278 2307/4073/9279 2308/4074/9280 2309/4075/9281 
f 2309/4075/9282 2310/4076/9283 2311/4077/9284 2306/4072/9285 
f 2312/4078/9286 2313/4079/9287 2269/4035/9288 2268/4034/9289 
f 2303/4069/9290 2314/4080/9291 2315/4081/9292 2304/4070/9293 
f 2297/4063/9294 2316/4082/9295 2317/4083/9296 2298/4064/9297 
f 2318/4084/9298 2292/4058/9299 2293/4059/9300 2319/4085/9301 
f 2320/4086/9302 2288/4054/9303 2291/4057/9304 2321/4087/9305 
f 2316/4082/9306 2322/4088/9307 2323/4089/9308 2317/4083/9309 
f 2281/4047/9310 2275/4041/9311 2274/4040/9312 2282/4048/9313 
f 2305/4071/9314 2324/4090/9315 2325/4091/9316 2302/4068/9317 
f 2310/4076/9318 2318/4084/9319 2319/4085/9320 2311/4077/9321 
f 2314/4080/9322 2320/4086/9323 2321/4087/9324 2315/4081/9325 
f 2326/4092/9326 2278/4044/9327 2277/4043/9328 2327/4093/9329 
f 2307/4073/9330 2328/4094/9331 2329/4095/9332 2308/4074/9333 
f 2330/4096/9334 2276/4042/9335 2279/4045/9336 2331/4097/9337 
f 2322/4088/9338 2332/4098/9339 2333/4099/9340 2323/4089/9341 
f 2268/4034/9342 2267/4033/9343 2334/4100/9344 2335/4101/9345 
f 2336/4102/9346 2265/4031/9347 2264/4030/9348 2337/4103/9349 
f 2338/4104/9350 2280/4046/9351 2283/4049/9352 2339/4105/9353 
f 2324/4090/9354 2340/4106/9355 2341/4107/9356 2325/4091/9357 
f 2289/4055/9358 2263/4029/9359 2262/4028/9360 2290/4056/9361 
f 2340/4106/9362 2326/4092/9363 2327/4093/9364 2341/4107/9365 
f 2332/4098/9366 2342/4108/9367 2343/4109/9368 2333/4099/9369 
f 2328/4094/9370 2344/4110/9371 2345/4111/9372 2329/4095/9373 
f 2342/4108/9374 2330/4096/9375 2331/4097/9376 2343/4109/9377 
f 2344/4110/9378 2338/4104/9379 2339/4105/9380 2345/4111/9381 
f 2335/4101/9382 2334/4100/9383 2266/4032/9384 2265/4031/9385 
f 2271/4037/9386 2270/4036/9387 2313/4079/9388 2312/4078/9389 
f 2336/4102/9390 2337/4103/9391 2261/4027/9392 2263/4029/9393 
f 2274/4040/9394 2273/4039/9395 2295/4061/9396 2294/4060/9397 
f 2346/4112/9398 2347/4113/9399 2348/4114/9400 
f 2349/4115/9401 2350/4116/9402 2351/4117/9403 
f 2352/4118/9404 2353/4119/9405 2354/4120/9406 
f 2355/4121/9407 2356/4122/9408 2357/4123/9409 
f 2358/4124/9410 2359/4125/9411 2360/4126/9412 
f 2361/4127/9413 2362/4128/9414 2363/4129/9415 2364/4130/9416 
f 2365/4131/9417 2366/4132/9418 2367/4133/9419 2368/4134/9420 
f 2369/4135/9421 2370/4136/9422 2371/4137/9423 2372/4138/9424 
f 2373/4139/9425 2374/4140/9426 2375/4141/9427 2376/4142/9428 
f 2377/4143/9429 2371/4137/9430 2370/4136/9431 2378/4144/9432 
f 2356/4122/9433 2355/4121/9434 2379/4145/9435 2380/4146/9436 
f 2381/4147/9437 2382/4148/9438 2383/4149/9439 2384/4150/9440 
f 2385/4151/9441 2369/4135/9442 2372/4138/9443 2386/4152/9444 
f 2384/4150/9445 2385/4151/9446 2386/4152/9447 2381/4147/9448 
f 2387/4153/9449 2388/4154/9450 2389/4155/9451 2390/4156/9452 
f 2391/4157/9453 2392/4158/9454 2393/4159/9455 2394/4160/9456 
f 2394/4160/9457 2395/4161/9458 2396/4162/9459 2391/4157/9460 
f 2353/4119/9461 2352/4118/9462 2397/4163/9463 2398/4164/9464 
f 2388/4154/9465 2399/4165/9466 2400/4166/9467 2389/4155/9468 
f 2382/4148/9469 2401/4167/9470 2402/4168/9471 2383/4149/9472 
f 2403/4169/9473 2377/4143/9474 2378/4144/9475 2404/4170/9476 
f 2405/4171/9477 2373/4139/9478 2376/4142/9479 2406/4172/9480 
f 2401/4167/9481 2407/4173/9482 2408/4174/9483 2402/4168/9484 
f 2366/4132/9485 2359/4125/9486 2358/4124/9487 2367/4133/9488 
f 2390/4156/9489 2409/4175/9490 2410/4176/9491 2387/4153/9492 
f 2395/4161/9493 2403/4169/9494 2404/4170/9495 2396/4162/9496 
f 2399/4165/9497 2405/4171/9498 2406/4172/9499 2400/4166/9500 
f 2411/4177/9501 2363/4129/9502 2362/4128/9503 2412/4178/9504 
f 2392/4158/9505 2413/4179/9506 2414/4180/9507 2393/4159/9508 
f 2415/4181/9509 2361/4127/9510 2364/4130/9511 2416/4182/9512 
f 2407/4173/9513 2417/4183/9514 2418/4184/9515 2408/4174/9516 
f 2419/4185/9517 2420/4186/9518 2354/4120/9519 2353/4119/9520 
f 2421/4187/9521 2351/4117/9522 2350/4116/9523 2422/4188/9524 
f 2423/4189/9525 2365/4131/9526 2368/4134/9527 2424/4190/9528 
f 2409/4175/9529 2425/4191/9530 2426/4192/9531 2410/4176/9532 
f 2374/4140/9533 2347/4113/9534 2346/4112/9535 2375/4141/9536 
f 2425/4191/9537 2411/4177/9538 2412/4178/9539 2426/4192/9540 
f 2417/4183/9541 2427/4193/9542 2428/4194/9543 2418/4184/9544 
f 2413/4179/9545 2429/4195/9546 2430/4196/9547 2414/4180/9548 
f 2427/4193/9549 2415/4181/9550 2416/4182/9551 2428/4194/9552 
f 2429/4195/9553 2423/4189/9554 2424/4190/9555 2430/4196/9556 
f 2350/4116/9557 2349/4115/9558 2420/4186/9559 2419/4185/9560 
f 2398/4164/9561 2397/4163/9562 2357/4123/9563 2356/4122/9564 
f 2346/4112/9565 2348/4114/9566 2421/4187/9567 2422/4188/9568 
f 2380/4146/9569 2379/4145/9570 2360/4126/9571 2359/4125/9572 
f 2262/4197/9573 2261/4198/9574 2348/4199/9575 2347/4200/9576 
f 2264/4201/9577 2266/4202/9578 2349/4203/9579 2351/4204/9580 
f 2267/4205/9581 2269/4206/9582 2352/4207/9583 2354/4208/9584 
f 2270/4209/9585 2272/4210/9586 2355/4211/9587 2357/4212/9588 
f 2273/4213/9589 2275/4214/9590 2358/4215/9591 2360/4216/9592 
f 2279/4217/9593 2278/4218/9594 2362/4219/9595 2361/4220/9596 
f 2277/4221/9597 2276/4222/9598 2364/4223/9599 2363/4224/9600 
f 2283/4225/9601 2282/4226/9602 2366/4227/9603 2365/4228/9604 
f 2281/4229/9605 2280/4230/9606 2368/4231/9607 2367/4232/9608 
f 2287/4233/9609 2286/4234/9610 2370/4235/9611 2369/4236/9612 
f 2285/4237/9613 2284/4238/9614 2372/4239/9615 2371/4240/9616 
f 2291/4241/9617 2290/4242/9618 2374/4243/9619 2373/4244/9620 
f 2289/4245/9621 2288/4246/9622 2376/4247/9623 2375/4248/9624 
f 2293/4249/9625 2285/4237/9626 2371/4240/9627 2377/4250/9628 
f 2286/4234/9629 2292/4251/9630 2378/4252/9631 2370/4235/9632 
f 2272/4210/9633 2295/4253/9634 2379/4254/9635 2355/4211/9636 
f 2294/4255/9637 2271/4256/9638 2356/4257/9639 2380/4258/9640 
f 2299/4259/9641 2298/4260/9642 2382/4261/9643 2381/4262/9644 
f 2297/4263/9645 2296/4264/9646 2384/4265/9647 2383/4266/9648 
f 2301/4267/9649 2287/4233/9650 2369/4236/9651 2385/4268/9652 
f 2284/4238/9653 2300/4269/9654 2386/4270/9655 2372/4239/9656 
f 2296/4264/9657 2301/4267/9658 2385/4268/9659 2384/4265/9660 
f 2300/4269/9661 2299/4259/9662 2381/4262/9663 2386/4270/9664 
f 2305/4271/9665 2304/4272/9666 2388/4273/9667 2387/4274/9668 
f 2303/4275/9669 2302/4276/9670 2390/4277/9671 2389/4278/9672 
f 2309/4279/9673 2308/4280/9674 2392/4281/9675 2391/4282/9676 
f 2307/4283/9677 2306/4284/9678 2394/4285/9679 2393/4286/9680 
f 2306/4284/9681 2311/4287/9682 2395/4288/9683 2394/4285/9684 
f 2310/4289/9685 2309/4279/9686 2391/4282/9687 2396/4290/9688 
f 2269/4291/9689 2313/4292/9690 2397/4293/9691 2352/4294/9692 
f 2312/4295/9693 2268/4296/9694 2353/4297/9695 2398/4298/9696 
f 2304/4272/9697 2315/4299/9698 2399/4300/9699 2388/4273/9700 
f 2314/4301/9701 2303/4275/9702 2389/4278/9703 2400/4302/9704 
f 2298/4260/9705 2317/4303/9706 2401/4304/9707 2382/4261/9708 
f 2316/4305/9709 2297/4263/9710 2383/4266/9711 2402/4306/9712 
f 2319/4307/9713 2293/4249/9714 2377/4250/9715 2403/4308/9716 
f 2292/4251/9717 2318/4309/9718 2404/4310/9719 2378/4252/9720 
f 2321/4311/9721 2291/4241/9722 2373/4244/9723 2405/4312/9724 
f 2288/4246/9725 2320/4313/9726 2406/4314/9727 2376/4247/9728 
f 2317/4315/9729 2323/4316/9730 2407/4317/9731 2401/4318/9732 
f 2322/4319/9733 2316/4305/9734 2402/4306/9735 2408/4320/9736 
f 2282/4226/9737 2274/4321/9738 2359/4322/9739 2366/4227/9740 
f 2275/4214/9741 2281/4229/9742 2367/4232/9743 2358/4215/9744 
f 2302/4276/9745 2325/4323/9746 2409/4324/9747 2390/4277/9748 
f 2324/4325/9749 2305/4326/9750 2387/4327/9751 2410/4328/9752 
f 2311/4287/9753 2319/4307/9754 2403/4308/9755 2395/4288/9756 
f 2318/4309/9757 2310/4289/9758 2396/4290/9759 2404/4310/9760 
f 2315/4299/9761 2321/4311/9762 2405/4312/9763 2399/4300/9764 
f 2320/4313/9765 2314/4301/9766 2400/4302/9767 2406/4314/9768 
f 2327/4329/9769 2277/4221/9770 2363/4224/9771 2411/4330/9772 
f 2278/4218/9773 2326/4331/9774 2412/4332/9775 2362/4219/9776 
f 2308/4280/9777 2329/4333/9778 2413/4334/9779 2392/4281/9780 
f 2328/4335/9781 2307/4336/9782 2393/4337/9783 2414/4338/9784 
f 2331/4339/9785 2279/4217/9786 2361/4220/9787 2415/4340/9788 
f 2276/4222/9789 2330/4341/9790 2416/4342/9791 2364/4223/9792 
f 2323/4316/9793 2333/4343/9794 2417/4344/9795 2407/4317/9796 
f 2332/4345/9797 2322/4346/9798 2408/4347/9799 2418/4348/9800 
f 2334/4349/9801 2267/4205/9802 2354/4208/9803 2420/4350/9804 
f 2268/4296/9805 2335/4351/9806 2419/4352/9807 2353/4297/9808 
f 2337/4353/9809 2264/4201/9810 2351/4204/9811 2421/4354/9812 
f 2265/4355/9813 2336/4356/9814 2422/4357/9815 2350/4358/9816 
f 2339/4359/9817 2283/4225/9818 2365/4228/9819 2423/4360/9820 
f 2280/4230/9821 2338/4361/9822 2424/4362/9823 2368/4231/9824 
f 2325/4363/9825 2341/4364/9826 2425/4365/9827 2409/4366/9828 
f 2340/4367/9829 2324/4325/9830 2410/4328/9831 2426/4368/9832 
f 2290/4242/9833 2262/4197/9834 2347/4200/9835 2374/4243/9836 
f 2263/4369/9837 2289/4245/9838 2375/4248/9839 2346/4370/9840 
f 2341/4364/9841 2327/4329/9842 2411/4330/9843 2425/4365/9844 
f 2326/4331/9845 2340/4367/9846 2426/4368/9847 2412/4332/9848 
f 2333/4343/9849 2343/4371/9850 2427/4372/9851 2417/4344/9852 
f 2342/4373/9853 2332/4345/9854 2418/4348/9855 2428/4374/9856 
f 2329/4375/9857 2345/4376/9858 2429/4377/9859 2413/4378/9860 
f 2344/4379/9861 2328/4335/9862 2414/4338/9863 2430/4380/9864 
f 2343/4371/9865 2331/4339/9866 2415/4340/9867 2427/4372/9868 
f 2330/4341/9869 2342/4373/9870 2428/4374/9871 2416/4342/9872 
f 2345/4376/9873 2339/4359/9874 2423/4360/9875 2429/4377/9876 
f 2338/4361/9877 2344/4379/9878 2430/4380/9879 2424/4362/9880 
f 2266/4202/9881 2334/4349/9882 2420/4350/9883 2349/4203/9884 
f 2335/4351/9885 2265/4355/9886 2350/4358/9887 2419/4352/9888 
f 2313/4292/9889 2270/4209/9890 2357/4212/9891 2397/4293/9892 
f 2271/4256/9893 2312/4381/9894 2398/4382/9895 2356/4257/9896 
f 2261/4198/9897 2337/4353/9898 2421/4354/9899 2348/4199/9900 
f 2336/4356/9901 2263/4369/9902 2346/4370/9903 2422/4357/9904 
f 2295/4253/9905 2273/4213/9906 2360/4216/9907 2379/4254/9908 
f 2274/4321/9909 2294/4255/9910 2380/4258/9911 2359/4322/9912 
o 015_3D_Text_-_n
g 3D_Text_-_n
usemtl Infusion 14
v 80.637 78.428 -250.000
v 81.137 78.536 -250.000
v 81.161 76.857 -250.000
v 79.697 78.080 -250.000
v 80.157 78.275 -250.000
v 80.456 76.720 -250.000
v 78.879 77.574 -250.000
v 79.268 77.845 -250.000
v 79.840 76.493 -250.000
v 78.221 76.926 -250.000
v 78.530 77.268 -250.000
v 79.315 76.175 -250.000
v 75.877 78.379 -250.000
v 77.525 78.379 -250.000
v 77.854 76.548 -250.000
v 75.877 65.000 -250.000
v 77.903 72.019 -250.000
v 77.903 65.000 -250.000
v 83.956 76.386 -250.000
v 84.669 78.203 -250.000
v 85.301 77.877 -250.000
v 85.032 65.000 -250.000
v 85.032 73.655 -250.000
v 87.058 73.728 -250.000
v 87.058 65.000 -250.000
v 85.838 77.458 -250.000
v 86.277 76.935 -250.000
v 84.555 75.741 -250.000
v 84.287 76.096 -250.000
v 81.658 78.601 -250.000
v 81.956 76.902 -250.000
v 84.763 75.319 -250.000
v 86.619 76.301 -250.000
v 85.002 74.276 -250.000
v 87.009 74.698 -250.000
v 84.912 74.831 -250.000
v 86.863 75.555 -250.000
v 78.880 75.767 -250.000
v 77.952 76.548 -250.000
v 83.557 76.612 -250.000
v 83.942 78.437 -250.000
v 82.200 78.623 -250.000
v 82.557 76.870 -250.000
v 83.090 76.773 -250.000
v 83.118 78.576 -250.000
v 77.942 73.005 -250.000
v 78.528 75.253 -250.000
v 78.059 73.873 -250.000
v 78.255 74.622 -250.000
v 81.161 76.857 -242.500
v 81.137 78.536 -242.500
v 80.637 78.428 -242.500
v 80.456 76.720 -242.500
v 80.157 78.275 -242.500
v 79.697 78.080 -242.500
v 79.840 76.493 -242.500
v 79.268 77.845 -242.500
v 78.879 77.574 -242.500
v 79.315 76.175 -242.500
v 78.530 77.268 -242.500
v 78.221 76.926 -242.500
v 77.854 76.548 -242.500
v 77.525 78.379 -242.500
v 75.877 78.379 -242.500
v 77.903 65.000 -242.500
v 77.903 72.019 -242.500
v 75.877 65.000 -242.500
v 85.301 77.877 -242.500
v 84.669 78.203 -242.500
v 83.956 76.386 -242.500
v 87.058 65.000 -242.500
v 87.058 73.728 -242.500
v 85.032 73.655 -242.500
v 85.032 65.000 -242.500
v 84.287 76.096 -242.500
v 84.555 75.741 -242.500
v 86.277 76.935 -242.500
v 85.838 77.458 -242.500
v 81.956 76.902 -242.500
v 81.658 78.601 -242.500
v 86.619 76.301 -242.500
v 84.763 75.319 -242.500
v 87.009 74.698 -242.500
v 85.002 74.276 -242.500
v 86.863 75.555 -242.500
v 84.912 74.831 -242.500
v 77.952 76.548 -242.500
v 78.880 75.767 -242.500
v 83.942 78.437 -242.500
v 83.557 76.612 -242.500
v 82.557 76.870 -242.500
v 82.200 78.623 -242.500
v 83.118 78.576 -242.500
v 83.090 76.773 -242.500
v 77.942 73.005 -242.500
v 78.528 75.253 -242.500
v 78.059 73.873 -242.500
v 78.255 74.622 -242.500
vt 0.53322 0.76464
vt 0.51320 0.76898
vt 0.51227 0.70180
vt 0.57081 0.75074
vt 0.55243 0.75856
vt 0.54047 0.69635
vt 0.60354 0.73050
vt 0.58798 0.74133
vt 0.56507 0.68727
vt 0.62987 0.70456
vt 0.61751 0.71824
vt 0.58609 0.67455
vt 0.72363 0.76270
vt 0.65771 0.76270
vt 0.64453 0.68946
vt 0.72363 0.22754
vt 0.64257 0.50830
vt 0.64257 0.22754
vt 0.40047 0.68299
vt 0.37192 0.75568
vt 0.34664 0.74262
vt 0.35743 0.22754
vt 0.35743 0.57374
vt 0.27637 0.57666
vt 0.27637 0.22754
vt 0.32519 0.72584
vt 0.30761 0.70495
vt 0.37649 0.65716
vt 0.38721 0.67138
vt 0.49237 0.77159
vt 0.48047 0.70362
vt 0.36815 0.64029
vt 0.29395 0.67958
vt 0.35862 0.59858
vt 0.27832 0.61544
vt 0.36219 0.62076
vt 0.28418 0.64975
vt 0.60351 0.65820
vt 0.64063 0.68946
vt 0.41643 0.69201
vt 0.40102 0.76500
vt 0.47071 0.77246
vt 0.45643 0.70233
vt 0.43508 0.69846
vt 0.43395 0.77060
vt 0.64101 0.54774
vt 0.61757 0.63768
vt 0.63632 0.58244
vt 0.62851 0.61242
vt 0.48773 0.70180
vt 0.48680 0.76898
vt 0.46678 0.76464
vt 0.45953 0.69635
vt 0.44757 0.75856
vt 0.42919 0.75074
vt 0.43493 0.68727
vt 0.41202 0.74133
vt 0.39646 0.73050
vt 0.41391 0.67455
vt 0.38249 0.71824
vt 0.37013 0.70456
vt 0.35547 0.68946
vt 0.34229 0.76270
vt 0.27637 0.76270
vt 0.35743 0.22754
vt 0.35743 0.50830
vt 0.27637 0.22754
vt 0.65336 0.74262
vt 0.62808 0.75568
vt 0.59953 0.68299
vt 0.72363 0.22754
vt 0.72363 0.57666
vt 0.64257 0.57374
vt 0.64257 0.22754
vt 0.61279 0.67138
vt 0.62351 0.65716
vt 0.69239 0.70495
vt 0.67481 0.72584
vt 0.51953 0.70362
vt 0.50763 0.77159
vt 0.70605 0.67958
vt 0.63185 0.64029
vt 0.72168 0.61544
vt 0.64138 0.59858
vt 0.71582 0.64975
vt 0.63781 0.62076
vt 0.35937 0.68946
vt 0.39649 0.65820
vt 0.59898 0.76500
vt 0.58357 0.69201
vt 0.54357 0.70233
vt 0.52929 0.77246
vt 0.56605 0.77060
vt 0.56492 0.69846
vt 0.35899 0.54774
vt 0.38243 0.63768
vt 0.36368 0.58244
vt 0.37149 0.61242
vt 0.35000 0.48680
vt 0.35000 0.46678
vt 0.65000 0.46678
vt 0.65000 0.48680
vt 0.35000 0.44757
vt 0.35000 0.42919
vt 0.65000 0.42919
vt 0.65000 0.44757
vt 0.35000 0.41202
vt 0.35000 0.39646
vt 0.65000 0.39646
vt 0.65000 0.41202
vt 0.35000 0.71824
vt 0.35000 0.70456
vt 0.65000 0.70456
vt 0.65000 0.71824
vt 0.65000 0.68946
vt 0.65000 0.76270
vt 0.35000 0.76270
vt 0.35000 0.68946
vt 0.35000 0.34229
vt 0.35000 0.27637
vt 0.65000 0.27637
vt 0.65000 0.34229
vt 0.65000 0.22754
vt 0.65000 0.50830
vt 0.35000 0.50830
vt 0.35000 0.22754
vt 0.35000 0.72363
vt 0.35000 0.64257
vt 0.65000 0.64257
vt 0.65000 0.72363
vt 0.35000 0.65336
vt 0.35000 0.62808
vt 0.65000 0.62808
vt 0.65000 0.65336
vt 0.65000 0.22754
vt 0.65000 0.57666
vt 0.35000 0.57666
vt 0.35000 0.22754
vt 0.35000 0.57374
vt 0.35000 0.22754
vt 0.65000 0.22754
vt 0.65000 0.57374
vt 0.35000 0.35743
vt 0.35000 0.27637
vt 0.65000 0.27637
vt 0.65000 0.35743
vt 0.35000 0.67138
vt 0.35000 0.65716
vt 0.65000 0.65716
vt 0.65000 0.67138
vt 0.65000 0.70495
vt 0.65000 0.72584
vt 0.35000 0.72584
vt 0.35000 0.70495
vt 0.35000 0.51227
vt 0.35000 0.48047
vt 0.65000 0.48047
vt 0.65000 0.51227
vt 0.35000 0.50763
vt 0.65000 0.50763
vt 0.65000 0.67958
vt 0.35000 0.67958
vt 0.35000 0.64029
vt 0.65000 0.64029
vt 0.65000 0.61544
vt 0.35000 0.61544
vt 0.35000 0.59858
vt 0.65000 0.59858
vt 0.35000 0.54047
vt 0.65000 0.54047
vt 0.35000 0.56507
vt 0.65000 0.56507
vt 0.65000 0.64975
vt 0.35000 0.64975
vt 0.35000 0.62076
vt 0.65000 0.62076
vt 0.35000 0.38249
vt 0.65000 0.38249
vt 0.35000 0.58609
vt 0.65000 0.58609
vt 0.35000 0.40047
vt 0.35000 0.38721
vt 0.65000 0.38721
vt 0.65000 0.40047
vt 0.35000 0.67481
vt 0.65000 0.67481
vt 0.35000 0.68946
vt 0.65000 0.68946
vt 0.35000 0.60351
vt 0.65000 0.60351
vt 0.35000 0.41643
vt 0.65000 0.41643
vt 0.35000 0.59898
vt 0.65000 0.59898
vt 0.35000 0.45643
vt 0.65000 0.45643
vt 0.35000 0.52929
vt 0.65000 0.52929
vt 0.35000 0.56605
vt 0.65000 0.56605
vt 0.35000 0.43508
vt 0.65000 0.43508
vt 0.65000 0.54774
vt 0.35000 0.54774
vt 0.35000 0.76270
vt 0.35000 0.22754
vt 0.65000 0.22754
vt 0.65000 0.76270
vt 0.35000 0.35937
vt 0.35000 0.35547
vt 0.65000 0.35547
vt 0.65000 0.35937
vt 0.65000 0.63768
vt 0.65000 0.65820
vt 0.35000 0.65820
vt 0.35000 0.63768
vt 0.65000 0.58244
vt 0.35000 0.58244
vt 0.65000 0.61242
vt 0.35000 0.61242
vn 0.00000 0.00000 -1.00000
vn 0.00000 0.00000 -1.00000
vn 0.00000 0.00000 -1.00000
vn -0.00000 0.00000 -1.00000
vn -0.00000 0.00000 -1.00000
vn -0.00000 0.00000 -1.00000
vn 0.00000 0.00000 -1.00000
vn 0.00000 0.00000 -1.00000
vn 0.00000 0.00000 -1.00000
vn -0.00000 0.00000 -1.00000
vn -0.00000 0.00000 -1.00000
vn -0.00000 0.00000 -1.00000
vn 0.00000 0.00000 -1.00000
vn 0.00000 0.00000 -1.00000
vn 0.00000 0.00000 -1.00000
vn 0.00000 0.00000 -1.00000
vn 0.00000 0.00000 -1.00000
vn 0.00000 0.00000 -1.00000
vn -0.00000 0.00000 -1.00000
vn -0.00000 0.00000 -1.00000
vn -0.00000 0.00000 -1.00000
vn 0.00000 0.00000 -1.00000
vn 0.00000 0.00000 -1.00000
vn 0.00000 0.00000 -1.00000
vn 0.00000 0.00000 -1.00000
vn -0.00000 0.00000 -1.00000
vn 0.00000 0.00000 -1.00000
vn -0.00000 0.00000 -1.00000
vn -0.00000 0.00000 -1.00000
vn -0.00000 0.00000 -1.00000
vn -0.00000 0.00000 -1.00000
vn -0.00000 0.00000 -1.00000
vn -0.00000 0.00000 -1.00000
vn -0.00000 0.00000 -1.00000
vn 0.00000 0.00000 -1.00000
vn -0.00000 0.00000 -1.00000
vn -0.00000 0.00000 -1.00000
vn 0.00000 0.00000 -1.00000
vn -0.00000 0.00000 -1.00000
vn 0.00000 0.00000 -1.00000
vn 0.00000 0.00000 -1.00000
vn -0.00000 0.00000 -1.00000
vn -0.00000 0.00000 -1.00000
vn -0.00000 0.00000 -1.00000
vn -0.00000 0.00000 -1.00000
vn 0.00000 0.00000 -1.00000
vn 0.00000 0.00000 -1.00000
vn 0.00000 0.00000 -1.00000
vn 0.00000 0.00000 -1.00000
vn -0.00000 0.00000 -1.00000
vn 0.00000 0.00000 -1.00000
vn -0.00000 0.00000 -1.00000
vn -0.00000 0.00000 -1.00000
vn -0.00000 0.00000 -1.00000
vn -0.00000 0.00000 -1.00000
vn -0.00000 0.00000 -1.00000
vn -0.00000 0.00000 -1.00000
vn 0.00000 0.00000 -1.00000
vn -0.00000 0.00000 -1.00000
vn 0.00000 0.00000 -1.00000
vn 0.00000 0.00000 -1.00000
vn -0.00000 0.00000 -1.00000
vn 0.00000 0.00000 -1.00000
vn -0.00000 0.00000 -1.00000
vn -0.00000 0.00000 -1.00000
vn -0.00000 0.00000 -1.00000
vn 0.00000 0.00000 -1.00000
vn -0.00000 0.00000 -1.00000
vn -0.00000 0.00000 -1.00000
vn -0.00000 0.00000 -1.00000
vn -0.00000 0.00000 -1.00000
vn -0.00000 0.00000 -1.00000
vn -0.00000 0.00000 -1.00000
vn 0.00000 0.00000 -1.00000
vn 0.00000 0.00000 -1.00000
vn 0.00000 0.00000 -1.00000
vn 0.00000 0.00000 -1.00000
vn 0.00000 0.00000 -1.00000
vn 0.00000 0.00000 -1.00000
vn 0.00000 0.00000 -1.00000
vn 0.00000 0.00000 -1.00000
vn -0.00000 0.00000 -1.00000
vn -0.00000 0.00000 -1.00000
vn -0.00000 0.00000 -1.00000
vn -0.00000 0.00000 -1.00000
vn 0.00000 0.00000 -1.00000
vn 0.00000 0.00000 -1.00000
vn 0.00000 0.00000 -1.00000
vn 0.00000 0.00000 -1.00000
vn -0.00000 0.00000 -1.00000
vn 0.00000 0.00000 -1.00000
vn -0.00000 0.00000 -1.00000
vn -0.00000 0.00000 -1.00000
vn -0.00000 0.00000 -1.00000
vn -0.00000 0.00000 -1.00000
vn -0.00000 0.00000 -1.00000
vn -0.00000 0.00000 -1.00000
vn 0.00000 0.00000 -1.00000
vn -0.00000 0.00000 -1.00000
vn -0.00000 0.00000 -1.00000
vn -0.00000 0.00000 -1.00000
vn 0.00000 -0.00000 1.00000
vn 0.00000 -0.00000 1.00000
vn 0.00000 -0.00000 1.00000
vn 0.00000 -0.00000 1.00000
vn 0.00000 -0.00000 1.00000
vn 0.00000 -0.00000 1.00000
vn 0.00000 -0.00000 1.00000
vn 0.00000 -0.00000 1.00000
vn 0.00000 -0.00000 1.00000
vn 0.00000 -0.00000 1.00000
vn 0.00000 -0.00000 1.00000
vn 0.00000 -0.00000 1.00000
vn 0.00000 -0.00000 1.00000
vn 0.00000 -0.00000 1.00000
vn 0.00000 -0.00000 1.00000
vn 0.00000 -0.00000 1.00000
vn 0.00000 -0.00000 1.00000
vn 0.00000 -0.00000 1.00000
vn 0.00000 -0.00000 1.00000
vn 0.00000 -0.00000 1.00000
vn 0.00000 -0.00000 1.00000
vn 0.00000 -0.00000 1.00000
vn 0.00000 -0.00000 1.00000
vn 0.00000 -0.00000 1.00000
vn 0.00000 -0.00000 1.00000
vn 0.00000 -0.00000 1.00000
vn 0.00000 -0.00000 1.00000
vn 0.00000 -0.00000 1.00000
vn 0.00000 -0.00000 1.00000
vn 0.00000 -0.00000 1.00000
vn 0.00000 -0.00000 1.00000
vn 0.00000 -0.00000 1.00000
vn 0.00000 -0.00000 1.00000
vn 0.00000 -0.00000 1.00000
vn 0.00000 -0.00000 1.00000
vn 0.00000 -0.00000 1.00000
vn 0.00000 -0.00000 1.00000
vn 0.00000 -0.00000 1.00000
vn 0.00000 -0.00000 1.00000
vn 0.00000 -0.00000 1.00000
vn 0.00000 -0.00000 1.00000
vn 0.00000 -0.00000 1.00000
vn 0.00000 -0.00000 1.00000
vn 0.00000 -0.00000 1.00000
vn 0.00000 -0.00000 1.00000
vn 0.00000 -0.00000 1.00000
vn 0.00000 -0.00000 1.00000
vn 0.00000 -0.00000 1.00000
vn 0.00000 -0.00000 1.00000
vn 0.00000 -0.00000 1.00000
vn 0.00000 -0.00000 1.00000
vn 0.00000 -0.00000 1.00000
vn 0.00000 -0.00000 1.00000
vn 0.00000 -0.00000 1.00000
vn 0.00000 -0.00000 1.00000
vn 0.00000 -0.00000 1.00000
vn 0.00000 -0.00000 1.00000
vn 0.00000 -0.00000 1.00000
vn 0.00000 -0.00000 1.00000
vn 0.00000 -0.00000 1.00000
vn 0.00000 -0.00000 1.00000
vn 0.00000 -0.00000 1.00000
vn 0.00000 -0.00000 1.00000
vn 0.00000 -0.00000 1.00000
vn 0.00000 -0.00000 1.00000
vn 0.00000 -0.00000 1.00000
vn 0.00000 -0.00000 1.00000
vn 0.00000 -0.00000 1.00000
vn 0.00000 -0.00000 1.00000
vn 0.00000 -0.00000 1.00000
vn 0.00000 -0.00000 1.00000
vn 0.00000 -0.00000 1.00000
vn 0.00000 -0.00000 1.00000
vn 0.00000 -0.00000 1.00000
vn 0.00000 -0.00000 1.00000
vn 0.00000 -0.00000 1.00000
vn 0.00000 -0.00000 1.00000
vn 0.00000 -0.00000 1.00000
vn 0.00000 -0.00000 1.00000
vn 0.00000 -0.00000 1.00000
vn 0.00000 -0.00000 1.00000
vn 0.00000 -0.00000 1.00000
vn 0.00000 -0.00000 1.00000
vn 0.00000 -0.00000 1.00000
vn 0.00000 -0.00000 1.00000
vn 0.00000 -0.00000 1.00000
vn 0.00000 -0.00000 1.00000
vn 0.00000 -0.00000 1.00000
vn 0.00000 -0.00000 1.00000
vn 0.00000 -0.00000 1.00000
vn 0.00000 -0.00000 1.00000
vn 0.00000 -0.00000 1.00000
vn 0.00000 -0.00000 1.00000
vn 0.00000 -0.00000 1.00000
vn 0.00000 -0.00000 1.00000
vn 0.00000 -0.00000 1.00000
vn 0.00000 -0.00000 1.00000
vn 0.00000 -0.00000 1.00000
vn 0.00000 -0.00000 1.00000
vn 0.00000 -0.00000 1.00000
vn 0.00000 -0.00000 1.00000
vn -0.21205 0.97726 0.00000
vn -0.21205 0.97726 0.00000
vn -0.21205 0.97726 0.00000
vn -0.21205 0.97726 0.00000
vn -0.39138 0.92023 0.00000
vn -0.39138 0.92023 0.00000
vn -0.39138 0.92023 0.00000
vn -0.39138 0.92023 0.00000
vn -0.57120 0.82081 0.00000
vn -0.57120 0.82081 0.00000
vn -0.57120 0.82081 0.00000
vn -0.57120 0.82081 0.00000
vn -0.74193 0.67047 0.00000
vn -0.74193 0.67047 0.00000
vn -0.74193 0.67047 0.00000
vn -0.74193 0.67047 0.00000
vn 0.98419 0.17711 0.00000
vn 0.98419 0.17711 0.00000
vn 0.98419 0.17711 0.00000
vn 0.98419 0.17711 0.00000
vn 0.00000 1.00000 0.00000
vn 0.00000 1.00000 0.00000
vn 0.00000 1.00000 0.00000
vn 0.00000 1.00000 0.00000
vn 1.00000 0.00000 0.00000
vn 1.00000 0.00000 0.00000
vn 1.00000 0.00000 0.00000
vn 1.00000 0.00000 0.00000
vn 0.00000 -1.00000 -0.00000
vn 0.00000 -1.00000 -0.00000
vn 0.00000 -1.00000 -0.00000
vn 0.00000 -1.00000 -0.00000
vn 0.45885 0.88851 0.00000
vn 0.45885 0.88851 0.00000
vn 0.45885 0.88851 0.00000
vn 0.45885 0.88851 0.00000
vn 1.00000 0.00000 0.00000
vn 1.00000 0.00000 0.00000
vn 1.00000 0.00000 0.00000
vn 1.00000 0.00000 0.00000
vn -1.00000 0.00000 0.00000
vn -1.00000 0.00000 0.00000
vn -1.00000 0.00000 0.00000
vn -1.00000 0.00000 0.00000
vn 0.00000 -1.00000 -0.00000
vn 0.00000 -1.00000 -0.00000
vn 0.00000 -1.00000 -0.00000
vn 0.00000 -1.00000 -0.00000
vn -0.79841 -0.60211 -0.00000
vn -0.79841 -0.60211 -0.00000
vn -0.79841 -0.60211 -0.00000
vn -0.79841 -0.60211 -0.00000
vn 0.76524 0.64375 0.00000
vn 0.76524 0.64375 0.00000
vn 0.76524 0.64375 0.00000
vn 0.76524 0.64375 0.00000
vn 0.05705 -0.99837 -0.00000
vn 0.05705 -0.99837 -0.00000
vn 0.05705 -0.99837 -0.00000
vn 0.05705 -0.99837 -0.00000
vn -0.12411 0.99227 0.00000
vn -0.12411 0.99227 0.00000
vn -0.12411 0.99227 0.00000
vn -0.12411 0.99227 0.00000
vn 0.88030 0.47442 0.00000
vn 0.88030 0.47442 0.00000
vn 0.88030 0.47442 0.00000
vn 0.88030 0.47442 0.00000
vn -0.89649 -0.44306 -0.00000
vn -0.89649 -0.44306 -0.00000
vn -0.89649 -0.44306 -0.00000
vn -0.89649 -0.44306 -0.00000
vn 0.99873 0.05029 0.00000
vn 0.99873 0.05029 0.00000
vn 0.99873 0.05029 0.00000
vn 0.99873 0.05029 0.00000
vn -0.99885 -0.04790 -0.00000
vn -0.99885 -0.04790 -0.00000
vn -0.99885 -0.04790 -0.00000
vn -0.99885 -0.04790 -0.00000
vn 0.18975 -0.98183 -0.00000
vn 0.18975 -0.98183 -0.00000
vn 0.18975 -0.98183 -0.00000
vn 0.18975 -0.98183 -0.00000
vn -0.30193 0.95333 0.00000
vn -0.30193 0.95333 0.00000
vn -0.30193 0.95333 0.00000
vn -0.30193 0.95333 0.00000
vn -0.48059 0.87695 0.00000
vn -0.48059 0.87695 0.00000
vn -0.48059 0.87695 0.00000
vn -0.48059 0.87695 0.00000
vn 0.34631 -0.93812 -0.00000
vn 0.34631 -0.93812 -0.00000
vn 0.34631 -0.93812 -0.00000
vn 0.34631 -0.93812 -0.00000
vn 0.95040 0.31102 0.00000
vn 0.95040 0.31102 0.00000
vn 0.95040 0.31102 0.00000
vn 0.95040 0.31102 0.00000
vn -0.95650 -0.29173 -0.00000
vn -0.95650 -0.29173 -0.00000
vn -0.95650 -0.29173 -0.00000
vn -0.95650 -0.29173 -0.00000
vn -0.65965 0.75158 0.00000
vn -0.65965 0.75158 0.00000
vn -0.65965 0.75158 0.00000
vn -0.65965 0.75158 0.00000
vn 0.51775 -0.85553 -0.00000
vn 0.51775 -0.85553 -0.00000
vn 0.51775 -0.85553 -0.00000
vn 0.51775 -0.85553 -0.00000
vn -0.65863 -0.75247 -0.00000
vn -0.65863 -0.75247 -0.00000
vn -0.65863 -0.75247 -0.00000
vn -0.65863 -0.75247 -0.00000
vn 0.61623 0.78757 0.00000
vn 0.61623 0.78757 0.00000
vn 0.61623 0.78757 0.00000
vn 0.61623 0.78757 0.00000
vn 0.98573 0.16832 0.00000
vn 0.98573 0.16832 0.00000
vn 0.98573 0.16832 0.00000
vn 0.98573 0.16832 0.00000
vn -0.98727 -0.15904 -0.00000
vn -0.98727 -0.15904 -0.00000
vn -0.98727 -0.15904 -0.00000
vn -0.98727 -0.15904 -0.00000
vn -0.81444 0.58025 0.00000
vn -0.81444 0.58025 0.00000
vn -0.81444 0.58025 0.00000
vn -0.81444 0.58025 0.00000
vn 0.68437 -0.72914 -0.00000
vn 0.68437 -0.72914 -0.00000
vn 0.68437 -0.72914 -0.00000
vn 0.68437 -0.72914 -0.00000
vn -0.49241 -0.87036 -0.00000
vn -0.49241 -0.87036 -0.00000
vn -0.49241 -0.87036 -0.00000
vn -0.49241 -0.87036 -0.00000
vn 0.30509 0.95232 0.00000
vn 0.30509 0.95232 0.00000
vn 0.30509 0.95232 0.00000
vn 0.30509 0.95232 0.00000
vn -0.05356 -0.99856 -0.00000
vn -0.05356 -0.99856 -0.00000
vn -0.05356 -0.99856 -0.00000
vn -0.05356 -0.99856 -0.00000
vn -0.04009 0.99920 0.00000
vn -0.04009 0.99920 0.00000
vn -0.04009 0.99920 0.00000
vn -0.04009 0.99920 0.00000
vn 0.16748 0.98588 0.00000
vn 0.16748 0.98588 0.00000
vn 0.16748 0.98588 0.00000
vn 0.16748 0.98588 0.00000
vn -0.32673 -0.94512 -0.00000
vn -0.32673 -0.94512 -0.00000
vn -0.32673 -0.94512 -0.00000
vn -0.32673 -0.94512 -0.00000
vn 0.05067 0.99872 0.00000
vn 0.05067 0.99872 0.00000
vn 0.05067 0.99872 0.00000
vn 0.05067 0.99872 0.00000
vn -0.17832 -0.98397 -0.00000
vn -0.17832 -0.98397 -0.00000
vn -0.17832 -0.98397 -0.00000
vn -0.17832 -0.98397 -0.00000
vn 0.99922 -0.03959 -0.00000
vn 0.99922 -0.03959 -0.00000
vn 0.99922 -0.03959 -0.00000
vn 0.99922 -0.03959 -0.00000
vn -1.00000 0.00000 0.00000
vn -1.00000 0.00000 0.00000
vn -1.00000 0.00000 0.00000
vn -1.00000 0.00000 0.00000
vn 0.00000 1.00000 0.00000
vn 0.00000 1.00000 0.00000
vn 0.00000 1.00000 0.00000
vn 0.00000 1.00000 0.00000
vn 0.82495 -0.56520 -0.00000
vn 0.82495 -0.56520 -0.00000
vn 0.82495 -0.56520 -0.00000
vn 0.82495 -0.56520 -0.00000
vn 0.99100 -0.13383 -0.00000
vn 0.99100 -0.13383 -0.00000
vn 0.99100 -0.13383 -0.00000
vn 0.99100 -0.13383 -0.00000
vn 0.91763 -0.39743 -0.00000
vn 0.91763 -0.39743 -0.00000
vn 0.91763 -0.39743 -0.00000
vn 0.91763 -0.39743 -0.00000
vn 0.96769 -0.25215 -0.00000
vn 0.96769 -0.25215 -0.00000
vn 0.96769 -0.25215 -0.00000
vn 0.96769 -0.25215 -0.00000
f 2431/4383/9913 2432/4384/9914 2433/4385/9915 
f 2434/4386/9916 2435/4387/9917 2436/4388/9918 
f 2437/4389/9919 2438/4390/9920 2439/4391/9921 
f 2440/4392/9922 2441/4393/9923 2442/4394/9924 
f 2443/4395/9925 2444/4396/9926 2445/4397/9927 
f 2446/4398/9928 2447/4399/9929 2448/4400/9930 
f 2449/4401/9931 2450/4402/9932 2451/4403/9933 
f 2452/4404/9934 2453/4405/9935 2454/4406/9936 2455/4407/9937 
f 2456/4408/9938 2457/4409/9939 2458/4410/9940 2459/4411/9941 
f 2432/4384/9942 2460/4412/9943 2461/4413/9944 2433/4385/9945 
f 2462/4414/9946 2458/4410/9947 2457/4409/9948 2463/4415/9949 
f 2453/4405/9950 2464/4416/9951 2465/4417/9952 2454/4406/9953 
f 2435/4387/9954 2431/4383/9955 2433/4385/9956 2436/4388/9957 
f 2439/4391/9958 2438/4390/9959 2434/4386/9960 2436/4388/9961 
f 2466/4418/9962 2462/4414/9963 2463/4415/9964 2467/4419/9965 
f 2442/4394/9966 2441/4393/9967 2437/4389/9968 2439/4391/9969 
f 2451/4403/9970 2456/4408/9971 2459/4411/9972 2449/4401/9973 
f 2464/4416/9974 2466/4418/9975 2467/4419/9976 2465/4417/9977 
f 2468/4420/9978 2469/4421/9979 2440/4392/9980 2442/4394/9981 
f 2450/4402/9982 2449/4401/9983 2470/4422/9984 2471/4423/9985 
f 2472/4424/9986 2473/4425/9987 2461/4413/9988 2460/4412/9989 
f 2470/4422/9990 2474/4426/9991 2475/4427/9992 2471/4423/9993 
f 2474/4426/9994 2473/4425/9995 2472/4424/9996 2475/4427/9997 
f 2446/4398/9998 2443/4395/9999 2476/4428/10000 2447/4399/10001 
f 2477/4429/10002 2445/4397/10003 2469/4421/10004 2468/4420/10005 
f 2476/4428/10006 2443/4395/10007 2445/4397/10008 2478/4430/10009 
f 2478/4430/10010 2445/4397/10011 2477/4429/10013 2479/4431/10012 
f 2480/4432/10014 2481/4433/10015 2482/4434/10016 
f 2483/4435/10017 2484/4436/10018 2485/4437/10019 
f 2486/4438/10020 2487/4439/10021 2488/4440/10022 
f 2489/4441/10023 2490/4442/10024 2491/4443/10025 
f 2492/4444/10026 2493/4445/10027 2494/4446/10028 
f 2495/4447/10029 2496/4448/10030 2497/4449/10031 
f 2498/4450/10032 2499/4451/10033 2500/4452/10034 
f 2501/4453/10035 2502/4454/10036 2503/4455/10037 2504/4456/10038 
f 2505/4457/10039 2506/4458/10040 2507/4459/10041 2508/4460/10042 
f 2480/4432/10043 2509/4461/10044 2510/4462/10045 2481/4433/10046 
f 2511/4463/10047 2507/4459/10048 2506/4458/10049 2512/4464/10050 
f 2502/4454/10051 2513/4465/10052 2514/4466/10053 2503/4455/10054 
f 2483/4435/10055 2480/4432/10056 2482/4434/10057 2484/4436/10058 
f 2483/4435/10059 2485/4437/10060 2487/4439/10061 2486/4438/10062 
f 2515/4467/10063 2511/4463/10064 2512/4464/10065 2516/4468/10066 
f 2486/4438/10067 2488/4440/10068 2490/4442/10069 2489/4441/10070 
f 2500/4452/10071 2505/4457/10072 2508/4460/10073 2498/4450/10074 
f 2513/4465/10075 2515/4467/10076 2516/4468/10077 2514/4466/10078 
f 2489/4441/10079 2491/4443/10080 2517/4469/10081 2518/4470/10082 
f 2519/4471/10083 2520/4472/10084 2500/4452/10085 2499/4451/10086 
f 2510/4462/10087 2509/4461/10088 2521/4473/10089 2522/4474/10090 
f 2519/4471/10091 2523/4475/10092 2524/4476/10093 2520/4472/10094 
f 2523/4475/10095 2522/4474/10096 2521/4473/10097 2524/4476/10098 
f 2496/4448/10099 2525/4477/10100 2494/4446/10101 2497/4449/10102 
f 2518/4470/10103 2517/4469/10104 2492/4444/10105 2526/4478/10106 
f 2527/4479/10107 2492/4444/10108 2494/4446/10109 2525/4477/10110 
f 2528/4480/10111 2526/4478/10112 2492/4444/10113 2527/4479/10114 
f 2432/4481/10115 2431/4482/10116 2482/4483/10117 2481/4484/10118 
f 2435/4485/10119 2434/4486/10120 2485/4487/10121 2484/4488/10122 
f 2438/4489/10123 2437/4490/10124 2488/4491/10125 2487/4492/10126 
f 2441/4493/10127 2440/4494/10128 2491/4495/10129 2490/4496/10130 
f 2445/4497/10131 2444/4498/10132 2493/4499/10133 2492/4500/10134 
f 2444/4501/10135 2443/4502/10136 2494/4503/10137 2493/4504/10138 
f 2448/4505/10139 2447/4506/10140 2496/4507/10141 2495/4508/10142 
f 2446/4509/10143 2448/4510/10144 2495/4511/10145 2497/4512/10146 
f 2451/4513/10147 2450/4514/10148 2499/4515/10149 2498/4516/10150 
f 2455/4517/10151 2454/4518/10152 2502/4519/10153 2501/4520/10154 
f 2453/4521/10155 2452/4522/10156 2504/4523/10157 2503/4524/10158 
f 2452/4525/10159 2455/4526/10160 2501/4527/10161 2504/4528/10162 
f 2459/4529/10163 2458/4530/10164 2506/4531/10165 2505/4532/10166 
f 2457/4533/10167 2456/4534/10168 2508/4535/10169 2507/4536/10170 
f 2433/4537/10171 2461/4538/10172 2509/4539/10173 2480/4540/10174 
f 2460/4541/10175 2432/4481/10176 2481/4484/10177 2510/4542/10178 
f 2463/4543/10179 2457/4533/10180 2507/4536/10181 2511/4544/10182 
f 2458/4530/10183 2462/4545/10184 2512/4546/10185 2506/4531/10186 
f 2454/4518/10187 2465/4547/10188 2513/4548/10189 2502/4519/10190 
f 2464/4549/10191 2453/4521/10192 2503/4524/10193 2514/4550/10194 
f 2436/4551/10195 2433/4537/10196 2480/4540/10197 2483/4552/10198 
f 2431/4482/10199 2435/4485/10200 2484/4488/10201 2482/4483/10202 
f 2434/4486/10203 2438/4489/10204 2487/4492/10205 2485/4487/10206 
f 2439/4553/10207 2436/4551/10208 2483/4552/10209 2486/4554/10210 
f 2467/4555/10211 2463/4543/10212 2511/4544/10213 2515/4556/10214 
f 2462/4545/10215 2466/4557/10216 2516/4558/10217 2512/4546/10218 
f 2437/4490/10219 2441/4559/10220 2490/4560/10221 2488/4491/10222 
f 2442/4561/10223 2439/4553/10224 2486/4554/10225 2489/4562/10226 
f 2449/4563/10227 2459/4564/10228 2505/4565/10229 2500/4566/10230 
f 2456/4567/10231 2451/4513/10232 2498/4516/10233 2508/4568/10234 
f 2465/4547/10235 2467/4555/10236 2515/4556/10237 2513/4548/10238 
f 2466/4557/10239 2464/4549/10240 2514/4550/10241 2516/4558/10242 
f 2440/4494/10243 2469/4569/10244 2517/4570/10245 2491/4495/10246 
f 2468/4571/10247 2442/4561/10248 2489/4562/10249 2518/4572/10250 
f 2470/4573/10251 2449/4563/10252 2500/4566/10253 2520/4574/10254 
f 2450/4514/10255 2471/4575/10256 2519/4576/10257 2499/4515/10258 
f 2461/4538/10259 2473/4577/10260 2521/4578/10261 2509/4539/10262 
f 2472/4579/10263 2460/4541/10264 2510/4542/10265 2522/4580/10266 
f 2471/4575/10267 2475/4581/10268 2523/4582/10269 2519/4576/10270 
f 2474/4583/10271 2470/4573/10272 2520/4574/10273 2524/4584/10274 
f 2475/4581/10275 2472/4579/10276 2522/4580/10277 2523/4582/10278 
f 2473/4577/10279 2474/4583/10280 2524/4584/10281 2521/4578/10282 
f 2447/4506/10283 2476/4585/10284 2525/4586/10285 2496/4507/10286 
f 2443/4587/10287 2446/4588/10288 2497/4589/10289 2494/4590/10290 
f 2469/4591/10291 2445/4592/10292 2492/4593/10293 2517/4594/10294 
f 2477/4595/10295 2468/4596/10296 2518/4597/10297 2526/4598/10298 
f 2476/4585/10299 2478/4599/10300 2527/4600/10301 2525/4586/10302 
f 2479/4601/10303 2477/4595/10304 2526/4598/10305 2528/4602/10306 
f 2478/4599/10307 2479/4601/10308 2528/4602/10309 2527/4600/10310 
o 016_Placeholder
g Placeholder
usemtl Bermuda 1
v -490.248 0.009 -484.586
v -495.731 0.009 -484.634
v -496.538 0.009 -393.479
v -491.055 0.009 -393.431
v -475.728 0.009 -498.851
v -384.573 0.009 -498.044
v -384.524 0.009 -503.527
v -475.679 0.009 -504.334
v -480.284 0.009 -498.158
v -481.970 0.009 -503.376
v -482.949 0.009 -503.031
v -480.992 0.009 -497.908
v -494.662 0.009 -490.907
v -489.474 0.009 -489.128
v -489.212 0.009 -489.833
v -494.300 0.009 -491.880
v -485.404 0.009 -495.228
v -489.042 0.009 -499.331
v -489.785 0.009 -498.637
v -485.942 0.009 -494.726
v -490.492 0.009 -497.906
v -486.455 0.009 -494.196
v -494.974 0.009 -489.912
v -489.700 0.009 -488.407
v -479.559 0.009 -498.371
v -480.969 0.009 -503.671
v -483.904 0.009 -502.638
v -481.684 0.009 -497.623
v -488.914 0.009 -490.519
v -493.889 0.009 -492.827
v -484.840 0.009 -495.703
v -488.263 0.009 -499.987
v -491.162 0.009 -497.139
v -486.939 0.009 -493.641
v -490.220 0.009 -485.375
v -495.692 0.009 -485.724
v -476.770 0.009 -504.314
v -476.518 0.009 -498.837
v -484.253 0.009 -496.149
v -487.452 0.009 -500.603
v -491.792 0.009 -496.339
v -487.396 0.009 -493.061
v -484.833 0.009 -502.196
v -482.356 0.009 -497.303
v -488.583 0.009 -491.186
v -493.432 0.009 -493.749
v -495.235 0.009 -488.894
v -489.889 0.009 -487.670
v -478.818 0.009 -498.546
v -479.947 0.009 -503.913
v -483.642 0.009 -496.565
v -486.608 0.009 -501.178
v -492.382 0.009 -495.506
v -487.823 0.009 -492.458
v -485.735 0.009 -501.709
v -483.010 0.009 -496.950
v -488.219 0.009 -491.833
v -492.929 0.009 -494.642
v -495.442 0.009 -487.856
v -490.039 0.009 -486.919
v -478.064 0.009 -498.683
v -478.905 0.009 -504.102
v -490.150 0.009 -486.153
v -495.595 0.009 -486.799
v -477.846 0.009 -504.237
v -477.297 0.009 -498.780
v -393.328 0.342 490.952
v -484.483 0.342 490.145
v -484.531 0.342 495.628
v -393.376 0.342 496.435
v -498.748 0.342 475.625
v -497.941 0.342 384.470
v -503.424 0.342 384.421
v -504.231 0.342 475.576
v -490.805 0.342 494.560
v -489.025 0.342 489.371
v -489.730 0.342 489.109
v -491.777 0.342 494.197
v -502.929 0.342 482.847
v -497.805 0.342 480.890
v -498.055 0.342 480.181
v -503.273 0.342 481.869
v -495.125 0.342 485.302
v -499.228 0.342 488.940
v -498.534 0.342 489.683
v -494.623 0.342 485.840
v -497.803 0.342 490.390
v -494.093 0.342 486.352
v -502.535 0.342 483.802
v -497.520 0.342 481.581
v -490.416 0.342 488.812
v -492.725 0.342 493.787
v -495.600 0.342 484.738
v -499.884 0.342 488.161
v -489.809 0.342 494.872
v -488.304 0.342 489.597
v -497.036 0.342 491.060
v -493.538 0.342 486.837
v -498.268 0.342 479.456
v -503.568 0.342 480.867
v -485.272 0.342 490.117
v -485.621 0.342 495.589
v -504.211 0.342 476.667
v -498.734 0.342 476.415
v -502.094 0.342 484.731
v -497.200 0.342 482.254
v -496.046 0.342 484.150
v -500.500 0.342 487.350
v -491.083 0.342 488.480
v -493.646 0.342 493.329
v -496.236 0.342 491.690
v -492.958 0.342 487.293
v -501.606 0.342 485.633
v -496.847 0.342 482.907
v -496.462 0.342 483.540
v -501.075 0.342 486.507
v -488.791 0.342 495.132
v -487.567 0.342 489.786
v -495.403 0.342 492.279
v -492.355 0.342 487.720
v -491.730 0.342 488.116
v -494.539 0.342 492.826
v -498.444 0.342 478.716
v -503.810 0.342 479.845
v -486.050 0.342 490.047
v -486.696 0.342 495.492
v -487.753 0.342 495.339
v -486.816 0.342 489.936
v -504.134 0.342 477.743
v -498.678 0.342 477.194
v -498.580 0.342 477.961
v -504.000 0.342 478.803
v 490.248 0.675 484.380
v 495.731 0.675 484.428
v 496.538 0.675 393.273
v 491.055 0.675 393.225
v 475.728 0.675 498.645
v 384.573 0.675 497.838
v 384.524 0.675 503.321
v 475.679 0.675 504.128
v 480.284 0.675 497.952
v 481.971 0.675 503.171
v 482.950 0.675 502.826
v 480.993 0.675 497.702
v 494.662 0.675 490.703
v 489.474 0.675 488.923
v 489.212 0.675 489.627
v 494.300 0.675 491.675
v 489.786 0.675 498.432
v 485.943 0.675 494.520
v 485.404 0.675 495.023
v 489.042 0.675 499.126
v 490.493 0.675 497.701
v 486.455 0.675 493.991
v 488.915 0.675 490.314
v 493.890 0.675 492.623
v 483.905 0.675 502.432
v 481.684 0.675 497.417
v 491.163 0.675 496.934
v 486.940 0.675 493.436
v 484.841 0.675 495.498
v 488.264 0.675 499.782
v 479.559 0.675 498.165
v 480.970 0.675 503.465
v 494.974 0.675 489.707
v 489.700 0.675 488.202
v 476.770 0.675 504.109
v 476.518 0.675 498.631
v 490.220 0.675 485.169
v 495.692 0.675 485.519
v 488.583 0.675 490.981
v 493.432 0.675 493.544
v 484.834 0.675 501.991
v 482.357 0.675 497.098
v 491.793 0.675 496.134
v 487.396 0.675 492.856
v 484.253 0.675 495.944
v 487.453 0.675 500.398
v 485.736 0.675 501.504
v 483.010 0.675 496.745
v 488.219 0.675 491.627
v 492.929 0.675 494.437
v 492.382 0.675 495.301
v 487.823 0.675 492.253
v 483.643 0.675 496.360
v 486.609 0.675 500.973
v 495.235 0.675 488.689
v 489.889 0.675 487.465
v 478.819 0.675 498.341
v 479.948 0.675 503.708
v 490.150 0.675 485.948
v 495.595 0.675 486.593
v 477.846 0.675 504.031
v 477.297 0.675 498.575
v 478.064 0.675 498.478
v 478.906 0.675 503.897
v 495.442 0.675 487.651
v 490.039 0.675 486.713
v 504.231 1.008 -475.782
v 498.748 1.008 -475.831
v 497.941 1.008 -384.676
v 503.424 1.008 -384.627
v 484.483 1.008 -490.351
v 484.531 1.008 -495.834
v 393.376 1.008 -496.641
v 393.328 1.008 -491.158
v 502.929 1.008 -483.052
v 497.805 1.008 -481.095
v 498.055 1.008 -480.386
v 503.274 1.008 -482.073
v 490.806 1.008 -494.765
v 489.026 1.008 -489.577
v 489.730 1.008 -489.315
v 491.778 1.008 -494.403
v 494.623 1.008 -486.045
v 498.535 1.008 -489.888
v 497.804 1.008 -490.595
v 494.094 1.008 -486.557
v 495.126 1.008 -485.507
v 499.229 1.008 -489.144
v 490.416 1.008 -489.017
v 492.726 1.008 -493.992
v 502.535 1.008 -484.007
v 497.520 1.008 -481.786
v 497.037 1.008 -491.265
v 493.539 1.008 -487.042
v 498.268 1.008 -479.661
v 503.568 1.008 -481.072
v 495.601 1.008 -484.943
v 499.885 1.008 -488.366
v 489.810 1.008 -495.077
v 488.305 1.008 -489.803
v 504.211 1.008 -476.873
v 498.734 1.008 -476.621
v 485.272 1.008 -490.323
v 485.622 1.008 -495.795
v 491.083 1.008 -488.686
v 493.647 1.008 -493.535
v 496.237 1.008 -491.895
v 492.959 1.008 -487.499
v 502.094 1.008 -484.936
v 497.200 1.008 -482.459
v 496.047 1.008 -484.355
v 500.501 1.008 -487.554
v 491.730 1.008 -488.322
v 494.540 1.008 -493.031
v 495.404 1.008 -492.484
v 492.356 1.008 -487.926
v 498.444 1.008 -478.921
v 503.811 1.008 -480.050
v 496.463 1.008 -483.745
v 501.075 1.008 -486.711
v 501.607 1.008 -485.838
v 496.848 1.008 -483.112
v 488.792 1.008 -495.338
v 487.568 1.008 -489.992
v 504.134 1.008 -477.949
v 498.678 1.008 -477.400
v 486.050 1.008 -490.253
v 486.696 1.008 -495.698
v 498.581 1.008 -478.167
v 504.000 1.008 -479.008
v 487.754 1.008 -495.545
v 486.816 1.008 -490.142
vt 0.00548 0.98012
vt 0.00000 0.98012
vt 0.00000 0.88897
vt 0.00548 0.88897
vt 0.01988 0.99452
vt 0.11103 0.99452
vt 0.11103 1.00000
vt 0.01988 1.00000
vt 0.01533 0.99378
vt 0.01359 0.99899
vt 0.01262 0.99863
vt 0.01462 0.99353
vt 0.00101 0.98641
vt 0.00622 0.98467
vt 0.00647 0.98538
vt 0.00137 0.98738
vt 0.01023 0.99081
vt 0.00656 0.99488
vt 0.00582 0.99418
vt 0.00970 0.99030
vt 0.00512 0.99344
vt 0.00919 0.98977
vt 0.00071 0.98541
vt 0.00600 0.98395
vt 0.01605 0.99400
vt 0.01459 0.99929
vt 0.01167 0.99823
vt 0.01393 0.99324
vt 0.00676 0.98607
vt 0.00177 0.98833
vt 0.01079 0.99129
vt 0.00733 0.99554
vt 0.00446 0.99267
vt 0.00871 0.98921
vt 0.00550 0.98091
vt 0.00003 0.98121
vt 0.01879 0.99997
vt 0.01909 0.99450
vt 0.01138 0.99174
vt 0.00814 0.99616
vt 0.00384 0.99186
vt 0.00826 0.98862
vt 0.01074 0.99778
vt 0.01326 0.99291
vt 0.00709 0.98674
vt 0.00222 0.98926
vt 0.00046 0.98439
vt 0.00582 0.98321
vt 0.01679 0.99418
vt 0.01561 0.99954
vt 0.01198 0.99216
vt 0.00898 0.99675
vt 0.00325 0.99102
vt 0.00784 0.98802
vt 0.00984 0.99729
vt 0.01261 0.99255
vt 0.00745 0.98739
vt 0.00271 0.99016
vt 0.00026 0.98335
vt 0.00567 0.98246
vt 0.01754 0.99433
vt 0.01665 0.99974
vt 0.00557 0.98169
vt 0.00012 0.98229
vt 0.01771 0.99988
vt 0.01831 0.99443
vt 0.11103 0.00548
vt 0.01988 0.00548
vt 0.01988 0.00000
vt 0.11103 0.00000
vt 0.00548 0.01988
vt 0.00548 0.11103
vt 0.00000 0.11103
vt 0.00000 0.01988
vt 0.01359 0.00101
vt 0.01533 0.00622
vt 0.01462 0.00647
vt 0.01262 0.00137
vt 0.00137 0.01262
vt 0.00647 0.01462
vt 0.00622 0.01533
vt 0.00101 0.01359
vt 0.00919 0.01023
vt 0.00512 0.00656
vt 0.00582 0.00582
vt 0.00970 0.00970
vt 0.00656 0.00512
vt 0.01023 0.00919
vt 0.00177 0.01167
vt 0.00676 0.01393
vt 0.01393 0.00676
vt 0.01167 0.00177
vt 0.00871 0.01079
vt 0.00446 0.00733
vt 0.01459 0.00071
vt 0.01605 0.00600
vt 0.00733 0.00446
vt 0.01079 0.00871
vt 0.00600 0.01605
vt 0.00071 0.01459
vt 0.01909 0.00550
vt 0.01879 0.00003
vt 0.00003 0.01879
vt 0.00550 0.01909
vt 0.00222 0.01074
vt 0.00709 0.01326
vt 0.00826 0.01138
vt 0.00384 0.00814
vt 0.01326 0.00709
vt 0.01074 0.00222
vt 0.00814 0.00383
vt 0.01138 0.00826
vt 0.00271 0.00984
vt 0.00745 0.01261
vt 0.00784 0.01198
vt 0.00325 0.00897
vt 0.01561 0.00046
vt 0.01679 0.00582
vt 0.00898 0.00325
vt 0.01198 0.00784
vt 0.01261 0.00745
vt 0.00984 0.00271
vt 0.00582 0.01679
vt 0.00046 0.01561
vt 0.01831 0.00557
vt 0.01771 0.00012
vt 0.01665 0.00026
vt 0.01754 0.00567
vt 0.00012 0.01771
vt 0.00557 0.01831
vt 0.00567 0.01754
vt 0.00026 0.01665
vt 0.99452 0.01988
vt 1.00000 0.01988
vt 1.00000 0.11103
vt 0.99452 0.11103
vt 0.98012 0.00548
vt 0.88897 0.00548
vt 0.88897 0.00000
vt 0.98012 0.00000
vt 0.98467 0.00622
vt 0.98641 0.00101
vt 0.98738 0.00137
vt 0.98538 0.00647
vt 0.99899 0.01359
vt 0.99378 0.01533
vt 0.99353 0.01462
vt 0.99863 0.01262
vt 0.99418 0.00582
vt 0.99030 0.00970
vt 0.98977 0.00919
vt 0.99344 0.00512
vt 0.99488 0.00656
vt 0.99081 0.01023
vt 0.99324 0.01393
vt 0.99823 0.01167
vt 0.98833 0.00177
vt 0.98607 0.00676
vt 0.99554 0.00733
vt 0.99129 0.01079
vt 0.98921 0.00871
vt 0.99267 0.00446
vt 0.98395 0.00600
vt 0.98541 0.00071
vt 0.99929 0.01459
vt 0.99400 0.01605
vt 0.98121 0.00003
vt 0.98091 0.00550
vt 0.99450 0.01909
vt 0.99997 0.01879
vt 0.99291 0.01326
vt 0.99778 0.01074
vt 0.98926 0.00222
vt 0.98674 0.00709
vt 0.99617 0.00814
vt 0.99174 0.01138
vt 0.98862 0.00826
vt 0.99186 0.00383
vt 0.99016 0.00271
vt 0.98739 0.00745
vt 0.99255 0.01261
vt 0.99729 0.00984
vt 0.99675 0.00897
vt 0.99216 0.01198
vt 0.98802 0.00784
vt 0.99103 0.00325
vt 0.99954 0.01561
vt 0.99418 0.01679
vt 0.98321 0.00582
vt 0.98439 0.00046
vt 0.99443 0.01831
vt 0.99988 0.01771
vt 0.98229 0.00012
vt 0.98169 0.00557
vt 0.98246 0.00567
vt 0.98335 0.00026
vt 0.99974 0.01665
vt 0.99433 0.01754
vt 1.00000 0.98012
vt 0.99452 0.98012
vt 0.99452 0.88897
vt 1.00000 0.88897
vt 0.98012 0.99452
vt 0.98012 1.00000
vt 0.88897 1.00000
vt 0.88897 0.99452
vt 0.99863 0.98738
vt 0.99353 0.98538
vt 0.99378 0.98467
vt 0.99899 0.98641
vt 0.98641 0.99899
vt 0.98467 0.99378
vt 0.98538 0.99353
vt 0.98738 0.99863
vt 0.99030 0.99030
vt 0.99418 0.99418
vt 0.99344 0.99488
vt 0.98977 0.99081
vt 0.99081 0.98977
vt 0.99488 0.99344
vt 0.98607 0.99324
vt 0.98833 0.99823
vt 0.99823 0.98833
vt 0.99324 0.98607
vt 0.99267 0.99554
vt 0.98921 0.99129
vt 0.99400 0.98395
vt 0.99929 0.98541
vt 0.99129 0.98921
vt 0.99554 0.99267
vt 0.98541 0.99929
vt 0.98395 0.99400
vt 0.99997 0.98121
vt 0.99450 0.98091
vt 0.98091 0.99450
vt 0.98121 0.99997
vt 0.98674 0.99291
vt 0.98926 0.99778
vt 0.99186 0.99616
vt 0.98862 0.99174
vt 0.99778 0.98926
vt 0.99291 0.98674
vt 0.99174 0.98862
vt 0.99617 0.99186
vt 0.98739 0.99255
vt 0.99016 0.99729
vt 0.99103 0.99675
vt 0.98802 0.99216
vt 0.99418 0.98321
vt 0.99954 0.98439
vt 0.99216 0.98802
vt 0.99675 0.99102
vt 0.99729 0.99016
vt 0.99255 0.98739
vt 0.98439 0.99954
vt 0.98321 0.99418
vt 0.99988 0.98229
vt 0.99443 0.98169
vt 0.98169 0.99443
vt 0.98229 0.99988
vt 0.99433 0.98246
vt 0.99974 0.98335
vt 0.98335 0.99974
vt 0.98246 0.99433
vn 0.00000 1.00000 0.00000
vn 0.00000 1.00000 0.00000
vn 0.00000 1.00000 0.00000
vn 0.00000 1.00000 0.00000
vn 0.00000 1.00000 0.00000
vn 0.00000 1.00000 0.00000
vn 0.00000 1.00000 0.00000
vn 0.00000 1.00000 0.00000
vn 0.00000 1.00000 0.00000
vn 0.00000 1.00000 0.00000
vn 0.00000 1.00000 0.00000
vn 0.00000 1.00000 0.00000
vn 0.00000 1.00000 0.00000
vn 0.00000 1.00000 0.00000
vn 0.00000 1.00000 0.00000
vn 0.00000 1.00000 0.00000
vn 0.00000 1.00000 0.00000
vn 0.00000 1.00000 0.00000
vn 0.00000 1.00000 0.00000
vn 0.00000 1.00000 0.00000
vn 0.00000 1.00000 0.00000
vn 0.00000 1.00000 0.00000
vn 0.00000 1.00000 0.00000
vn 0.00000 1.00000 0.00000
vn 0.00000 1.00000 0.00000
vn 0.00000 1.00000 0.00000
vn 0.00000 1.00000 0.00000
vn 0.00000 1.00000 0.00000
vn 0.00000 1.00000 0.00000
vn 0.00000 1.00000 0.00000
vn 0.00000 1.00000 0.00000
vn 0.00000 1.00000 0.00000
vn 0.00000 1.00000 0.00000
vn 0.00000 1.00000 0.00000
vn 0.00000 1.00000 0.00000
vn 0.00000 1.00000 0.00000
vn 0.00000 1.00000 0.00000
vn 0.00000 1.00000 0.00000
vn 0.00000 1.00000 0.00000
vn 0.00000 1.00000 0.00000
vn 0.00000 1.00000 0.00000
vn 0.00000 1.00000 0.00000
vn 0.00000 1.00000 0.00000
vn 0.00000 1.00000 0.00000
vn 0.00000 1.00000 0.00000
vn 0.00000 1.00000 0.00000
vn 0.00000 1.00000 0.00000
vn 0.00000 1.00000 0.00000
vn 0.00000 1.00000 0.00000
vn 0.00000 1.00000 0.00000
vn 0.00000 1.00000 0.00000
vn 0.00000 1.00000 0.00000
vn 0.00000 1.00000 0.00000
vn 0.00000 1.00000 0.00000
vn 0.00000 1.00000 0.00000
vn 0.00000 1.00000 0.00000
vn 0.00000 1.00000 0.00000
vn 0.00000 1.00000 0.00000
vn 0.00000 1.00000 0.00000
vn 0.00000 1.00000 0.00000
vn 0.00000 1.00000 0.00000
vn 0.00000 1.00000 0.00000
vn 0.00000 1.00000 0.00000
vn 0.00000 1.00000 0.00000
vn 0.00000 1.00000 0.00000
vn 0.00000 1.00000 0.00000
vn 0.00000 1.00000 0.00000
vn 0.00000 1.00000 0.00000
vn 0.00000 1.00000 0.00000
vn 0.00000 1.00000 0.00000
vn 0.00000 1.00000 0.00000
vn 0.00000 1.00000 0.00000
vn 0.00000 1.00000 0.00000
vn 0.00000 1.00000 0.00000
vn 0.00000 1.00000 0.00000
vn 0.00000 1.00000 0.00000
vn 0.00000 1.00000 0.00000
vn 0.00000 1.00000 0.00000
vn 0.00000 1.00000 0.00000
vn 0.00000 1.00000 0.00000
vn 0.00000 1.00000 0.00000
vn 0.00000 1.00000 0.00000
vn 0.00000 1.00000 0.00000
vn 0.00000 1.00000 0.00000
vn 0.00000 1.00000 0.00000
vn 0.00000 1.00000 0.00000
vn 0.00000 1.00000 0.00000
vn 0.00000 1.00000 0.00000
vn 0.00000 1.00000 0.00000
vn 0.00000 1.00000 0.00000
vn 0.00000 1.00000 0.00000
vn 0.00000 1.00000 0.00000
vn 0.00000 1.00000 0.00000
vn 0.00000 1.00000 0.00000
vn 0.00000 1.00000 0.00000
vn 0.00000 1.00000 0.00000
vn 0.00000 1.00000 0.00000
vn 0.00000 1.00000 0.00000
vn 0.00000 1.00000 0.00000
vn 0.00000 1.00000 0.00000
vn 0.00000 1.00000 0.00000
vn 0.00000 1.00000 0.00000
vn 0.00000 1.00000 0.00000
vn 0.00000 1.00000 0.00000
vn 0.00000 1.00000 0.00000
vn 0.00000 1.00000 0.00000
vn 0.00000 1.00000 0.00000
vn 0.00000 1.00000 0.00000
vn 0.00000 1.00000 0.00000
vn 0.00000 1.00000 0.00000
vn 0.00000 1.00000 0.00000
vn 0.00000 1.00000 0.00000
vn 0.00000 1.00000 0.00000
vn 0.00000 1.00000 0.00000
vn 0.00000 1.00000 0.00000
vn 0.00000 1.00000 0.00000
vn 0.00000 1.00000 0.00000
vn 0.00000 1.00000 0.00000
vn 0.00000 1.00000 0.00000
vn 0.00000 1.00000 0.00000
vn 0.00000 1.00000 0.00000
vn 0.00000 1.00000 0.00000
vn 0.00000 1.00000 0.00000
vn 0.00000 1.00000 0.00000
vn 0.00000 1.00000 0.00000
vn 0.00000 1.00000 0.00000
vn 0.00000 1.00000 0.00000
vn 0.00000 1.00000 0.00000
vn 0.00000 1.00000 0.00000
vn 0.00000 1.00000 0.00000
vn 0.00000 1.00000 0.00000
vn 0.00000 1.00000 0.00000
vn 0.00000 1.00000 0.00000
vn 0.00000 1.00000 0.00000
vn 0.00000 1.00000 0.00000
vn 0.00000 1.00000 0.00000
vn 0.00000 1.00000 0.00000
vn 0.00000 1.00000 0.00000
vn 0.00000 1.00000 0.00000
vn 0.00000 1.00000 0.00000
vn 0.00000 1.00000 0.00000
vn 0.00000 1.00000 0.00000
vn 0.00000 1.00000 0.00000
vn 0.00000 1.00000 0.00000
vn 0.00000 1.00000 0.00000
vn 0.00000 1.00000 0.00000
vn 0.00000 1.00000 0.00000
vn 0.00000 1.00000 0.00000
vn 0.00000 1.00000 0.00000
vn 0.00000 1.00000 0.00000
vn 0.00000 1.00000 0.00000
vn 0.00000 1.00000 0.00000
vn 0.00000 1.00000 0.00000
vn 0.00000 1.00000 0.00000
vn 0.00000 1.00000 0.00000
vn 0.00000 1.00000 0.00000
vn 0.00000 1.00000 0.00000
vn 0.00000 1.00000 0.00000
vn 0.00000 1.00000 0.00000
vn 0.00000 1.00000 0.00000
vn 0.00000 1.00000 0.00000
vn 0.00000 1.00000 0.00000
vn 0.00000 1.00000 0.00000
vn 0.00000 1.00000 0.00000
vn 0.00000 1.00000 0.00000
vn 0.00000 1.00000 0.00000
vn 0.00000 1.00000 0.00000
vn 0.00000 1.00000 0.00000
vn 0.00000 1.00000 0.00000
vn 0.00000 1.00000 0.00000
vn 0.00000 1.00000 0.00000
vn 0.00000 1.00000 0.00000
vn 0.00000 1.00000 0.00000
vn 0.00000 1.00000 0.00000
vn 0.00000 1.00000 0.00000
vn 0.00000 1.00000 0.00000
vn 0.00000 1.00000 0.00000
vn 0.00000 1.00000 0.00000
vn 0.00000 1.00000 0.00000
vn 0.00000 1.00000 0.00000
vn 0.00000 1.00000 0.00000
vn 0.00000 1.00000 0.00000
vn 0.00000 1.00000 0.00000
vn 0.00000 1.00000 0.00000
vn 0.00000 1.00000 0.00000
vn 0.00000 1.00000 0.00000
vn 0.00000 1.00000 0.00000
vn 0.00000 1.00000 0.00000
vn 0.00000 1.00000 0.00000
vn 0.00000 1.00000 0.00000
vn 0.00000 1.00000 0.00000
vn 0.00000 1.00000 0.00000
vn 0.00000 1.00000 0.00000
vn 0.00000 1.00000 0.00000
vn 0.00000 1.00000 0.00000
vn 0.00000 1.00000 0.00000
vn 0.00000 1.00000 0.00000
vn 0.00000 1.00000 0.00000
vn 0.00000 1.00000 0.00000
vn 0.00000 1.00000 0.00000
vn 0.00000 1.00000 0.00000
vn 0.00000 1.00000 0.00000
vn 0.00000 1.00000 0.00000
vn 0.00000 1.00000 0.00000
vn 0.00000 1.00000 0.00000
vn 0.00000 1.00000 0.00000
vn 0.00000 1.00000 0.00000
vn 0.00000 1.00000 0.00000
vn 0.00000 1.00000 0.00000
vn 0.00000 1.00000 0.00000
vn 0.00000 1.00000 0.00000
vn 0.00000 1.00000 0.00000
vn 0.00000 1.00000 0.00000
vn 0.00000 1.00000 0.00000
vn 0.00000 1.00000 0.00000
vn 0.00000 1.00000 0.00000
vn 0.00000 1.00000 0.00000
vn 0.00000 1.00000 0.00000
vn 0.00000 1.00000 0.00000
vn 0.00000 1.00000 0.00000
vn 0.00000 1.00000 0.00000
vn 0.00000 1.00000 0.00000
vn 0.00000 1.00000 0.00000
vn 0.00000 1.00000 0.00000
vn 0.00000 1.00000 0.00000
vn 0.00000 1.00000 0.00000
vn 0.00000 1.00000 0.00000
vn 0.00000 1.00000 0.00000
vn 0.00000 1.00000 0.00000
vn 0.00000 1.00000 0.00000
vn 0.00000 1.00000 0.00000
vn 0.00000 1.00000 0.00000
vn 0.00000 1.00000 0.00000
vn 0.00000 1.00000 0.00000
vn 0.00000 1.00000 0.00000
vn 0.00000 1.00000 0.00000
vn 0.00000 1.00000 0.00000
vn 0.00000 1.00000 0.00000
vn 0.00000 1.00000 0.00000
vn 0.00000 1.00000 0.00000
vn 0.00000 1.00000 0.00000
vn 0.00000 1.00000 0.00000
vn 0.00000 1.00000 0.00000
vn 0.00000 1.00000 0.00000
vn 0.00000 1.00000 0.00000
vn 0.00000 1.00000 0.00000
vn 0.00000 1.00000 0.00000
vn 0.00000 1.00000 0.00000
vn 0.00000 1.00000 0.00000
vn 0.00000 1.00000 0.00000
vn 0.00000 1.00000 0.00000
vn 0.00000 1.00000 0.00000
vn 0.00000 1.00000 0.00000
vn 0.00000 1.00000 0.00000
vn 0.00000 1.00000 0.00000
vn 0.00000 1.00000 0.00000
vn 0.00000 1.00000 0.00000
vn 0.00000 1.00000 0.00000
vn 0.00000 1.00000 0.00000
vn 0.00000 1.00000 0.00000
vn 0.00000 1.00000 0.00000
vn 0.00000 1.00000 0.00000
vn 0.00000 1.00000 0.00000
vn 0.00000 1.00000 0.00000
vn 0.00000 1.00000 0.00000
vn 0.00000 1.00000 0.00000
vn 0.00000 1.00000 0.00000
vn 0.00000 1.00000 0.00000
vn 0.00000 1.00000 0.00000
vn 0.00000 1.00000 0.00000
vn 0.00000 1.00000 0.00000
vn 0.00000 1.00000 0.00000
vn 0.00000 1.00000 0.00000
vn 0.00000 1.00000 0.00000
vn 0.00000 1.00000 0.00000
vn 0.00000 1.00000 0.00000
vn 0.00000 1.00000 0.00000
vn 0.00000 1.00000 0.00000
vn 0.00000 1.00000 0.00000
vn 0.00000 1.00000 0.00000
vn 0.00000 1.00000 0.00000
vn 0.00000 1.00000 0.00000
vn 0.00000 1.00000 0.00000
vn 0.00000 1.00000 0.00000
vn 0.00000 1.00000 0.00000
vn 0.00000 1.00000 0.00000
vn 0.00000 1.00000 0.00000
vn 0.00000 1.00000 0.00000
vn 0.00000 1.00000 0.00000
vn 0.00000 1.00000 0.00000
vn 0.00000 1.00000 0.00000
vn 0.00000 1.00000 0.00000
vn 0.00000 1.00000 0.00000
vn 0.00000 1.00000 0.00000
vn 0.00000 1.00000 0.00000
vn 0.00000 1.00000 0.00000
vn 0.00000 1.00000 0.00000
vn 0.00000 1.00000 0.00000
vn 0.00000 1.00000 0.00000
vn 0.00000 1.00000 0.00000
vn 0.00000 1.00000 0.00000
vn 0.00000 1.00000 0.00000
vn 0.00000 1.00000 0.00000
vn 0.00000 1.00000 0.00000
vn 0.00000 1.00000 0.00000
vn 0.00000 1.00000 0.00000
vn 0.00000 1.00000 0.00000
vn 0.00000 1.00000 0.00000
vn 0.00000 1.00000 0.00000
vn 0.00000 1.00000 0.00000
vn 0.00000 1.00000 0.00000
vn 0.00000 1.00000 0.00000
vn 0.00000 1.00000 0.00000
vn 0.00000 1.00000 0.00000
vn 0.00000 1.00000 0.00000
vn 0.00000 1.00000 0.00000
vn 0.00000 1.00000 0.00000
vn 0.00000 1.00000 0.00000
vn 0.00000 1.00000 0.00000
vn 0.00000 1.00000 0.00000
vn 0.00000 1.00000 0.00000
vn 0.00000 1.00000 0.00000
vn 0.00000 1.00000 0.00000
vn 0.00000 1.00000 0.00000
vn 0.00000 1.00000 0.00000
vn 0.00000 1.00000 0.00000
vn 0.00000 1.00000 0.00000
vn 0.00000 1.00000 0.00000
vn 0.00000 1.00000 0.00000
vn 0.00000 1.00000 0.00000
vn 0.00000 1.00000 0.00000
vn 0.00000 1.00000 0.00000
vn 0.00000 1.00000 0.00000
vn 0.00000 1.00000 0.00000
vn 0.00000 1.00000 0.00000
vn 0.00000 1.00000 0.00000
vn 0.00000 1.00000 0.00000
vn 0.00000 1.00000 0.00000
vn 0.00000 1.00000 0.00000
vn 0.00000 1.00000 0.00000
vn 0.00000 1.00000 0.00000
vn 0.00000 1.00000 0.00000
vn 0.00000 1.00000 0.00000
vn 0.00000 1.00000 0.00000
vn 0.00000 1.00000 0.00000
vn 0.00000 1.00000 0.00000
vn 0.00000 1.00000 0.00000
vn 0.00000 1.00000 0.00000
vn 0.00000 1.00000 0.00000
vn 0.00000 1.00000 0.00000
vn 0.00000 1.00000 0.00000
vn 0.00000 1.00000 0.00000
vn 0.00000 1.00000 0.00000
vn 0.00000 1.00000 0.00000
vn 0.00000 1.00000 0.00000
vn 0.00000 1.00000 0.00000
vn 0.00000 1.00000 0.00000
vn 0.00000 1.00000 0.00000
vn 0.00000 1.00000 0.00000
vn 0.00000 1.00000 0.00000
vn 0.00000 1.00000 0.00000
vn 0.00000 1.00000 0.00000
vn 0.00000 1.00000 0.00000
vn 0.00000 1.00000 0.00000
vn 0.00000 1.00000 0.00000
vn 0.00000 1.00000 0.00000
vn 0.00000 1.00000 0.00000
vn 0.00000 1.00000 0.00000
vn 0.00000 1.00000 0.00000
vn 0.00000 1.00000 0.00000
vn 0.00000 1.00000 0.00000
vn 0.00000 1.00000 0.00000
vn 0.00000 1.00000 0.00000
vn 0.00000 1.00000 0.00000
vn 0.00000 1.00000 0.00000
vn 0.00000 1.00000 0.00000
vn 0.00000 1.00000 0.00000
vn 0.00000 1.00000 0.00000
vn 0.00000 1.00000 0.00000
vn 0.00000 1.00000 0.00000
vn 0.00000 1.00000 0.00000
vn 0.00000 1.00000 0.00000
vn 0.00000 1.00000 0.00000
vn 0.00000 1.00000 0.00000
vn 0.00000 1.00000 0.00000
vn 0.00000 1.00000 0.00000
vn 0.00000 1.00000 0.00000
vn 0.00000 1.00000 0.00000
vn 0.00000 1.00000 0.00000
vn 0.00000 1.00000 0.00000
vn 0.00000 1.00000 0.00000
vn 0.00000 1.00000 0.00000
vn 0.00000 1.00000 0.00000
vn 0.00000 1.00000 0.00000
vn 0.00000 1.00000 0.00000
vn 0.00000 1.00000 0.00000
vn 0.00000 1.00000 0.00000
vn 0.00000 1.00000 0.00000
vn 0.00000 1.00000 0.00000
vn 0.00000 1.00000 0.00000
vn 0.00000 1.00000 0.00000
vn 0.00000 1.00000 0.00000
vn 0.00000 1.00000 0.00000
vn 0.00000 1.00000 0.00000
vn 0.00000 1.00000 0.00000
vn 0.00000 1.00000 0.00000
vn 0.00000 1.00000 0.00000
vn 0.00000 1.00000 0.00000
vn 0.00000 1.00000 0.00000
vn 0.00000 1.00000 0.00000
vn 0.00000 1.00000 0.00000
vn 0.00000 1.00000 0.00000
vn 0.00000 1.00000 0.00000
vn 0.00000 1.00000 0.00000
vn 0.00000 1.00000 0.00000
vn 0.00000 1.00000 0.00000
vn 0.00000 1.00000 0.00000
vn 0.00000 1.00000 0.00000
vn 0.00000 1.00000 0.00000
vn 0.00000 1.00000 0.00000
vn 0.00000 1.00000 0.00000
vn 0.00000 1.00000 0.00000
vn 0.00000 1.00000 0.00000
vn 0.00000 1.00000 0.00000
vn 0.00000 1.00000 0.00000
vn 0.00000 1.00000 0.00000
vn 0.00000 1.00000 0.00000
vn 0.00000 1.00000 0.00000
vn 0.00000 1.00000 0.00000
vn 0.00000 1.00000 0.00000
vn 0.00000 1.00000 0.00000
vn 0.00000 1.00000 0.00000
vn 0.00000 1.00000 0.00000
vn 0.00000 1.00000 0.00000
vn 0.00000 1.00000 0.00000
vn 0.00000 1.00000 0.00000
vn 0.00000 1.00000 0.00000
vn 0.00000 1.00000 0.00000
vn 0.00000 1.00000 0.00000
vn 0.00000 1.00000 0.00000
vn 0.00000 1.00000 0.00000
vn 0.00000 1.00000 0.00000
vn 0.00000 1.00000 0.00000
vn 0.00000 1.00000 0.00000
vn 0.00000 1.00000 0.00000
vn 0.00000 1.00000 0.00000
vn 0.00000 1.00000 0.00000
vn 0.00000 1.00000 0.00000
vn 0.00000 1.00000 0.00000
vn 0.00000 1.00000 0.00000
vn 0.00000 1.00000 0.00000
vn 0.00000 1.00000 0.00000
vn 0.00000 1.00000 0.00000
vn 0.00000 1.00000 0.00000
vn 0.00000 1.00000 0.00000
vn 0.00000 1.00000 0.00000
vn 0.00000 1.00000 0.00000
vn 0.00000 1.00000 0.00000
vn 0.00000 1.00000 0.00000
vn 0.00000 1.00000 0.00000
vn 0.00000 1.00000 0.00000
vn 0.00000 1.00000 0.00000
vn 0.00000 1.00000 0.00000
vn 0.00000 1.00000 0.00000
vn 0.00000 1.00000 0.00000
vn 0.00000 1.00000 0.00000
vn 0.00000 1.00000 0.00000
vn 0.00000 1.00000 0.00000
vn 0.00000 1.00000 0.00000
vn 0.00000 1.00000 0.00000
vn 0.00000 1.00000 0.00000
vn 0.00000 1.00000 0.00000
vn 0.00000 1.00000 0.00000
vn 0.00000 1.00000 0.00000
vn 0.00000 1.00000 0.00000
vn 0.00000 1.00000 0.00000
vn 0.00000 1.00000 0.00000
vn 0.00000 1.00000 0.00000
vn 0.00000 1.00000 0.00000
vn 0.00000 1.00000 0.00000
vn 0.00000 1.00000 0.00000
vn 0.00000 1.00000 0.00000
vn 0.00000 1.00000 0.00000
vn 0.00000 1.00000 0.00000
vn 0.00000 1.00000 0.00000
vn 0.00000 1.00000 0.00000
vn 0.00000 1.00000 0.00000
vn 0.00000 1.00000 0.00000
vn 0.00000 1.00000 0.00000
vn 0.00000 1.00000 0.00000
vn 0.00000 1.00000 0.00000
vn 0.00000 1.00000 0.00000
vn 0.00000 1.00000 0.00000
vn 0.00000 1.00000 0.00000
vn 0.00000 1.00000 0.00000
vn 0.00000 1.00000 0.00000
vn 0.00000 1.00000 0.00000
vn 0.00000 1.00000 0.00000
vn 0.00000 1.00000 0.00000
vn 0.00000 1.00000 0.00000
vn 0.00000 1.00000 0.00000
vn 0.00000 1.00000 0.00000
vn 0.00000 1.00000 0.00000
vn 0.00000 1.00000 0.00000
vn 0.00000 1.00000 0.00000
vn 0.00000 1.00000 0.00000
vn 0.00000 1.00000 0.00000
vn 0.00000 1.00000 0.00000
vn 0.00000 1.00000 0.00000
vn 0.00000 1.00000 0.00000
vn 0.00000 1.00000 0.00000
vn 0.00000 1.00000 0.00000
f 2529/4603/10311 2530/4604/10312 2531/4605/10313 2532/4606/10314 
f 2533/4607/10315 2534/4608/10316 2535/4609/10317 2536/4610/10318 
f 2537/4611/10319 2538/4612/10320 2539/4613/10321 2540/4614/10322 
f 2541/4615/10323 2542/4616/10324 2543/4617/10325 2544/4618/10326 
f 2545/4619/10327 2546/4620/10328 2547/4621/10329 2548/4622/10330 
f 2549/4623/10331 2550/4624/10332 2548/4622/10333 2547/4621/10334 
f 2542/4616/10335 2541/4615/10336 2551/4625/10337 2552/4626/10338 
f 2538/4612/10339 2537/4611/10340 2553/4627/10341 2554/4628/10342 
f 2540/4614/10343 2539/4613/10344 2555/4629/10345 2556/4630/10346 
f 2544/4618/10347 2543/4617/10348 2557/4631/10349 2558/4632/10350 
f 2559/4633/10351 2560/4634/10352 2546/4620/10353 2545/4619/10354 
f 2561/4635/10355 2562/4636/10356 2550/4624/10357 2549/4623/10358 
f 2563/4637/10359 2564/4638/10360 2530/4604/10361 2529/4603/10362 
f 2565/4639/10363 2566/4640/10364 2533/4607/10365 2536/4610/10366 
f 2567/4641/10367 2568/4642/10368 2560/4634/10369 2559/4633/10370 
f 2569/4643/10371 2570/4644/10372 2562/4636/10373 2561/4635/10374 
f 2556/4630/10375 2555/4629/10376 2571/4645/10377 2572/4646/10378 
f 2558/4632/10379 2557/4631/10380 2573/4647/10381 2574/4648/10382 
f 2552/4626/10383 2551/4625/10384 2575/4649/10385 2576/4650/10386 
f 2554/4628/10387 2553/4627/10388 2577/4651/10389 2578/4652/10390 
f 2579/4653/10391 2580/4654/10392 2568/4642/10393 2567/4641/10394 
f 2581/4655/10395 2582/4656/10396 2570/4644/10397 2569/4643/10398 
f 2572/4646/10399 2571/4645/10400 2583/4657/10401 2584/4658/10402 
f 2574/4648/10403 2573/4647/10404 2585/4659/10405 2586/4660/10406 
f 2584/4658/10407 2583/4657/10408 2580/4654/10409 2579/4653/10410 
f 2586/4660/10411 2585/4659/10412 2582/4656/10413 2581/4655/10414 
f 2576/4650/10415 2575/4649/10416 2587/4661/10417 2588/4662/10418 
f 2578/4652/10419 2577/4651/10420 2589/4663/10421 2590/4664/10422 
f 2591/4665/10423 2592/4666/10424 2564/4638/10425 2563/4637/10426 
f 2593/4667/10427 2594/4668/10428 2566/4640/10429 2565/4639/10430 
f 2588/4662/10431 2587/4661/10432 2592/4666/10433 2591/4665/10434 
f 2590/4664/10435 2589/4663/10436 2594/4668/10437 2593/4667/10438 
f 2595/4669/10439 2596/4670/10440 2597/4671/10441 2598/4672/10442 
f 2599/4673/10443 2600/4674/10444 2601/4675/10445 2602/4676/10446 
f 2603/4677/10447 2604/4678/10448 2605/4679/10449 2606/4680/10450 
f 2607/4681/10451 2608/4682/10452 2609/4683/10453 2610/4684/10454 
f 2611/4685/10455 2612/4686/10456 2613/4687/10457 2614/4688/10458 
f 2615/4689/10459 2616/4690/10460 2614/4688/10461 2613/4687/10462 
f 2608/4682/10463 2607/4681/10464 2617/4691/10465 2618/4692/10466 
f 2606/4680/10467 2605/4679/10468 2619/4693/10469 2620/4694/10470 
f 2621/4695/10471 2622/4696/10472 2612/4686/10473 2611/4685/10474 
f 2604/4678/10475 2603/4677/10476 2623/4697/10477 2624/4698/10478 
f 2625/4699/10479 2626/4700/10480 2616/4690/10481 2615/4689/10482 
f 2610/4684/10483 2609/4683/10484 2627/4701/10485 2628/4702/10486 
f 2629/4703/10487 2630/4704/10488 2597/4671/10489 2596/4670/10490 
f 2631/4705/10491 2632/4706/10492 2599/4673/10493 2602/4676/10494 
f 2618/4692/10495 2617/4691/10496 2633/4707/10497 2634/4708/10498 
f 2635/4709/10499 2636/4710/10500 2622/4696/10501 2621/4695/10502 
f 2620/4694/10503 2619/4693/10504 2637/4711/10505 2638/4712/10506 
f 2639/4713/10507 2640/4714/10508 2626/4700/10509 2625/4699/10510 
f 2634/4708/10511 2633/4707/10512 2641/4715/10513 2642/4716/10514 
f 2643/4717/10515 2644/4718/10516 2636/4710/10517 2635/4709/10518 
f 2624/4698/10519 2623/4697/10520 2645/4719/10521 2646/4720/10522 
f 2642/4716/10523 2641/4715/10524 2644/4718/10525 2643/4717/10526 
f 2647/4721/10527 2648/4722/10528 2640/4714/10529 2639/4713/10530 
f 2638/4712/10531 2637/4711/10532 2649/4723/10533 2650/4724/10534 
f 2628/4702/10535 2627/4701/10536 2651/4725/10537 2652/4726/10538 
f 2650/4724/10539 2649/4723/10540 2648/4722/10541 2647/4721/10542 
f 2653/4727/10543 2654/4728/10544 2630/4704/10545 2629/4703/10546 
f 2646/4720/10547 2645/4719/10548 2655/4729/10549 2656/4730/10550 
f 2657/4731/10551 2658/4732/10552 2632/4706/10553 2631/4705/10554 
f 2652/4726/10555 2651/4725/10556 2659/4733/10557 2660/4734/10558 
f 2656/4730/10559 2655/4729/10560 2654/4728/10561 2653/4727/10562 
f 2660/4734/10563 2659/4733/10564 2658/4732/10565 2657/4731/10566 
f 2661/4735/10567 2662/4736/10568 2663/4737/10569 2664/4738/10570 
f 2665/4739/10571 2666/4740/10572 2667/4741/10573 2668/4742/10574 
f 2669/4743/10575 2670/4744/10576 2671/4745/10577 2672/4746/10578 
f 2673/4747/10579 2674/4748/10580 2675/4749/10581 2676/4750/10582 
f 2677/4751/10583 2678/4752/10584 2679/4753/10585 2680/4754/10586 
f 2678/4752/10587 2677/4751/10588 2681/4755/10589 2682/4756/10590 
f 2683/4757/10591 2684/4758/10592 2676/4750/10593 2675/4749/10594 
f 2685/4759/10595 2686/4760/10596 2672/4746/10597 2671/4745/10598 
f 2682/4756/10599 2681/4755/10600 2687/4761/10601 2688/4762/10602 
f 2680/4754/10603 2679/4753/10604 2689/4763/10605 2690/4764/10606 
f 2691/4765/10607 2692/4766/10608 2670/4744/10609 2669/4743/10610 
f 2693/4767/10611 2694/4768/10612 2674/4748/10613 2673/4747/10614 
f 2695/4769/10615 2696/4770/10616 2665/4739/10617 2668/4742/10618 
f 2662/4736/10619 2661/4735/10620 2697/4771/10621 2698/4772/10622 
f 2699/4773/10623 2700/4774/10624 2684/4758/10625 2683/4757/10626 
f 2701/4775/10627 2702/4776/10628 2686/4760/10629 2685/4759/10630 
f 2688/4762/10631 2687/4761/10632 2703/4777/10633 2704/4778/10634 
f 2690/4764/10635 2689/4763/10636 2705/4779/10637 2706/4780/10638 
f 2707/4781/10639 2708/4782/10640 2702/4776/10641 2701/4775/10642 
f 2709/4783/10643 2710/4784/10644 2700/4774/10645 2699/4773/10646 
f 2704/4778/10647 2703/4777/10648 2711/4785/10649 2712/4786/10650 
f 2706/4780/10651 2705/4779/10652 2713/4787/10653 2714/4788/10654 
f 2714/4788/10655 2713/4787/10656 2708/4782/10657 2707/4781/10658 
f 2712/4786/10659 2711/4785/10660 2710/4784/10661 2709/4783/10662 
f 2715/4789/10663 2716/4790/10664 2694/4768/10665 2693/4767/10666 
f 2717/4791/10667 2718/4792/10668 2692/4766/10669 2691/4765/10670 
f 2698/4772/10671 2697/4771/10672 2719/4793/10673 2720/4794/10674 
f 2696/4770/10675 2695/4769/10676 2721/4795/10677 2722/4796/10678 
f 2723/4797/10679 2724/4798/10680 2718/4792/10681 2717/4791/10682 
f 2725/4799/10683 2726/4800/10684 2716/4790/10685 2715/4789/10686 
f 2722/4796/10687 2721/4795/10688 2724/4798/10689 2723/4797/10690 
f 2720/4794/10691 2719/4793/10692 2726/4800/10693 2725/4799/10694 
f 2727/4801/10695 2728/4802/10696 2729/4803/10697 2730/4804/10698 
f 2731/4805/10699 2732/4806/10700 2733/4807/10701 2734/4808/10702 
f 2735/4809/10703 2736/4810/10704 2737/4811/10705 2738/4812/10706 
f 2739/4813/10707 2740/4814/10708 2741/4815/10709 2742/4816/10710 
f 2743/4817/10711 2744/4818/10712 2745/4819/10713 2746/4820/10714 
f 2744/4818/10715 2743/4817/10716 2747/4821/10717 2748/4822/10718 
f 2749/4823/10719 2750/4824/10720 2742/4816/10721 2741/4815/10722 
f 2751/4825/10723 2752/4826/10724 2736/4810/10725 2735/4809/10726 
f 2746/4820/10727 2745/4819/10728 2753/4827/10729 2754/4828/10730 
f 2755/4829/10731 2756/4830/10732 2738/4812/10733 2737/4811/10734 
f 2748/4822/10735 2747/4821/10736 2757/4831/10737 2758/4832/10738 
f 2759/4833/10739 2760/4834/10740 2740/4814/10741 2739/4813/10742 
f 2728/4802/10743 2727/4801/10744 2761/4835/10745 2762/4836/10746 
f 2732/4806/10747 2731/4805/10748 2763/4837/10749 2764/4838/10750 
f 2765/4839/10751 2766/4840/10752 2750/4824/10753 2749/4823/10754 
f 2754/4828/10755 2753/4827/10756 2767/4841/10757 2768/4842/10758 
f 2769/4843/10759 2770/4844/10760 2752/4826/10761 2751/4825/10762 
f 2758/4832/10763 2757/4831/10764 2771/4845/10765 2772/4846/10766 
f 2773/4847/10767 2774/4848/10768 2766/4840/10769 2765/4839/10770 
f 2768/4842/10771 2767/4841/10772 2775/4849/10773 2776/4850/10774 
f 2777/4851/10775 2778/4852/10776 2756/4830/10777 2755/4829/10778 
f 2772/4846/10779 2771/4845/10780 2779/4853/10781 2780/4854/10782 
f 2776/4850/10783 2775/4849/10784 2774/4848/10785 2773/4847/10786 
f 2781/4855/10787 2782/4856/10788 2770/4844/10789 2769/4843/10790 
f 2783/4857/10791 2784/4858/10792 2760/4834/10793 2759/4833/10794 
f 2780/4854/10795 2779/4853/10796 2782/4856/10797 2781/4855/10798 
f 2762/4836/10799 2761/4835/10800 2785/4859/10801 2786/4860/10802 
f 2764/4838/10803 2763/4837/10804 2787/4861/10805 2788/4862/10806 
f 2789/4863/10807 2790/4864/10808 2778/4852/10809 2777/4851/10810 
f 2791/4865/10811 2792/4866/10812 2784/4858/10813 2783/4857/10814 
f 2786/4860/10815 2785/4859/10816 2790/4864/10817 2789/4863/10818 
f 2788/4862/10819 2787/4861/10820 2792/4866/10821 2791/4865/10822 
