# Vectary OBJ Export units=mm
mtllib Home.mtl
o 000_3D_Text_-_H
g 3D_Text_-_H
usemtl Emerald Dream
v -24.554 124.277 0.000
v -22.894 124.277 0.000
v -22.894 118.203 0.000
v -24.554 110.000 0.000
v -22.894 116.719 0.000
v -22.894 110.000 0.000
v -15.375 110.000 0.000
v -15.375 116.719 0.000
v -13.714 110.000 0.000
v -15.375 124.277 0.000
v -13.714 124.277 0.000
v -15.375 118.203 0.000
v -22.894 118.203 6.000
v -22.894 124.277 6.000
v -24.554 124.277 6.000
v -22.894 110.000 6.000
v -22.894 116.719 6.000
v -24.554 110.000 6.000
v -13.714 110.000 6.000
v -15.375 116.719 6.000
v -15.375 110.000 6.000
v -15.375 118.203 6.000
v -13.714 124.277 6.000
v -15.375 124.277 6.000
vt 0.77100 0.85693
vt 0.68798 0.85693
vt 0.68798 0.55323
vt 0.77100 0.14307
vt 0.68798 0.47901
vt 0.68798 0.14307
vt 0.31202 0.14307
vt 0.31202 0.47901
vt 0.22900 0.14307
vt 0.31202 0.85693
vt 0.22900 0.85693
vt 0.31202 0.55323
vt 0.31202 0.55323
vt 0.31202 0.85693
vt 0.22900 0.85693
vt 0.31202 0.14307
vt 0.31202 0.47901
vt 0.22900 0.14307
vt 0.77100 0.14307
vt 0.68798 0.47901
vt 0.68798 0.14307
vt 0.68798 0.55323
vt 0.77100 0.85693
vt 0.68798 0.85693
vt 0.65000 0.55323
vt 0.65000 0.85693
vt 0.35000 0.85693
vt 0.35000 0.55323
vt 0.35000 0.31202
vt 0.35000 0.22900
vt 0.65000 0.22900
vt 0.65000 0.31202
vt 0.65000 0.14307
vt 0.65000 0.47901
vt 0.35000 0.47901
vt 0.35000 0.14307
vt 0.35000 0.77100
vt 0.35000 0.68798
vt 0.65000 0.68798
vt 0.65000 0.77100
vt 0.35000 0.47901
vt 0.35000 0.14307
vt 0.65000 0.14307
vt 0.65000 0.47901
vt 0.35000 0.31202
vt 0.35000 0.22900
vt 0.65000 0.22900
vt 0.65000 0.31202
vt 0.35000 0.77100
vt 0.35000 0.68798
vt 0.65000 0.68798
vt 0.65000 0.77100
vt 0.35000 0.85693
vt 0.35000 0.55323
vt 0.65000 0.55323
vt 0.65000 0.85693
vt 0.35000 0.68798
vt 0.35000 0.31202
vt 0.65000 0.31202
vt 0.65000 0.68798
vt 0.35000 0.68798
vt 0.35000 0.31202
vt 0.65000 0.31202
vt 0.65000 0.68798
vt 0.35000 0.85693
vt 0.35000 0.14307
vt 0.65000 0.14307
vt 0.65000 0.85693
vt 0.65000 0.14307
vt 0.65000 0.85693
vt 0.35000 0.85693
vt 0.35000 0.14307
vn 0.00000 0.00000 -1.00000
vn 0.00000 0.00000 -1.00000
vn 0.00000 0.00000 -1.00000
vn 0.00000 0.00000 -1.00000
vn 0.00000 0.00000 -1.00000
vn 0.00000 0.00000 -1.00000
vn 0.00000 0.00000 -1.00000
vn 0.00000 0.00000 -1.00000
vn 0.00000 0.00000 -1.00000
vn 0.00000 0.00000 -1.00000
vn 0.00000 0.00000 -1.00000
vn 0.00000 0.00000 -1.00000
vn 0.00000 0.00000 -1.00000
vn 0.00000 0.00000 -1.00000
vn 0.00000 0.00000 -1.00000
vn 0.00000 0.00000 -1.00000
vn -0.00000 0.00000 -1.00000
vn -0.00000 0.00000 -1.00000
vn -0.00000 0.00000 -1.00000
vn -0.00000 0.00000 -1.00000
vn 0.00000 0.00000 -1.00000
vn 0.00000 0.00000 -1.00000
vn 0.00000 0.00000 -1.00000
vn 0.00000 0.00000 -1.00000
vn 0.00000 -0.00000 1.00000
vn 0.00000 -0.00000 1.00000
vn 0.00000 -0.00000 1.00000
vn 0.00000 -0.00000 1.00000
vn 0.00000 -0.00000 1.00000
vn 0.00000 -0.00000 1.00000
vn 0.00000 -0.00000 1.00000
vn 0.00000 -0.00000 1.00000
vn 0.00000 -0.00000 1.00000
vn 0.00000 -0.00000 1.00000
vn 0.00000 -0.00000 1.00000
vn 0.00000 -0.00000 1.00000
vn 0.00000 -0.00000 1.00000
vn 0.00000 -0.00000 1.00000
vn 0.00000 -0.00000 1.00000
vn 0.00000 -0.00000 1.00000
vn 0.00000 -0.00000 1.00000
vn 0.00000 -0.00000 1.00000
vn 0.00000 -0.00000 1.00000
vn 0.00000 -0.00000 1.00000
vn 0.00000 -0.00000 1.00000
vn 0.00000 -0.00000 1.00000
vn 0.00000 -0.00000 1.00000
vn 0.00000 -0.00000 1.00000
vn 1.00000 0.00000 0.00000
vn 1.00000 0.00000 0.00000
vn 1.00000 0.00000 0.00000
vn 1.00000 0.00000 0.00000
vn 0.00000 1.00000 0.00000
vn 0.00000 1.00000 0.00000
vn 0.00000 1.00000 0.00000
vn 0.00000 1.00000 0.00000
vn 1.00000 0.00000 0.00000
vn 1.00000 0.00000 0.00000
vn 1.00000 0.00000 0.00000
vn 1.00000 0.00000 0.00000
vn 0.00000 -1.00000 -0.00000
vn 0.00000 -1.00000 -0.00000
vn 0.00000 -1.00000 -0.00000
vn 0.00000 -1.00000 -0.00000
vn -1.00000 0.00000 0.00000
vn -1.00000 0.00000 0.00000
vn -1.00000 0.00000 0.00000
vn -1.00000 0.00000 0.00000
vn 0.00000 -1.00000 -0.00000
vn 0.00000 -1.00000 -0.00000
vn 0.00000 -1.00000 -0.00000
vn 0.00000 -1.00000 -0.00000
vn 0.00000 1.00000 0.00000
vn 0.00000 1.00000 0.00000
vn 0.00000 1.00000 0.00000
vn 0.00000 1.00000 0.00000
vn -1.00000 0.00000 0.00000
vn -1.00000 0.00000 0.00000
vn -1.00000 0.00000 0.00000
vn -1.00000 0.00000 0.00000
vn 0.00000 -1.00000 -0.00000
vn 0.00000 -1.00000 -0.00000
vn 0.00000 -1.00000 -0.00000
vn 0.00000 -1.00000 -0.00000
vn 0.00000 1.00000 0.00000
vn 0.00000 1.00000 0.00000
vn 0.00000 1.00000 0.00000
vn 0.00000 1.00000 0.00000
vn -1.00000 0.00000 0.00000
vn -1.00000 0.00000 0.00000
vn -1.00000 0.00000 0.00000
vn -1.00000 0.00000 0.00000
vn 1.00000 0.00000 0.00000
vn 1.00000 0.00000 0.00000
vn 1.00000 0.00000 0.00000
vn 1.00000 0.00000 0.00000
f 1/1/1 2/2/2 3/3/3 
f 4/4/4 5/5/5 6/6/6 
f 7/7/7 8/8/8 9/9/9 
f 10/10/10 11/11/11 12/12/12 
f 12/12/13 8/8/14 5/5/15 3/3/16 
f 4/4/17 1/1/18 3/3/19 5/5/20 
f 11/11/21 9/9/22 8/8/23 12/12/24 
f 13/13/25 14/14/26 15/15/27 
f 16/16/28 17/17/29 18/18/30 
f 19/19/31 20/20/32 21/21/33 
f 22/22/34 23/23/35 24/24/36 
f 13/13/37 17/17/38 20/20/39 22/22/40 
f 17/17/41 13/13/42 15/15/43 18/18/44 
f 22/22/45 20/20/46 19/19/47 23/23/48 
f 3/25/49 2/26/50 14/27/51 13/28/52 
f 2/29/53 1/30/54 15/31/55 14/32/56 
f 6/33/57 5/34/58 17/35/59 16/36/60 
f 4/37/61 6/38/62 16/39/63 18/40/64 
f 8/41/65 7/42/66 21/43/67 20/44/68 
f 7/45/69 9/46/70 19/47/71 21/48/72 
f 11/49/73 10/50/74 24/51/75 23/52/76 
f 10/53/77 12/54/78 22/55/79 24/56/80 
f 5/57/81 8/58/82 20/59/83 17/60/84 
f 12/61/85 3/62/86 13/63/87 22/64/88 
f 1/65/89 4/66/90 18/67/91 15/68/92 
f 9/69/93 11/70/94 23/71/95 19/72/96 
o 001_3D_Text_-_o
g 3D_Text_-_o
usemtl Emerald Dream 1
v -12.017 114.079 0.000
v -12.089 114.703 0.000
v -10.401 114.580 0.000
v -11.726 112.933 0.000
v -10.139 113.252 0.000
v -11.508 112.412 0.000
v -10.943 111.498 0.000
v -9.613 112.236 0.000
v -10.599 111.111 0.000
v -9.789 110.478 0.000
v -8.834 111.549 0.000
v -9.331 110.236 0.000
v -8.338 109.913 0.000
v -7.807 111.205 0.000
v -7.802 109.832 0.000
v -7.221 119.522 0.000
v -7.826 119.480 0.000
v -8.061 120.840 0.000
v -7.172 120.898 0.000
v -6.351 109.864 0.000
v -7.241 109.805 0.000
v -7.201 111.162 0.000
v -6.595 111.205 0.000
v -2.332 116.339 0.000
v -2.279 115.361 0.000
v -3.959 115.361 0.000
v -3.992 116.138 0.000
v -10.401 116.148 0.000
v -10.434 115.361 0.000
v -12.113 115.361 0.000
v -12.061 116.362 0.000
v -3.992 114.577 0.000
v -2.332 114.360 0.000
v -8.352 111.334 0.000
v -8.847 110.047 0.000
v -4.257 117.457 0.000
v -4.488 117.999 0.000
v -3.127 118.764 0.000
v -2.756 118.040 0.000
v -2.491 117.232 0.000
v -4.092 116.837 0.000
v -9.623 118.476 0.000
v -9.915 118.017 0.000
v -11.276 118.808 0.000
v -10.805 119.438 0.000
v -3.123 111.908 0.000
v -3.598 111.274 0.000
v -4.785 112.232 0.000
v -4.488 112.699 0.000
v -4.257 113.246 0.000
v -2.754 112.634 0.000
v -9.255 111.850 0.000
v -10.214 110.771 0.000
v -10.142 117.476 0.000
v -11.642 118.085 0.000
v -4.785 118.462 0.000
v -3.603 119.404 0.000
v -4.092 113.871 0.000
v -2.490 113.451 0.000
v -10.304 116.853 0.000
v -11.904 117.270 0.000
v -5.146 118.843 0.000
v -4.169 119.942 0.000
v -10.241 119.964 0.000
v -9.268 118.853 0.000
v -8.869 120.665 0.000
v -8.369 119.354 0.000
v -4.165 110.745 0.000
v -5.145 111.847 0.000
v -6.608 119.479 0.000
v -6.311 120.839 0.000
v -5.571 119.140 0.000
v -4.809 120.361 0.000
v -11.246 111.932 0.000
v -9.909 112.705 0.000
v -10.303 113.877 0.000
v -11.896 113.489 0.000
v -5.542 110.040 0.000
v -6.051 111.333 0.000
v -9.596 120.373 0.000
v -8.850 119.145 0.000
v -6.058 119.352 0.000
v -5.523 120.659 0.000
v -4.814 110.334 0.000
v -5.567 111.547 0.000
v -10.401 114.580 6.000
v -12.089 114.703 6.000
v -12.017 114.079 6.000
v -11.508 112.412 6.000
v -10.139 113.252 6.000
v -11.726 112.933 6.000
v -10.599 111.111 6.000
v -9.613 112.236 6.000
v -10.943 111.498 6.000
v -9.331 110.236 6.000
v -8.834 111.549 6.000
v -9.789 110.478 6.000
v -7.802 109.832 6.000
v -7.807 111.205 6.000
v -8.338 109.913 6.000
v -7.172 120.898 6.000
v -8.061 120.840 6.000
v -7.826 119.480 6.000
v -7.221 119.522 6.000
v -6.595 111.205 6.000
v -7.201 111.162 6.000
v -7.241 109.805 6.000
v -6.351 109.864 6.000
v -3.992 116.138 6.000
v -3.959 115.361 6.000
v -2.279 115.361 6.000
v -2.332 116.339 6.000
v -12.061 116.362 6.000
v -12.113 115.361 6.000
v -10.434 115.361 6.000
v -10.401 116.148 6.000
v -2.332 114.360 6.000
v -3.992 114.577 6.000
v -8.847 110.047 6.000
v -8.352 111.334 6.000
v -2.756 118.040 6.000
v -3.127 118.764 6.000
v -4.488 117.999 6.000
v -4.257 117.457 6.000
v -4.092 116.837 6.000
v -2.491 117.232 6.000
v -10.805 119.438 6.000
v -11.276 118.808 6.000
v -9.915 118.017 6.000
v -9.623 118.476 6.000
v -4.488 112.699 6.000
v -4.785 112.232 6.000
v -3.598 111.274 6.000
v -3.123 111.908 6.000
v -2.754 112.634 6.000
v -4.257 113.246 6.000
v -10.214 110.771 6.000
v -9.255 111.850 6.000
v -11.642 118.085 6.000
v -10.142 117.476 6.000
v -3.603 119.404 6.000
v -4.785 118.462 6.000
v -2.490 113.451 6.000
v -4.092 113.871 6.000
v -11.904 117.270 6.000
v -10.304 116.853 6.000
v -4.169 119.942 6.000
v -5.146 118.843 6.000
v -9.268 118.853 6.000
v -10.241 119.964 6.000
v -8.369 119.354 6.000
v -8.869 120.665 6.000
v -5.145 111.847 6.000
v -4.165 110.745 6.000
v -6.311 120.839 6.000
v -6.608 119.479 6.000
v -4.809 120.361 6.000
v -5.571 119.140 6.000
v -9.909 112.705 6.000
v -11.246 111.932 6.000
v -11.896 113.489 6.000
v -10.303 113.877 6.000
v -6.051 111.333 6.000
v -5.542 110.040 6.000
v -8.850 119.145 6.000
v -9.596 120.373 6.000
v -5.523 120.659 6.000
v -6.058 119.352 6.000
v -5.567 111.547 6.000
v -4.814 110.334 6.000
vt 0.74101 0.43635
vt 0.74464 0.46755
vt 0.66023 0.46142
vt 0.72648 0.37908
vt 0.64710 0.39501
vt 0.71559 0.35302
vt 0.68731 0.30732
vt 0.62085 0.34424
vt 0.67012 0.28798
vt 0.62965 0.25634
vt 0.58187 0.30986
vt 0.60674 0.24422
vt 0.55705 0.22805
vt 0.53055 0.29267
vt 0.53028 0.22401
vt 0.50123 0.70850
vt 0.53150 0.70641
vt 0.54324 0.77442
vt 0.49879 0.77734
vt 0.45773 0.22560
vt 0.50221 0.22266
vt 0.50025 0.29052
vt 0.46995 0.29266
vt 0.25680 0.54935
vt 0.25415 0.50048
vt 0.33815 0.50048
vt 0.33980 0.53934
vt 0.66025 0.53984
vt 0.66187 0.50048
vt 0.74585 0.50048
vt 0.74323 0.55051
vt 0.33980 0.46125
vt 0.25679 0.45043
vt 0.55775 0.29912
vt 0.58254 0.23478
vt 0.35300 0.60528
vt 0.36456 0.63236
vt 0.29651 0.67064
vt 0.27797 0.63443
vt 0.26474 0.59400
vt 0.34475 0.57428
vt 0.62135 0.65624
vt 0.63594 0.63329
vt 0.70398 0.67283
vt 0.68043 0.70434
vt 0.29634 0.32783
vt 0.32007 0.29614
vt 0.37941 0.34400
vt 0.36456 0.36737
vt 0.35300 0.39470
vt 0.27788 0.36410
vt 0.60291 0.32490
vt 0.65090 0.27099
vt 0.64728 0.60624
vt 0.72230 0.63668
vt 0.37941 0.65552
vt 0.32033 0.70264
vt 0.34475 0.42599
vt 0.26470 0.40497
vt 0.65539 0.57509
vt 0.73538 0.59591
vt 0.39749 0.67459
vt 0.34864 0.72953
vt 0.65222 0.73062
vt 0.60357 0.67505
vt 0.58363 0.76566
vt 0.55865 0.70014
vt 0.34845 0.26969
vt 0.39745 0.32475
vt 0.47058 0.70638
vt 0.45572 0.77435
vt 0.41871 0.68943
vt 0.38064 0.75045
vt 0.70246 0.32900
vt 0.63562 0.36767
vt 0.65531 0.42626
vt 0.73496 0.40685
vt 0.41728 0.23442
vt 0.44272 0.29908
vt 0.61996 0.75106
vt 0.58267 0.68969
vt 0.44307 0.70002
vt 0.41633 0.76539
vt 0.38085 0.24911
vt 0.41855 0.30977
vt 0.33977 0.46142
vt 0.25536 0.46755
vt 0.25899 0.43635
vt 0.28441 0.35302
vt 0.35290 0.39501
vt 0.27352 0.37908
vt 0.32988 0.28798
vt 0.37915 0.34424
vt 0.31269 0.30732
vt 0.39326 0.24422
vt 0.41813 0.30986
vt 0.37035 0.25634
vt 0.46972 0.22401
vt 0.46945 0.29267
vt 0.44295 0.22805
vt 0.50121 0.77734
vt 0.45676 0.77442
vt 0.46850 0.70641
vt 0.49877 0.70850
vt 0.53005 0.29266
vt 0.49975 0.29052
vt 0.49779 0.22266
vt 0.54227 0.22560
vt 0.66020 0.53934
vt 0.66185 0.50048
vt 0.74585 0.50048
vt 0.74320 0.54935
vt 0.25677 0.55051
vt 0.25415 0.50048
vt 0.33813 0.50048
vt 0.33975 0.53984
vt 0.74321 0.45043
vt 0.66020 0.46125
vt 0.41746 0.23478
vt 0.44225 0.29912
vt 0.72203 0.63443
vt 0.70349 0.67064
vt 0.63544 0.63236
vt 0.64700 0.60528
vt 0.65525 0.57428
vt 0.73526 0.59400
vt 0.31957 0.70434
vt 0.29602 0.67283
vt 0.36406 0.63329
vt 0.37865 0.65624
vt 0.63544 0.36737
vt 0.62059 0.34400
vt 0.67993 0.29614
vt 0.70366 0.32783
vt 0.72212 0.36410
vt 0.64700 0.39470
vt 0.34910 0.27099
vt 0.39709 0.32490
vt 0.27770 0.63668
vt 0.35272 0.60624
vt 0.67967 0.70264
vt 0.62059 0.65552
vt 0.73530 0.40497
vt 0.65525 0.42599
vt 0.26462 0.59591
vt 0.34461 0.57509
vt 0.65136 0.72953
vt 0.60251 0.67459
vt 0.39643 0.67505
vt 0.34778 0.73062
vt 0.44135 0.70014
vt 0.41637 0.76566
vt 0.60255 0.32475
vt 0.65155 0.26969
vt 0.54428 0.77435
vt 0.52942 0.70638
vt 0.61936 0.75045
vt 0.58129 0.68943
vt 0.36438 0.36767
vt 0.29754 0.32900
vt 0.26504 0.40685
vt 0.34469 0.42626
vt 0.55728 0.29908
vt 0.58272 0.23442
vt 0.41733 0.68969
vt 0.38004 0.75106
vt 0.58367 0.76539
vt 0.55693 0.70002
vt 0.58145 0.30977
vt 0.61915 0.24911
vt 0.35000 0.46755
vt 0.35000 0.43635
vt 0.65000 0.43635
vt 0.65000 0.46755
vt 0.35000 0.37908
vt 0.35000 0.35302
vt 0.65000 0.35302
vt 0.65000 0.37908
vt 0.35000 0.30732
vt 0.35000 0.28798
vt 0.65000 0.28798
vt 0.65000 0.30732
vt 0.35000 0.62965
vt 0.35000 0.60674
vt 0.65000 0.60674
vt 0.65000 0.62965
vt 0.35000 0.55705
vt 0.35000 0.53028
vt 0.65000 0.53028
vt 0.65000 0.55705
vt 0.35000 0.50121
vt 0.35000 0.45676
vt 0.65000 0.45676
vt 0.65000 0.50121
vt 0.35000 0.53150
vt 0.35000 0.50123
vt 0.65000 0.50123
vt 0.65000 0.53150
vt 0.35000 0.53005
vt 0.35000 0.49975
vt 0.65000 0.49975
vt 0.65000 0.53005
vt 0.35000 0.50221
vt 0.35000 0.45773
vt 0.65000 0.45773
vt 0.65000 0.50221
vt 0.35000 0.53934
vt 0.35000 0.50048
vt 0.65000 0.50048
vt 0.65000 0.53934
vt 0.65000 0.50048
vt 0.65000 0.54935
vt 0.35000 0.54935
vt 0.35000 0.50048
vt 0.35000 0.55051
vt 0.35000 0.50048
vt 0.65000 0.50048
vt 0.65000 0.55051
vt 0.65000 0.50048
vt 0.65000 0.53984
vt 0.35000 0.53984
vt 0.35000 0.50048
vt 0.65000 0.45043
vt 0.35000 0.45043
vt 0.35000 0.46125
vt 0.65000 0.46125
vt 0.35000 0.58254
vt 0.65000 0.58254
vt 0.35000 0.44225
vt 0.35000 0.41813
vt 0.65000 0.41813
vt 0.65000 0.44225
vt 0.65000 0.63443
vt 0.65000 0.67064
vt 0.35000 0.67064
vt 0.35000 0.63443
vt 0.35000 0.63236
vt 0.35000 0.60528
vt 0.65000 0.60528
vt 0.65000 0.63236
vt 0.35000 0.57428
vt 0.65000 0.57428
vt 0.65000 0.59400
vt 0.35000 0.59400
vt 0.35000 0.70434
vt 0.35000 0.67283
vt 0.65000 0.67283
vt 0.65000 0.70434
vt 0.65000 0.63329
vt 0.65000 0.65624
vt 0.35000 0.65624
vt 0.35000 0.63329
vt 0.35000 0.36737
vt 0.35000 0.34400
vt 0.65000 0.34400
vt 0.65000 0.36737
vt 0.65000 0.29614
vt 0.65000 0.32783
vt 0.35000 0.32783
vt 0.35000 0.29614
vt 0.65000 0.36410
vt 0.35000 0.36410
vt 0.35000 0.39470
vt 0.65000 0.39470
vt 0.35000 0.67012
vt 0.35000 0.65090
vt 0.65000 0.65090
vt 0.65000 0.67012
vt 0.65000 0.32490
vt 0.65000 0.34424
vt 0.35000 0.34424
vt 0.35000 0.32490
vt 0.35000 0.63668
vt 0.65000 0.63668
vt 0.65000 0.60624
vt 0.35000 0.60624
vt 0.65000 0.70264
vt 0.35000 0.70264
vt 0.35000 0.65552
vt 0.65000 0.65552
vt 0.65000 0.40497
vt 0.35000 0.40497
vt 0.35000 0.42599
vt 0.65000 0.42599
vt 0.35000 0.59591
vt 0.65000 0.59591
vt 0.65000 0.57509
vt 0.35000 0.57509
vt 0.35000 0.67967
vt 0.35000 0.65136
vt 0.65000 0.65136
vt 0.65000 0.67967
vt 0.35000 0.67459
vt 0.65000 0.67459
vt 0.35000 0.46945
vt 0.65000 0.46945
vt 0.65000 0.67505
vt 0.35000 0.67505
vt 0.35000 0.34778
vt 0.35000 0.31957
vt 0.65000 0.31957
vt 0.65000 0.34778
vt 0.35000 0.55865
vt 0.65000 0.55865
vt 0.35000 0.41637
vt 0.65000 0.41637
vt 0.35000 0.32475
vt 0.65000 0.32475
vt 0.35000 0.34845
vt 0.35000 0.32007
vt 0.65000 0.32007
vt 0.65000 0.34845
vt 0.35000 0.54428
vt 0.65000 0.54428
vt 0.35000 0.47058
vt 0.65000 0.47058
vt 0.35000 0.61936
vt 0.65000 0.61936
vt 0.35000 0.41871
vt 0.35000 0.39749
vt 0.65000 0.39749
vt 0.65000 0.41871
vt 0.35000 0.32900
vt 0.65000 0.32900
vt 0.65000 0.36767
vt 0.35000 0.36767
vt 0.35000 0.40685
vt 0.65000 0.40685
vt 0.65000 0.39501
vt 0.65000 0.42626
vt 0.35000 0.42626
vt 0.35000 0.39501
vt 0.35000 0.55728
vt 0.65000 0.55728
vt 0.35000 0.41728
vt 0.65000 0.41728
vt 0.35000 0.60357
vt 0.35000 0.58267
vt 0.65000 0.58267
vt 0.65000 0.60357
vt 0.35000 0.38004
vt 0.65000 0.38004
vt 0.65000 0.46142
vt 0.35000 0.46142
vt 0.35000 0.58367
vt 0.65000 0.58367
vt 0.35000 0.44307
vt 0.65000 0.44307
vt 0.35000 0.60255
vt 0.35000 0.58145
vt 0.65000 0.58145
vt 0.65000 0.60255
vt 0.35000 0.38085
vt 0.65000 0.38085
vt 0.35000 0.39709
vt 0.65000 0.39709
vn -0.00000 0.00000 -1.00000
vn -0.00000 0.00000 -1.00000
vn -0.00000 0.00000 -1.00000
vn 0.00000 0.00000 -1.00000
vn 0.00000 0.00000 -1.00000
vn 0.00000 0.00000 -1.00000
vn -0.00000 0.00000 -1.00000
vn -0.00000 0.00000 -1.00000
vn -0.00000 0.00000 -1.00000
vn 0.00000 0.00000 -1.00000
vn 0.00000 0.00000 -1.00000
vn 0.00000 0.00000 -1.00000
vn 0.00000 0.00000 -1.00000
vn 0.00000 0.00000 -1.00000
vn 0.00000 0.00000 -1.00000
vn 0.00000 0.00000 -1.00000
vn -0.00000 0.00000 -1.00000
vn 0.00000 0.00000 -1.00000
vn 0.00000 0.00000 -1.00000
vn 0.00000 0.00000 -1.00000
vn -0.00000 0.00000 -1.00000
vn 0.00000 0.00000 -1.00000
vn 0.00000 0.00000 -1.00000
vn -0.00000 0.00000 -1.00000
vn 0.00000 0.00000 -1.00000
vn -0.00000 0.00000 -1.00000
vn -0.00000 0.00000 -1.00000
vn -0.00000 0.00000 -1.00000
vn 0.00000 0.00000 -1.00000
vn -0.00000 0.00000 -1.00000
vn -0.00000 0.00000 -1.00000
vn -0.00000 0.00000 -1.00000
vn 0.00000 0.00000 -1.00000
vn -0.00000 0.00000 -1.00000
vn -0.00000 0.00000 -1.00000
vn -0.00000 0.00000 -1.00000
vn 0.00000 0.00000 -1.00000
vn -0.00000 0.00000 -1.00000
vn -0.00000 0.00000 -1.00000
vn 0.00000 0.00000 -1.00000
vn 0.00000 0.00000 -1.00000
vn 0.00000 0.00000 -1.00000
vn 0.00000 0.00000 -1.00000
vn 0.00000 0.00000 -1.00000
vn -0.00000 0.00000 -1.00000
vn 0.00000 0.00000 -1.00000
vn 0.00000 0.00000 -1.00000
vn 0.00000 0.00000 -1.00000
vn -0.00000 0.00000 -1.00000
vn 0.00000 0.00000 -1.00000
vn 0.00000 0.00000 -1.00000
vn -0.00000 0.00000 -1.00000
vn -0.00000 0.00000 -1.00000
vn -0.00000 0.00000 -1.00000
vn -0.00000 0.00000 -1.00000
vn -0.00000 0.00000 -1.00000
vn -0.00000 0.00000 -1.00000
vn -0.00000 0.00000 -1.00000
vn -0.00000 0.00000 -1.00000
vn -0.00000 0.00000 -1.00000
vn -0.00000 0.00000 -1.00000
vn -0.00000 0.00000 -1.00000
vn -0.00000 0.00000 -1.00000
vn -0.00000 0.00000 -1.00000
vn 0.00000 0.00000 -1.00000
vn -0.00000 0.00000 -1.00000
vn -0.00000 0.00000 -1.00000
vn 0.00000 0.00000 -1.00000
vn 0.00000 0.00000 -1.00000
vn 0.00000 0.00000 -1.00000
vn 0.00000 0.00000 -1.00000
vn -0.00000 0.00000 -1.00000
vn 0.00000 0.00000 -1.00000
vn -0.00000 0.00000 -1.00000
vn -0.00000 0.00000 -1.00000
vn -0.00000 0.00000 -1.00000
vn -0.00000 0.00000 -1.00000
vn -0.00000 0.00000 -1.00000
vn -0.00000 0.00000 -1.00000
vn -0.00000 0.00000 -1.00000
vn -0.00000 0.00000 -1.00000
vn -0.00000 0.00000 -1.00000
vn -0.00000 0.00000 -1.00000
vn 0.00000 0.00000 -1.00000
vn 0.00000 0.00000 -1.00000
vn 0.00000 0.00000 -1.00000
vn 0.00000 0.00000 -1.00000
vn -0.00000 0.00000 -1.00000
vn 0.00000 0.00000 -1.00000
vn -0.00000 0.00000 -1.00000
vn -0.00000 0.00000 -1.00000
vn -0.00000 0.00000 -1.00000
vn -0.00000 0.00000 -1.00000
vn -0.00000 0.00000 -1.00000
vn -0.00000 0.00000 -1.00000
vn 0.00000 0.00000 -1.00000
vn 0.00000 0.00000 -1.00000
vn 0.00000 0.00000 -1.00000
vn 0.00000 0.00000 -1.00000
vn -0.00000 0.00000 -1.00000
vn -0.00000 0.00000 -1.00000
vn -0.00000 0.00000 -1.00000
vn -0.00000 0.00000 -1.00000
vn -0.00000 0.00000 -1.00000
vn 0.00000 0.00000 -1.00000
vn -0.00000 0.00000 -1.00000
vn -0.00000 0.00000 -1.00000
vn 0.00000 0.00000 -1.00000
vn -0.00000 0.00000 -1.00000
vn 0.00000 0.00000 -1.00000
vn 0.00000 0.00000 -1.00000
vn 0.00000 0.00000 -1.00000
vn 0.00000 0.00000 -1.00000
vn 0.00000 0.00000 -1.00000
vn 0.00000 0.00000 -1.00000
vn 0.00000 0.00000 -1.00000
vn 0.00000 0.00000 -1.00000
vn 0.00000 0.00000 -1.00000
vn 0.00000 0.00000 -1.00000
vn -0.00000 0.00000 -1.00000
vn -0.00000 0.00000 -1.00000
vn -0.00000 0.00000 -1.00000
vn -0.00000 0.00000 -1.00000
vn 0.00000 0.00000 -1.00000
vn 0.00000 0.00000 -1.00000
vn 0.00000 0.00000 -1.00000
vn 0.00000 0.00000 -1.00000
vn -0.00000 0.00000 -1.00000
vn -0.00000 0.00000 -1.00000
vn -0.00000 0.00000 -1.00000
vn -0.00000 0.00000 -1.00000
vn 0.00000 0.00000 -1.00000
vn -0.00000 0.00000 -1.00000
vn 0.00000 0.00000 -1.00000
vn 0.00000 0.00000 -1.00000
vn 0.00000 0.00000 -1.00000
vn -0.00000 0.00000 -1.00000
vn 0.00000 0.00000 -1.00000
vn 0.00000 0.00000 -1.00000
vn 0.00000 0.00000 -1.00000
vn -0.00000 0.00000 -1.00000
vn 0.00000 0.00000 -1.00000
vn 0.00000 0.00000 -1.00000
vn -0.00000 0.00000 -1.00000
vn -0.00000 0.00000 -1.00000
vn -0.00000 0.00000 -1.00000
vn -0.00000 0.00000 -1.00000
vn -0.00000 0.00000 -1.00000
vn 0.00000 0.00000 -1.00000
vn -0.00000 0.00000 -1.00000
vn -0.00000 0.00000 -1.00000
vn -0.00000 0.00000 -1.00000
vn 0.00000 0.00000 -1.00000
vn -0.00000 0.00000 -1.00000
vn -0.00000 0.00000 -1.00000
vn 0.00000 0.00000 -1.00000
vn 0.00000 0.00000 -1.00000
vn 0.00000 0.00000 -1.00000
vn 0.00000 0.00000 -1.00000
vn 0.00000 0.00000 -1.00000
vn 0.00000 0.00000 -1.00000
vn 0.00000 0.00000 -1.00000
vn 0.00000 0.00000 -1.00000
vn 0.00000 0.00000 -1.00000
vn -0.00000 0.00000 -1.00000
vn 0.00000 0.00000 -1.00000
vn 0.00000 0.00000 -1.00000
vn 0.00000 0.00000 -1.00000
vn 0.00000 0.00000 -1.00000
vn 0.00000 0.00000 -1.00000
vn 0.00000 0.00000 -1.00000
vn 0.00000 0.00000 -1.00000
vn 0.00000 0.00000 -1.00000
vn 0.00000 0.00000 -1.00000
vn 0.00000 0.00000 -1.00000
vn 0.00000 -0.00000 1.00000
vn 0.00000 -0.00000 1.00000
vn 0.00000 -0.00000 1.00000
vn 0.00000 -0.00000 1.00000
vn 0.00000 -0.00000 1.00000
vn 0.00000 -0.00000 1.00000
vn 0.00000 -0.00000 1.00000
vn 0.00000 -0.00000 1.00000
vn 0.00000 -0.00000 1.00000
vn 0.00000 -0.00000 1.00000
vn 0.00000 -0.00000 1.00000
vn 0.00000 -0.00000 1.00000
vn 0.00000 -0.00000 1.00000
vn 0.00000 -0.00000 1.00000
vn 0.00000 -0.00000 1.00000
vn 0.00000 -0.00000 1.00000
vn 0.00000 -0.00000 1.00000
vn 0.00000 -0.00000 1.00000
vn 0.00000 -0.00000 1.00000
vn 0.00000 -0.00000 1.00000
vn 0.00000 -0.00000 1.00000
vn 0.00000 -0.00000 1.00000
vn 0.00000 -0.00000 1.00000
vn 0.00000 -0.00000 1.00000
vn 0.00000 -0.00000 1.00000
vn 0.00000 -0.00000 1.00000
vn 0.00000 -0.00000 1.00000
vn 0.00000 -0.00000 1.00000
vn 0.00000 -0.00000 1.00000
vn 0.00000 -0.00000 1.00000
vn 0.00000 -0.00000 1.00000
vn 0.00000 -0.00000 1.00000
vn 0.00000 -0.00000 1.00000
vn 0.00000 -0.00000 1.00000
vn 0.00000 -0.00000 1.00000
vn 0.00000 -0.00000 1.00000
vn 0.00000 -0.00000 1.00000
vn 0.00000 -0.00000 1.00000
vn 0.00000 -0.00000 1.00000
vn 0.00000 -0.00000 1.00000
vn 0.00000 -0.00000 1.00000
vn 0.00000 -0.00000 1.00000
vn 0.00000 -0.00000 1.00000
vn 0.00000 -0.00000 1.00000
vn 0.00000 -0.00000 1.00000
vn 0.00000 -0.00000 1.00000
vn 0.00000 -0.00000 1.00000
vn 0.00000 -0.00000 1.00000
vn 0.00000 -0.00000 1.00000
vn 0.00000 -0.00000 1.00000
vn 0.00000 -0.00000 1.00000
vn 0.00000 -0.00000 1.00000
vn 0.00000 -0.00000 1.00000
vn 0.00000 -0.00000 1.00000
vn 0.00000 -0.00000 1.00000
vn 0.00000 -0.00000 1.00000
vn 0.00000 -0.00000 1.00000
vn 0.00000 -0.00000 1.00000
vn 0.00000 -0.00000 1.00000
vn 0.00000 -0.00000 1.00000
vn 0.00000 -0.00000 1.00000
vn 0.00000 -0.00000 1.00000
vn 0.00000 -0.00000 1.00000
vn 0.00000 -0.00000 1.00000
vn 0.00000 -0.00000 1.00000
vn 0.00000 -0.00000 1.00000
vn 0.00000 -0.00000 1.00000
vn 0.00000 -0.00000 1.00000
vn 0.00000 -0.00000 1.00000
vn 0.00000 -0.00000 1.00000
vn 0.00000 -0.00000 1.00000
vn 0.00000 -0.00000 1.00000
vn 0.00000 -0.00000 1.00000
vn 0.00000 -0.00000 1.00000
vn 0.00000 -0.00000 1.00000
vn 0.00000 -0.00000 1.00000
vn 0.00000 -0.00000 1.00000
vn 0.00000 -0.00000 1.00000
vn 0.00000 -0.00000 1.00000
vn 0.00000 -0.00000 1.00000
vn 0.00000 -0.00000 1.00000
vn 0.00000 -0.00000 1.00000
vn 0.00000 -0.00000 1.00000
vn 0.00000 -0.00000 1.00000
vn 0.00000 -0.00000 1.00000
vn 0.00000 -0.00000 1.00000
vn 0.00000 -0.00000 1.00000
vn 0.00000 -0.00000 1.00000
vn 0.00000 -0.00000 1.00000
vn 0.00000 -0.00000 1.00000
vn 0.00000 -0.00000 1.00000
vn 0.00000 -0.00000 1.00000
vn 0.00000 -0.00000 1.00000
vn 0.00000 -0.00000 1.00000
vn 0.00000 -0.00000 1.00000
vn 0.00000 -0.00000 1.00000
vn 0.00000 -0.00000 1.00000
vn 0.00000 -0.00000 1.00000
vn 0.00000 -0.00000 1.00000
vn 0.00000 -0.00000 1.00000
vn 0.00000 -0.00000 1.00000
vn 0.00000 -0.00000 1.00000
vn 0.00000 -0.00000 1.00000
vn 0.00000 -0.00000 1.00000
vn 0.00000 -0.00000 1.00000
vn 0.00000 -0.00000 1.00000
vn 0.00000 -0.00000 1.00000
vn 0.00000 -0.00000 1.00000
vn 0.00000 -0.00000 1.00000
vn 0.00000 -0.00000 1.00000
vn 0.00000 -0.00000 1.00000
vn 0.00000 -0.00000 1.00000
vn 0.00000 -0.00000 1.00000
vn 0.00000 -0.00000 1.00000
vn 0.00000 -0.00000 1.00000
vn 0.00000 -0.00000 1.00000
vn 0.00000 -0.00000 1.00000
vn 0.00000 -0.00000 1.00000
vn 0.00000 -0.00000 1.00000
vn 0.00000 -0.00000 1.00000
vn 0.00000 -0.00000 1.00000
vn 0.00000 -0.00000 1.00000
vn 0.00000 -0.00000 1.00000
vn 0.00000 -0.00000 1.00000
vn 0.00000 -0.00000 1.00000
vn 0.00000 -0.00000 1.00000
vn 0.00000 -0.00000 1.00000
vn 0.00000 -0.00000 1.00000
vn 0.00000 -0.00000 1.00000
vn 0.00000 -0.00000 1.00000
vn 0.00000 -0.00000 1.00000
vn 0.00000 -0.00000 1.00000
vn 0.00000 -0.00000 1.00000
vn 0.00000 -0.00000 1.00000
vn 0.00000 -0.00000 1.00000
vn 0.00000 -0.00000 1.00000
vn 0.00000 -0.00000 1.00000
vn 0.00000 -0.00000 1.00000
vn 0.00000 -0.00000 1.00000
vn 0.00000 -0.00000 1.00000
vn 0.00000 -0.00000 1.00000
vn 0.00000 -0.00000 1.00000
vn 0.00000 -0.00000 1.00000
vn 0.00000 -0.00000 1.00000
vn 0.00000 -0.00000 1.00000
vn 0.00000 -0.00000 1.00000
vn 0.00000 -0.00000 1.00000
vn 0.00000 -0.00000 1.00000
vn 0.00000 -0.00000 1.00000
vn 0.00000 -0.00000 1.00000
vn 0.00000 -0.00000 1.00000
vn 0.00000 -0.00000 1.00000
vn 0.00000 -0.00000 1.00000
vn 0.00000 -0.00000 1.00000
vn 0.00000 -0.00000 1.00000
vn 0.00000 -0.00000 1.00000
vn 0.00000 -0.00000 1.00000
vn 0.00000 -0.00000 1.00000
vn 0.00000 -0.00000 1.00000
vn 0.00000 -0.00000 1.00000
vn 0.00000 -0.00000 1.00000
vn 0.00000 -0.00000 1.00000
vn 0.00000 -0.00000 1.00000
vn 0.00000 -0.00000 1.00000
vn 0.00000 -0.00000 1.00000
vn 0.00000 -0.00000 1.00000
vn 0.00000 -0.00000 1.00000
vn 0.00000 -0.00000 1.00000
vn 0.00000 -0.00000 1.00000
vn 0.00000 -0.00000 1.00000
vn 0.00000 -0.00000 1.00000
vn 0.00000 -0.00000 1.00000
vn 0.00000 -0.00000 1.00000
vn 0.00000 -0.00000 1.00000
vn 0.00000 -0.00000 1.00000
vn -0.99330 -0.11557 -0.00000
vn -0.99330 -0.11557 -0.00000
vn -0.99330 -0.11557 -0.00000
vn -0.99330 -0.11557 -0.00000
vn -0.92262 -0.38570 -0.00000
vn -0.92262 -0.38570 -0.00000
vn -0.92262 -0.38570 -0.00000
vn -0.92262 -0.38570 -0.00000
vn -0.74740 -0.66437 -0.00000
vn -0.74740 -0.66437 -0.00000
vn -0.74740 -0.66437 -0.00000
vn -0.74740 -0.66437 -0.00000
vn -0.46779 -0.88384 -0.00000
vn -0.46779 -0.88384 -0.00000
vn -0.46779 -0.88384 -0.00000
vn -0.46779 -0.88384 -0.00000
vn -0.14924 -0.98880 -0.00000
vn -0.14924 -0.98880 -0.00000
vn -0.14924 -0.98880 -0.00000
vn -0.14924 -0.98880 -0.00000
vn -0.06555 0.99785 0.00000
vn -0.06555 0.99785 0.00000
vn -0.06555 0.99785 0.00000
vn -0.06555 0.99785 0.00000
vn 0.06889 -0.99762 -0.00000
vn 0.06889 -0.99762 -0.00000
vn 0.06889 -0.99762 -0.00000
vn 0.06889 -0.99762 -0.00000
vn -0.07043 0.99752 0.00000
vn -0.07043 0.99752 0.00000
vn -0.07043 0.99752 0.00000
vn -0.07043 0.99752 0.00000
vn 0.06594 -0.99782 -0.00000
vn 0.06594 -0.99782 -0.00000
vn 0.06594 -0.99782 -0.00000
vn 0.06594 -0.99782 -0.00000
vn -0.99910 -0.04243 -0.00000
vn -0.99910 -0.04243 -0.00000
vn -0.99910 -0.04243 -0.00000
vn -0.99910 -0.04243 -0.00000
vn 0.99854 0.05409 0.00000
vn 0.99854 0.05409 0.00000
vn 0.99854 0.05409 0.00000
vn 0.99854 0.05409 0.00000
vn -0.99863 0.05223 0.00000
vn -0.99863 0.05223 0.00000
vn -0.99863 0.05223 0.00000
vn -0.99863 0.05223 0.00000
vn 0.99915 -0.04115 -0.00000
vn 0.99915 -0.04115 -0.00000
vn 0.99915 -0.04115 -0.00000
vn 0.99915 -0.04115 -0.00000
vn 0.99862 -0.05261 -0.00000
vn 0.99862 -0.05261 -0.00000
vn 0.99862 -0.05261 -0.00000
vn 0.99862 -0.05261 -0.00000
vn -0.99912 0.04204 0.00000
vn -0.99912 0.04204 0.00000
vn -0.99912 0.04204 0.00000
vn -0.99912 0.04204 0.00000
vn -0.36311 -0.93175 -0.00000
vn -0.36311 -0.93175 -0.00000
vn -0.36311 -0.93175 -0.00000
vn -0.36311 -0.93175 -0.00000
vn 0.40690 0.91347 0.00000
vn 0.40690 0.91347 0.00000
vn 0.40690 0.91347 0.00000
vn 0.40690 0.91347 0.00000
vn 0.89023 0.45552 0.00000
vn 0.89023 0.45552 0.00000
vn 0.89023 0.45552 0.00000
vn 0.89023 0.45552 0.00000
vn -0.91980 -0.39238 -0.00000
vn -0.91980 -0.39238 -0.00000
vn -0.91980 -0.39238 -0.00000
vn -0.91980 -0.39238 -0.00000
vn -0.99011 -0.14033 -0.00000
vn -0.99011 -0.14033 -0.00000
vn -0.99011 -0.14033 -0.00000
vn -0.99011 -0.14033 -0.00000
vn 0.98455 0.17512 0.00000
vn 0.98455 0.17512 0.00000
vn 0.98455 0.17512 0.00000
vn 0.98455 0.17512 0.00000
vn -0.96636 -0.25717 -0.00000
vn -0.96636 -0.25717 -0.00000
vn -0.96636 -0.25717 -0.00000
vn -0.96636 -0.25717 -0.00000
vn 0.95037 0.31112 0.00000
vn 0.95037 0.31112 0.00000
vn 0.95037 0.31112 0.00000
vn 0.95037 0.31112 0.00000
vn -0.80103 0.59862 0.00000
vn -0.80103 0.59862 0.00000
vn -0.80103 0.59862 0.00000
vn -0.80103 0.59862 0.00000
vn 0.84392 -0.53647 -0.00000
vn 0.84392 -0.53647 -0.00000
vn 0.84392 -0.53647 -0.00000
vn 0.84392 -0.53647 -0.00000
vn -0.84392 0.53647 0.00000
vn -0.84392 0.53647 0.00000
vn -0.84392 0.53647 0.00000
vn -0.84392 0.53647 0.00000
vn 0.80041 -0.59945 -0.00000
vn 0.80041 -0.59945 -0.00000
vn 0.80041 -0.59945 -0.00000
vn 0.80041 -0.59945 -0.00000
vn 0.89127 -0.45347 -0.00000
vn 0.89127 -0.45347 -0.00000
vn 0.89127 -0.45347 -0.00000
vn 0.89127 -0.45347 -0.00000
vn -0.92109 0.38934 0.00000
vn -0.92109 0.38934 0.00000
vn -0.92109 0.38934 0.00000
vn -0.92109 0.38934 0.00000
vn -0.66241 -0.74914 -0.00000
vn -0.66241 -0.74914 -0.00000
vn -0.66241 -0.74914 -0.00000
vn -0.66241 -0.74914 -0.00000
vn 0.73305 0.68017 0.00000
vn 0.73305 0.68017 0.00000
vn 0.73305 0.68017 0.00000
vn 0.73305 0.68017 0.00000
vn -0.89199 0.45206 0.00000
vn -0.89199 0.45206 0.00000
vn -0.89199 0.45206 0.00000
vn -0.89199 0.45206 0.00000
vn 0.92217 -0.38679 -0.00000
vn 0.92217 -0.38679 -0.00000
vn 0.92217 -0.38679 -0.00000
vn 0.92217 -0.38679 -0.00000
vn 0.80207 0.59722 0.00000
vn 0.80207 0.59722 0.00000
vn 0.80207 0.59722 0.00000
vn 0.80207 0.59722 0.00000
vn -0.84170 -0.53994 -0.00000
vn -0.84170 -0.53994 -0.00000
vn -0.84170 -0.53994 -0.00000
vn -0.84170 -0.53994 -0.00000
vn 0.98520 -0.17144 -0.00000
vn 0.98520 -0.17144 -0.00000
vn 0.98520 -0.17144 -0.00000
vn 0.98520 -0.17144 -0.00000
vn -0.99029 0.13905 0.00000
vn -0.99029 0.13905 0.00000
vn -0.99029 0.13905 0.00000
vn -0.99029 0.13905 0.00000
vn -0.98538 0.17038 0.00000
vn -0.98538 0.17038 0.00000
vn -0.98538 0.17038 0.00000
vn -0.98538 0.17038 0.00000
vn 0.99062 -0.13663 -0.00000
vn 0.99062 -0.13663 -0.00000
vn 0.99062 -0.13663 -0.00000
vn 0.99062 -0.13663 -0.00000
vn 0.68872 0.72503 0.00000
vn 0.68872 0.72503 0.00000
vn 0.68872 0.72503 0.00000
vn 0.68872 0.72503 0.00000
vn -0.72582 -0.68789 -0.00000
vn -0.72582 -0.68789 -0.00000
vn -0.72582 -0.68789 -0.00000
vn -0.72582 -0.68789 -0.00000
vn 0.07075 0.99749 0.00000
vn 0.07075 0.99749 0.00000
vn 0.07075 0.99749 0.00000
vn 0.07075 0.99749 0.00000
vn -0.04794 -0.99885 -0.00000
vn -0.04794 -0.99885 -0.00000
vn -0.04794 -0.99885 -0.00000
vn -0.04794 -0.99885 -0.00000
vn 0.72684 -0.68681 -0.00000
vn 0.72684 -0.68681 -0.00000
vn 0.72684 -0.68681 -0.00000
vn 0.72684 -0.68681 -0.00000
vn -0.68168 0.73165 0.00000
vn -0.68168 0.73165 0.00000
vn -0.68168 0.73165 0.00000
vn -0.68168 0.73165 0.00000
vn 0.95170 -0.30702 -0.00000
vn 0.95170 -0.30702 -0.00000
vn 0.95170 -0.30702 -0.00000
vn 0.95170 -0.30702 -0.00000
vn -0.96695 0.25496 0.00000
vn -0.96695 0.25496 0.00000
vn -0.96695 0.25496 0.00000
vn -0.96695 0.25496 0.00000
vn -0.95217 0.30556 0.00000
vn -0.95217 0.30556 0.00000
vn -0.95217 0.30556 0.00000
vn -0.95217 0.30556 0.00000
vn 0.96779 -0.25176 -0.00000
vn 0.96779 -0.25176 -0.00000
vn 0.96779 -0.25176 -0.00000
vn 0.96779 -0.25176 -0.00000
vn 0.22508 -0.97434 -0.00000
vn 0.22508 -0.97434 -0.00000
vn 0.22508 -0.97434 -0.00000
vn 0.22508 -0.97434 -0.00000
vn -0.21196 0.97728 0.00000
vn -0.21196 0.97728 0.00000
vn -0.21196 0.97728 0.00000
vn -0.21196 0.97728 0.00000
vn -0.72978 0.68368 0.00000
vn -0.72978 0.68368 0.00000
vn -0.72978 0.68368 0.00000
vn -0.72978 0.68368 0.00000
vn 0.68183 -0.73151 -0.00000
vn 0.68183 -0.73151 -0.00000
vn 0.68183 -0.73151 -0.00000
vn 0.68183 -0.73151 -0.00000
vn 0.06920 0.99760 0.00000
vn 0.06920 0.99760 0.00000
vn 0.06920 0.99760 0.00000
vn 0.06920 0.99760 0.00000
vn -0.06897 -0.99762 -0.00000
vn -0.06897 -0.99762 -0.00000
vn -0.06897 -0.99762 -0.00000
vn -0.06897 -0.99762 -0.00000
vn 0.54711 0.83706 0.00000
vn 0.54711 0.83706 0.00000
vn 0.54711 0.83706 0.00000
vn 0.54711 0.83706 0.00000
vn -0.57295 -0.81959 -0.00000
vn -0.57295 -0.81959 -0.00000
vn -0.57295 -0.81959 -0.00000
vn -0.57295 -0.81959 -0.00000
vn -0.81954 -0.57302 -0.00000
vn -0.81954 -0.57302 -0.00000
vn -0.81954 -0.57302 -0.00000
vn -0.81954 -0.57302 -0.00000
vn 0.84603 0.53314 0.00000
vn 0.84603 0.53314 0.00000
vn 0.84603 0.53314 0.00000
vn 0.84603 0.53314 0.00000
vn -0.95649 -0.29178 -0.00000
vn -0.95649 -0.29178 -0.00000
vn -0.95649 -0.29178 -0.00000
vn -0.95649 -0.29178 -0.00000
vn 0.96722 0.25394 0.00000
vn 0.96722 0.25394 0.00000
vn 0.96722 0.25394 0.00000
vn 0.96722 0.25394 0.00000
vn -0.22937 0.97334 0.00000
vn -0.22937 0.97334 0.00000
vn -0.22937 0.97334 0.00000
vn -0.22937 0.97334 0.00000
vn 0.21298 -0.97706 -0.00000
vn 0.21298 -0.97706 -0.00000
vn 0.21298 -0.97706 -0.00000
vn 0.21298 -0.97706 -0.00000
vn 0.57352 -0.81919 -0.00000
vn 0.57352 -0.81919 -0.00000
vn 0.57352 -0.81919 -0.00000
vn 0.57352 -0.81919 -0.00000
vn -0.53513 0.84477 0.00000
vn -0.53513 0.84477 0.00000
vn -0.53513 0.84477 0.00000
vn -0.53513 0.84477 0.00000
vn -0.99932 -0.03674 -0.00000
vn -0.99932 -0.03674 -0.00000
vn -0.99932 -0.03674 -0.00000
vn -0.99932 -0.03674 -0.00000
vn 0.99912 0.04197 0.00000
vn 0.99912 0.04197 0.00000
vn 0.99912 0.04197 0.00000
vn 0.99912 0.04197 0.00000
vn 0.39894 -0.91698 -0.00000
vn 0.39894 -0.91698 -0.00000
vn 0.39894 -0.91698 -0.00000
vn 0.39894 -0.91698 -0.00000
vn -0.37291 0.92787 0.00000
vn -0.37291 0.92787 0.00000
vn -0.37291 0.92787 0.00000
vn -0.37291 0.92787 0.00000
vn 0.38612 0.92245 0.00000
vn 0.38612 0.92245 0.00000
vn 0.38612 0.92245 0.00000
vn 0.38612 0.92245 0.00000
vn -0.39882 -0.91703 -0.00000
vn -0.39882 -0.91703 -0.00000
vn -0.39882 -0.91703 -0.00000
vn -0.39882 -0.91703 -0.00000
vn -0.57871 0.81553 0.00000
vn -0.57871 0.81553 0.00000
vn -0.57871 0.81553 0.00000
vn -0.57871 0.81553 0.00000
vn 0.53602 -0.84421 -0.00000
vn 0.53602 -0.84421 -0.00000
vn 0.53602 -0.84421 -0.00000
vn 0.53602 -0.84421 -0.00000
vn 0.22193 0.97506 0.00000
vn 0.22193 0.97506 0.00000
vn 0.22193 0.97506 0.00000
vn 0.22193 0.97506 0.00000
vn -0.22518 -0.97432 -0.00000
vn -0.22518 -0.97432 -0.00000
vn -0.22518 -0.97432 -0.00000
vn -0.22518 -0.97432 -0.00000
vn -0.40471 0.91445 0.00000
vn -0.40471 0.91445 0.00000
vn -0.40471 0.91445 0.00000
vn -0.40471 0.91445 0.00000
vn 0.37413 -0.92738 -0.00000
vn 0.37413 -0.92738 -0.00000
vn 0.37413 -0.92738 -0.00000
vn 0.37413 -0.92738 -0.00000
vn -0.87751 -0.47955 -0.00000
vn -0.87751 -0.47955 -0.00000
vn -0.87751 -0.47955 -0.00000
vn -0.87751 -0.47955 -0.00000
vn 0.92195 0.38730 0.00000
vn 0.92195 0.38730 0.00000
vn 0.92195 0.38730 0.00000
vn 0.92195 0.38730 0.00000
vn -0.56765 -0.82327 -0.00000
vn -0.56765 -0.82327 -0.00000
vn -0.56765 -0.82327 -0.00000
vn -0.56765 -0.82327 -0.00000
vn 0.58172 0.81339 0.00000
vn 0.58172 0.81339 0.00000
vn 0.58172 0.81339 0.00000
vn 0.58172 0.81339 0.00000
vn -0.97959 -0.20102 -0.00000
vn -0.97959 -0.20102 -0.00000
vn -0.97959 -0.20102 -0.00000
vn -0.97959 -0.20102 -0.00000
vn 0.99034 0.13867 0.00000
vn 0.99034 0.13867 0.00000
vn 0.99034 0.13867 0.00000
vn 0.99034 0.13867 0.00000
vn -0.25551 -0.96681 -0.00000
vn -0.25551 -0.96681 -0.00000
vn -0.25551 -0.96681 -0.00000
vn -0.25551 -0.96681 -0.00000
vn 0.23055 0.97306 0.00000
vn 0.23055 0.97306 0.00000
vn 0.23055 0.97306 0.00000
vn 0.23055 0.97306 0.00000
f 25/73/97 26/74/98 27/75/99 
f 28/76/100 29/77/101 30/78/102 
f 31/79/103 32/80/104 33/81/105 
f 34/82/106 35/83/107 36/84/108 
f 37/85/109 38/86/110 39/87/111 
f 40/88/112 41/89/113 42/90/114 43/91/115 
f 44/92/116 45/93/117 46/94/118 47/95/119 
f 48/96/120 49/97/121 50/98/122 51/99/123 
f 52/100/124 53/101/125 54/102/126 55/103/127 
f 56/104/128 50/98/129 49/97/130 57/105/131 
f 58/106/132 59/107/133 36/84/134 35/83/135 
f 60/108/136 61/109/137 62/110/138 63/111/139 
f 64/112/140 48/96/141 51/99/142 65/113/143 
f 63/111/144 64/112/145 65/113/146 60/108/147 
f 66/114/148 67/115/149 68/116/150 69/117/151 
f 70/118/152 71/119/153 72/120/154 73/121/155 
f 73/121/156 74/122/157 75/123/158 70/118/159 
f 76/124/160 77/125/161 33/81/162 32/80/163 
f 67/115/164 78/126/165 79/127/166 68/116/167 
f 61/109/168 80/128/169 81/129/170 62/110/171 
f 82/130/172 56/104/173 57/105/174 83/131/175 
f 84/132/176 52/100/177 55/103/178 85/133/179 
f 80/128/180 86/134/181 87/135/182 81/129/183 
f 45/93/184 39/87/185 38/86/186 46/94/187 
f 69/117/188 88/136/189 89/137/190 66/114/191 
f 74/122/192 82/130/193 83/131/194 75/123/195 
f 78/126/196 84/132/197 85/133/198 79/127/199 
f 90/138/200 42/90/201 41/89/202 91/139/203 
f 71/119/204 92/140/205 93/141/206 72/120/207 
f 94/142/208 40/88/209 43/91/210 95/143/211 
f 86/134/212 96/144/213 97/145/214 87/135/215 
f 32/80/216 31/79/217 98/146/218 99/147/219 
f 100/148/220 29/77/221 28/76/222 101/149/223 
f 102/150/224 44/92/225 47/95/226 103/151/227 
f 88/136/228 104/152/229 105/153/230 89/137/231 
f 53/101/232 27/75/233 26/74/234 54/102/235 
f 104/152/236 90/138/237 91/139/238 105/153/239 
f 96/144/240 106/154/241 107/155/242 97/145/243 
f 92/140/244 108/156/245 109/157/246 93/141/247 
f 106/154/248 94/142/249 95/143/250 107/155/251 
f 108/156/252 102/150/253 103/151/254 109/157/255 
f 99/147/256 98/146/257 30/78/258 29/77/259 
f 35/83/260 34/82/261 77/125/262 76/124/263 
f 100/148/264 101/149/265 25/73/266 27/75/267 
f 38/86/268 37/85/269 59/107/270 58/106/271 
f 110/158/272 111/159/273 112/160/274 
f 113/161/275 114/162/276 115/163/277 
f 116/164/278 117/165/279 118/166/280 
f 119/167/281 120/168/282 121/169/283 
f 122/170/284 123/171/285 124/172/286 
f 125/173/287 126/174/288 127/175/289 128/176/290 
f 129/177/291 130/178/292 131/179/293 132/180/294 
f 133/181/295 134/182/296 135/183/297 136/184/298 
f 137/185/299 138/186/300 139/187/301 140/188/302 
f 141/189/303 135/183/304 134/182/305 142/190/306 
f 120/168/307 119/167/308 143/191/309 144/192/310 
f 145/193/311 146/194/312 147/195/313 148/196/314 
f 149/197/315 133/181/316 136/184/317 150/198/318 
f 148/196/319 149/197/320 150/198/321 145/193/322 
f 151/199/323 152/200/324 153/201/325 154/202/326 
f 155/203/327 156/204/328 157/205/329 158/206/330 
f 158/206/331 159/207/332 160/208/333 155/203/334 
f 117/165/335 116/164/336 161/209/337 162/210/338 
f 152/200/339 163/211/340 164/212/341 153/201/342 
f 146/194/343 165/213/344 166/214/345 147/195/346 
f 167/215/347 141/189/348 142/190/349 168/216/350 
f 169/217/351 137/185/352 140/188/353 170/218/354 
f 165/213/355 171/219/356 172/220/357 166/214/358 
f 130/178/359 123/171/360 122/170/361 131/179/362 
f 154/202/363 173/221/364 174/222/365 151/199/366 
f 159/207/367 167/215/368 168/216/369 160/208/370 
f 163/211/371 169/217/372 170/218/373 164/212/374 
f 175/223/375 127/175/376 126/174/377 176/224/378 
f 156/204/379 177/225/380 178/226/381 157/205/382 
f 179/227/383 125/173/384 128/176/385 180/228/386 
f 171/219/387 181/229/388 182/230/389 172/220/390 
f 183/231/391 184/232/392 118/166/393 117/165/394 
f 185/233/395 115/163/396 114/162/397 186/234/398 
f 187/235/399 129/177/400 132/180/401 188/236/402 
f 173/221/403 189/237/404 190/238/405 174/222/406 
f 138/186/407 111/159/408 110/158/409 139/187/410 
f 189/237/411 175/223/412 176/224/413 190/238/414 
f 181/229/415 191/239/416 192/240/417 182/230/418 
f 177/225/419 193/241/420 194/242/421 178/226/422 
f 191/239/423 179/227/424 180/228/425 192/240/426 
f 193/241/427 187/235/428 188/236/429 194/242/430 
f 114/162/431 113/161/432 184/232/433 183/231/434 
f 162/210/435 161/209/436 121/169/437 120/168/438 
f 110/158/439 112/160/440 185/233/441 186/234/442 
f 144/192/443 143/191/444 124/172/445 123/171/446 
f 26/243/447 25/244/448 112/245/449 111/246/450 
f 28/247/451 30/248/452 113/249/453 115/250/454 
f 31/251/455 33/252/456 116/253/457 118/254/458 
f 34/255/459 36/256/460 119/257/461 121/258/462 
f 37/259/463 39/260/464 122/261/465 124/262/466 
f 43/263/467 42/264/468 126/265/469 125/266/470 
f 41/267/471 40/268/472 128/269/473 127/270/474 
f 47/271/475 46/272/476 130/273/477 129/274/478 
f 45/275/479 44/276/480 132/277/481 131/278/482 
f 51/279/483 50/280/484 134/281/485 133/282/486 
f 49/283/487 48/284/488 136/285/489 135/286/490 
f 55/287/491 54/288/492 138/289/493 137/290/494 
f 53/291/495 52/292/496 140/293/497 139/294/498 
f 57/295/499 49/283/500 135/286/501 141/296/502 
f 50/280/503 56/297/504 142/298/505 134/281/506 
f 36/256/507 59/299/508 143/300/509 119/257/510 
f 58/301/511 35/302/512 120/303/513 144/304/514 
f 63/305/515 62/306/516 146/307/517 145/308/518 
f 61/309/519 60/310/520 148/311/521 147/312/522 
f 65/313/523 51/279/524 133/282/525 149/314/526 
f 48/284/527 64/315/528 150/316/529 136/285/530 
f 60/310/531 65/313/532 149/314/533 148/311/534 
f 64/315/535 63/305/536 145/308/537 150/316/538 
f 69/317/539 68/318/540 152/319/541 151/320/542 
f 67/321/543 66/322/544 154/323/545 153/324/546 
f 73/325/547 72/326/548 156/327/549 155/328/550 
f 71/329/551 70/330/552 158/331/553 157/332/554 
f 70/330/555 75/333/556 159/334/557 158/331/558 
f 74/335/559 73/325/560 155/328/561 160/336/562 
f 33/337/563 77/338/564 161/339/565 116/340/566 
f 76/341/567 32/342/568 117/343/569 162/344/570 
f 68/318/571 79/345/572 163/346/573 152/319/574 
f 78/347/575 67/321/576 153/324/577 164/348/578 
f 62/306/579 81/349/580 165/350/581 146/307/582 
f 80/351/583 61/309/584 147/312/585 166/352/586 
f 83/353/587 57/295/588 141/296/589 167/354/590 
f 56/297/591 82/355/592 168/356/593 142/298/594 
f 85/357/595 55/287/596 137/290/597 169/358/598 
f 52/292/599 84/359/600 170/360/601 140/293/602 
f 81/361/603 87/362/604 171/363/605 165/364/606 
f 86/365/607 80/351/608 166/352/609 172/366/610 
f 46/272/611 38/367/612 123/368/613 130/273/614 
f 39/260/615 45/275/616 131/278/617 122/261/618 
f 66/322/619 89/369/620 173/370/621 154/323/622 
f 88/371/623 69/372/624 151/373/625 174/374/626 
f 75/333/627 83/353/628 167/354/629 159/334/630 
f 82/355/631 74/335/632 160/336/633 168/356/634 
f 79/345/635 85/357/636 169/358/637 163/346/638 
f 84/359/639 78/347/640 164/348/641 170/360/642 
f 91/375/643 41/267/644 127/270/645 175/376/646 
f 42/264/647 90/377/648 176/378/649 126/265/650 
f 72/326/651 93/379/652 177/380/653 156/327/654 
f 92/381/655 71/382/656 157/383/657 178/384/658 
f 95/385/659 43/263/660 125/266/661 179/386/662 
f 40/268/663 94/387/664 180/388/665 128/269/666 
f 87/362/667 97/389/668 181/390/669 171/363/670 
f 96/391/671 86/392/672 172/393/673 182/394/674 
f 98/395/675 31/251/676 118/254/677 184/396/678 
f 32/342/679 99/397/680 183/398/681 117/343/682 
f 101/399/683 28/247/684 115/250/685 185/400/686 
f 29/401/687 100/402/688 186/403/689 114/404/690 
f 103/405/691 47/271/692 129/274/693 187/406/694 
f 44/276/695 102/407/696 188/408/697 132/277/698 
f 89/409/699 105/410/700 189/411/701 173/412/702 
f 104/413/703 88/371/704 174/374/705 190/414/706 
f 54/288/707 26/243/708 111/246/709 138/289/710 
f 27/415/711 53/291/712 139/294/713 110/416/714 
f 105/410/715 91/375/716 175/376/717 189/411/718 
f 90/377/719 104/413/720 190/414/721 176/378/722 
f 97/389/723 107/417/724 191/418/725 181/390/726 
f 106/419/727 96/391/728 182/394/729 192/420/730 
f 93/421/731 109/422/732 193/423/733 177/424/734 
f 108/425/735 92/381/736 178/384/737 194/426/738 
f 107/417/739 95/385/740 179/386/741 191/418/742 
f 94/387/743 106/419/744 192/420/745 180/388/746 
f 109/422/747 103/405/748 187/406/749 193/423/750 
f 102/407/751 108/425/752 194/426/753 188/408/754 
f 30/248/755 98/395/756 184/396/757 113/249/758 
f 99/397/759 29/401/760 114/404/761 183/398/762 
f 77/338/763 34/255/764 121/258/765 161/339/766 
f 35/302/767 76/427/768 162/428/769 120/303/770 
f 25/244/771 101/399/772 185/400/773 112/245/774 
f 100/402/775 27/415/776 110/416/777 186/403/778 
f 59/299/779 37/259/780 124/262/781 143/300/782 
f 38/367/783 58/301/784 144/304/785 123/368/786 
o 002_3D_Text_-_m
g 3D_Text_-_m
usemtl Emerald Dream 2
v 3.008 120.740 0.000
v 3.382 120.828 0.000
v 3.338 119.485 0.000
v 2.308 120.459 0.000
v 2.650 120.617 0.000
v 2.826 119.375 0.000
v 1.700 120.053 0.000
v 1.989 120.269 0.000
v 2.380 119.193 0.000
v 1.213 119.537 0.000
v 1.442 119.809 0.000
v 1.999 118.937 0.000
v -0.646 120.703 0.000
v 0.673 120.703 0.000
v 0.936 119.238 0.000
v -0.646 110.000 0.000
v 0.975 115.615 0.000
v 0.975 110.000 0.000
v 5.821 118.600 0.000
v 5.624 118.882 0.000
v 7.082 119.736 0.000
v 5.974 118.268 0.000
v 7.460 119.082 0.000
v 6.083 117.884 0.000
v 6.171 116.963 0.000
v 7.821 116.662 0.000
v 7.792 115.976 0.000
v 7.989 119.698 0.000
v 8.267 119.963 0.000
v 8.835 118.965 0.000
v 8.578 120.201 0.000
v 8.925 120.410 0.000
v 9.219 119.209 0.000
v 9.692 120.723 0.000
v 10.106 120.820 0.000
v 10.177 119.487 0.000
v 14.040 119.548 0.000
v 13.317 120.302 0.000
v 13.715 119.966 0.000
v 7.907 117.272 0.000
v 8.052 117.807 0.000
v 12.997 110.000 0.000
v 12.997 116.963 0.000
v 14.618 116.982 0.000
v 14.618 110.000 0.000
v 8.514 118.652 0.000
v 7.746 119.404 0.000
v 10.751 119.522 0.000
v 10.540 120.879 0.000
v 12.975 117.449 0.000
v 14.582 117.758 0.000
v 1.683 118.608 0.000
v 1.014 119.238 0.000
v 12.800 118.268 0.000
v 12.647 118.600 0.000
v 14.293 119.041 0.000
v 3.915 119.522 0.000
v 3.772 120.881 0.000
v 12.909 117.884 0.000
v 14.473 118.444 0.000
v 6.149 117.449 0.000
v 4.746 119.419 0.000
v 4.355 119.496 0.000
v 4.178 120.898 0.000
v 5.113 120.826 0.000
v 9.666 119.383 0.000
v 9.298 120.586 0.000
v 12.846 120.563 0.000
v 12.207 119.112 0.000
v 11.915 119.291 0.000
v 12.302 120.749 0.000
v 10.995 120.898 0.000
v 11.187 119.496 0.000
v 6.564 120.244 0.000
v 5.380 119.112 0.000
v 12.450 118.882 0.000
v 11.576 119.419 0.000
v 11.685 120.861 0.000
v 5.908 120.608 0.000
v 5.088 119.291 0.000
v 7.792 110.000 0.000
v 6.171 110.000 0.000
v 7.538 119.082 0.000
v 8.254 118.267 0.000
v 1.004 116.401 0.000
v 1.429 118.196 0.000
v 1.089 117.093 0.000
v 1.230 117.691 0.000
v 3.338 119.485 6.000
v 3.382 120.828 6.000
v 3.008 120.740 6.000
v 2.826 119.375 6.000
v 2.650 120.617 6.000
v 2.308 120.459 6.000
v 2.380 119.193 6.000
v 1.989 120.269 6.000
v 1.700 120.053 6.000
v 1.999 118.937 6.000
v 1.442 119.809 6.000
v 1.213 119.537 6.000
v 0.936 119.238 6.000
v 0.673 120.703 6.000
v -0.646 120.703 6.000
v 0.975 110.000 6.000
v 0.975 115.615 6.000
v -0.646 110.000 6.000
v 7.082 119.736 6.000
v 5.624 118.882 6.000
v 5.821 118.600 6.000
v 6.083 117.884 6.000
v 7.460 119.082 6.000
v 5.974 118.268 6.000
v 7.792 115.976 6.000
v 7.821 116.662 6.000
v 6.171 116.963 6.000
v 8.835 118.965 6.000
v 8.267 119.963 6.000
v 7.989 119.698 6.000
v 9.219 119.209 6.000
v 8.925 120.410 6.000
v 8.578 120.201 6.000
v 10.177 119.487 6.000
v 10.106 120.820 6.000
v 9.692 120.723 6.000
v 13.715 119.966 6.000
v 13.317 120.302 6.000
v 14.040 119.548 6.000
v 8.052 117.807 6.000
v 7.907 117.272 6.000
v 14.618 110.000 6.000
v 14.618 116.982 6.000
v 12.997 116.963 6.000
v 12.997 110.000 6.000
v 7.746 119.404 6.000
v 8.514 118.652 6.000
v 10.540 120.879 6.000
v 10.751 119.522 6.000
v 14.582 117.758 6.000
v 12.975 117.449 6.000
v 1.014 119.238 6.000
v 1.683 118.608 6.000
v 14.293 119.041 6.000
v 12.647 118.600 6.000
v 12.800 118.268 6.000
v 3.772 120.881 6.000
v 3.915 119.522 6.000
v 14.473 118.444 6.000
v 12.909 117.884 6.000
v 6.149 117.449 6.000
v 5.113 120.826 6.000
v 4.178 120.898 6.000
v 4.355 119.496 6.000
v 4.746 119.419 6.000
v 9.298 120.586 6.000
v 9.666 119.383 6.000
v 12.302 120.749 6.000
v 11.915 119.291 6.000
v 12.207 119.112 6.000
v 12.846 120.563 6.000
v 11.187 119.496 6.000
v 10.995 120.898 6.000
v 5.380 119.112 6.000
v 6.564 120.244 6.000
v 12.450 118.882 6.000
v 11.685 120.861 6.000
v 11.576 119.419 6.000
v 5.088 119.291 6.000
v 5.908 120.608 6.000
v 6.171 110.000 6.000
v 7.792 110.000 6.000
v 8.254 118.267 6.000
v 7.538 119.082 6.000
v 1.004 116.401 6.000
v 1.429 118.196 6.000
v 1.089 117.093 6.000
v 1.230 117.691 6.000
vt 0.69889 0.76455
vt 0.68019 0.76894
vt 0.68240 0.70179
vt 0.73389 0.75048
vt 0.71679 0.75839
vt 0.70798 0.69631
vt 0.76428 0.73018
vt 0.74983 0.74101
vt 0.73029 0.68718
vt 0.78865 0.70440
vt 0.77722 0.71797
vt 0.74934 0.67440
vt 0.88159 0.76270
vt 0.81567 0.76270
vt 0.80249 0.68946
vt 0.88159 0.22754
vt 0.80053 0.50830
vt 0.80053 0.22754
vt 0.55827 0.65756
vt 0.56811 0.67164
vt 0.49522 0.71434
vt 0.55061 0.64093
vt 0.47631 0.68164
vt 0.54514 0.62173
vt 0.54077 0.57568
vt 0.45827 0.56062
vt 0.45971 0.52636
vt 0.44983 0.71242
vt 0.43597 0.72570
vt 0.40755 0.67581
vt 0.42038 0.73758
vt 0.40307 0.74804
vt 0.38835 0.68797
vt 0.36472 0.76367
vt 0.34402 0.76855
vt 0.34046 0.70188
vt 0.14731 0.70495
vt 0.18347 0.74262
vt 0.16357 0.72584
vt 0.45393 0.59113
vt 0.44671 0.61789
vt 0.19947 0.22754
vt 0.19947 0.57568
vt 0.11841 0.57666
vt 0.11841 0.22754
vt 0.42359 0.66016
vt 0.46198 0.69774
vt 0.31177 0.70362
vt 0.32230 0.77148
vt 0.20056 0.59999
vt 0.12022 0.61544
vt 0.76513 0.65796
vt 0.79859 0.68946
vt 0.20931 0.64093
vt 0.21697 0.65756
vt 0.13467 0.67958
vt 0.65357 0.70362
vt 0.66069 0.77158
vt 0.20384 0.62173
vt 0.12564 0.64975
vt 0.54186 0.59999
vt 0.61200 0.69850
vt 0.63155 0.70234
vt 0.64039 0.77246
vt 0.59367 0.76883
vt 0.36599 0.69667
vt 0.38440 0.75683
vt 0.20702 0.75568
vt 0.23896 0.68315
vt 0.25353 0.69211
vt 0.23422 0.76500
vt 0.29957 0.77246
vt 0.28993 0.70234
vt 0.52108 0.73976
vt 0.58028 0.68315
vt 0.22681 0.67164
vt 0.27052 0.69850
vt 0.26507 0.77060
vt 0.55390 0.75793
vt 0.59491 0.69211
vt 0.45971 0.22754
vt 0.54077 0.22754
vt 0.47241 0.68164
vt 0.43659 0.64090
vt 0.79911 0.54757
vt 0.77787 0.63736
vt 0.79487 0.58217
vt 0.78779 0.61210
vt 0.31760 0.70179
vt 0.31981 0.76894
vt 0.30111 0.76455
vt 0.29202 0.69631
vt 0.28321 0.75839
vt 0.26611 0.75048
vt 0.26971 0.68718
vt 0.25017 0.74101
vt 0.23572 0.73018
vt 0.25066 0.67440
vt 0.22278 0.71797
vt 0.21135 0.70440
vt 0.19751 0.68946
vt 0.18433 0.76270
vt 0.11841 0.76270
vt 0.19947 0.22754
vt 0.19947 0.50830
vt 0.11841 0.22754
vt 0.50478 0.71434
vt 0.43189 0.67164
vt 0.44173 0.65756
vt 0.45486 0.62173
vt 0.52369 0.68164
vt 0.44939 0.64093
vt 0.54029 0.52636
vt 0.54173 0.56062
vt 0.45923 0.57568
vt 0.59245 0.67581
vt 0.56403 0.72570
vt 0.55017 0.71242
vt 0.61165 0.68797
vt 0.59693 0.74804
vt 0.57962 0.73758
vt 0.65954 0.70188
vt 0.65598 0.76855
vt 0.63528 0.76367
vt 0.83643 0.72584
vt 0.81653 0.74262
vt 0.85269 0.70495
vt 0.55329 0.61789
vt 0.54607 0.59113
vt 0.88159 0.22754
vt 0.88159 0.57666
vt 0.80053 0.57568
vt 0.80053 0.22754
vt 0.53802 0.69774
vt 0.57641 0.66016
vt 0.67770 0.77148
vt 0.68823 0.70362
vt 0.87978 0.61544
vt 0.79944 0.59999
vt 0.20141 0.68946
vt 0.23487 0.65796
vt 0.86533 0.67958
vt 0.78303 0.65756
vt 0.79069 0.64093
vt 0.33931 0.77158
vt 0.34643 0.70362
vt 0.87436 0.64975
vt 0.79616 0.62173
vt 0.45814 0.59999
vt 0.40633 0.76883
vt 0.35961 0.77246
vt 0.36845 0.70234
vt 0.38800 0.69850
vt 0.61560 0.75683
vt 0.63401 0.69667
vt 0.76578 0.76500
vt 0.74647 0.69211
vt 0.76104 0.68315
vt 0.79298 0.75568
vt 0.71007 0.70234
vt 0.70043 0.77246
vt 0.41972 0.68315
vt 0.47892 0.73976
vt 0.77319 0.67164
vt 0.73493 0.77060
vt 0.72948 0.69850
vt 0.40509 0.69211
vt 0.44610 0.75793
vt 0.45923 0.22754
vt 0.54029 0.22754
vt 0.56341 0.64090
vt 0.52759 0.68164
vt 0.20089 0.54757
vt 0.22213 0.63736
vt 0.20513 0.58217
vt 0.21221 0.61210
vt 0.35000 0.31981
vt 0.35000 0.30111
vt 0.65000 0.30111
vt 0.65000 0.31981
vt 0.35000 0.28321
vt 0.35000 0.26611
vt 0.65000 0.26611
vt 0.65000 0.28321
vt 0.35000 0.25017
vt 0.35000 0.23572
vt 0.65000 0.23572
vt 0.65000 0.25017
vt 0.35000 0.71797
vt 0.35000 0.70440
vt 0.65000 0.70440
vt 0.65000 0.71797
vt 0.65000 0.68946
vt 0.65000 0.76270
vt 0.35000 0.76270
vt 0.35000 0.68946
vt 0.35000 0.18433
vt 0.35000 0.11841
vt 0.65000 0.11841
vt 0.65000 0.18433
vt 0.65000 0.22754
vt 0.65000 0.50830
vt 0.35000 0.50830
vt 0.35000 0.22754
vt 0.35000 0.88159
vt 0.35000 0.80053
vt 0.65000 0.80053
vt 0.65000 0.88159
vt 0.35000 0.67164
vt 0.35000 0.65756
vt 0.65000 0.65756
vt 0.65000 0.67164
vt 0.35000 0.64093
vt 0.35000 0.62173
vt 0.65000 0.62173
vt 0.65000 0.64093
vt 0.65000 0.52636
vt 0.65000 0.56062
vt 0.35000 0.56062
vt 0.35000 0.52636
vt 0.35000 0.56403
vt 0.35000 0.55017
vt 0.65000 0.55017
vt 0.65000 0.56403
vt 0.35000 0.59693
vt 0.35000 0.57962
vt 0.65000 0.57962
vt 0.65000 0.59693
vt 0.35000 0.65598
vt 0.35000 0.63528
vt 0.65000 0.63528
vt 0.65000 0.65598
vt 0.35000 0.83643
vt 0.35000 0.81653
vt 0.65000 0.81653
vt 0.65000 0.83643
vt 0.65000 0.70495
vt 0.65000 0.72584
vt 0.35000 0.72584
vt 0.35000 0.70495
vt 0.65000 0.59113
vt 0.65000 0.61789
vt 0.35000 0.61789
vt 0.35000 0.59113
vt 0.65000 0.22754
vt 0.65000 0.57666
vt 0.35000 0.57666
vt 0.35000 0.22754
vt 0.35000 0.57568
vt 0.35000 0.22754
vt 0.65000 0.22754
vt 0.65000 0.57568
vt 0.35000 0.19947
vt 0.35000 0.11841
vt 0.65000 0.11841
vt 0.65000 0.19947
vt 0.35000 0.42359
vt 0.35000 0.40755
vt 0.65000 0.40755
vt 0.65000 0.42359
vt 0.35000 0.71242
vt 0.35000 0.69774
vt 0.65000 0.69774
vt 0.65000 0.71242
vt 0.35000 0.67770
vt 0.65000 0.67770
vt 0.35000 0.34046
vt 0.35000 0.31177
vt 0.65000 0.31177
vt 0.65000 0.34046
vt 0.65000 0.61544
vt 0.35000 0.61544
vt 0.35000 0.59999
vt 0.65000 0.59999
vt 0.35000 0.68946
vt 0.65000 0.68946
vt 0.65000 0.65796
vt 0.65000 0.67440
vt 0.35000 0.67440
vt 0.35000 0.65796
vt 0.65000 0.67958
vt 0.35000 0.67958
vt 0.35000 0.65756
vt 0.35000 0.64093
vt 0.65000 0.64093
vt 0.65000 0.65756
vt 0.35000 0.38835
vt 0.65000 0.38835
vt 0.35000 0.33931
vt 0.65000 0.33931
vt 0.35000 0.68240
vt 0.35000 0.65357
vt 0.65000 0.65357
vt 0.65000 0.68240
vt 0.35000 0.22278
vt 0.65000 0.22278
vt 0.35000 0.74934
vt 0.35000 0.73029
vt 0.65000 0.73029
vt 0.65000 0.74934
vt 0.35000 0.70798
vt 0.65000 0.70798
vt 0.65000 0.64975
vt 0.35000 0.64975
vt 0.35000 0.62173
vt 0.65000 0.62173
vt 0.35000 0.59999
vt 0.35000 0.57568
vt 0.65000 0.57568
vt 0.65000 0.59999
vt 0.35000 0.40633
vt 0.35000 0.35961
vt 0.65000 0.35961
vt 0.65000 0.40633
vt 0.35000 0.63155
vt 0.35000 0.61200
vt 0.65000 0.61200
vt 0.65000 0.63155
vt 0.35000 0.36599
vt 0.65000 0.36599
vt 0.35000 0.61560
vt 0.65000 0.61560
vt 0.35000 0.25353
vt 0.35000 0.23896
vt 0.65000 0.23896
vt 0.65000 0.25353
vt 0.35000 0.79298
vt 0.35000 0.76578
vt 0.65000 0.76578
vt 0.65000 0.79298
vt 0.35000 0.28993
vt 0.65000 0.28993
vt 0.35000 0.70043
vt 0.65000 0.70043
vt 0.35000 0.58028
vt 0.35000 0.56811
vt 0.65000 0.56811
vt 0.65000 0.58028
vt 0.35000 0.50478
vt 0.35000 0.47892
vt 0.65000 0.47892
vt 0.65000 0.50478
vt 0.35000 0.22681
vt 0.65000 0.22681
vt 0.65000 0.68164
vt 0.65000 0.71434
vt 0.35000 0.71434
vt 0.35000 0.68164
vt 0.35000 0.73493
vt 0.65000 0.73493
vt 0.35000 0.27052
vt 0.65000 0.27052
vt 0.35000 0.59491
vt 0.65000 0.59491
vt 0.35000 0.44610
vt 0.65000 0.44610
vt 0.35000 0.67164
vt 0.65000 0.67164
vt 0.35000 0.22754
vt 0.65000 0.22754
vt 0.35000 0.54077
vt 0.35000 0.45971
vt 0.65000 0.45971
vt 0.65000 0.54077
vt 0.65000 0.22754
vt 0.35000 0.22754
vt 0.65000 0.64090
vt 0.65000 0.66016
vt 0.35000 0.66016
vt 0.35000 0.64090
vt 0.35000 0.68164
vt 0.65000 0.68164
vt 0.65000 0.54757
vt 0.35000 0.54757
vt 0.35000 0.76270
vt 0.35000 0.22754
vt 0.65000 0.22754
vt 0.65000 0.76270
vt 0.35000 0.20141
vt 0.35000 0.19751
vt 0.65000 0.19751
vt 0.65000 0.20141
vt 0.65000 0.63736
vt 0.35000 0.63736
vt 0.35000 0.52759
vt 0.35000 0.52369
vt 0.65000 0.52369
vt 0.65000 0.52759
vt 0.65000 0.58217
vt 0.35000 0.58217
vt 0.65000 0.61210
vt 0.35000 0.61210
vn -0.00000 0.00000 -1.00000
vn -0.00000 0.00000 -1.00000
vn -0.00000 0.00000 -1.00000
vn 0.00000 0.00000 -1.00000
vn 0.00000 0.00000 -1.00000
vn 0.00000 0.00000 -1.00000
vn 0.00000 0.00000 -1.00000
vn 0.00000 0.00000 -1.00000
vn 0.00000 0.00000 -1.00000
vn 0.00000 0.00000 -1.00000
vn 0.00000 0.00000 -1.00000
vn 0.00000 0.00000 -1.00000
vn 0.00000 0.00000 -1.00000
vn 0.00000 0.00000 -1.00000
vn 0.00000 0.00000 -1.00000
vn 0.00000 0.00000 -1.00000
vn 0.00000 0.00000 -1.00000
vn 0.00000 0.00000 -1.00000
vn -0.00000 0.00000 -1.00000
vn -0.00000 0.00000 -1.00000
vn -0.00000 0.00000 -1.00000
vn 0.00000 0.00000 -1.00000
vn 0.00000 0.00000 -1.00000
vn 0.00000 0.00000 -1.00000
vn -0.00000 0.00000 -1.00000
vn -0.00000 0.00000 -1.00000
vn -0.00000 0.00000 -1.00000
vn 0.00000 0.00000 -1.00000
vn 0.00000 0.00000 -1.00000
vn 0.00000 0.00000 -1.00000
vn 0.00000 0.00000 -1.00000
vn 0.00000 0.00000 -1.00000
vn 0.00000 0.00000 -1.00000
vn 0.00000 0.00000 -1.00000
vn 0.00000 0.00000 -1.00000
vn 0.00000 0.00000 -1.00000
vn -0.00000 0.00000 -1.00000
vn -0.00000 0.00000 -1.00000
vn -0.00000 0.00000 -1.00000
vn 0.00000 0.00000 -1.00000
vn 0.00000 0.00000 -1.00000
vn 0.00000 0.00000 -1.00000
vn 0.00000 0.00000 -1.00000
vn -0.00000 0.00000 -1.00000
vn 0.00000 0.00000 -1.00000
vn 0.00000 0.00000 -1.00000
vn -0.00000 0.00000 -1.00000
vn -0.00000 0.00000 -1.00000
vn -0.00000 0.00000 -1.00000
vn -0.00000 0.00000 -1.00000
vn 0.00000 0.00000 -1.00000
vn -0.00000 0.00000 -1.00000
vn 0.00000 0.00000 -1.00000
vn 0.00000 0.00000 -1.00000
vn -0.00000 0.00000 -1.00000
vn 0.00000 0.00000 -1.00000
vn -0.00000 0.00000 -1.00000
vn -0.00000 0.00000 -1.00000
vn -0.00000 0.00000 -1.00000
vn 0.00000 0.00000 -1.00000
vn -0.00000 0.00000 -1.00000
vn -0.00000 0.00000 -1.00000
vn -0.00000 0.00000 -1.00000
vn -0.00000 0.00000 -1.00000
vn -0.00000 0.00000 -1.00000
vn -0.00000 0.00000 -1.00000
vn 0.00000 0.00000 -1.00000
vn 0.00000 0.00000 -1.00000
vn 0.00000 0.00000 -1.00000
vn 0.00000 0.00000 -1.00000
vn 0.00000 0.00000 -1.00000
vn -0.00000 0.00000 -1.00000
vn 0.00000 0.00000 -1.00000
vn 0.00000 0.00000 -1.00000
vn 0.00000 0.00000 -1.00000
vn 0.00000 0.00000 -1.00000
vn 0.00000 0.00000 -1.00000
vn 0.00000 0.00000 -1.00000
vn -0.00000 0.00000 -1.00000
vn -0.00000 0.00000 -1.00000
vn -0.00000 0.00000 -1.00000
vn -0.00000 0.00000 -1.00000
vn 0.00000 0.00000 -1.00000
vn -0.00000 0.00000 -1.00000
vn 0.00000 0.00000 -1.00000
vn 0.00000 0.00000 -1.00000
vn 0.00000 0.00000 -1.00000
vn -0.00000 0.00000 -1.00000
vn 0.00000 0.00000 -1.00000
vn 0.00000 0.00000 -1.00000
vn 0.00000 0.00000 -1.00000
vn -0.00000 0.00000 -1.00000
vn 0.00000 0.00000 -1.00000
vn 0.00000 0.00000 -1.00000
vn -0.00000 0.00000 -1.00000
vn 0.00000 0.00000 -1.00000
vn -0.00000 0.00000 -1.00000
vn -0.00000 0.00000 -1.00000
vn -0.00000 0.00000 -1.00000
vn 0.00000 0.00000 -1.00000
vn -0.00000 0.00000 -1.00000
vn -0.00000 0.00000 -1.00000
vn 0.00000 0.00000 -1.00000
vn 0.00000 0.00000 -1.00000
vn 0.00000 0.00000 -1.00000
vn 0.00000 0.00000 -1.00000
vn 0.00000 0.00000 -1.00000
vn -0.00000 0.00000 -1.00000
vn 0.00000 0.00000 -1.00000
vn 0.00000 0.00000 -1.00000
vn -0.00000 0.00000 -1.00000
vn 0.00000 0.00000 -1.00000
vn -0.00000 0.00000 -1.00000
vn -0.00000 0.00000 -1.00000
vn 0.00000 0.00000 -1.00000
vn 0.00000 0.00000 -1.00000
vn 0.00000 0.00000 -1.00000
vn 0.00000 0.00000 -1.00000
vn 0.00000 0.00000 -1.00000
vn 0.00000 0.00000 -1.00000
vn 0.00000 0.00000 -1.00000
vn 0.00000 0.00000 -1.00000
vn -0.00000 0.00000 -1.00000
vn -0.00000 0.00000 -1.00000
vn -0.00000 0.00000 -1.00000
vn -0.00000 0.00000 -1.00000
vn -0.00000 0.00000 -1.00000
vn 0.00000 0.00000 -1.00000
vn -0.00000 0.00000 -1.00000
vn -0.00000 0.00000 -1.00000
vn -0.00000 0.00000 -1.00000
vn -0.00000 0.00000 -1.00000
vn -0.00000 0.00000 -1.00000
vn -0.00000 0.00000 -1.00000
vn 0.00000 0.00000 -1.00000
vn -0.00000 0.00000 -1.00000
vn 0.00000 0.00000 -1.00000
vn 0.00000 0.00000 -1.00000
vn -0.00000 0.00000 -1.00000
vn -0.00000 0.00000 -1.00000
vn -0.00000 0.00000 -1.00000
vn -0.00000 0.00000 -1.00000
vn 0.00000 0.00000 -1.00000
vn -0.00000 0.00000 -1.00000
vn 0.00000 0.00000 -1.00000
vn 0.00000 0.00000 -1.00000
vn 0.00000 0.00000 -1.00000
vn 0.00000 0.00000 -1.00000
vn 0.00000 0.00000 -1.00000
vn 0.00000 0.00000 -1.00000
vn 0.00000 0.00000 -1.00000
vn 0.00000 0.00000 -1.00000
vn 0.00000 0.00000 -1.00000
vn 0.00000 0.00000 -1.00000
vn -0.00000 0.00000 -1.00000
vn -0.00000 0.00000 -1.00000
vn -0.00000 0.00000 -1.00000
vn -0.00000 0.00000 -1.00000
vn 0.00000 0.00000 -1.00000
vn 0.00000 0.00000 -1.00000
vn 0.00000 0.00000 -1.00000
vn 0.00000 0.00000 -1.00000
vn 0.00000 0.00000 -1.00000
vn 0.00000 0.00000 -1.00000
vn 0.00000 0.00000 -1.00000
vn 0.00000 0.00000 -1.00000
vn 0.00000 0.00000 -1.00000
vn -0.00000 0.00000 -1.00000
vn 0.00000 0.00000 -1.00000
vn 0.00000 0.00000 -1.00000
vn 0.00000 0.00000 -1.00000
vn 0.00000 0.00000 -1.00000
vn 0.00000 0.00000 -1.00000
vn 0.00000 0.00000 -1.00000
vn 0.00000 0.00000 -1.00000
vn -0.00000 0.00000 -1.00000
vn 0.00000 0.00000 -1.00000
vn 0.00000 0.00000 -1.00000
vn 0.00000 0.00000 -1.00000
vn -0.00000 0.00000 -1.00000
vn 0.00000 0.00000 -1.00000
vn 0.00000 0.00000 -1.00000
vn 0.00000 0.00000 -1.00000
vn -0.00000 0.00000 -1.00000
vn -0.00000 0.00000 -1.00000
vn -0.00000 0.00000 -1.00000
vn 0.00000 -0.00000 1.00000
vn 0.00000 -0.00000 1.00000
vn 0.00000 -0.00000 1.00000
vn 0.00000 -0.00000 1.00000
vn 0.00000 -0.00000 1.00000
vn 0.00000 -0.00000 1.00000
vn 0.00000 -0.00000 1.00000
vn 0.00000 -0.00000 1.00000
vn 0.00000 -0.00000 1.00000
vn 0.00000 -0.00000 1.00000
vn 0.00000 -0.00000 1.00000
vn 0.00000 -0.00000 1.00000
vn 0.00000 -0.00000 1.00000
vn 0.00000 -0.00000 1.00000
vn 0.00000 -0.00000 1.00000
vn 0.00000 -0.00000 1.00000
vn 0.00000 -0.00000 1.00000
vn 0.00000 -0.00000 1.00000
vn 0.00000 -0.00000 1.00000
vn 0.00000 -0.00000 1.00000
vn 0.00000 -0.00000 1.00000
vn 0.00000 -0.00000 1.00000
vn 0.00000 -0.00000 1.00000
vn 0.00000 -0.00000 1.00000
vn 0.00000 -0.00000 1.00000
vn 0.00000 -0.00000 1.00000
vn 0.00000 -0.00000 1.00000
vn 0.00000 -0.00000 1.00000
vn 0.00000 -0.00000 1.00000
vn 0.00000 -0.00000 1.00000
vn 0.00000 -0.00000 1.00000
vn 0.00000 -0.00000 1.00000
vn 0.00000 -0.00000 1.00000
vn 0.00000 -0.00000 1.00000
vn 0.00000 -0.00000 1.00000
vn 0.00000 -0.00000 1.00000
vn 0.00000 -0.00000 1.00000
vn 0.00000 -0.00000 1.00000
vn 0.00000 -0.00000 1.00000
vn 0.00000 -0.00000 1.00000
vn 0.00000 -0.00000 1.00000
vn 0.00000 -0.00000 1.00000
vn 0.00000 -0.00000 1.00000
vn 0.00000 -0.00000 1.00000
vn 0.00000 -0.00000 1.00000
vn 0.00000 -0.00000 1.00000
vn 0.00000 -0.00000 1.00000
vn 0.00000 -0.00000 1.00000
vn 0.00000 -0.00000 1.00000
vn 0.00000 -0.00000 1.00000
vn 0.00000 -0.00000 1.00000
vn 0.00000 -0.00000 1.00000
vn 0.00000 -0.00000 1.00000
vn 0.00000 -0.00000 1.00000
vn 0.00000 -0.00000 1.00000
vn 0.00000 -0.00000 1.00000
vn 0.00000 -0.00000 1.00000
vn 0.00000 -0.00000 1.00000
vn 0.00000 -0.00000 1.00000
vn 0.00000 -0.00000 1.00000
vn 0.00000 -0.00000 1.00000
vn 0.00000 -0.00000 1.00000
vn 0.00000 -0.00000 1.00000
vn 0.00000 -0.00000 1.00000
vn 0.00000 -0.00000 1.00000
vn 0.00000 -0.00000 1.00000
vn 0.00000 -0.00000 1.00000
vn 0.00000 -0.00000 1.00000
vn 0.00000 -0.00000 1.00000
vn 0.00000 -0.00000 1.00000
vn 0.00000 -0.00000 1.00000
vn 0.00000 -0.00000 1.00000
vn 0.00000 -0.00000 1.00000
vn 0.00000 -0.00000 1.00000
vn 0.00000 -0.00000 1.00000
vn 0.00000 -0.00000 1.00000
vn 0.00000 -0.00000 1.00000
vn 0.00000 -0.00000 1.00000
vn 0.00000 -0.00000 1.00000
vn 0.00000 -0.00000 1.00000
vn 0.00000 -0.00000 1.00000
vn 0.00000 -0.00000 1.00000
vn 0.00000 -0.00000 1.00000
vn 0.00000 -0.00000 1.00000
vn 0.00000 -0.00000 1.00000
vn 0.00000 -0.00000 1.00000
vn 0.00000 -0.00000 1.00000
vn 0.00000 -0.00000 1.00000
vn 0.00000 -0.00000 1.00000
vn 0.00000 -0.00000 1.00000
vn 0.00000 -0.00000 1.00000
vn 0.00000 -0.00000 1.00000
vn 0.00000 -0.00000 1.00000
vn 0.00000 -0.00000 1.00000
vn 0.00000 -0.00000 1.00000
vn 0.00000 -0.00000 1.00000
vn 0.00000 -0.00000 1.00000
vn 0.00000 -0.00000 1.00000
vn 0.00000 -0.00000 1.00000
vn 0.00000 -0.00000 1.00000
vn 0.00000 -0.00000 1.00000
vn 0.00000 -0.00000 1.00000
vn 0.00000 -0.00000 1.00000
vn 0.00000 -0.00000 1.00000
vn 0.00000 -0.00000 1.00000
vn 0.00000 -0.00000 1.00000
vn 0.00000 -0.00000 1.00000
vn 0.00000 -0.00000 1.00000
vn 0.00000 -0.00000 1.00000
vn 0.00000 -0.00000 1.00000
vn 0.00000 -0.00000 1.00000
vn 0.00000 -0.00000 1.00000
vn 0.00000 -0.00000 1.00000
vn 0.00000 -0.00000 1.00000
vn 0.00000 -0.00000 1.00000
vn 0.00000 -0.00000 1.00000
vn 0.00000 -0.00000 1.00000
vn 0.00000 -0.00000 1.00000
vn 0.00000 -0.00000 1.00000
vn 0.00000 -0.00000 1.00000
vn 0.00000 -0.00000 1.00000
vn 0.00000 -0.00000 1.00000
vn 0.00000 -0.00000 1.00000
vn 0.00000 -0.00000 1.00000
vn 0.00000 -0.00000 1.00000
vn 0.00000 -0.00000 1.00000
vn 0.00000 -0.00000 1.00000
vn 0.00000 -0.00000 1.00000
vn 0.00000 -0.00000 1.00000
vn 0.00000 -0.00000 1.00000
vn 0.00000 -0.00000 1.00000
vn 0.00000 -0.00000 1.00000
vn 0.00000 -0.00000 1.00000
vn 0.00000 -0.00000 1.00000
vn 0.00000 -0.00000 1.00000
vn 0.00000 -0.00000 1.00000
vn 0.00000 -0.00000 1.00000
vn 0.00000 -0.00000 1.00000
vn 0.00000 -0.00000 1.00000
vn 0.00000 -0.00000 1.00000
vn 0.00000 -0.00000 1.00000
vn 0.00000 -0.00000 1.00000
vn 0.00000 -0.00000 1.00000
vn 0.00000 -0.00000 1.00000
vn 0.00000 -0.00000 1.00000
vn 0.00000 -0.00000 1.00000
vn 0.00000 -0.00000 1.00000
vn 0.00000 -0.00000 1.00000
vn 0.00000 -0.00000 1.00000
vn 0.00000 -0.00000 1.00000
vn 0.00000 -0.00000 1.00000
vn 0.00000 -0.00000 1.00000
vn 0.00000 -0.00000 1.00000
vn 0.00000 -0.00000 1.00000
vn 0.00000 -0.00000 1.00000
vn 0.00000 -0.00000 1.00000
vn 0.00000 -0.00000 1.00000
vn 0.00000 -0.00000 1.00000
vn 0.00000 -0.00000 1.00000
vn 0.00000 -0.00000 1.00000
vn 0.00000 -0.00000 1.00000
vn 0.00000 -0.00000 1.00000
vn 0.00000 -0.00000 1.00000
vn 0.00000 -0.00000 1.00000
vn 0.00000 -0.00000 1.00000
vn 0.00000 -0.00000 1.00000
vn 0.00000 -0.00000 1.00000
vn 0.00000 -0.00000 1.00000
vn 0.00000 -0.00000 1.00000
vn 0.00000 -0.00000 1.00000
vn 0.00000 -0.00000 1.00000
vn 0.00000 -0.00000 1.00000
vn 0.00000 -0.00000 1.00000
vn 0.00000 -0.00000 1.00000
vn 0.00000 -0.00000 1.00000
vn 0.00000 -0.00000 1.00000
vn 0.00000 -0.00000 1.00000
vn 0.00000 -0.00000 1.00000
vn 0.00000 -0.00000 1.00000
vn 0.00000 -0.00000 1.00000
vn 0.00000 -0.00000 1.00000
vn 0.00000 -0.00000 1.00000
vn 0.00000 -0.00000 1.00000
vn 0.00000 -0.00000 1.00000
vn 0.00000 -0.00000 1.00000
vn 0.00000 -0.00000 1.00000
vn -0.22884 0.97346 0.00000
vn -0.22884 0.97346 0.00000
vn -0.22884 0.97346 0.00000
vn -0.22884 0.97346 0.00000
vn -0.41989 0.90757 0.00000
vn -0.41989 0.90757 0.00000
vn -0.41989 0.90757 0.00000
vn -0.41989 0.90757 0.00000
vn -0.60015 0.79989 0.00000
vn -0.60015 0.79989 0.00000
vn -0.60015 0.79989 0.00000
vn -0.60015 0.79989 0.00000
vn -0.76467 0.64442 0.00000
vn -0.76467 0.64442 0.00000
vn -0.76467 0.64442 0.00000
vn -0.76467 0.64442 0.00000
vn 0.98419 0.17711 0.00000
vn 0.98419 0.17711 0.00000
vn 0.98419 0.17711 0.00000
vn 0.98419 0.17711 0.00000
vn 0.00000 1.00000 0.00000
vn 0.00000 1.00000 0.00000
vn 0.00000 1.00000 0.00000
vn 0.00000 1.00000 0.00000
vn 1.00000 0.00000 0.00000
vn 1.00000 0.00000 0.00000
vn 1.00000 0.00000 0.00000
vn 1.00000 0.00000 0.00000
vn 0.00000 -1.00000 -0.00000
vn 0.00000 -1.00000 -0.00000
vn 0.00000 -1.00000 -0.00000
vn 0.00000 -1.00000 -0.00000
vn -0.81957 -0.57297 -0.00000
vn -0.81957 -0.57297 -0.00000
vn -0.81957 -0.57297 -0.00000
vn -0.81957 -0.57297 -0.00000
vn -0.96173 -0.27401 -0.00000
vn -0.96173 -0.27401 -0.00000
vn -0.96173 -0.27401 -0.00000
vn -0.96173 -0.27401 -0.00000
vn 0.99911 -0.04213 -0.00000
vn 0.99911 -0.04213 -0.00000
vn 0.99911 -0.04213 -0.00000
vn 0.99911 -0.04213 -0.00000
vn -0.69163 0.72225 0.00000
vn -0.69163 0.72225 0.00000
vn -0.69163 0.72225 0.00000
vn -0.69163 0.72225 0.00000
vn -0.51737 0.85576 0.00000
vn -0.51737 0.85576 0.00000
vn -0.51737 0.85576 0.00000
vn -0.51737 0.85576 0.00000
vn -0.22964 0.97328 0.00000
vn -0.22964 0.97328 0.00000
vn -0.22964 0.97328 0.00000
vn -0.22964 0.97328 0.00000
vn 0.64475 0.76439 0.00000
vn 0.64475 0.76439 0.00000
vn 0.64475 0.76439 0.00000
vn 0.64475 0.76439 0.00000
vn 0.78920 0.61413 0.00000
vn 0.78920 0.61413 0.00000
vn 0.78920 0.61413 0.00000
vn 0.78920 0.61413 0.00000
vn 0.96544 -0.26063 -0.00000
vn 0.96544 -0.26063 -0.00000
vn 0.96544 -0.26063 -0.00000
vn 0.96544 -0.26063 -0.00000
vn 1.00000 0.00000 0.00000
vn 1.00000 0.00000 0.00000
vn 1.00000 0.00000 0.00000
vn 1.00000 0.00000 0.00000
vn -1.00000 0.00000 0.00000
vn -1.00000 0.00000 0.00000
vn -1.00000 0.00000 0.00000
vn -1.00000 0.00000 0.00000
vn 0.00000 -1.00000 -0.00000
vn 0.00000 -1.00000 -0.00000
vn 0.00000 -1.00000 -0.00000
vn 0.00000 -1.00000 -0.00000
vn 0.69830 -0.71580 -0.00000
vn 0.69830 -0.71580 -0.00000
vn 0.69830 -0.71580 -0.00000
vn 0.69830 -0.71580 -0.00000
vn -0.77059 0.63733 0.00000
vn -0.77059 0.63733 0.00000
vn -0.77059 0.63733 0.00000
vn -0.77059 0.63733 0.00000
vn -0.13373 0.99102 0.00000
vn -0.13373 0.99102 0.00000
vn -0.13373 0.99102 0.00000
vn -0.13373 0.99102 0.00000
vn 0.06048 -0.99817 -0.00000
vn 0.06048 -0.99817 -0.00000
vn 0.06048 -0.99817 -0.00000
vn 0.06048 -0.99817 -0.00000
vn 0.99892 0.04653 0.00000
vn 0.99892 0.04653 0.00000
vn 0.99892 0.04653 0.00000
vn 0.99892 0.04653 0.00000
vn -0.99899 -0.04495 -0.00000
vn -0.99899 -0.04495 -0.00000
vn -0.99899 -0.04495 -0.00000
vn -0.99899 -0.04495 -0.00000
vn -0.83269 0.55374 0.00000
vn -0.83269 0.55374 0.00000
vn -0.83269 0.55374 0.00000
vn -0.83269 0.55374 0.00000
vn 0.72116 -0.69277 -0.00000
vn 0.72116 -0.69277 -0.00000
vn 0.72116 -0.69277 -0.00000
vn 0.72116 -0.69277 -0.00000
vn 0.89495 0.44616 0.00000
vn 0.89495 0.44616 0.00000
vn 0.89495 0.44616 0.00000
vn 0.89495 0.44616 0.00000
vn -0.90843 -0.41804 -0.00000
vn -0.90843 -0.41804 -0.00000
vn -0.90843 -0.41804 -0.00000
vn -0.90843 -0.41804 -0.00000
vn 0.53531 -0.84465 -0.00000
vn 0.53531 -0.84465 -0.00000
vn 0.53531 -0.84465 -0.00000
vn 0.53531 -0.84465 -0.00000
vn -0.60590 0.79554 0.00000
vn -0.60590 0.79554 0.00000
vn -0.60590 0.79554 0.00000
vn -0.60590 0.79554 0.00000
vn -0.13405 0.99097 0.00000
vn -0.13405 0.99097 0.00000
vn -0.13405 0.99097 0.00000
vn -0.13405 0.99097 0.00000
vn 0.06322 -0.99800 -0.00000
vn 0.06322 -0.99800 -0.00000
vn 0.06322 -0.99800 -0.00000
vn 0.06322 -0.99800 -0.00000
vn -0.68611 0.72749 0.00000
vn -0.68611 0.72749 0.00000
vn -0.68611 0.72749 0.00000
vn -0.68611 0.72749 0.00000
vn 0.55723 -0.83036 -0.00000
vn 0.55723 -0.83036 -0.00000
vn 0.55723 -0.83036 -0.00000
vn 0.55723 -0.83036 -0.00000
vn -0.51057 0.85984 0.00000
vn -0.51057 0.85984 0.00000
vn -0.51057 0.85984 0.00000
vn -0.51057 0.85984 0.00000
vn 0.37879 -0.92548 -0.00000
vn 0.37879 -0.92548 -0.00000
vn 0.37879 -0.92548 -0.00000
vn 0.37879 -0.92548 -0.00000
vn 0.98775 0.15602 0.00000
vn 0.98775 0.15602 0.00000
vn 0.98775 0.15602 0.00000
vn 0.98775 0.15602 0.00000
vn -0.98881 -0.14916 -0.00000
vn -0.98881 -0.14916 -0.00000
vn -0.98881 -0.14916 -0.00000
vn -0.98881 -0.14916 -0.00000
vn -0.99899 -0.04495 -0.00000
vn -0.99899 -0.04495 -0.00000
vn -0.99899 -0.04495 -0.00000
vn -0.99899 -0.04495 -0.00000
vn 0.99006 -0.14065 -0.00000
vn 0.99006 -0.14065 -0.00000
vn 0.99006 -0.14065 -0.00000
vn 0.99006 -0.14065 -0.00000
vn 0.07752 0.99699 0.00000
vn 0.07752 0.99699 0.00000
vn 0.07752 0.99699 0.00000
vn 0.07752 0.99699 0.00000
vn -0.19258 -0.98128 -0.00000
vn -0.19258 -0.98128 -0.00000
vn -0.19258 -0.98128 -0.00000
vn -0.19258 -0.98128 -0.00000
vn 0.20016 -0.97976 -0.00000
vn 0.20016 -0.97976 -0.00000
vn 0.20016 -0.97976 -0.00000
vn 0.20016 -0.97976 -0.00000
vn -0.32814 0.94463 0.00000
vn -0.32814 0.94463 0.00000
vn -0.32814 0.94463 0.00000
vn -0.32814 0.94463 0.00000
vn 0.95711 0.28974 0.00000
vn 0.95711 0.28974 0.00000
vn 0.95711 0.28974 0.00000
vn 0.95711 0.28974 0.00000
vn -0.96173 -0.27401 -0.00000
vn -0.96173 -0.27401 -0.00000
vn -0.96173 -0.27401 -0.00000
vn -0.96173 -0.27401 -0.00000
vn -0.05800 -0.99832 -0.00000
vn -0.05800 -0.99832 -0.00000
vn -0.05800 -0.99832 -0.00000
vn -0.05800 -0.99832 -0.00000
vn -0.04328 0.99906 0.00000
vn -0.04328 0.99906 0.00000
vn -0.04328 0.99906 0.00000
vn -0.04328 0.99906 0.00000
vn -0.32511 0.94567 0.00000
vn -0.32511 0.94567 0.00000
vn -0.32511 0.94567 0.00000
vn -0.32511 0.94567 0.00000
vn 0.20950 -0.97781 -0.00000
vn 0.20950 -0.97781 -0.00000
vn 0.20950 -0.97781 -0.00000
vn 0.20950 -0.97781 -0.00000
vn -0.52361 -0.85196 -0.00000
vn -0.52361 -0.85196 -0.00000
vn -0.52361 -0.85196 -0.00000
vn -0.52361 -0.85196 -0.00000
vn 0.32427 0.94596 0.00000
vn 0.32427 0.94596 0.00000
vn 0.32427 0.94596 0.00000
vn 0.32427 0.94596 0.00000
vn -0.05848 -0.99829 -0.00000
vn -0.05848 -0.99829 -0.00000
vn -0.05848 -0.99829 -0.00000
vn -0.05848 -0.99829 -0.00000
vn -0.04293 0.99908 0.00000
vn -0.04293 0.99908 0.00000
vn -0.04293 0.99908 0.00000
vn -0.04293 0.99908 0.00000
vn -0.68730 -0.72637 -0.00000
vn -0.68730 -0.72637 -0.00000
vn -0.68730 -0.72637 -0.00000
vn -0.68730 -0.72637 -0.00000
vn 0.70112 0.71305 0.00000
vn 0.70112 0.71305 0.00000
vn 0.70112 0.71305 0.00000
vn 0.70112 0.71305 0.00000
vn 0.36226 -0.93208 -0.00000
vn 0.36226 -0.93208 -0.00000
vn 0.36226 -0.93208 -0.00000
vn 0.36226 -0.93208 -0.00000
vn -0.42604 0.90470 0.00000
vn -0.42604 0.90470 0.00000
vn -0.42604 0.90470 0.00000
vn -0.42604 0.90470 0.00000
vn -0.68790 -0.72581 -0.00000
vn -0.68790 -0.72581 -0.00000
vn -0.68790 -0.72581 -0.00000
vn -0.68790 -0.72581 -0.00000
vn 0.48482 0.87462 0.00000
vn 0.48482 0.87462 0.00000
vn 0.48482 0.87462 0.00000
vn 0.48482 0.87462 0.00000
vn 0.86566 0.50064 0.00000
vn 0.86566 0.50064 0.00000
vn 0.86566 0.50064 0.00000
vn 0.86566 0.50064 0.00000
vn -0.90843 -0.41804 -0.00000
vn -0.90843 -0.41804 -0.00000
vn -0.90843 -0.41804 -0.00000
vn -0.90843 -0.41804 -0.00000
vn 0.17843 0.98395 0.00000
vn 0.17843 0.98395 0.00000
vn 0.17843 0.98395 0.00000
vn 0.17843 0.98395 0.00000
vn -0.35228 -0.93589 -0.00000
vn -0.35228 -0.93589 -0.00000
vn -0.35228 -0.93589 -0.00000
vn -0.35228 -0.93589 -0.00000
vn -0.35048 -0.93657 -0.00000
vn -0.35048 -0.93657 -0.00000
vn -0.35048 -0.93657 -0.00000
vn -0.35048 -0.93657 -0.00000
vn 0.26429 0.96444 0.00000
vn 0.26429 0.96444 0.00000
vn 0.26429 0.96444 0.00000
vn 0.26429 0.96444 0.00000
vn -0.81957 -0.57297 -0.00000
vn -0.81957 -0.57297 -0.00000
vn -0.81957 -0.57297 -0.00000
vn -0.81957 -0.57297 -0.00000
vn -0.98881 -0.14916 -0.00000
vn -0.98881 -0.14916 -0.00000
vn -0.98881 -0.14916 -0.00000
vn -0.98881 -0.14916 -0.00000
vn -0.52205 -0.85292 -0.00000
vn -0.52205 -0.85292 -0.00000
vn -0.52205 -0.85292 -0.00000
vn -0.52205 -0.85292 -0.00000
vn 0.48428 0.87492 0.00000
vn 0.48428 0.87492 0.00000
vn 0.48428 0.87492 0.00000
vn 0.48428 0.87492 0.00000
vn 0.05397 0.99854 0.00000
vn 0.05397 0.99854 0.00000
vn 0.05397 0.99854 0.00000
vn 0.05397 0.99854 0.00000
vn -0.19392 -0.98102 -0.00000
vn -0.19392 -0.98102 -0.00000
vn -0.19392 -0.98102 -0.00000
vn -0.19392 -0.98102 -0.00000
vn -1.00000 0.00000 0.00000
vn -1.00000 0.00000 0.00000
vn -1.00000 0.00000 0.00000
vn -1.00000 0.00000 0.00000
vn 0.00000 -1.00000 -0.00000
vn 0.00000 -1.00000 -0.00000
vn 0.00000 -1.00000 -0.00000
vn 0.00000 -1.00000 -0.00000
vn 1.00000 0.00000 0.00000
vn 1.00000 0.00000 0.00000
vn 1.00000 0.00000 0.00000
vn 1.00000 0.00000 0.00000
vn 0.82878 -0.55957 -0.00000
vn 0.82878 -0.55957 -0.00000
vn 0.82878 -0.55957 -0.00000
vn 0.82878 -0.55957 -0.00000
vn -0.83926 0.54373 0.00000
vn -0.83926 0.54373 0.00000
vn -0.83926 0.54373 0.00000
vn -0.83926 0.54373 0.00000
vn 0.99935 -0.03604 -0.00000
vn 0.99935 -0.03604 -0.00000
vn 0.99935 -0.03604 -0.00000
vn 0.99935 -0.03604 -0.00000
vn -1.00000 0.00000 0.00000
vn -1.00000 0.00000 0.00000
vn -1.00000 0.00000 0.00000
vn -1.00000 0.00000 0.00000
vn 0.00000 1.00000 0.00000
vn 0.00000 1.00000 0.00000
vn 0.00000 1.00000 0.00000
vn 0.00000 1.00000 0.00000
vn 0.85039 -0.52615 -0.00000
vn 0.85039 -0.52615 -0.00000
vn 0.85039 -0.52615 -0.00000
vn 0.85039 -0.52615 -0.00000
vn 0.91547 -0.40238 -0.00000
vn 0.91547 -0.40238 -0.00000
vn 0.91547 -0.40238 -0.00000
vn 0.91547 -0.40238 -0.00000
vn 0.00000 1.00000 0.00000
vn 0.00000 1.00000 0.00000
vn 0.00000 1.00000 0.00000
vn 0.00000 1.00000 0.00000
vn 0.99255 -0.12186 -0.00000
vn 0.99255 -0.12186 -0.00000
vn 0.99255 -0.12186 -0.00000
vn 0.99255 -0.12186 -0.00000
vn 0.93092 -0.36522 -0.00000
vn 0.93092 -0.36522 -0.00000
vn 0.93092 -0.36522 -0.00000
vn 0.93092 -0.36522 -0.00000
vn 0.97315 -0.23018 -0.00000
vn 0.97315 -0.23018 -0.00000
vn 0.97315 -0.23018 -0.00000
vn 0.97315 -0.23018 -0.00000
f 195/429/787 196/430/788 197/431/789 
f 198/432/790 199/433/791 200/434/792 
f 201/435/793 202/436/794 203/437/795 
f 204/438/796 205/439/797 206/440/798 
f 207/441/799 208/442/800 209/443/801 
f 210/444/802 211/445/803 212/446/804 
f 213/447/805 214/448/806 215/449/807 
f 216/450/808 217/451/809 218/452/810 
f 219/453/811 220/454/812 221/455/813 
f 222/456/814 223/457/815 224/458/816 
f 225/459/817 226/460/818 227/461/819 
f 228/462/820 229/463/821 230/464/822 
f 231/465/823 232/466/824 233/467/825 
f 234/468/826 217/451/827 235/469/828 
f 236/470/829 237/471/830 238/472/831 239/473/832 
f 222/456/833 224/458/834 240/474/835 241/475/836 
f 242/476/837 230/464/838 229/463/839 243/477/840 
f 237/471/841 244/478/842 245/479/843 238/472/844 
f 246/480/845 247/481/846 204/438/847 206/440/848 
f 248/482/849 249/483/850 231/465/851 250/484/852 
f 225/459/853 227/461/854 224/458/855 223/457/856 
f 251/485/857 197/431/858 196/430/859 252/486/860 
f 206/440/861 205/439/862 201/435/863 203/437/864 
f 203/437/865 202/436/866 198/432/867 200/434/868 
f 244/478/869 253/487/870 254/488/871 245/479/872 
f 220/454/873 219/453/874 255/489/875 234/468/876 
f 256/490/877 257/491/878 258/492/879 259/493/880 
f 228/462/881 230/464/882 260/494/883 261/495/884 
f 253/487/885 248/482/886 250/484/887 254/488/888 
f 258/492/889 257/491/890 251/485/891 252/486/892 
f 200/434/893 199/433/894 195/429/895 197/431/896 
f 262/496/897 263/497/898 264/498/899 265/499/900 
f 266/500/901 267/501/902 242/476/903 243/477/904 
f 268/502/905 215/449/906 214/448/907 269/503/908 
f 261/495/909 260/494/910 227/461/911 226/460/912 
f 232/466/913 270/504/914 263/497/915 262/496/916 
f 216/450/917 213/447/918 215/449/919 217/451/920 
f 264/498/921 271/505/922 272/506/923 265/499/924 
f 259/493/925 273/507/926 274/508/927 256/490/928 
f 249/483/929 270/504/930 232/466/931 231/465/932 
f 217/451/933 234/468/934 255/489/935 218/452/936 
f 273/507/937 268/502/938 269/503/939 274/508/940 
f 271/505/941 267/501/942 266/500/943 272/506/944 
f 221/455/945 275/509/946 276/510/947 219/453/948 
f 277/511/949 241/475/950 240/474/951 278/512/952 
f 210/444/953 207/441/954 279/513/955 211/445/956 
f 280/514/957 209/443/958 247/481/959 246/480/960 
f 277/511/961 278/512/962 235/469/963 217/451/964 
f 279/513/965 207/441/966 209/443/967 281/515/968 
f 281/515/969 209/443/970 280/514/972 282/516/971 
f 283/517/973 284/518/974 285/519/975 
f 286/520/976 287/521/977 288/522/978 
f 289/523/979 290/524/980 291/525/981 
f 292/526/982 293/527/983 294/528/984 
f 295/529/985 296/530/986 297/531/987 
f 298/532/988 299/533/989 300/534/990 
f 301/535/991 302/536/992 303/537/993 
f 304/538/994 305/539/995 306/540/996 
f 307/541/997 308/542/998 309/543/999 
f 310/544/1000 311/545/1001 312/546/1002 
f 313/547/1003 314/548/1004 315/549/1005 
f 316/550/1006 317/551/1007 318/552/1008 
f 319/553/1009 320/554/1010 321/555/1011 
f 322/556/1012 305/539/1013 323/557/1014 
f 324/558/1015 325/559/1016 326/560/1017 327/561/1018 
f 328/562/1019 329/563/1020 310/544/1021 312/546/1022 
f 330/564/1023 317/551/1024 316/550/1025 331/565/1026 
f 325/559/1027 332/566/1028 333/567/1029 326/560/1030 
f 292/526/1031 294/528/1032 334/568/1033 335/569/1034 
f 336/570/1035 321/555/1036 337/571/1037 338/572/1038 
f 311/545/1039 310/544/1040 313/547/1041 315/549/1042 
f 339/573/1043 284/518/1044 283/517/1045 340/574/1046 
f 289/523/1047 291/525/1048 293/527/1049 292/526/1050 
f 286/520/1051 288/522/1052 290/524/1053 289/523/1054 
f 332/566/1055 341/575/1056 342/576/1057 333/567/1058 
f 323/557/1059 343/577/1060 309/543/1061 308/542/1062 
f 344/578/1063 345/579/1064 346/580/1065 347/581/1066 
f 348/582/1067 349/583/1068 316/550/1069 318/552/1070 
f 341/575/1071 336/570/1072 338/572/1073 342/576/1074 
f 339/573/1075 340/574/1076 346/580/1077 345/579/1078 
f 283/517/1079 285/519/1080 287/521/1081 286/520/1082 
f 350/584/1083 351/585/1084 352/586/1085 353/587/1086 
f 330/564/1087 331/565/1088 354/588/1089 355/589/1090 
f 356/590/1091 302/536/1092 301/535/1093 357/591/1094 
f 314/548/1095 313/547/1096 349/583/1097 348/582/1098 
f 353/587/1099 352/586/1100 358/592/1101 320/554/1102 
f 305/539/1103 301/535/1104 303/537/1105 306/540/1106 
f 350/584/1107 359/593/1108 360/594/1109 351/585/1110 
f 347/581/1111 361/595/1112 362/596/1113 344/578/1114 
f 321/555/1115 320/554/1116 358/592/1117 337/571/1118 
f 304/538/1119 343/577/1120 323/557/1121 305/539/1122 
f 361/595/1123 356/590/1124 357/591/1125 362/596/1126 
f 359/593/1127 355/589/1128 354/588/1129 360/594/1130 
f 309/543/1131 363/597/1132 364/598/1133 307/541/1134 
f 365/599/1135 329/563/1136 328/562/1137 366/600/1138 
f 299/533/1139 367/601/1140 297/531/1141 300/534/1142 
f 335/569/1143 334/568/1144 295/529/1145 368/602/1146 
f 305/539/1147 322/556/1148 365/599/1149 366/600/1150 
f 369/603/1151 295/529/1152 297/531/1153 367/601/1154 
f 370/604/1155 368/602/1156 295/529/1157 369/603/1158 
f 196/605/1159 195/606/1160 285/607/1161 284/608/1162 
f 199/609/1163 198/610/1164 288/611/1165 287/612/1166 
f 202/613/1167 201/614/1168 291/615/1169 290/616/1170 
f 205/617/1171 204/618/1172 294/619/1173 293/620/1174 
f 209/621/1175 208/622/1176 296/623/1177 295/624/1178 
f 208/625/1179 207/626/1180 297/627/1181 296/628/1182 
f 212/629/1183 211/630/1184 299/631/1185 298/632/1186 
f 210/633/1187 212/634/1188 298/635/1189 300/636/1190 
f 214/637/1191 213/638/1192 303/639/1193 302/640/1194 
f 216/641/1195 218/642/1196 304/643/1197 306/644/1198 
f 221/645/1199 220/646/1200 308/647/1201 307/648/1202 
f 223/649/1203 222/650/1204 312/651/1205 311/652/1206 
f 226/653/1207 225/654/1208 315/655/1209 314/656/1210 
f 229/657/1211 228/658/1212 318/659/1213 317/660/1214 
f 233/661/1215 232/662/1216 320/663/1217 319/664/1218 
f 231/665/1219 233/666/1220 319/667/1221 321/668/1222 
f 234/669/1223 235/670/1224 322/671/1225 323/672/1226 
f 239/673/1227 238/674/1228 325/675/1229 324/676/1230 
f 237/677/1231 236/678/1232 327/679/1233 326/680/1234 
f 236/681/1235 239/682/1236 324/683/1237 327/684/1238 
f 240/685/1239 224/686/1240 310/687/1241 329/688/1242 
f 222/689/1243 241/690/1244 328/691/1245 312/692/1246 
f 243/693/1247 229/657/1248 317/660/1249 330/694/1250 
f 230/695/1251 242/696/1252 331/697/1253 316/698/1254 
f 238/674/1255 245/699/1256 332/700/1257 325/675/1258 
f 244/701/1259 237/677/1260 326/680/1261 333/702/1262 
f 204/618/1263 247/703/1264 334/704/1265 294/619/1266 
f 246/705/1267 206/706/1268 292/707/1269 335/708/1270 
f 250/709/1271 231/665/1272 321/668/1273 336/710/1274 
f 249/711/1275 248/712/1276 338/713/1277 337/714/1278 
f 224/686/1279 227/715/1280 313/716/1281 310/687/1282 
f 225/654/1283 223/649/1284 311/652/1285 315/655/1286 
f 252/717/1287 196/605/1288 284/608/1289 339/718/1290 
f 197/719/1291 251/720/1292 340/721/1293 283/722/1294 
f 201/614/1295 205/723/1296 293/724/1297 291/615/1298 
f 206/725/1299 203/726/1300 289/727/1301 292/728/1302 
f 198/610/1303 202/613/1304 290/616/1305 288/611/1306 
f 203/726/1307 200/729/1308 286/730/1309 289/727/1310 
f 245/699/1311 254/731/1312 341/732/1313 332/700/1314 
f 253/733/1315 244/701/1316 333/702/1317 342/734/1318 
f 255/735/1319 219/736/1320 309/737/1321 343/738/1322 
f 220/646/1323 234/669/1324 323/672/1325 308/647/1326 
f 259/739/1327 258/740/1328 345/741/1329 344/742/1330 
f 257/743/1331 256/744/1332 347/745/1333 346/746/1334 
f 260/747/1335 230/695/1336 316/698/1337 349/748/1338 
f 228/658/1339 261/749/1340 348/750/1341 318/659/1342 
f 254/731/1343 250/709/1344 336/710/1345 341/732/1346 
f 248/712/1347 253/733/1348 342/734/1349 338/713/1350 
f 251/720/1351 257/743/1352 346/746/1353 340/721/1354 
f 258/740/1355 252/717/1356 339/718/1357 345/741/1358 
f 195/606/1359 199/609/1360 287/612/1361 285/607/1362 
f 200/729/1363 197/719/1364 283/722/1365 286/730/1366 
f 264/751/1367 263/752/1368 352/753/1369 351/754/1370 
f 262/755/1371 265/756/1372 350/757/1373 353/758/1374 
f 242/696/1375 267/759/1376 354/760/1377 331/697/1378 
f 266/761/1379 243/693/1380 330/694/1381 355/762/1382 
f 269/763/1383 214/764/1384 302/765/1385 356/766/1386 
f 215/767/1387 268/768/1388 357/769/1389 301/770/1390 
f 227/715/1391 260/747/1392 349/748/1393 313/716/1394 
f 261/749/1395 226/653/1396 314/656/1397 348/750/1398 
f 263/752/1399 270/771/1400 358/772/1401 352/753/1402 
f 232/662/1403 262/755/1404 353/758/1405 320/663/1406 
f 217/773/1407 215/774/1408 301/775/1409 305/776/1410 
f 213/638/1411 216/641/1412 306/644/1413 303/639/1414 
f 265/756/1415 272/777/1416 359/778/1417 350/757/1418 
f 271/779/1419 264/751/1420 351/754/1421 360/780/1422 
f 256/744/1423 274/781/1424 361/782/1425 347/745/1426 
f 273/783/1427 259/739/1428 344/742/1429 362/784/1430 
f 270/785/1431 249/711/1432 337/714/1433 358/786/1434 
f 218/642/1435 255/735/1436 343/738/1437 304/643/1438 
f 274/781/1439 269/763/1440 356/766/1441 361/782/1442 
f 268/768/1443 273/783/1444 362/784/1445 357/769/1446 
f 272/777/1447 266/761/1448 355/762/1449 359/778/1450 
f 267/759/1451 271/779/1452 360/780/1453 354/760/1454 
f 219/736/1455 276/787/1456 363/788/1457 309/737/1458 
f 276/789/1459 275/790/1460 364/791/1461 363/792/1462 
f 275/793/1463 221/645/1464 307/648/1465 364/794/1466 
f 278/795/1467 240/796/1468 329/797/1469 365/798/1470 
f 241/690/1471 277/799/1472 366/800/1473 328/691/1474 
f 211/630/1475 279/801/1476 367/802/1477 299/631/1478 
f 207/803/1479 210/804/1480 300/805/1481 297/806/1482 
f 247/807/1483 209/808/1484 295/809/1485 334/810/1486 
f 280/811/1487 246/705/1488 335/708/1489 368/812/1490 
f 235/670/1491 278/795/1492 365/798/1493 322/671/1494 
f 277/813/1495 217/814/1496 305/815/1497 366/816/1498 
f 279/801/1499 281/817/1500 369/818/1501 367/802/1502 
f 282/819/1503 280/811/1504 368/812/1505 370/820/1506 
f 281/817/1507 282/819/1508 370/820/1509 369/818/1510 
o 003_3D_Text_-_e
g 3D_Text_-_e
usemtl Emerald Dream 3
v 17.321 119.924 0.000
v 18.451 119.004 0.000
v 18.124 118.701 0.000
v 20.677 111.221 0.000
v 21.040 109.811 0.000
v 20.619 109.805 0.000
v 21.367 111.250 0.000
v 21.805 109.863 0.000
v 21.435 109.831 0.000
v 22.054 111.336 0.000
v 22.469 109.966 0.000
v 22.150 109.908 0.000
v 22.816 116.377 0.000
v 24.554 116.084 0.000
v 24.554 115.058 0.000
v 15.502 115.264 0.000
v 15.553 116.256 0.000
v 17.220 116.377 0.000
v 17.181 115.058 0.000
v 20.179 119.541 0.000
v 19.685 119.508 0.000
v 19.375 120.837 0.000
v 20.199 120.898 0.000
v 20.664 119.509 0.000
v 20.970 120.845 0.000
v 22.737 111.481 0.000
v 22.780 110.039 0.000
v 17.611 117.926 0.000
v 17.430 117.461 0.000
v 15.961 117.986 0.000
v 16.317 118.723 0.000
v 15.706 117.164 0.000
v 17.300 116.945 0.000
v 17.357 113.696 0.000
v 17.547 113.124 0.000
v 15.996 112.586 0.000
v 15.721 113.389 0.000
v 17.235 114.341 0.000
v 15.557 114.281 0.000
v 17.806 112.624 0.000
v 16.380 111.873 0.000
v 20.051 111.260 0.000
v 19.710 109.863 0.000
v 23.755 110.358 0.000
v 23.423 110.235 0.000
v 23.418 111.683 0.000
v 21.101 119.411 0.000
v 21.674 120.687 0.000
v 18.133 112.197 0.000
v 16.874 111.250 0.000
v 21.836 119.019 0.000
v 21.492 119.248 0.000
v 22.311 120.422 0.000
v 22.880 120.052 0.000
v 22.133 118.726 0.000
v 23.383 119.575 0.000
v 18.524 111.846 0.000
v 17.463 110.730 0.000
v 18.620 120.655 0.000
v 19.232 119.407 0.000
v 22.379 118.371 0.000
v 23.804 119.012 0.000
v 22.707 117.489 0.000
v 22.570 117.958 0.000
v 24.132 118.381 0.000
v 24.367 117.683 0.000
v 22.789 116.961 0.000
v 24.507 116.917 0.000
v 17.842 118.339 0.000
v 16.776 119.375 0.000
v 18.974 111.572 0.000
v 18.132 110.325 0.000
v 19.483 111.377 0.000
v 18.881 110.036 0.000
v 17.936 120.350 0.000
v 18.821 119.239 0.000
v 24.095 111.943 0.000
v 24.095 110.498 0.000
v 23.098 110.128 0.000
v 18.124 118.701 6.000
v 18.451 119.004 6.000
v 17.321 119.924 6.000
v 20.619 109.805 6.000
v 21.040 109.811 6.000
v 20.677 111.221 6.000
v 21.435 109.831 6.000
v 21.805 109.863 6.000
v 21.367 111.250 6.000
v 22.150 109.908 6.000
v 22.469 109.966 6.000
v 22.054 111.336 6.000
v 24.554 115.058 6.000
v 24.554 116.084 6.000
v 22.816 116.377 6.000
v 17.181 115.058 6.000
v 17.220 116.377 6.000
v 15.553 116.256 6.000
v 15.502 115.264 6.000
v 20.199 120.898 6.000
v 19.375 120.837 6.000
v 19.685 119.508 6.000
v 20.179 119.541 6.000
v 20.970 120.845 6.000
v 20.664 119.509 6.000
v 22.780 110.039 6.000
v 22.737 111.481 6.000
v 16.317 118.723 6.000
v 15.961 117.986 6.000
v 17.430 117.461 6.000
v 17.611 117.926 6.000
v 17.300 116.945 6.000
v 15.706 117.164 6.000
v 15.721 113.389 6.000
v 15.996 112.586 6.000
v 17.547 113.124 6.000
v 17.357 113.696 6.000
v 15.557 114.281 6.000
v 17.235 114.341 6.000
v 16.380 111.873 6.000
v 17.806 112.624 6.000
v 19.710 109.863 6.000
v 20.051 111.260 6.000
v 23.418 111.683 6.000
v 23.423 110.235 6.000
v 23.755 110.358 6.000
v 21.674 120.687 6.000
v 21.101 119.411 6.000
v 16.874 111.250 6.000
v 18.133 112.197 6.000
v 22.880 120.052 6.000
v 22.311 120.422 6.000
v 21.492 119.248 6.000
v 21.836 119.019 6.000
v 23.383 119.575 6.000
v 22.133 118.726 6.000
v 17.463 110.730 6.000
v 18.524 111.846 6.000
v 19.232 119.407 6.000
v 18.620 120.655 6.000
v 23.804 119.012 6.000
v 22.379 118.371 6.000
v 24.367 117.683 6.000
v 24.132 118.381 6.000
v 22.570 117.958 6.000
v 22.707 117.489 6.000
v 24.507 116.917 6.000
v 22.789 116.961 6.000
v 16.776 119.375 6.000
v 17.842 118.339 6.000
v 18.132 110.325 6.000
v 18.974 111.572 6.000
v 18.881 110.036 6.000
v 19.483 111.377 6.000
v 18.821 119.239 6.000
v 17.936 120.350 6.000
v 24.095 110.498 6.000
v 24.095 111.943 6.000
v 23.098 110.128 6.000
vt 0.63535 0.72860
vt 0.57884 0.68260
vt 0.59521 0.66748
vt 0.46753 0.29346
vt 0.44941 0.22298
vt 0.47045 0.22266
vt 0.43304 0.29490
vt 0.41113 0.22556
vt 0.42963 0.22395
vt 0.39870 0.29924
vt 0.37793 0.23072
vt 0.39389 0.22782
vt 0.36059 0.55126
vt 0.27369 0.53662
vt 0.27369 0.48534
vt 0.72631 0.49560
vt 0.72376 0.54523
vt 0.64039 0.55126
vt 0.64233 0.48534
vt 0.49243 0.70948
vt 0.51717 0.70780
vt 0.53267 0.77429
vt 0.49145 0.77734
vt 0.46821 0.70785
vt 0.45290 0.77469
vt 0.36452 0.30646
vt 0.36241 0.23436
vt 0.62084 0.62872
vt 0.62988 0.60548
vt 0.70337 0.63172
vt 0.68553 0.66858
vt 0.71611 0.59060
vt 0.63639 0.57966
vt 0.63354 0.41722
vt 0.62402 0.38861
vt 0.70161 0.36171
vt 0.71533 0.40185
vt 0.63965 0.44947
vt 0.72357 0.44648
vt 0.61109 0.36363
vt 0.68241 0.32607
vt 0.49886 0.29541
vt 0.51591 0.22555
vt 0.31363 0.25032
vt 0.33026 0.24416
vt 0.33050 0.31658
vt 0.44633 0.70296
vt 0.41770 0.76675
vt 0.59473 0.34228
vt 0.65771 0.29492
vt 0.40961 0.68338
vt 0.42680 0.69480
vt 0.38587 0.75352
vt 0.35739 0.73500
vt 0.39477 0.66870
vt 0.33227 0.71118
vt 0.57518 0.32470
vt 0.62827 0.26891
vt 0.57039 0.76515
vt 0.53982 0.70276
vt 0.38247 0.65095
vt 0.31118 0.68303
vt 0.36606 0.60685
vt 0.37289 0.63034
vt 0.29478 0.65149
vt 0.28306 0.61658
vt 0.36196 0.58049
vt 0.27603 0.57829
vt 0.60929 0.64939
vt 0.66259 0.70118
vt 0.55269 0.31104
vt 0.59482 0.24867
vt 0.52725 0.30127
vt 0.55737 0.23422
vt 0.60462 0.74992
vt 0.56037 0.69436
vt 0.29663 0.32958
vt 0.29663 0.25732
vt 0.34652 0.23884
vt 0.40479 0.66748
vt 0.42116 0.68260
vt 0.36465 0.72860
vt 0.52955 0.22266
vt 0.55059 0.22298
vt 0.53247 0.29346
vt 0.57037 0.22395
vt 0.58887 0.22556
vt 0.56696 0.29490
vt 0.60611 0.22782
vt 0.62207 0.23072
vt 0.60130 0.29924
vt 0.72631 0.48534
vt 0.72631 0.53662
vt 0.63941 0.55126
vt 0.35767 0.48534
vt 0.35961 0.55126
vt 0.27624 0.54523
vt 0.27369 0.49560
vt 0.50855 0.77734
vt 0.46733 0.77429
vt 0.48283 0.70780
vt 0.50757 0.70948
vt 0.54710 0.77469
vt 0.53179 0.70785
vt 0.63759 0.23436
vt 0.63548 0.30646
vt 0.31447 0.66858
vt 0.29663 0.63172
vt 0.37012 0.60548
vt 0.37916 0.62872
vt 0.36361 0.57966
vt 0.28389 0.59060
vt 0.28467 0.40185
vt 0.29839 0.36171
vt 0.37598 0.38861
vt 0.36646 0.41722
vt 0.27643 0.44648
vt 0.36035 0.44947
vt 0.31759 0.32607
vt 0.38891 0.36363
vt 0.48409 0.22555
vt 0.50114 0.29541
vt 0.66950 0.31658
vt 0.66974 0.24416
vt 0.68637 0.25032
vt 0.58230 0.76675
vt 0.55367 0.70296
vt 0.34229 0.29492
vt 0.40527 0.34228
vt 0.64261 0.73500
vt 0.61413 0.75352
vt 0.57320 0.69480
vt 0.59039 0.68338
vt 0.66773 0.71118
vt 0.60523 0.66870
vt 0.37173 0.26891
vt 0.42482 0.32470
vt 0.46018 0.70276
vt 0.42961 0.76515
vt 0.68882 0.68303
vt 0.61753 0.65095
vt 0.71694 0.61658
vt 0.70522 0.65149
vt 0.62711 0.63034
vt 0.63394 0.60685
vt 0.72397 0.57829
vt 0.63804 0.58049
vt 0.33741 0.70118
vt 0.39071 0.64939
vt 0.40518 0.24867
vt 0.44731 0.31104
vt 0.44263 0.23422
vt 0.47275 0.30127
vt 0.43963 0.69436
vt 0.39538 0.74992
vt 0.70337 0.25732
vt 0.70337 0.32958
vt 0.65348 0.23884
vt 0.35000 0.59521
vt 0.35000 0.57884
vt 0.65000 0.57884
vt 0.65000 0.59521
vt 0.35000 0.47045
vt 0.35000 0.44941
vt 0.65000 0.44941
vt 0.65000 0.47045
vt 0.35000 0.42963
vt 0.35000 0.41113
vt 0.65000 0.41113
vt 0.65000 0.42963
vt 0.35000 0.39389
vt 0.35000 0.37793
vt 0.65000 0.37793
vt 0.65000 0.39389
vt 0.65000 0.48534
vt 0.65000 0.53662
vt 0.35000 0.53662
vt 0.35000 0.48534
vt 0.35000 0.54523
vt 0.35000 0.49560
vt 0.65000 0.49560
vt 0.65000 0.54523
vt 0.35000 0.50855
vt 0.35000 0.46733
vt 0.65000 0.46733
vt 0.65000 0.50855
vt 0.35000 0.51717
vt 0.35000 0.49243
vt 0.65000 0.49243
vt 0.65000 0.51717
vt 0.35000 0.60130
vt 0.35000 0.56696
vt 0.65000 0.56696
vt 0.65000 0.60130
vt 0.35000 0.54710
vt 0.65000 0.54710
vt 0.35000 0.46821
vt 0.65000 0.46821
vt 0.35000 0.36241
vt 0.65000 0.36241
vt 0.35000 0.63548
vt 0.65000 0.63548
vt 0.35000 0.66858
vt 0.35000 0.63172
vt 0.65000 0.63172
vt 0.65000 0.66858
vt 0.65000 0.60548
vt 0.65000 0.62872
vt 0.35000 0.62872
vt 0.35000 0.60548
vt 0.65000 0.57966
vt 0.35000 0.57966
vt 0.35000 0.59060
vt 0.65000 0.59060
vt 0.35000 0.40185
vt 0.35000 0.36171
vt 0.65000 0.36171
vt 0.65000 0.40185
vt 0.65000 0.38861
vt 0.65000 0.41722
vt 0.35000 0.41722
vt 0.35000 0.38861
vt 0.35000 0.44648
vt 0.65000 0.44648
vt 0.65000 0.44947
vt 0.35000 0.44947
vt 0.35000 0.32607
vt 0.65000 0.32607
vt 0.65000 0.36363
vt 0.35000 0.36363
vt 0.35000 0.51591
vt 0.65000 0.51591
vt 0.35000 0.53247
vt 0.35000 0.50114
vt 0.65000 0.50114
vt 0.65000 0.53247
vt 0.35000 0.66950
vt 0.65000 0.66950
vt 0.35000 0.33026
vt 0.35000 0.31363
vt 0.65000 0.31363
vt 0.65000 0.33026
vt 0.35000 0.58230
vt 0.65000 0.58230
vt 0.35000 0.44633
vt 0.65000 0.44633
vt 0.35000 0.29492
vt 0.65000 0.29492
vt 0.65000 0.34228
vt 0.35000 0.34228
vt 0.35000 0.64261
vt 0.35000 0.61413
vt 0.65000 0.61413
vt 0.65000 0.64261
vt 0.35000 0.42680
vt 0.35000 0.40961
vt 0.65000 0.40961
vt 0.65000 0.42680
vt 0.35000 0.66773
vt 0.65000 0.66773
vt 0.35000 0.39477
vt 0.65000 0.39477
vt 0.35000 0.65771
vt 0.35000 0.62827
vt 0.65000 0.62827
vt 0.65000 0.65771
vt 0.35000 0.42482
vt 0.35000 0.40527
vt 0.65000 0.40527
vt 0.65000 0.42482
vt 0.35000 0.53982
vt 0.65000 0.53982
vt 0.35000 0.42961
vt 0.65000 0.42961
vt 0.65000 0.68303
vt 0.65000 0.71118
vt 0.35000 0.71118
vt 0.35000 0.68303
vt 0.35000 0.66870
vt 0.35000 0.65095
vt 0.65000 0.65095
vt 0.65000 0.66870
vt 0.65000 0.61658
vt 0.65000 0.65149
vt 0.35000 0.65149
vt 0.35000 0.61658
vt 0.35000 0.63034
vt 0.35000 0.60685
vt 0.65000 0.60685
vt 0.65000 0.63034
vt 0.65000 0.48534
vt 0.35000 0.48534
vt 0.65000 0.57829
vt 0.35000 0.57829
vt 0.35000 0.58049
vt 0.65000 0.58049
vt 0.35000 0.70118
vt 0.65000 0.70118
vt 0.65000 0.64939
vt 0.35000 0.64939
vt 0.35000 0.59482
vt 0.65000 0.59482
vt 0.35000 0.44731
vt 0.65000 0.44731
vt 0.35000 0.55737
vt 0.65000 0.55737
vt 0.35000 0.47275
vt 0.65000 0.47275
vt 0.65000 0.55126
vt 0.35000 0.55126
vt 0.35000 0.55126
vt 0.65000 0.55126
vt 0.35000 0.56037
vt 0.65000 0.56037
vt 0.35000 0.39538
vt 0.65000 0.39538
vt 0.35000 0.72860
vt 0.65000 0.72860
vt 0.65000 0.66748
vt 0.35000 0.66748
vt 0.35000 0.36465
vt 0.65000 0.36465
vt 0.35000 0.29663
vt 0.65000 0.29663
vt 0.65000 0.25732
vt 0.65000 0.32958
vt 0.35000 0.32958
vt 0.35000 0.25732
vt 0.35000 0.70337
vt 0.65000 0.70337
vt 0.35000 0.63941
vt 0.35000 0.35961
vt 0.65000 0.35961
vt 0.65000 0.63941
vt 0.35000 0.64233
vt 0.35000 0.27369
vt 0.65000 0.27369
vt 0.65000 0.64233
vt 0.35000 0.34652
vt 0.65000 0.34652
vn 0.00000 0.00000 -1.00000
vn 0.00000 0.00000 -1.00000
vn 0.00000 0.00000 -1.00000
vn -0.00000 0.00000 -1.00000
vn -0.00000 0.00000 -1.00000
vn -0.00000 0.00000 -1.00000
vn -0.00000 0.00000 -1.00000
vn -0.00000 0.00000 -1.00000
vn -0.00000 0.00000 -1.00000
vn -0.00000 0.00000 -1.00000
vn -0.00000 0.00000 -1.00000
vn -0.00000 0.00000 -1.00000
vn 0.00000 0.00000 -1.00000
vn 0.00000 0.00000 -1.00000
vn 0.00000 0.00000 -1.00000
vn 0.00000 0.00000 -1.00000
vn -0.00000 0.00000 -1.00000
vn 0.00000 0.00000 -1.00000
vn 0.00000 0.00000 -1.00000
vn 0.00000 0.00000 -1.00000
vn 0.00000 0.00000 -1.00000
vn 0.00000 0.00000 -1.00000
vn 0.00000 0.00000 -1.00000
vn -0.00000 0.00000 -1.00000
vn 0.00000 0.00000 -1.00000
vn -0.00000 0.00000 -1.00000
vn -0.00000 0.00000 -1.00000
vn 0.00000 0.00000 -1.00000
vn -0.00000 0.00000 -1.00000
vn 0.00000 0.00000 -1.00000
vn 0.00000 0.00000 -1.00000
vn 0.00000 0.00000 -1.00000
vn 0.00000 0.00000 -1.00000
vn 0.00000 0.00000 -1.00000
vn 0.00000 0.00000 -1.00000
vn -0.00000 0.00000 -1.00000
vn -0.00000 0.00000 -1.00000
vn -0.00000 0.00000 -1.00000
vn -0.00000 0.00000 -1.00000
vn 0.00000 0.00000 -1.00000
vn 0.00000 0.00000 -1.00000
vn 0.00000 0.00000 -1.00000
vn 0.00000 0.00000 -1.00000
vn 0.00000 0.00000 -1.00000
vn 0.00000 0.00000 -1.00000
vn 0.00000 0.00000 -1.00000
vn 0.00000 0.00000 -1.00000
vn -0.00000 0.00000 -1.00000
vn -0.00000 0.00000 -1.00000
vn -0.00000 0.00000 -1.00000
vn -0.00000 0.00000 -1.00000
vn 0.00000 0.00000 -1.00000
vn -0.00000 0.00000 -1.00000
vn 0.00000 0.00000 -1.00000
vn 0.00000 0.00000 -1.00000
vn 0.00000 0.00000 -1.00000
vn 0.00000 0.00000 -1.00000
vn 0.00000 0.00000 -1.00000
vn 0.00000 0.00000 -1.00000
vn -0.00000 0.00000 -1.00000
vn -0.00000 0.00000 -1.00000
vn -0.00000 0.00000 -1.00000
vn -0.00000 0.00000 -1.00000
vn -0.00000 0.00000 -1.00000
vn 0.00000 0.00000 -1.00000
vn -0.00000 0.00000 -1.00000
vn -0.00000 0.00000 -1.00000
vn -0.00000 0.00000 -1.00000
vn -0.00000 0.00000 -1.00000
vn -0.00000 0.00000 -1.00000
vn -0.00000 0.00000 -1.00000
vn 0.00000 0.00000 -1.00000
vn 0.00000 0.00000 -1.00000
vn 0.00000 0.00000 -1.00000
vn 0.00000 0.00000 -1.00000
vn -0.00000 0.00000 -1.00000
vn -0.00000 0.00000 -1.00000
vn -0.00000 0.00000 -1.00000
vn -0.00000 0.00000 -1.00000
vn 0.00000 0.00000 -1.00000
vn 0.00000 0.00000 -1.00000
vn 0.00000 0.00000 -1.00000
vn 0.00000 0.00000 -1.00000
vn 0.00000 0.00000 -1.00000
vn -0.00000 0.00000 -1.00000
vn 0.00000 0.00000 -1.00000
vn 0.00000 0.00000 -1.00000
vn -0.00000 0.00000 -1.00000
vn -0.00000 0.00000 -1.00000
vn -0.00000 0.00000 -1.00000
vn -0.00000 0.00000 -1.00000
vn -0.00000 0.00000 -1.00000
vn -0.00000 0.00000 -1.00000
vn -0.00000 0.00000 -1.00000
vn -0.00000 0.00000 -1.00000
vn -0.00000 0.00000 -1.00000
vn 0.00000 0.00000 -1.00000
vn -0.00000 0.00000 -1.00000
vn -0.00000 0.00000 -1.00000
vn -0.00000 0.00000 -1.00000
vn -0.00000 0.00000 -1.00000
vn -0.00000 0.00000 -1.00000
vn -0.00000 0.00000 -1.00000
vn -0.00000 0.00000 -1.00000
vn -0.00000 0.00000 -1.00000
vn -0.00000 0.00000 -1.00000
vn -0.00000 0.00000 -1.00000
vn -0.00000 0.00000 -1.00000
vn 0.00000 0.00000 -1.00000
vn -0.00000 0.00000 -1.00000
vn -0.00000 0.00000 -1.00000
vn 0.00000 0.00000 -1.00000
vn 0.00000 0.00000 -1.00000
vn 0.00000 0.00000 -1.00000
vn 0.00000 0.00000 -1.00000
vn -0.00000 0.00000 -1.00000
vn 0.00000 0.00000 -1.00000
vn -0.00000 0.00000 -1.00000
vn -0.00000 0.00000 -1.00000
vn -0.00000 0.00000 -1.00000
vn 0.00000 0.00000 -1.00000
vn -0.00000 0.00000 -1.00000
vn -0.00000 0.00000 -1.00000
vn -0.00000 0.00000 -1.00000
vn 0.00000 0.00000 -1.00000
vn -0.00000 0.00000 -1.00000
vn -0.00000 0.00000 -1.00000
vn -0.00000 0.00000 -1.00000
vn 0.00000 0.00000 -1.00000
vn -0.00000 0.00000 -1.00000
vn -0.00000 0.00000 -1.00000
vn 0.00000 0.00000 -1.00000
vn -0.00000 0.00000 -1.00000
vn 0.00000 0.00000 -1.00000
vn 0.00000 0.00000 -1.00000
vn 0.00000 0.00000 -1.00000
vn 0.00000 0.00000 -1.00000
vn 0.00000 0.00000 -1.00000
vn 0.00000 0.00000 -1.00000
vn 0.00000 0.00000 -1.00000
vn 0.00000 0.00000 -1.00000
vn 0.00000 0.00000 -1.00000
vn 0.00000 0.00000 -1.00000
vn 0.00000 0.00000 -1.00000
vn -0.00000 0.00000 -1.00000
vn 0.00000 0.00000 -1.00000
vn 0.00000 0.00000 -1.00000
vn -0.00000 0.00000 -1.00000
vn -0.00000 0.00000 -1.00000
vn -0.00000 0.00000 -1.00000
vn -0.00000 0.00000 -1.00000
vn 0.00000 0.00000 -1.00000
vn -0.00000 0.00000 -1.00000
vn 0.00000 0.00000 -1.00000
vn 0.00000 0.00000 -1.00000
vn 0.00000 0.00000 -1.00000
vn 0.00000 0.00000 -1.00000
vn 0.00000 0.00000 -1.00000
vn 0.00000 0.00000 -1.00000
vn -0.00000 0.00000 -1.00000
vn -0.00000 0.00000 -1.00000
vn -0.00000 0.00000 -1.00000
vn -0.00000 0.00000 -1.00000
vn 0.00000 -0.00000 1.00000
vn 0.00000 -0.00000 1.00000
vn 0.00000 -0.00000 1.00000
vn 0.00000 -0.00000 1.00000
vn 0.00000 -0.00000 1.00000
vn 0.00000 -0.00000 1.00000
vn 0.00000 -0.00000 1.00000
vn 0.00000 -0.00000 1.00000
vn 0.00000 -0.00000 1.00000
vn 0.00000 -0.00000 1.00000
vn 0.00000 -0.00000 1.00000
vn 0.00000 -0.00000 1.00000
vn 0.00000 -0.00000 1.00000
vn 0.00000 -0.00000 1.00000
vn 0.00000 -0.00000 1.00000
vn 0.00000 -0.00000 1.00000
vn 0.00000 -0.00000 1.00000
vn 0.00000 -0.00000 1.00000
vn 0.00000 -0.00000 1.00000
vn 0.00000 -0.00000 1.00000
vn 0.00000 -0.00000 1.00000
vn 0.00000 -0.00000 1.00000
vn 0.00000 -0.00000 1.00000
vn 0.00000 -0.00000 1.00000
vn 0.00000 -0.00000 1.00000
vn 0.00000 -0.00000 1.00000
vn 0.00000 -0.00000 1.00000
vn 0.00000 -0.00000 1.00000
vn 0.00000 -0.00000 1.00000
vn 0.00000 -0.00000 1.00000
vn 0.00000 -0.00000 1.00000
vn 0.00000 -0.00000 1.00000
vn 0.00000 -0.00000 1.00000
vn 0.00000 -0.00000 1.00000
vn 0.00000 -0.00000 1.00000
vn 0.00000 -0.00000 1.00000
vn 0.00000 -0.00000 1.00000
vn 0.00000 -0.00000 1.00000
vn 0.00000 -0.00000 1.00000
vn 0.00000 -0.00000 1.00000
vn 0.00000 -0.00000 1.00000
vn 0.00000 -0.00000 1.00000
vn 0.00000 -0.00000 1.00000
vn 0.00000 -0.00000 1.00000
vn 0.00000 -0.00000 1.00000
vn 0.00000 -0.00000 1.00000
vn 0.00000 -0.00000 1.00000
vn 0.00000 -0.00000 1.00000
vn 0.00000 -0.00000 1.00000
vn 0.00000 -0.00000 1.00000
vn 0.00000 -0.00000 1.00000
vn 0.00000 -0.00000 1.00000
vn 0.00000 -0.00000 1.00000
vn 0.00000 -0.00000 1.00000
vn 0.00000 -0.00000 1.00000
vn 0.00000 -0.00000 1.00000
vn 0.00000 -0.00000 1.00000
vn 0.00000 -0.00000 1.00000
vn 0.00000 -0.00000 1.00000
vn 0.00000 -0.00000 1.00000
vn 0.00000 -0.00000 1.00000
vn 0.00000 -0.00000 1.00000
vn 0.00000 -0.00000 1.00000
vn 0.00000 -0.00000 1.00000
vn 0.00000 -0.00000 1.00000
vn 0.00000 -0.00000 1.00000
vn 0.00000 -0.00000 1.00000
vn 0.00000 -0.00000 1.00000
vn 0.00000 -0.00000 1.00000
vn 0.00000 -0.00000 1.00000
vn 0.00000 -0.00000 1.00000
vn 0.00000 -0.00000 1.00000
vn 0.00000 -0.00000 1.00000
vn 0.00000 -0.00000 1.00000
vn 0.00000 -0.00000 1.00000
vn 0.00000 -0.00000 1.00000
vn 0.00000 -0.00000 1.00000
vn 0.00000 -0.00000 1.00000
vn 0.00000 -0.00000 1.00000
vn 0.00000 -0.00000 1.00000
vn 0.00000 -0.00000 1.00000
vn 0.00000 -0.00000 1.00000
vn 0.00000 -0.00000 1.00000
vn 0.00000 -0.00000 1.00000
vn 0.00000 -0.00000 1.00000
vn 0.00000 -0.00000 1.00000
vn 0.00000 -0.00000 1.00000
vn 0.00000 -0.00000 1.00000
vn 0.00000 -0.00000 1.00000
vn 0.00000 -0.00000 1.00000
vn 0.00000 -0.00000 1.00000
vn 0.00000 -0.00000 1.00000
vn 0.00000 -0.00000 1.00000
vn 0.00000 -0.00000 1.00000
vn 0.00000 -0.00000 1.00000
vn 0.00000 -0.00000 1.00000
vn 0.00000 -0.00000 1.00000
vn 0.00000 -0.00000 1.00000
vn 0.00000 -0.00000 1.00000
vn 0.00000 -0.00000 1.00000
vn 0.00000 -0.00000 1.00000
vn 0.00000 -0.00000 1.00000
vn 0.00000 -0.00000 1.00000
vn 0.00000 -0.00000 1.00000
vn 0.00000 -0.00000 1.00000
vn 0.00000 -0.00000 1.00000
vn 0.00000 -0.00000 1.00000
vn 0.00000 -0.00000 1.00000
vn 0.00000 -0.00000 1.00000
vn 0.00000 -0.00000 1.00000
vn 0.00000 -0.00000 1.00000
vn 0.00000 -0.00000 1.00000
vn 0.00000 -0.00000 1.00000
vn 0.00000 -0.00000 1.00000
vn 0.00000 -0.00000 1.00000
vn 0.00000 -0.00000 1.00000
vn 0.00000 -0.00000 1.00000
vn 0.00000 -0.00000 1.00000
vn 0.00000 -0.00000 1.00000
vn 0.00000 -0.00000 1.00000
vn 0.00000 -0.00000 1.00000
vn 0.00000 -0.00000 1.00000
vn 0.00000 -0.00000 1.00000
vn 0.00000 -0.00000 1.00000
vn 0.00000 -0.00000 1.00000
vn 0.00000 -0.00000 1.00000
vn 0.00000 -0.00000 1.00000
vn 0.00000 -0.00000 1.00000
vn 0.00000 -0.00000 1.00000
vn 0.00000 -0.00000 1.00000
vn 0.00000 -0.00000 1.00000
vn 0.00000 -0.00000 1.00000
vn 0.00000 -0.00000 1.00000
vn 0.00000 -0.00000 1.00000
vn 0.00000 -0.00000 1.00000
vn 0.00000 -0.00000 1.00000
vn 0.00000 -0.00000 1.00000
vn 0.00000 -0.00000 1.00000
vn 0.00000 -0.00000 1.00000
vn 0.00000 -0.00000 1.00000
vn 0.00000 -0.00000 1.00000
vn 0.00000 -0.00000 1.00000
vn 0.00000 -0.00000 1.00000
vn 0.00000 -0.00000 1.00000
vn 0.00000 -0.00000 1.00000
vn 0.00000 -0.00000 1.00000
vn 0.00000 -0.00000 1.00000
vn 0.00000 -0.00000 1.00000
vn 0.00000 -0.00000 1.00000
vn 0.00000 -0.00000 1.00000
vn 0.00000 -0.00000 1.00000
vn 0.00000 -0.00000 1.00000
vn 0.00000 -0.00000 1.00000
vn 0.00000 -0.00000 1.00000
vn 0.00000 -0.00000 1.00000
vn 0.00000 -0.00000 1.00000
vn 0.00000 -0.00000 1.00000
vn 0.00000 -0.00000 1.00000
vn 0.00000 -0.00000 1.00000
vn 0.00000 -0.00000 1.00000
vn 0.00000 -0.00000 1.00000
vn 0.00000 -0.00000 1.00000
vn 0.00000 -0.00000 1.00000
vn 0.67842 -0.73467 -0.00000
vn 0.67842 -0.73467 -0.00000
vn 0.67842 -0.73467 -0.00000
vn 0.67842 -0.73467 -0.00000
vn 0.01532 -0.99988 -0.00000
vn 0.01532 -0.99988 -0.00000
vn 0.01532 -0.99988 -0.00000
vn 0.01532 -0.99988 -0.00000
vn 0.08679 -0.99623 -0.00000
vn 0.08679 -0.99623 -0.00000
vn 0.08679 -0.99623 -0.00000
vn 0.08679 -0.99623 -0.00000
vn 0.17884 -0.98388 -0.00000
vn 0.17884 -0.98388 -0.00000
vn 0.17884 -0.98388 -0.00000
vn 0.17884 -0.98388 -0.00000
vn 1.00000 0.00000 0.00000
vn 1.00000 0.00000 0.00000
vn 1.00000 0.00000 0.00000
vn 1.00000 0.00000 0.00000
vn -0.99868 0.05129 0.00000
vn -0.99868 0.05129 0.00000
vn -0.99868 0.05129 0.00000
vn -0.99868 0.05129 0.00000
vn -0.07371 0.99728 0.00000
vn -0.07371 0.99728 0.00000
vn -0.07371 0.99728 0.00000
vn -0.07371 0.99728 0.00000
vn 0.06776 -0.99770 -0.00000
vn 0.06776 -0.99770 -0.00000
vn 0.06776 -0.99770 -0.00000
vn 0.06776 -0.99770 -0.00000
vn -0.12524 0.99213 0.00000
vn -0.12524 0.99213 0.00000
vn -0.12524 0.99213 0.00000
vn -0.12524 0.99213 0.00000
vn 0.12984 -0.99153 -0.00000
vn 0.12984 -0.99153 -0.00000
vn 0.12984 -0.99153 -0.00000
vn 0.12984 -0.99153 -0.00000
vn 0.06848 0.99765 0.00000
vn 0.06848 0.99765 0.00000
vn 0.06848 0.99765 0.00000
vn 0.06848 0.99765 0.00000
vn -0.06720 -0.99774 -0.00000
vn -0.06720 -0.99774 -0.00000
vn -0.06720 -0.99774 -0.00000
vn -0.06720 -0.99774 -0.00000
vn 0.22814 -0.97363 -0.00000
vn 0.22814 -0.97363 -0.00000
vn 0.22814 -0.97363 -0.00000
vn 0.22814 -0.97363 -0.00000
vn -0.20678 0.97839 0.00000
vn -0.20678 0.97839 0.00000
vn -0.20678 0.97839 0.00000
vn -0.20678 0.97839 0.00000
vn -0.90009 0.43570 0.00000
vn -0.90009 0.43570 0.00000
vn -0.90009 0.43570 0.00000
vn -0.90009 0.43570 0.00000
vn 0.93205 -0.36233 -0.00000
vn 0.93205 -0.36233 -0.00000
vn 0.93205 -0.36233 -0.00000
vn 0.93205 -0.36233 -0.00000
vn 0.96960 -0.24468 -0.00000
vn 0.96960 -0.24468 -0.00000
vn 0.96960 -0.24468 -0.00000
vn 0.96960 -0.24468 -0.00000
vn -0.95517 0.29606 0.00000
vn -0.95517 0.29606 0.00000
vn -0.95517 0.29606 0.00000
vn -0.95517 0.29606 0.00000
vn -0.94624 -0.32346 -0.00000
vn -0.94624 -0.32346 -0.00000
vn -0.94624 -0.32346 -0.00000
vn -0.94624 -0.32346 -0.00000
vn 0.94886 0.31571 0.00000
vn 0.94886 0.31571 0.00000
vn 0.94886 0.31571 0.00000
vn 0.94886 0.31571 0.00000
vn -0.98341 -0.18139 -0.00000
vn -0.98341 -0.18139 -0.00000
vn -0.98341 -0.18139 -0.00000
vn -0.98341 -0.18139 -0.00000
vn 0.98256 0.18596 0.00000
vn 0.98256 0.18596 0.00000
vn 0.98256 0.18596 0.00000
vn 0.98256 0.18596 0.00000
vn -0.88031 -0.47440 -0.00000
vn -0.88031 -0.47440 -0.00000
vn -0.88031 -0.47440 -0.00000
vn -0.88031 -0.47440 -0.00000
vn 0.88798 0.45987 0.00000
vn 0.88798 0.45987 0.00000
vn 0.88798 0.45987 0.00000
vn 0.88798 0.45987 0.00000
vn -0.06345 -0.99798 -0.00000
vn -0.06345 -0.99798 -0.00000
vn -0.06345 -0.99798 -0.00000
vn -0.06345 -0.99798 -0.00000
vn 0.06220 0.99806 0.00000
vn 0.06220 0.99806 0.00000
vn 0.06220 0.99806 0.00000
vn 0.06220 0.99806 0.00000
vn -0.28492 0.95855 0.00000
vn -0.28492 0.95855 0.00000
vn -0.28492 0.95855 0.00000
vn -0.28492 0.95855 0.00000
vn 0.34744 -0.93770 -0.00000
vn 0.34744 -0.93770 -0.00000
vn 0.34744 -0.93770 -0.00000
vn 0.34744 -0.93770 -0.00000
vn -0.04185 0.99912 0.00000
vn -0.04185 0.99912 0.00000
vn -0.04185 0.99912 0.00000
vn -0.04185 0.99912 0.00000
vn 0.04885 -0.99881 -0.00000
vn 0.04885 -0.99881 -0.00000
vn 0.04885 -0.99881 -0.00000
vn 0.04885 -0.99881 -0.00000
vn 0.22005 0.97549 0.00000
vn 0.22005 0.97549 0.00000
vn 0.22005 0.97549 0.00000
vn 0.22005 0.97549 0.00000
vn -0.21830 -0.97588 -0.00000
vn -0.21830 -0.97588 -0.00000
vn -0.21830 -0.97588 -0.00000
vn -0.21830 -0.97588 -0.00000
vn -0.78361 -0.62125 -0.00000
vn -0.78361 -0.62125 -0.00000
vn -0.78361 -0.62125 -0.00000
vn -0.78361 -0.62125 -0.00000
vn 0.79386 0.60810 0.00000
vn 0.79386 0.60810 0.00000
vn 0.79386 0.60810 0.00000
vn 0.79386 0.60810 0.00000
vn 0.54529 0.83825 0.00000
vn 0.54529 0.83825 0.00000
vn 0.54529 0.83825 0.00000
vn 0.54529 0.83825 0.00000
vn -0.55335 -0.83295 -0.00000
vn -0.55335 -0.83295 -0.00000
vn -0.55335 -0.83295 -0.00000
vn -0.55335 -0.83295 -0.00000
vn 0.38380 0.92342 0.00000
vn 0.38380 0.92342 0.00000
vn 0.38380 0.92342 0.00000
vn 0.38380 0.92342 0.00000
vn -0.38533 -0.92278 -0.00000
vn -0.38533 -0.92278 -0.00000
vn -0.38533 -0.92278 -0.00000
vn -0.38533 -0.92278 -0.00000
vn 0.68806 0.72566 0.00000
vn 0.68806 0.72566 0.00000
vn 0.68806 0.72566 0.00000
vn 0.68806 0.72566 0.00000
vn -0.70319 -0.71100 -0.00000
vn -0.70319 -0.71100 -0.00000
vn -0.70319 -0.71100 -0.00000
vn -0.70319 -0.71100 -0.00000
vn -0.66212 -0.74940 -0.00000
vn -0.66212 -0.74940 -0.00000
vn -0.66212 -0.74940 -0.00000
vn -0.66212 -0.74940 -0.00000
vn 0.66863 0.74359 0.00000
vn 0.66863 0.74359 0.00000
vn 0.66863 0.74359 0.00000
vn 0.66863 0.74359 0.00000
vn 0.21723 -0.97612 -0.00000
vn 0.21723 -0.97612 -0.00000
vn 0.21723 -0.97612 -0.00000
vn 0.21723 -0.97612 -0.00000
vn -0.23545 0.97189 0.00000
vn -0.23545 0.97189 0.00000
vn -0.23545 0.97189 0.00000
vn -0.23545 0.97189 0.00000
vn 0.80036 0.59952 0.00000
vn 0.80036 0.59952 0.00000
vn 0.80036 0.59952 0.00000
vn 0.80036 0.59952 0.00000
vn -0.82180 -0.56978 -0.00000
vn -0.82180 -0.56978 -0.00000
vn -0.82180 -0.56978 -0.00000
vn -0.82180 -0.56978 -0.00000
vn 0.94804 0.31815 0.00000
vn 0.94804 0.31815 0.00000
vn 0.94804 0.31815 0.00000
vn 0.94804 0.31815 0.00000
vn -0.96016 -0.27945 -0.00000
vn -0.96016 -0.27945 -0.00000
vn -0.96016 -0.27945 -0.00000
vn -0.96016 -0.27945 -0.00000
vn -0.99844 -0.05577 -0.00000
vn -0.99844 -0.05577 -0.00000
vn -0.99844 -0.05577 -0.00000
vn -0.99844 -0.05577 -0.00000
vn 0.99721 0.07463 0.00000
vn 0.99721 0.07463 0.00000
vn 0.99721 0.07463 0.00000
vn 0.99721 0.07463 0.00000
vn 0.88716 0.46147 0.00000
vn 0.88716 0.46147 0.00000
vn 0.88716 0.46147 0.00000
vn 0.88716 0.46147 0.00000
vn -0.90704 -0.42104 -0.00000
vn -0.90704 -0.42104 -0.00000
vn -0.90704 -0.42104 -0.00000
vn -0.90704 -0.42104 -0.00000
vn 0.98356 0.18057 0.00000
vn 0.98356 0.18057 0.00000
vn 0.98356 0.18057 0.00000
vn 0.98356 0.18057 0.00000
vn -0.98811 -0.15376 -0.00000
vn -0.98811 -0.15376 -0.00000
vn -0.98811 -0.15376 -0.00000
vn -0.98811 -0.15376 -0.00000
vn -0.81783 0.57546 0.00000
vn -0.81783 0.57546 0.00000
vn -0.81783 0.57546 0.00000
vn -0.81783 0.57546 0.00000
vn 0.87282 -0.48805 -0.00000
vn 0.87282 -0.48805 -0.00000
vn 0.87282 -0.48805 -0.00000
vn 0.87282 -0.48805 -0.00000
vn -0.51759 -0.85563 -0.00000
vn -0.51759 -0.85563 -0.00000
vn -0.51759 -0.85563 -0.00000
vn -0.51759 -0.85563 -0.00000
vn 0.51935 0.85456 0.00000
vn 0.51935 0.85456 0.00000
vn 0.51935 0.85456 0.00000
vn 0.51935 0.85456 0.00000
vn -0.20473 -0.97882 -0.00000
vn -0.20473 -0.97882 -0.00000
vn -0.20473 -0.97882 -0.00000
vn -0.20473 -0.97882 -0.00000
vn 0.20212 0.97936 0.00000
vn 0.20212 0.97936 0.00000
vn 0.20212 0.97936 0.00000
vn 0.20212 0.97936 0.00000
vn 0.99025 -0.13934 -0.00000
vn 0.99025 -0.13934 -0.00000
vn 0.99025 -0.13934 -0.00000
vn 0.99025 -0.13934 -0.00000
vn -0.98610 0.16618 0.00000
vn -0.98610 0.16618 0.00000
vn -0.98610 0.16618 0.00000
vn -0.98610 0.16618 0.00000
vn -0.36001 -0.93295 -0.00000
vn -0.36001 -0.93295 -0.00000
vn -0.36001 -0.93295 -0.00000
vn -0.36001 -0.93295 -0.00000
vn 0.35832 0.93360 0.00000
vn 0.35832 0.93360 0.00000
vn 0.35832 0.93360 0.00000
vn 0.35832 0.93360 0.00000
vn 0.99842 0.05614 0.00000
vn 0.99842 0.05614 0.00000
vn 0.99842 0.05614 0.00000
vn 0.99842 0.05614 0.00000
vn -0.99891 -0.04672 -0.00000
vn -0.99891 -0.04672 -0.00000
vn -0.99891 -0.04672 -0.00000
vn -0.99891 -0.04672 -0.00000
vn 0.37828 -0.92569 -0.00000
vn 0.37828 -0.92569 -0.00000
vn 0.37828 -0.92569 -0.00000
vn 0.37828 -0.92569 -0.00000
vn -0.40657 0.91362 0.00000
vn -0.40657 0.91362 0.00000
vn -0.40657 0.91362 0.00000
vn -0.40657 0.91362 0.00000
vn -0.70945 0.70475 0.00000
vn -0.70945 0.70475 0.00000
vn -0.70945 0.70475 0.00000
vn -0.70945 0.70475 0.00000
vn 0.78921 -0.61413 -0.00000
vn 0.78921 -0.61413 -0.00000
vn 0.78921 -0.61413 -0.00000
vn 0.78921 -0.61413 -0.00000
vn 0.53719 -0.84346 -0.00000
vn 0.53719 -0.84346 -0.00000
vn 0.53719 -0.84346 -0.00000
vn 0.53719 -0.84346 -0.00000
vn -0.57009 0.82158 0.00000
vn -0.57009 0.82158 0.00000
vn -0.57009 0.82158 0.00000
vn -0.57009 0.82158 0.00000
vn 0.38091 -0.92461 -0.00000
vn 0.38091 -0.92461 -0.00000
vn 0.38091 -0.92461 -0.00000
vn 0.38091 -0.92461 -0.00000
vn 1.00000 0.00000 0.00000
vn 1.00000 0.00000 0.00000
vn 1.00000 0.00000 0.00000
vn 1.00000 0.00000 0.00000
vn -0.35841 0.93356 0.00000
vn -0.35841 0.93356 0.00000
vn -0.35841 0.93356 0.00000
vn -0.35841 0.93356 0.00000
vn 0.00000 1.00000 0.00000
vn 0.00000 1.00000 0.00000
vn 0.00000 1.00000 0.00000
vn 0.00000 1.00000 0.00000
vn 0.00000 -1.00000 -0.00000
vn 0.00000 -1.00000 -0.00000
vn 0.00000 -1.00000 -0.00000
vn 0.00000 -1.00000 -0.00000
vn 0.27126 -0.96251 -0.00000
vn 0.27126 -0.96251 -0.00000
vn 0.27126 -0.96251 -0.00000
vn 0.27126 -0.96251 -0.00000
vn 0.31096 -0.95042 -0.00000
vn 0.31096 -0.95042 -0.00000
vn 0.31096 -0.95042 -0.00000
vn 0.31096 -0.95042 -0.00000
f 371/821/1511 372/822/1512 373/823/1513 
f 374/824/1514 375/825/1515 376/826/1516 
f 377/827/1517 378/828/1518 379/829/1519 
f 380/830/1520 381/831/1521 382/832/1522 
f 383/833/1523 384/834/1524 385/835/1525 
f 386/836/1526 387/837/1527 388/838/1528 389/839/1529 
f 390/840/1530 391/841/1531 392/842/1532 393/843/1533 
f 382/832/1534 378/828/1535 377/827/1536 380/830/1537 
f 394/844/1538 390/840/1539 393/843/1540 395/845/1541 
f 380/830/1542 396/846/1543 397/847/1544 381/831/1545 
f 398/848/1546 399/849/1547 400/850/1548 401/851/1549 
f 402/852/1550 400/850/1551 399/849/1552 403/853/1553 
f 404/854/1554 405/855/1555 406/856/1556 407/857/1557 
f 408/858/1558 404/854/1559 407/857/1560 409/859/1561 
f 405/855/1562 410/860/1563 411/861/1564 406/856/1565 
f 412/862/1566 374/824/1567 376/826/1568 413/863/1569 
f 414/864/1570 415/865/1571 396/846/1572 416/866/1573 
f 379/829/1574 375/825/1575 374/824/1576 377/827/1577 
f 417/867/1578 394/844/1579 395/845/1580 418/868/1581 
f 410/860/1582 419/869/1583 420/870/1584 411/861/1585 
f 421/871/1586 422/872/1587 423/873/1588 424/874/1589 
f 422/872/1590 417/867/1591 418/868/1592 423/873/1593 
f 425/875/1594 421/871/1595 424/874/1596 426/876/1597 
f 419/869/1598 427/877/1599 428/878/1600 420/870/1601 
f 429/879/1602 392/842/1603 391/841/1604 430/880/1605 
f 431/881/1606 425/875/1607 426/876/1608 432/882/1609 
f 433/883/1610 434/884/1611 435/885/1612 436/886/1613 
f 389/839/1614 408/858/1615 409/859/1616 386/836/1617 
f 434/884/1618 431/881/1619 432/882/1620 435/885/1621 
f 437/887/1622 433/883/1623 436/886/1624 438/888/1625 
f 439/889/1626 398/848/1627 401/851/1628 440/890/1629 
f 427/877/1630 441/891/1631 442/892/1632 428/878/1633 
f 443/893/1634 412/862/1635 413/863/1636 444/894/1637 
f 387/837/1638 402/852/1639 403/853/1640 388/838/1641 
f 441/891/1642 443/893/1643 444/894/1644 442/892/1645 
f 383/833/1646 437/887/1647 438/888/1648 384/834/1649 
f 445/895/1650 429/879/1651 430/880/1652 446/896/1653 
f 373/823/1654 439/889/1655 440/890/1656 371/821/1657 
f 371/821/1658 445/895/1659 446/896/1660 372/822/1661 
f 416/866/1662 447/897/1663 448/898/1664 414/864/1665 
f 385/835/1666 389/839/1667 388/838/1668 383/833/1669 
f 415/865/1670 449/899/1671 397/847/1672 396/846/1673 
f 450/900/1674 451/901/1675 452/902/1676 
f 453/903/1677 454/904/1678 455/905/1679 
f 456/906/1680 457/907/1681 458/908/1682 
f 459/909/1683 460/910/1684 461/911/1685 
f 462/912/1686 463/913/1687 464/914/1688 
f 465/915/1689 466/916/1690 467/917/1691 468/918/1692 
f 469/919/1693 470/920/1694 471/921/1695 472/922/1696 
f 461/911/1697 458/908/1698 457/907/1699 459/909/1700 
f 473/923/1701 469/919/1702 472/922/1703 474/924/1704 
f 460/910/1705 475/925/1706 476/926/1707 461/911/1708 
f 477/927/1709 478/928/1710 479/929/1711 480/930/1712 
f 481/931/1713 479/929/1714 478/928/1715 482/932/1716 
f 483/933/1717 484/934/1718 485/935/1719 486/936/1720 
f 487/937/1721 483/933/1722 486/936/1723 488/938/1724 
f 484/934/1725 489/939/1726 490/940/1727 485/935/1728 
f 491/941/1729 453/903/1730 455/905/1731 492/942/1732 
f 493/943/1733 476/926/1734 494/944/1735 495/945/1736 
f 458/908/1737 455/905/1738 454/904/1739 456/906/1740 
f 496/946/1741 473/923/1742 474/924/1743 497/947/1744 
f 489/939/1745 498/948/1746 499/949/1747 490/940/1748 
f 500/950/1749 501/951/1750 502/952/1751 503/953/1752 
f 501/951/1753 496/946/1754 497/947/1755 502/952/1756 
f 504/954/1757 500/950/1758 503/953/1759 505/955/1760 
f 498/948/1761 506/956/1762 507/957/1763 499/949/1764 
f 508/958/1765 471/921/1766 470/920/1767 509/959/1768 
f 510/960/1769 504/954/1770 505/955/1771 511/961/1772 
f 512/962/1773 513/963/1774 514/964/1775 515/965/1776 
f 468/918/1777 487/937/1778 488/938/1779 465/915/1780 
f 513/963/1781 510/960/1782 511/961/1783 514/964/1784 
f 516/966/1785 512/962/1786 515/965/1787 517/967/1788 
f 518/968/1789 477/927/1790 480/930/1791 519/969/1792 
f 506/956/1793 520/970/1794 521/971/1795 507/957/1796 
f 522/972/1797 491/941/1798 492/942/1799 523/973/1800 
f 466/916/1801 481/931/1802 482/932/1803 467/917/1804 
f 520/970/1805 522/972/1806 523/973/1807 521/971/1808 
f 463/913/1809 516/966/1810 517/967/1811 464/914/1812 
f 524/974/1813 508/958/1814 509/959/1815 525/975/1816 
f 452/902/1817 518/968/1818 519/969/1819 450/900/1820 
f 451/901/1821 524/974/1822 525/975/1823 452/902/1824 
f 495/945/1825 526/976/1826 527/977/1827 493/943/1828 
f 464/914/1829 466/916/1830 465/915/1831 462/912/1832 
f 476/926/1833 475/925/1834 528/978/1835 494/944/1836 
f 373/979/1837 372/980/1838 451/981/1839 450/982/1840 
f 376/983/1841 375/984/1842 454/985/1843 453/986/1844 
f 379/987/1845 378/988/1846 457/989/1847 456/990/1848 
f 382/991/1849 381/992/1850 460/993/1851 459/994/1852 
f 385/995/1853 384/996/1854 463/997/1855 462/998/1856 
f 387/999/1857 386/1000/1858 468/1001/1859 467/1002/1860 
f 393/1003/1861 392/1004/1862 470/1005/1863 469/1006/1864 
f 391/1007/1865 390/1008/1866 472/1009/1867 471/1010/1868 
f 380/1011/1869 377/1012/1870 458/1013/1871 461/1014/1872 
f 378/988/1873 382/991/1874 459/994/1875 457/989/1876 
f 395/1015/1877 393/1003/1878 469/1006/1879 473/1016/1880 
f 390/1008/1881 394/1017/1882 474/1018/1883 472/1009/1884 
f 381/992/1885 397/1019/1886 475/1020/1887 460/993/1888 
f 396/1021/1889 380/1011/1890 461/1014/1891 476/1022/1892 
f 401/1023/1893 400/1024/1894 478/1025/1895 477/1026/1896 
f 399/1027/1897 398/1028/1898 480/1029/1899 479/1030/1900 
f 403/1031/1901 399/1027/1902 479/1030/1903 481/1032/1904 
f 400/1024/1905 402/1033/1906 482/1034/1907 478/1025/1908 
f 407/1035/1909 406/1036/1910 484/1037/1911 483/1038/1912 
f 405/1039/1913 404/1040/1914 486/1041/1915 485/1042/1916 
f 409/1043/1917 407/1035/1918 483/1038/1919 487/1044/1920 
f 404/1040/1921 408/1045/1922 488/1046/1923 486/1041/1924 
f 406/1036/1925 411/1047/1926 489/1048/1927 484/1037/1928 
f 410/1049/1929 405/1039/1930 485/1042/1931 490/1050/1932 
f 413/1051/1933 376/983/1934 453/986/1935 491/1052/1936 
f 374/1053/1937 412/1054/1938 492/1055/1939 455/1056/1940 
f 416/1057/1941 396/1021/1942 476/1022/1943 493/1058/1944 
f 415/1059/1945 414/1060/1946 495/1061/1947 494/1062/1948 
f 377/1012/1949 374/1053/1950 455/1056/1951 458/1013/1952 
f 375/984/1953 379/987/1954 456/990/1955 454/985/1956 
f 418/1063/1957 395/1015/1958 473/1016/1959 496/1064/1960 
f 394/1017/1961 417/1065/1962 497/1066/1963 474/1018/1964 
f 411/1047/1965 420/1067/1966 498/1068/1967 489/1048/1968 
f 419/1069/1969 410/1049/1970 490/1050/1971 499/1070/1972 
f 424/1071/1973 423/1072/1974 501/1073/1975 500/1074/1976 
f 422/1075/1977 421/1076/1978 503/1077/1979 502/1078/1980 
f 423/1072/1981 418/1063/1982 496/1064/1983 501/1073/1984 
f 417/1065/1985 422/1075/1986 502/1078/1987 497/1066/1988 
f 426/1079/1989 424/1071/1990 500/1074/1991 504/1080/1992 
f 421/1076/1993 425/1081/1994 505/1082/1995 503/1077/1996 
f 420/1083/1997 428/1084/1998 506/1085/1999 498/1086/2000 
f 427/1087/2001 419/1088/2002 499/1089/2003 507/1090/2004 
f 430/1091/2005 391/1007/2006 471/1010/2007 508/1092/2008 
f 392/1004/2009 429/1093/2010 509/1094/2011 470/1005/2012 
f 432/1095/2013 426/1096/2014 504/1097/2015 510/1098/2016 
f 425/1099/2017 431/1100/2018 511/1101/2019 505/1102/2020 
f 436/1103/2021 435/1104/2022 513/1105/2023 512/1106/2024 
f 434/1107/2025 433/1108/2026 515/1109/2027 514/1110/2028 
f 386/1000/2029 409/1043/2030 487/1044/2031 468/1001/2032 
f 408/1045/2033 389/1111/2034 465/1112/2035 488/1046/2036 
f 435/1104/2037 432/1095/2038 510/1098/2039 513/1105/2040 
f 431/1100/2041 434/1107/2042 514/1110/2043 511/1101/2044 
f 438/1113/2045 436/1103/2046 512/1106/2047 516/1114/2048 
f 433/1108/2049 437/1115/2050 517/1116/2051 515/1109/2052 
f 440/1117/2053 401/1023/2054 477/1026/2055 518/1118/2056 
f 398/1028/2057 439/1119/2058 519/1120/2059 480/1029/2060 
f 428/1084/2061 442/1121/2062 520/1122/2063 506/1085/2064 
f 441/1123/2065 427/1087/2066 507/1090/2067 521/1124/2068 
f 444/1125/2069 413/1051/2070 491/1052/2071 522/1126/2072 
f 412/1054/2073 443/1127/2074 523/1128/2075 492/1055/2076 
f 388/1129/2077 403/1031/2078 481/1032/2079 466/1130/2080 
f 402/1033/2081 387/999/2082 467/1002/2083 482/1034/2084 
f 442/1121/2085 444/1125/2086 522/1126/2087 520/1122/2088 
f 443/1127/2089 441/1123/2090 521/1124/2091 523/1128/2092 
f 384/996/2093 438/1113/2094 516/1114/2095 463/997/2096 
f 437/1115/2097 383/1131/2098 464/1132/2099 517/1116/2100 
f 446/1133/2101 430/1091/2102 508/1092/2103 524/1134/2104 
f 429/1093/2105 445/1135/2106 525/1136/2107 509/1094/2108 
f 371/1137/2109 440/1117/2110 518/1118/2111 452/1138/2112 
f 439/1119/2113 373/1139/2114 450/1140/2115 519/1120/2116 
f 372/980/2117 446/1133/2118 524/1134/2119 451/981/2120 
f 445/1135/2121 371/1141/2122 452/1142/2123 525/1136/2124 
f 414/1060/2125 448/1143/2126 526/1144/2127 495/1061/2128 
f 448/1145/2129 447/1146/2130 527/1147/2131 526/1148/2132 
f 447/1149/2133 416/1057/2134 493/1058/2135 527/1150/2136 
f 383/1151/2137 388/1152/2138 466/1153/2139 464/1154/2140 
f 389/1155/2141 385/1156/2142 462/1157/2143 465/1158/2144 
f 397/1019/2145 449/1159/2146 528/1160/2147 475/1020/2148 
f 449/1159/2149 415/1059/2150 494/1062/2151 528/1160/2152 
o 004_Cone
g Cone
usemtl Lucky Day
v 0.000 37.434 0.000
v 0.643 37.529 0.000
v 0.640 37.529 0.063
v 1.232 37.807 0.000
v 1.226 37.807 0.121
v 1.714 38.243 0.000
v 1.706 38.243 0.168
v 2.049 38.800 0.000
v 2.039 38.800 0.201
v 26.260 96.926 0.000
v 26.133 96.926 2.574
v 26.406 97.450 0.000
v 26.279 97.450 2.588
v 26.420 97.994 0.000
v 26.293 97.994 2.590
v 26.302 98.525 0.000
v 26.175 98.525 2.578
v 26.058 99.012 0.000
v 25.932 99.012 2.554
v 0.631 37.529 0.126
v 1.208 37.807 0.240
v 1.681 38.243 0.334
v 2.010 38.800 0.400
v 25.755 96.926 5.123
v 25.898 97.450 5.152
v 25.912 97.994 5.154
v 25.796 98.525 5.131
v 25.557 99.012 5.084
v 0.616 37.529 0.187
v 1.179 37.807 0.358
v 1.640 38.243 0.498
v 1.961 38.800 0.595
v 25.129 96.926 7.623
v 25.269 97.450 7.665
v 25.282 97.994 7.669
v 25.169 98.525 7.635
v 24.936 99.012 7.564
v 0.594 37.529 0.246
v 1.138 37.807 0.471
v 1.584 38.243 0.656
v 1.893 38.800 0.784
v 24.261 96.926 10.049
v 24.396 97.450 10.105
v 24.409 97.994 10.111
v 24.300 98.525 10.065
v 24.074 99.012 9.972
v 0.567 37.529 0.303
v 1.086 37.807 0.581
v 1.512 38.243 0.808
v 1.807 38.800 0.966
v 23.159 96.926 12.379
v 23.288 97.450 12.448
v 23.300 97.994 12.454
v 23.196 98.525 12.398
v 22.981 99.012 12.283
v 0.535 37.529 0.357
v 1.024 37.807 0.684
v 1.425 38.243 0.952
v 1.704 38.800 1.139
v 21.834 96.926 14.589
v 21.956 97.450 14.670
v 21.968 97.994 14.678
v 21.869 98.525 14.612
v 21.666 99.012 14.477
v 0.497 37.529 0.408
v 0.952 37.807 0.781
v 1.325 38.243 1.087
v 1.584 38.800 1.300
v 20.299 96.926 16.659
v 20.412 97.450 16.752
v 20.423 97.994 16.761
v 20.331 98.525 16.686
v 20.143 99.012 16.531
v 0.455 37.529 0.455
v 0.871 37.807 0.871
v 1.212 38.243 1.212
v 1.449 38.800 1.449
v 18.568 96.926 18.568
v 18.672 97.450 18.672
v 18.682 97.994 18.682
v 18.598 98.525 18.598
v 18.425 99.012 18.425
v 0.408 37.529 0.497
v 0.781 37.807 0.952
v 1.087 38.243 1.325
v 1.300 38.800 1.584
v 16.659 96.926 20.299
v 16.752 97.450 20.412
v 16.761 97.994 20.423
v 16.686 98.525 20.331
v 16.531 99.012 20.143
v 0.357 37.529 0.535
v 0.684 37.807 1.024
v 0.952 38.243 1.425
v 1.139 38.800 1.704
v 14.589 96.926 21.834
v 14.670 97.450 21.956
v 14.678 97.994 21.968
v 14.612 98.525 21.869
v 14.477 99.012 21.666
v 0.303 37.529 0.567
v 0.581 37.807 1.086
v 0.808 38.243 1.512
v 0.966 38.800 1.807
v 12.379 96.926 23.159
v 12.448 97.450 23.288
v 12.454 97.994 23.300
v 12.398 98.525 23.196
v 12.283 99.012 22.981
v 0.246 37.529 0.594
v 0.471 37.807 1.138
v 0.656 38.243 1.584
v 0.784 38.800 1.893
v 10.049 96.926 24.261
v 10.105 97.450 24.396
v 10.111 97.994 24.409
v 10.065 98.525 24.300
v 9.972 99.012 24.074
v 0.187 37.529 0.616
v 0.358 37.807 1.179
v 0.498 38.243 1.640
v 0.595 38.800 1.961
v 7.623 96.926 25.129
v 7.665 97.450 25.269
v 7.669 97.994 25.282
v 7.635 98.525 25.169
v 7.564 99.012 24.936
v 0.126 37.529 0.631
v 0.240 37.807 1.208
v 0.334 38.243 1.681
v 0.400 38.800 2.010
v 5.123 96.926 25.755
v 5.152 97.450 25.898
v 5.154 97.994 25.912
v 5.131 98.525 25.796
v 5.084 99.012 25.557
v 0.063 37.529 0.640
v 0.121 37.807 1.226
v 0.168 38.243 1.706
v 0.201 38.800 2.039
v 2.574 96.926 26.133
v 2.588 97.450 26.279
v 2.590 97.994 26.293
v 2.578 98.525 26.175
v 2.554 99.012 25.932
v 0.000 37.529 0.643
v 0.000 37.807 1.232
v 0.000 38.243 1.714
v 0.000 38.800 2.049
v 0.000 96.926 26.260
v 0.000 97.450 26.406
v 0.000 97.994 26.420
v 0.000 98.525 26.302
v 0.000 99.012 26.058
v -0.063 37.529 0.640
v -0.121 37.807 1.226
v -0.168 38.243 1.706
v -0.201 38.800 2.039
v -2.574 96.926 26.133
v -2.588 97.450 26.279
v -2.590 97.994 26.293
v -2.578 98.525 26.175
v -2.554 99.012 25.932
v -0.126 37.529 0.631
v -0.240 37.807 1.208
v -0.334 38.243 1.681
v -0.400 38.800 2.010
v -5.123 96.926 25.755
v -5.152 97.450 25.898
v -5.154 97.994 25.912
v -5.131 98.525 25.796
v -5.084 99.012 25.557
v -0.187 37.529 0.616
v -0.358 37.807 1.179
v -0.498 38.243 1.640
v -0.595 38.800 1.961
v -7.623 96.926 25.129
v -7.665 97.450 25.269
v -7.669 97.994 25.282
v -7.635 98.525 25.169
v -7.564 99.012 24.936
v -0.246 37.529 0.594
v -0.471 37.807 1.138
v -0.656 38.243 1.584
v -0.784 38.800 1.893
v -10.049 96.926 24.261
v -10.105 97.450 24.396
v -10.111 97.994 24.409
v -10.065 98.525 24.300
v -9.972 99.012 24.074
v -0.303 37.529 0.567
v -0.581 37.807 1.086
v -0.808 38.243 1.512
v -0.966 38.800 1.807
v -12.379 96.926 23.159
v -12.448 97.450 23.288
v -12.454 97.994 23.300
v -12.398 98.525 23.196
v -12.283 99.012 22.981
v -0.357 37.529 0.535
v -0.684 37.807 1.024
v -0.952 38.243 1.425
v -1.139 38.800 1.704
v -14.589 96.926 21.834
v -14.670 97.450 21.956
v -14.678 97.994 21.968
v -14.612 98.525 21.869
v -14.477 99.012 21.666
v -0.408 37.529 0.497
v -0.781 37.807 0.952
v -1.087 38.243 1.325
v -1.300 38.800 1.584
v -16.659 96.926 20.299
v -16.752 97.450 20.412
v -16.761 97.994 20.423
v -16.686 98.525 20.331
v -16.531 99.012 20.143
v -0.455 37.529 0.455
v -0.871 37.807 0.871
v -1.212 38.243 1.212
v -1.449 38.800 1.449
v -18.568 96.926 18.568
v -18.672 97.450 18.672
v -18.682 97.994 18.682
v -18.598 98.525 18.598
v -18.425 99.012 18.425
v -0.497 37.529 0.408
v -0.952 37.807 0.781
v -1.325 38.243 1.087
v -1.584 38.800 1.300
v -20.299 96.926 16.659
v -20.412 97.450 16.752
v -20.423 97.994 16.761
v -20.331 98.525 16.686
v -20.143 99.012 16.531
v -0.535 37.529 0.357
v -1.024 37.807 0.684
v -1.425 38.243 0.952
v -1.704 38.800 1.139
v -21.834 96.926 14.589
v -21.956 97.450 14.670
v -21.968 97.994 14.678
v -21.869 98.525 14.612
v -21.666 99.012 14.477
v -0.567 37.529 0.303
v -1.086 37.807 0.581
v -1.512 38.243 0.808
v -1.807 38.800 0.966
v -23.159 96.926 12.379
v -23.288 97.450 12.448
v -23.300 97.994 12.454
v -23.196 98.525 12.398
v -22.981 99.012 12.283
v -0.594 37.529 0.246
v -1.138 37.807 0.471
v -1.584 38.243 0.656
v -1.893 38.800 0.784
v -24.261 96.926 10.049
v -24.396 97.450 10.105
v -24.409 97.994 10.111
v -24.300 98.525 10.065
v -24.074 99.012 9.972
v -0.616 37.529 0.187
v -1.179 37.807 0.358
v -1.640 38.243 0.498
v -1.961 38.800 0.595
v -25.129 96.926 7.623
v -25.269 97.450 7.665
v -25.282 97.994 7.669
v -25.169 98.525 7.635
v -24.936 99.012 7.564
v -0.631 37.529 0.126
v -1.208 37.807 0.240
v -1.681 38.243 0.334
v -2.010 38.800 0.400
v -25.755 96.926 5.123
v -25.898 97.450 5.152
v -25.912 97.994 5.154
v -25.796 98.525 5.131
v -25.557 99.012 5.084
v -0.640 37.529 0.063
v -1.226 37.807 0.121
v -1.706 38.243 0.168
v -2.039 38.800 0.201
v -26.133 96.926 2.574
v -26.279 97.450 2.588
v -26.293 97.994 2.590
v -26.175 98.525 2.578
v -25.932 99.012 2.554
v -0.643 37.529 0.000
v -1.232 37.807 0.000
v -1.714 38.243 0.000
v -2.049 38.800 0.000
v -26.260 96.926 0.000
v -26.406 97.450 0.000
v -26.420 97.994 0.000
v -26.302 98.525 0.000
v -26.058 99.012 0.000
v -0.640 37.529 -0.063
v -1.226 37.807 -0.121
v -1.706 38.243 -0.168
v -2.039 38.800 -0.201
v -26.133 96.926 -2.574
v -26.279 97.450 -2.588
v -26.293 97.994 -2.590
v -26.175 98.525 -2.578
v -25.932 99.012 -2.554
v -0.631 37.529 -0.126
v -1.208 37.807 -0.240
v -1.681 38.243 -0.334
v -2.010 38.800 -0.400
v -25.755 96.926 -5.123
v -25.898 97.450 -5.152
v -25.912 97.994 -5.154
v -25.796 98.525 -5.131
v -25.557 99.012 -5.084
v -0.616 37.529 -0.187
v -1.179 37.807 -0.358
v -1.640 38.243 -0.498
v -1.961 38.800 -0.595
v -25.129 96.926 -7.623
v -25.269 97.450 -7.665
v -25.282 97.994 -7.669
v -25.169 98.525 -7.635
v -24.936 99.012 -7.564
v -0.594 37.529 -0.246
v -1.138 37.807 -0.471
v -1.584 38.243 -0.656
v -1.893 38.800 -0.784
v -24.261 96.926 -10.049
v -24.396 97.450 -10.105
v -24.409 97.994 -10.111
v -24.300 98.525 -10.065
v -24.074 99.012 -9.972
v -0.567 37.529 -0.303
v -1.086 37.807 -0.581
v -1.512 38.243 -0.808
v -1.807 38.800 -0.966
v -23.159 96.926 -12.379
v -23.288 97.450 -12.448
v -23.300 97.994 -12.454
v -23.196 98.525 -12.398
v -22.981 99.012 -12.283
v -0.535 37.529 -0.357
v -1.024 37.807 -0.684
v -1.425 38.243 -0.952
v -1.704 38.800 -1.139
v -21.834 96.926 -14.589
v -21.956 97.450 -14.670
v -21.968 97.994 -14.678
v -21.869 98.525 -14.612
v -21.666 99.012 -14.477
v -0.497 37.529 -0.408
v -0.952 37.807 -0.781
v -1.325 38.243 -1.087
v -1.584 38.800 -1.300
v -20.299 96.926 -16.659
v -20.412 97.450 -16.752
v -20.423 97.994 -16.761
v -20.331 98.525 -16.686
v -20.143 99.012 -16.531
v -0.455 37.529 -0.455
v -0.871 37.807 -0.871
v -1.212 38.243 -1.212
v -1.449 38.800 -1.449
v -18.568 96.926 -18.568
v -18.672 97.450 -18.672
v -18.682 97.994 -18.682
v -18.598 98.525 -18.598
v -18.425 99.012 -18.425
v -0.408 37.529 -0.497
v -0.781 37.807 -0.952
v -1.087 38.243 -1.325
v -1.300 38.800 -1.584
v -16.659 96.926 -20.299
v -16.752 97.450 -20.412
v -16.761 97.994 -20.423
v -16.686 98.525 -20.331
v -16.531 99.012 -20.143
v -0.357 37.529 -0.535
v -0.684 37.807 -1.024
v -0.952 38.243 -1.425
v -1.139 38.800 -1.704
v -14.589 96.926 -21.834
v -14.670 97.450 -21.956
v -14.678 97.994 -21.968
v -14.612 98.525 -21.869
v -14.477 99.012 -21.666
v -0.303 37.529 -0.567
v -0.581 37.807 -1.086
v -0.808 38.243 -1.512
v -0.966 38.800 -1.807
v -12.379 96.926 -23.159
v -12.448 97.450 -23.288
v -12.454 97.994 -23.300
v -12.398 98.525 -23.196
v -12.283 99.012 -22.981
v -0.246 37.529 -0.594
v -0.471 37.807 -1.138
v -0.656 38.243 -1.584
v -0.784 38.800 -1.893
v -10.049 96.926 -24.261
v -10.105 97.450 -24.396
v -10.111 97.994 -24.409
v -10.065 98.525 -24.300
v -9.972 99.012 -24.074
v -0.187 37.529 -0.616
v -0.358 37.807 -1.179
v -0.498 38.243 -1.640
v -0.595 38.800 -1.961
v -7.623 96.926 -25.129
v -7.665 97.450 -25.269
v -7.669 97.994 -25.282
v -7.635 98.525 -25.169
v -7.564 99.012 -24.936
v -0.126 37.529 -0.631
v -0.240 37.807 -1.208
v -0.334 38.243 -1.681
v -0.400 38.800 -2.010
v -5.123 96.926 -25.755
v -5.152 97.450 -25.898
v -5.154 97.994 -25.912
v -5.131 98.525 -25.796
v -5.084 99.012 -25.557
v -0.063 37.529 -0.640
v -0.121 37.807 -1.226
v -0.168 38.243 -1.706
v -0.201 38.800 -2.039
v -2.574 96.926 -26.133
v -2.588 97.450 -26.279
v -2.590 97.994 -26.293
v -2.578 98.525 -26.175
v -2.554 99.012 -25.932
v -0.000 37.529 -0.643
v -0.000 37.807 -1.232
v -0.000 38.243 -1.714
v -0.000 38.800 -2.049
v -0.000 96.926 -26.260
v -0.000 97.450 -26.406
v -0.000 97.994 -26.420
v -0.000 98.525 -26.302
v -0.000 99.012 -26.058
v 0.063 37.529 -0.640
v 0.121 37.807 -1.226
v 0.168 38.243 -1.706
v 0.201 38.800 -2.039
v 2.574 96.926 -26.133
v 2.588 97.450 -26.279
v 2.590 97.994 -26.293
v 2.578 98.525 -26.175
v 2.554 99.012 -25.932
v 0.126 37.529 -0.631
v 0.240 37.807 -1.208
v 0.334 38.243 -1.681
v 0.400 38.800 -2.010
v 5.123 96.926 -25.755
v 5.152 97.450 -25.898
v 5.154 97.994 -25.912
v 5.131 98.525 -25.796
v 5.084 99.012 -25.557
v 0.187 37.529 -0.616
v 0.358 37.807 -1.179
v 0.498 38.243 -1.640
v 0.595 38.800 -1.961
v 7.623 96.926 -25.129
v 7.665 97.450 -25.269
v 7.669 97.994 -25.282
v 7.635 98.525 -25.169
v 7.564 99.012 -24.936
v 0.246 37.529 -0.594
v 0.471 37.807 -1.138
v 0.656 38.243 -1.584
v 0.784 38.800 -1.893
v 10.049 96.926 -24.261
v 10.105 97.450 -24.396
v 10.111 97.994 -24.409
v 10.065 98.525 -24.300
v 9.972 99.012 -24.074
v 0.303 37.529 -0.567
v 0.581 37.807 -1.086
v 0.808 38.243 -1.512
v 0.966 38.800 -1.807
v 12.379 96.926 -23.159
v 12.448 97.450 -23.288
v 12.454 97.994 -23.300
v 12.398 98.525 -23.196
v 12.283 99.012 -22.981
v 0.357 37.529 -0.535
v 0.684 37.807 -1.024
v 0.952 38.243 -1.425
v 1.139 38.800 -1.704
v 14.589 96.926 -21.834
v 14.670 97.450 -21.956
v 14.678 97.994 -21.968
v 14.612 98.525 -21.869
v 14.477 99.012 -21.666
v 0.408 37.529 -0.497
v 0.781 37.807 -0.952
v 1.087 38.243 -1.325
v 1.300 38.800 -1.584
v 16.659 96.926 -20.299
v 16.752 97.450 -20.412
v 16.761 97.994 -20.423
v 16.686 98.525 -20.331
v 16.531 99.012 -20.143
v 0.455 37.529 -0.455
v 0.871 37.807 -0.871
v 1.212 38.243 -1.212
v 1.449 38.800 -1.449
v 18.568 96.926 -18.568
v 18.672 97.450 -18.672
v 18.682 97.994 -18.682
v 18.598 98.525 -18.598
v 18.425 99.012 -18.425
v 0.497 37.529 -0.408
v 0.952 37.807 -0.781
v 1.325 38.243 -1.087
v 1.584 38.800 -1.300
v 20.299 96.926 -16.659
v 20.412 97.450 -16.752
v 20.423 97.994 -16.761
v 20.331 98.525 -16.686
v 20.143 99.012 -16.531
v 0.535 37.529 -0.357
v 1.024 37.807 -0.684
v 1.425 38.243 -0.952
v 1.704 38.800 -1.139
v 21.834 96.926 -14.589
v 21.956 97.450 -14.670
v 21.968 97.994 -14.678
v 21.869 98.525 -14.612
v 21.666 99.012 -14.477
v 0.567 37.529 -0.303
v 1.086 37.807 -0.581
v 1.512 38.243 -0.808
v 1.807 38.800 -0.966
v 23.159 96.926 -12.379
v 23.288 97.450 -12.448
v 23.300 97.994 -12.454
v 23.196 98.525 -12.398
v 22.981 99.012 -12.283
v 0.594 37.529 -0.246
v 1.138 37.807 -0.471
v 1.584 38.243 -0.656
v 1.893 38.800 -0.784
v 24.261 96.926 -10.049
v 24.396 97.450 -10.105
v 24.409 97.994 -10.111
v 24.300 98.525 -10.065
v 24.074 99.012 -9.972
v 0.616 37.529 -0.187
v 1.179 37.807 -0.358
v 1.640 38.243 -0.498
v 1.961 38.800 -0.595
v 25.129 96.926 -7.623
v 25.269 97.450 -7.665
v 25.282 97.994 -7.669
v 25.169 98.525 -7.635
v 24.936 99.012 -7.564
v 0.631 37.529 -0.126
v 1.208 37.807 -0.240
v 1.681 38.243 -0.334
v 2.010 38.800 -0.400
v 25.755 96.926 -5.123
v 25.898 97.450 -5.152
v 25.912 97.994 -5.154
v 25.796 98.525 -5.131
v 25.557 99.012 -5.084
v 0.640 37.529 -0.063
v 1.226 37.807 -0.121
v 1.706 38.243 -0.168
v 2.039 38.800 -0.201
v 26.133 96.926 -2.574
v 26.279 97.450 -2.588
v 26.293 97.994 -2.590
v 26.175 98.525 -2.578
v 25.932 99.012 -2.554
v 0.000 100.000 0.000
v 24.094 100.000 2.373
v 24.210 100.000 0.000
v 24.631 99.933 2.426
v 24.750 99.933 0.000
v 25.136 99.737 2.476
v 25.258 99.737 0.000
v 25.579 99.424 2.519
v 25.703 99.424 0.000
v 23.745 100.000 4.723
v 24.275 99.933 4.829
v 24.773 99.737 4.928
v 25.209 99.424 5.014
v 23.168 100.000 7.028
v 23.685 99.933 7.185
v 24.170 99.737 7.332
v 24.596 99.424 7.461
v 22.368 100.000 9.265
v 22.866 99.933 9.472
v 23.335 99.737 9.666
v 23.746 99.424 9.836
v 21.352 100.000 11.413
v 21.828 99.933 11.667
v 22.276 99.737 11.907
v 22.668 99.424 12.116
v 20.130 100.000 13.451
v 20.579 99.933 13.751
v 21.001 99.737 14.033
v 21.371 99.424 14.280
v 18.715 100.000 15.359
v 19.132 99.933 15.701
v 19.525 99.737 16.023
v 19.868 99.424 16.306
v 17.119 100.000 17.119
v 17.501 99.933 17.501
v 17.860 99.737 17.860
v 18.174 99.424 18.174
v 15.359 100.000 18.715
v 15.701 99.933 19.132
v 16.023 99.737 19.525
v 16.306 99.424 19.868
v 13.451 100.000 20.130
v 13.751 99.933 20.579
v 14.033 99.737 21.001
v 14.280 99.424 21.371
v 11.413 100.000 21.352
v 11.667 99.933 21.828
v 11.907 99.737 22.276
v 12.116 99.424 22.668
v 9.265 100.000 22.368
v 9.472 99.933 22.866
v 9.666 99.737 23.335
v 9.836 99.424 23.746
v 7.028 100.000 23.168
v 7.185 99.933 23.685
v 7.332 99.737 24.170
v 7.461 99.424 24.596
v 4.723 100.000 23.745
v 4.829 99.933 24.275
v 4.928 99.737 24.773
v 5.014 99.424 25.209
v 2.373 100.000 24.094
v 2.426 99.933 24.631
v 2.476 99.737 25.136
v 2.519 99.424 25.579
v 0.000 100.000 24.210
v 0.000 99.933 24.750
v 0.000 99.737 25.258
v 0.000 99.424 25.703
v -2.373 100.000 24.094
v -2.426 99.933 24.631
v -2.476 99.737 25.136
v -2.519 99.424 25.579
v -4.723 100.000 23.745
v -4.829 99.933 24.275
v -4.928 99.737 24.773
v -5.014 99.424 25.209
v -7.028 100.000 23.168
v -7.185 99.933 23.685
v -7.332 99.737 24.170
v -7.461 99.424 24.596
v -9.265 100.000 22.368
v -9.472 99.933 22.866
v -9.666 99.737 23.335
v -9.836 99.424 23.746
v -11.413 100.000 21.352
v -11.667 99.933 21.828
v -11.907 99.737 22.276
v -12.116 99.424 22.668
v -13.451 100.000 20.130
v -13.751 99.933 20.579
v -14.033 99.737 21.001
v -14.280 99.424 21.371
v -15.359 100.000 18.715
v -15.701 99.933 19.132
v -16.023 99.737 19.525
v -16.306 99.424 19.868
v -17.119 100.000 17.119
v -17.501 99.933 17.501
v -17.860 99.737 17.860
v -18.174 99.424 18.174
v -18.715 100.000 15.359
v -19.132 99.933 15.701
v -19.525 99.737 16.023
v -19.868 99.424 16.306
v -20.130 100.000 13.451
v -20.579 99.933 13.751
v -21.001 99.737 14.033
v -21.371 99.424 14.280
v -21.352 100.000 11.413
v -21.828 99.933 11.667
v -22.276 99.737 11.907
v -22.668 99.424 12.116
v -22.368 100.000 9.265
v -22.866 99.933 9.472
v -23.335 99.737 9.666
v -23.746 99.424 9.836
v -23.168 100.000 7.028
v -23.685 99.933 7.185
v -24.170 99.737 7.332
v -24.596 99.424 7.461
v -23.745 100.000 4.723
v -24.275 99.933 4.829
v -24.773 99.737 4.928
v -25.209 99.424 5.014
v -24.094 100.000 2.373
v -24.631 99.933 2.426
v -25.136 99.737 2.476
v -25.579 99.424 2.519
v -24.210 100.000 0.000
v -24.750 99.933 0.000
v -25.258 99.737 0.000
v -25.703 99.424 0.000
v -24.094 100.000 -2.373
v -24.631 99.933 -2.426
v -25.136 99.737 -2.476
v -25.579 99.424 -2.519
v -23.745 100.000 -4.723
v -24.275 99.933 -4.829
v -24.773 99.737 -4.928
v -25.209 99.424 -5.014
v -23.168 100.000 -7.028
v -23.685 99.933 -7.185
v -24.170 99.737 -7.332
v -24.596 99.424 -7.461
v -22.368 100.000 -9.265
v -22.866 99.933 -9.472
v -23.335 99.737 -9.666
v -23.746 99.424 -9.836
v -21.352 100.000 -11.413
v -21.828 99.933 -11.667
v -22.276 99.737 -11.907
v -22.668 99.424 -12.116
v -20.130 100.000 -13.451
v -20.579 99.933 -13.751
v -21.001 99.737 -14.033
v -21.371 99.424 -14.280
v -18.715 100.000 -15.359
v -19.132 99.933 -15.701
v -19.525 99.737 -16.023
v -19.868 99.424 -16.306
v -17.119 100.000 -17.119
v -17.501 99.933 -17.501
v -17.860 99.737 -17.860
v -18.174 99.424 -18.174
v -15.359 100.000 -18.715
v -15.701 99.933 -19.132
v -16.023 99.737 -19.525
v -16.306 99.424 -19.868
v -13.451 100.000 -20.130
v -13.751 99.933 -20.579
v -14.033 99.737 -21.001
v -14.280 99.424 -21.371
v -11.413 100.000 -21.352
v -11.667 99.933 -21.828
v -11.907 99.737 -22.276
v -12.116 99.424 -22.668
v -9.265 100.000 -22.368
v -9.472 99.933 -22.866
v -9.666 99.737 -23.335
v -9.836 99.424 -23.746
v -7.028 100.000 -23.168
v -7.185 99.933 -23.685
v -7.332 99.737 -24.170
v -7.461 99.424 -24.596
v -4.723 100.000 -23.745
v -4.829 99.933 -24.275
v -4.928 99.737 -24.773
v -5.014 99.424 -25.209
v -2.373 100.000 -24.094
v -2.426 99.933 -24.631
v -2.476 99.737 -25.136
v -2.519 99.424 -25.579
v -0.000 100.000 -24.210
v -0.000 99.933 -24.750
v -0.000 99.737 -25.258
v -0.000 99.424 -25.703
v 2.373 100.000 -24.094
v 2.426 99.933 -24.631
v 2.476 99.737 -25.136
v 2.519 99.424 -25.579
v 4.723 100.000 -23.745
v 4.829 99.933 -24.275
v 4.928 99.737 -24.773
v 5.014 99.424 -25.209
v 7.028 100.000 -23.168
v 7.185 99.933 -23.685
v 7.332 99.737 -24.170
v 7.461 99.424 -24.596
v 9.265 100.000 -22.368
v 9.472 99.933 -22.866
v 9.666 99.737 -23.335
v 9.836 99.424 -23.746
v 11.413 100.000 -21.352
v 11.667 99.933 -21.828
v 11.907 99.737 -22.276
v 12.116 99.424 -22.668
v 13.451 100.000 -20.130
v 13.751 99.933 -20.579
v 14.033 99.737 -21.001
v 14.280 99.424 -21.371
v 15.359 100.000 -18.715
v 15.701 99.933 -19.132
v 16.023 99.737 -19.525
v 16.306 99.424 -19.868
v 17.119 100.000 -17.119
v 17.501 99.933 -17.501
v 17.860 99.737 -17.860
v 18.174 99.424 -18.174
v 18.715 100.000 -15.359
v 19.132 99.933 -15.701
v 19.525 99.737 -16.023
v 19.868 99.424 -16.306
v 20.130 100.000 -13.451
v 20.579 99.933 -13.751
v 21.001 99.737 -14.033
v 21.371 99.424 -14.280
v 21.352 100.000 -11.413
v 21.828 99.933 -11.667
v 22.276 99.737 -11.907
v 22.668 99.424 -12.116
v 22.368 100.000 -9.265
v 22.866 99.933 -9.472
v 23.335 99.737 -9.666
v 23.746 99.424 -9.836
v 23.168 100.000 -7.028
v 23.685 99.933 -7.185
v 24.170 99.737 -7.332
v 24.596 99.424 -7.461
v 23.745 100.000 -4.723
v 24.275 99.933 -4.829
v 24.773 99.737 -4.928
v 25.209 99.424 -5.014
v 24.094 100.000 -2.373
v 24.631 99.933 -2.426
v 25.136 99.737 -2.476
v 25.579 99.424 -2.519
vt 0.50000 0.50000
vt 0.50482 0.50000
vt 0.50479 0.50047
vt 0.50963 0.50000
vt 0.50959 0.50094
vt 0.51445 0.50000
vt 0.51438 0.50142
vt 0.51927 0.50000
vt 0.51917 0.50189
vt 0.98390 0.50000
vt 0.98157 0.54743
vt 0.98793 0.50000
vt 0.98558 0.54783
vt 0.99195 0.50000
vt 0.98958 0.54822
vt 0.99598 0.50000
vt 0.99359 0.54861
vt 1.00000 0.50000
vt 0.99759 0.54901
vt 0.50472 0.50094
vt 0.50945 0.50188
vt 0.51417 0.50282
vt 0.51890 0.50376
vt 0.97460 0.59440
vt 0.97855 0.59519
vt 0.98250 0.59597
vt 0.98645 0.59676
vt 0.99039 0.59755
vt 0.50461 0.50140
vt 0.50922 0.50280
vt 0.51383 0.50419
vt 0.51844 0.50559
vt 0.96306 0.64047
vt 0.96692 0.64164
vt 0.97077 0.64281
vt 0.97462 0.64397
vt 0.97847 0.64514
vt 0.50445 0.50184
vt 0.50890 0.50369
vt 0.51335 0.50553
vt 0.51780 0.50737
vt 0.94707 0.68518
vt 0.95078 0.68672
vt 0.95450 0.68826
vt 0.95822 0.68980
vt 0.96194 0.69134
vt 0.50425 0.50227
vt 0.50850 0.50454
vt 0.51274 0.50681
vt 0.51699 0.50908
vt 0.92676 0.72811
vt 0.93031 0.73001
vt 0.93386 0.73190
vt 0.93741 0.73380
vt 0.94096 0.73570
vt 0.50400 0.50268
vt 0.50801 0.50535
vt 0.51201 0.50803
vt 0.51602 0.51070
vt 0.90235 0.76884
vt 0.90570 0.77108
vt 0.90904 0.77331
vt 0.91239 0.77555
vt 0.91573 0.77779
vt 0.50372 0.50306
vt 0.50745 0.50611
vt 0.51117 0.50917
vt 0.51489 0.51222
vt 0.87406 0.80698
vt 0.87717 0.80954
vt 0.88028 0.81209
vt 0.88339 0.81464
vt 0.88651 0.81720
vt 0.50341 0.50341
vt 0.50681 0.50681
vt 0.51022 0.51022
vt 0.51362 0.51362
vt 0.84217 0.84217
vt 0.84502 0.84502
vt 0.84786 0.84786
vt 0.85071 0.85071
vt 0.85355 0.85355
vt 0.50306 0.50372
vt 0.50611 0.50745
vt 0.50917 0.51117
vt 0.51222 0.51489
vt 0.80698 0.87406
vt 0.80954 0.87717
vt 0.81209 0.88028
vt 0.81464 0.88339
vt 0.81720 0.88651
vt 0.50268 0.50400
vt 0.50535 0.50801
vt 0.50803 0.51201
vt 0.51070 0.51602
vt 0.76884 0.90235
vt 0.77108 0.90570
vt 0.77331 0.90904
vt 0.77555 0.91239
vt 0.77779 0.91573
vt 0.50227 0.50425
vt 0.50454 0.50850
vt 0.50681 0.51274
vt 0.50908 0.51699
vt 0.72811 0.92676
vt 0.73001 0.93031
vt 0.73190 0.93386
vt 0.73380 0.93741
vt 0.73570 0.94096
vt 0.50184 0.50445
vt 0.50369 0.50890
vt 0.50553 0.51335
vt 0.50737 0.51780
vt 0.68518 0.94707
vt 0.68672 0.95078
vt 0.68826 0.95450
vt 0.68980 0.95822
vt 0.69134 0.96194
vt 0.50140 0.50461
vt 0.50280 0.50922
vt 0.50419 0.51383
vt 0.50559 0.51844
vt 0.64047 0.96306
vt 0.64164 0.96692
vt 0.64281 0.97077
vt 0.64397 0.97462
vt 0.64514 0.97847
vt 0.50094 0.50472
vt 0.50188 0.50945
vt 0.50282 0.51417
vt 0.50376 0.51890
vt 0.59440 0.97460
vt 0.59519 0.97855
vt 0.59597 0.98250
vt 0.59676 0.98645
vt 0.59755 0.99039
vt 0.50047 0.50479
vt 0.50094 0.50959
vt 0.50142 0.51438
vt 0.50189 0.51917
vt 0.54743 0.98157
vt 0.54783 0.98558
vt 0.54822 0.98958
vt 0.54861 0.99359
vt 0.54901 0.99759
vt 0.50000 0.50482
vt 0.50000 0.50963
vt 0.50000 0.51445
vt 0.50000 0.51927
vt 0.50000 0.98390
vt 0.50000 0.98793
vt 0.50000 0.99195
vt 0.50000 0.99598
vt 0.50000 1.00000
vt 0.49953 0.50479
vt 0.49906 0.50959
vt 0.49858 0.51438
vt 0.49811 0.51917
vt 0.45257 0.98157
vt 0.45217 0.98558
vt 0.45178 0.98958
vt 0.45139 0.99359
vt 0.45099 0.99759
vt 0.49906 0.50472
vt 0.49812 0.50945
vt 0.49718 0.51417
vt 0.49624 0.51890
vt 0.40560 0.97460
vt 0.40481 0.97855
vt 0.40403 0.98250
vt 0.40324 0.98645
vt 0.40245 0.99039
vt 0.49860 0.50461
vt 0.49720 0.50922
vt 0.49581 0.51383
vt 0.49441 0.51844
vt 0.35953 0.96306
vt 0.35836 0.96692
vt 0.35719 0.97077
vt 0.35603 0.97462
vt 0.35486 0.97847
vt 0.49816 0.50445
vt 0.49631 0.50890
vt 0.49447 0.51335
vt 0.49263 0.51780
vt 0.31482 0.94707
vt 0.31328 0.95078
vt 0.31174 0.95450
vt 0.31020 0.95822
vt 0.30866 0.96194
vt 0.49773 0.50425
vt 0.49546 0.50850
vt 0.49319 0.51274
vt 0.49092 0.51699
vt 0.27189 0.92676
vt 0.26999 0.93031
vt 0.26810 0.93386
vt 0.26620 0.93741
vt 0.26430 0.94096
vt 0.49732 0.50400
vt 0.49465 0.50801
vt 0.49197 0.51201
vt 0.48930 0.51602
vt 0.23116 0.90235
vt 0.22892 0.90570
vt 0.22669 0.90904
vt 0.22445 0.91239
vt 0.22221 0.91573
vt 0.49694 0.50372
vt 0.49389 0.50745
vt 0.49083 0.51117
vt 0.48778 0.51489
vt 0.19302 0.87406
vt 0.19046 0.87717
vt 0.18791 0.88028
vt 0.18536 0.88339
vt 0.18280 0.88651
vt 0.49659 0.50341
vt 0.49319 0.50681
vt 0.48978 0.51022
vt 0.48638 0.51362
vt 0.15783 0.84217
vt 0.15498 0.84502
vt 0.15214 0.84786
vt 0.14929 0.85071
vt 0.14645 0.85355
vt 0.49628 0.50306
vt 0.49255 0.50611
vt 0.48883 0.50917
vt 0.48511 0.51222
vt 0.12594 0.80698
vt 0.12283 0.80954
vt 0.11972 0.81209
vt 0.11661 0.81464
vt 0.11349 0.81720
vt 0.49600 0.50268
vt 0.49199 0.50535
vt 0.48799 0.50803
vt 0.48398 0.51070
vt 0.09765 0.76884
vt 0.09430 0.77108
vt 0.09096 0.77331
vt 0.08761 0.77555
vt 0.08427 0.77779
vt 0.49575 0.50227
vt 0.49150 0.50454
vt 0.48726 0.50681
vt 0.48301 0.50908
vt 0.07324 0.72811
vt 0.06969 0.73001
vt 0.06614 0.73190
vt 0.06259 0.73380
vt 0.05904 0.73570
vt 0.49555 0.50184
vt 0.49110 0.50369
vt 0.48665 0.50553
vt 0.48220 0.50737
vt 0.05293 0.68518
vt 0.04922 0.68672
vt 0.04550 0.68826
vt 0.04178 0.68980
vt 0.03806 0.69134
vt 0.49539 0.50140
vt 0.49078 0.50280
vt 0.48617 0.50419
vt 0.48156 0.50559
vt 0.03694 0.64047
vt 0.03308 0.64164
vt 0.02923 0.64281
vt 0.02538 0.64397
vt 0.02153 0.64514
vt 0.49528 0.50094
vt 0.49055 0.50188
vt 0.48583 0.50282
vt 0.48110 0.50376
vt 0.02540 0.59440
vt 0.02145 0.59519
vt 0.01750 0.59597
vt 0.01355 0.59676
vt 0.00961 0.59755
vt 0.49521 0.50047
vt 0.49041 0.50094
vt 0.48562 0.50142
vt 0.48083 0.50189
vt 0.01843 0.54743
vt 0.01442 0.54783
vt 0.01042 0.54822
vt 0.00641 0.54861
vt 0.00241 0.54901
vt 0.49518 0.50000
vt 0.49037 0.50000
vt 0.48555 0.50000
vt 0.48073 0.50000
vt 0.01610 0.50000
vt 0.01207 0.50000
vt 0.00805 0.50000
vt 0.00402 0.50000
vt 0.00000 0.50000
vt 0.49521 0.49953
vt 0.49041 0.49906
vt 0.48562 0.49858
vt 0.48083 0.49811
vt 0.01843 0.45257
vt 0.01442 0.45217
vt 0.01042 0.45178
vt 0.00641 0.45139
vt 0.00241 0.45099
vt 0.49528 0.49906
vt 0.49055 0.49812
vt 0.48583 0.49718
vt 0.48110 0.49624
vt 0.02540 0.40560
vt 0.02145 0.40481
vt 0.01750 0.40403
vt 0.01355 0.40324
vt 0.00961 0.40245
vt 0.49539 0.49860
vt 0.49078 0.49720
vt 0.48617 0.49581
vt 0.48156 0.49441
vt 0.03694 0.35953
vt 0.03308 0.35836
vt 0.02923 0.35719
vt 0.02538 0.35603
vt 0.02153 0.35486
vt 0.49555 0.49816
vt 0.49110 0.49631
vt 0.48665 0.49447
vt 0.48220 0.49263
vt 0.05293 0.31482
vt 0.04922 0.31328
vt 0.04550 0.31174
vt 0.04178 0.31020
vt 0.03806 0.30866
vt 0.49575 0.49773
vt 0.49150 0.49546
vt 0.48726 0.49319
vt 0.48301 0.49092
vt 0.07324 0.27189
vt 0.06969 0.26999
vt 0.06614 0.26810
vt 0.06259 0.26620
vt 0.05904 0.26430
vt 0.49600 0.49732
vt 0.49199 0.49465
vt 0.48799 0.49197
vt 0.48398 0.48930
vt 0.09765 0.23116
vt 0.09430 0.22892
vt 0.09096 0.22669
vt 0.08761 0.22445
vt 0.08427 0.22221
vt 0.49628 0.49694
vt 0.49255 0.49389
vt 0.48883 0.49083
vt 0.48511 0.48778
vt 0.12594 0.19302
vt 0.12283 0.19046
vt 0.11972 0.18791
vt 0.11661 0.18536
vt 0.11349 0.18280
vt 0.49659 0.49659
vt 0.49319 0.49319
vt 0.48978 0.48978
vt 0.48638 0.48638
vt 0.15783 0.15783
vt 0.15498 0.15498
vt 0.15214 0.15214
vt 0.14929 0.14929
vt 0.14645 0.14645
vt 0.49694 0.49628
vt 0.49389 0.49255
vt 0.49083 0.48883
vt 0.48778 0.48511
vt 0.19302 0.12594
vt 0.19046 0.12283
vt 0.18791 0.11972
vt 0.18536 0.11661
vt 0.18280 0.11349
vt 0.49732 0.49600
vt 0.49465 0.49199
vt 0.49197 0.48799
vt 0.48930 0.48398
vt 0.23116 0.09765
vt 0.22892 0.09430
vt 0.22669 0.09096
vt 0.22445 0.08761
vt 0.22221 0.08427
vt 0.49773 0.49575
vt 0.49546 0.49150
vt 0.49319 0.48726
vt 0.49092 0.48301
vt 0.27189 0.07324
vt 0.26999 0.06969
vt 0.26810 0.06614
vt 0.26620 0.06259
vt 0.26430 0.05904
vt 0.49816 0.49555
vt 0.49631 0.49110
vt 0.49447 0.48665
vt 0.49263 0.48220
vt 0.31482 0.05293
vt 0.31328 0.04922
vt 0.31174 0.04550
vt 0.31020 0.04178
vt 0.30866 0.03806
vt 0.49860 0.49539
vt 0.49720 0.49078
vt 0.49581 0.48617
vt 0.49441 0.48156
vt 0.35953 0.03694
vt 0.35836 0.03308
vt 0.35719 0.02923
vt 0.35603 0.02538
vt 0.35486 0.02153
vt 0.49906 0.49528
vt 0.49812 0.49055
vt 0.49718 0.48583
vt 0.49624 0.48110
vt 0.40560 0.02540
vt 0.40481 0.02145
vt 0.40403 0.01750
vt 0.40324 0.01355
vt 0.40245 0.00961
vt 0.49953 0.49521
vt 0.49906 0.49041
vt 0.49858 0.48562
vt 0.49811 0.48083
vt 0.45257 0.01843
vt 0.45217 0.01442
vt 0.45178 0.01042
vt 0.45139 0.00641
vt 0.45099 0.00241
vt 0.50000 0.49518
vt 0.50000 0.49037
vt 0.50000 0.48555
vt 0.50000 0.48073
vt 0.50000 0.01610
vt 0.50000 0.01207
vt 0.50000 0.00805
vt 0.50000 0.00402
vt 0.50000 0.00000
vt 0.50047 0.49521
vt 0.50094 0.49041
vt 0.50142 0.48562
vt 0.50189 0.48083
vt 0.54743 0.01843
vt 0.54783 0.01442
vt 0.54822 0.01042
vt 0.54861 0.00641
vt 0.54901 0.00241
vt 0.50094 0.49528
vt 0.50188 0.49055
vt 0.50282 0.48583
vt 0.50376 0.48110
vt 0.59440 0.02540
vt 0.59519 0.02145
vt 0.59597 0.01750
vt 0.59676 0.01355
vt 0.59755 0.00961
vt 0.50140 0.49539
vt 0.50280 0.49078
vt 0.50419 0.48617
vt 0.50559 0.48156
vt 0.64047 0.03694
vt 0.64164 0.03308
vt 0.64281 0.02923
vt 0.64397 0.02538
vt 0.64514 0.02153
vt 0.50184 0.49555
vt 0.50369 0.49110
vt 0.50553 0.48665
vt 0.50737 0.48220
vt 0.68518 0.05293
vt 0.68672 0.04922
vt 0.68826 0.04550
vt 0.68980 0.04178
vt 0.69134 0.03806
vt 0.50227 0.49575
vt 0.50454 0.49150
vt 0.50681 0.48726
vt 0.50908 0.48301
vt 0.72811 0.07324
vt 0.73001 0.06969
vt 0.73190 0.06614
vt 0.73380 0.06259
vt 0.73570 0.05904
vt 0.50268 0.49600
vt 0.50535 0.49199
vt 0.50803 0.48799
vt 0.51070 0.48398
vt 0.76884 0.09765
vt 0.77108 0.09430
vt 0.77331 0.09096
vt 0.77555 0.08761
vt 0.77779 0.08427
vt 0.50306 0.49628
vt 0.50611 0.49255
vt 0.50917 0.48883
vt 0.51222 0.48511
vt 0.80698 0.12594
vt 0.80954 0.12283
vt 0.81209 0.11972
vt 0.81464 0.11661
vt 0.81720 0.11349
vt 0.50341 0.49659
vt 0.50681 0.49319
vt 0.51022 0.48978
vt 0.51362 0.48638
vt 0.84217 0.15783
vt 0.84502 0.15498
vt 0.84786 0.15214
vt 0.85071 0.14929
vt 0.85355 0.14645
vt 0.50372 0.49694
vt 0.50745 0.49389
vt 0.51117 0.49083
vt 0.51489 0.48778
vt 0.87406 0.19302
vt 0.87717 0.19046
vt 0.88028 0.18791
vt 0.88339 0.18536
vt 0.88651 0.18280
vt 0.50400 0.49732
vt 0.50801 0.49465
vt 0.51201 0.49197
vt 0.51602 0.48930
vt 0.90235 0.23116
vt 0.90570 0.22892
vt 0.90904 0.22669
vt 0.91239 0.22445
vt 0.91573 0.22221
vt 0.50425 0.49773
vt 0.50850 0.49546
vt 0.51274 0.49319
vt 0.51699 0.49092
vt 0.92676 0.27189
vt 0.93031 0.26999
vt 0.93386 0.26810
vt 0.93741 0.26620
vt 0.94096 0.26430
vt 0.50445 0.49816
vt 0.50890 0.49631
vt 0.51335 0.49447
vt 0.51780 0.49263
vt 0.94707 0.31482
vt 0.95078 0.31328
vt 0.95450 0.31174
vt 0.95822 0.31020
vt 0.96194 0.30866
vt 0.50461 0.49860
vt 0.50922 0.49720
vt 0.51383 0.49581
vt 0.51844 0.49441
vt 0.96306 0.35953
vt 0.96692 0.35836
vt 0.97077 0.35719
vt 0.97462 0.35603
vt 0.97847 0.35486
vt 0.50472 0.49906
vt 0.50945 0.49812
vt 0.51417 0.49718
vt 0.51890 0.49624
vt 0.97460 0.40560
vt 0.97855 0.40481
vt 0.98250 0.40403
vt 0.98645 0.40324
vt 0.99039 0.40245
vt 0.50479 0.49953
vt 0.50959 0.49906
vt 0.51438 0.49858
vt 0.51917 0.49811
vt 0.98157 0.45257
vt 0.98558 0.45217
vt 0.98958 0.45178
vt 0.99359 0.45139
vt 0.99759 0.45099
vt 0.50000 0.50000
vt 0.95646 0.54496
vt 0.95867 0.50000
vt 0.96674 0.54597
vt 0.96900 0.50000
vt 0.97703 0.54698
vt 0.97933 0.50000
vt 0.98731 0.54800
vt 0.98967 0.50000
vt 0.99759 0.54901
vt 1.00000 0.50000
vt 0.94986 0.58948
vt 0.95999 0.59150
vt 0.97012 0.59351
vt 0.98026 0.59553
vt 0.99039 0.59755
vt 0.93892 0.63314
vt 0.94881 0.63614
vt 0.95869 0.63914
vt 0.96858 0.64214
vt 0.97847 0.64514
vt 0.92375 0.67552
vt 0.93330 0.67948
vt 0.94285 0.68343
vt 0.95239 0.68739
vt 0.96194 0.69134
vt 0.90451 0.71621
vt 0.91362 0.72109
vt 0.92274 0.72596
vt 0.93185 0.73083
vt 0.94096 0.73570
vt 0.88137 0.75482
vt 0.88996 0.76056
vt 0.89855 0.76630
vt 0.90714 0.77204
vt 0.91573 0.77779
vt 0.85456 0.79098
vt 0.86254 0.79753
vt 0.87053 0.80409
vt 0.87852 0.81064
vt 0.88651 0.81720
vt 0.82433 0.82433
vt 0.83163 0.83163
vt 0.83894 0.83894
vt 0.84625 0.84625
vt 0.85355 0.85355
vt 0.79098 0.85456
vt 0.79753 0.86254
vt 0.80409 0.87053
vt 0.81064 0.87852
vt 0.81720 0.88651
vt 0.75482 0.88137
vt 0.76056 0.88996
vt 0.76630 0.89855
vt 0.77204 0.90714
vt 0.77779 0.91573
vt 0.71621 0.90451
vt 0.72109 0.91362
vt 0.72596 0.92274
vt 0.73083 0.93185
vt 0.73570 0.94096
vt 0.67552 0.92375
vt 0.67948 0.93330
vt 0.68343 0.94285
vt 0.68739 0.95239
vt 0.69134 0.96194
vt 0.63314 0.93892
vt 0.63614 0.94881
vt 0.63914 0.95869
vt 0.64214 0.96858
vt 0.64514 0.97847
vt 0.58948 0.94986
vt 0.59150 0.95999
vt 0.59351 0.97012
vt 0.59553 0.98026
vt 0.59755 0.99039
vt 0.54496 0.95646
vt 0.54597 0.96674
vt 0.54698 0.97703
vt 0.54800 0.98731
vt 0.54901 0.99759
vt 0.50000 0.95867
vt 0.50000 0.96900
vt 0.50000 0.97933
vt 0.50000 0.98967
vt 0.50000 1.00000
vt 0.45504 0.95646
vt 0.45403 0.96674
vt 0.45302 0.97703
vt 0.45200 0.98731
vt 0.45099 0.99759
vt 0.41052 0.94986
vt 0.40850 0.95999
vt 0.40649 0.97012
vt 0.40447 0.98026
vt 0.40245 0.99039
vt 0.36686 0.93892
vt 0.36386 0.94881
vt 0.36086 0.95869
vt 0.35786 0.96858
vt 0.35486 0.97847
vt 0.32448 0.92375
vt 0.32052 0.93330
vt 0.31657 0.94285
vt 0.31261 0.95239
vt 0.30866 0.96194
vt 0.28379 0.90451
vt 0.27891 0.91362
vt 0.27404 0.92274
vt 0.26917 0.93185
vt 0.26430 0.94096
vt 0.24518 0.88137
vt 0.23944 0.88996
vt 0.23370 0.89855
vt 0.22796 0.90714
vt 0.22221 0.91573
vt 0.20902 0.85456
vt 0.20247 0.86254
vt 0.19591 0.87053
vt 0.18936 0.87852
vt 0.18280 0.88651
vt 0.17567 0.82433
vt 0.16837 0.83163
vt 0.16106 0.83894
vt 0.15375 0.84625
vt 0.14645 0.85355
vt 0.14544 0.79098
vt 0.13746 0.79753
vt 0.12947 0.80409
vt 0.12148 0.81064
vt 0.11349 0.81720
vt 0.11863 0.75482
vt 0.11004 0.76056
vt 0.10145 0.76630
vt 0.09286 0.77204
vt 0.08427 0.77779
vt 0.09549 0.71621
vt 0.08638 0.72109
vt 0.07726 0.72596
vt 0.06815 0.73083
vt 0.05904 0.73570
vt 0.07625 0.67552
vt 0.06670 0.67948
vt 0.05715 0.68343
vt 0.04761 0.68739
vt 0.03806 0.69134
vt 0.06108 0.63314
vt 0.05119 0.63614
vt 0.04131 0.63914
vt 0.03142 0.64214
vt 0.02153 0.64514
vt 0.05014 0.58948
vt 0.04001 0.59150
vt 0.02988 0.59351
vt 0.01974 0.59553
vt 0.00961 0.59755
vt 0.04354 0.54496
vt 0.03326 0.54597
vt 0.02297 0.54698
vt 0.01269 0.54800
vt 0.00241 0.54901
vt 0.04133 0.50000
vt 0.03100 0.50000
vt 0.02067 0.50000
vt 0.01033 0.50000
vt 0.00000 0.50000
vt 0.04354 0.45504
vt 0.03326 0.45403
vt 0.02297 0.45302
vt 0.01269 0.45200
vt 0.00241 0.45099
vt 0.05014 0.41052
vt 0.04001 0.40850
vt 0.02988 0.40649
vt 0.01974 0.40447
vt 0.00961 0.40245
vt 0.06108 0.36686
vt 0.05119 0.36386
vt 0.04131 0.36086
vt 0.03142 0.35786
vt 0.02153 0.35486
vt 0.07625 0.32448
vt 0.06670 0.32052
vt 0.05715 0.31657
vt 0.04761 0.31261
vt 0.03806 0.30866
vt 0.09549 0.28379
vt 0.08638 0.27891
vt 0.07726 0.27404
vt 0.06815 0.26917
vt 0.05904 0.26430
vt 0.11863 0.24518
vt 0.11004 0.23944
vt 0.10145 0.23370
vt 0.09286 0.22796
vt 0.08427 0.22221
vt 0.14544 0.20902
vt 0.13746 0.20247
vt 0.12947 0.19591
vt 0.12148 0.18936
vt 0.11349 0.18280
vt 0.17567 0.17567
vt 0.16837 0.16837
vt 0.16106 0.16106
vt 0.15375 0.15375
vt 0.14645 0.14645
vt 0.20902 0.14544
vt 0.20247 0.13746
vt 0.19591 0.12947
vt 0.18936 0.12148
vt 0.18280 0.11349
vt 0.24518 0.11863
vt 0.23944 0.11004
vt 0.23370 0.10145
vt 0.22796 0.09286
vt 0.22221 0.08427
vt 0.28379 0.09549
vt 0.27891 0.08638
vt 0.27404 0.07726
vt 0.26917 0.06815
vt 0.26430 0.05904
vt 0.32448 0.07625
vt 0.32052 0.06670
vt 0.31657 0.05715
vt 0.31261 0.04761
vt 0.30866 0.03806
vt 0.36686 0.06108
vt 0.36386 0.05119
vt 0.36086 0.04131
vt 0.35786 0.03142
vt 0.35486 0.02153
vt 0.41052 0.05014
vt 0.40850 0.04001
vt 0.40649 0.02988
vt 0.40447 0.01974
vt 0.40245 0.00961
vt 0.45504 0.04354
vt 0.45403 0.03326
vt 0.45302 0.02297
vt 0.45200 0.01269
vt 0.45099 0.00241
vt 0.50000 0.04133
vt 0.50000 0.03100
vt 0.50000 0.02067
vt 0.50000 0.01033
vt 0.50000 0.00000
vt 0.54496 0.04354
vt 0.54597 0.03326
vt 0.54698 0.02297
vt 0.54800 0.01269
vt 0.54901 0.00241
vt 0.58948 0.05014
vt 0.59150 0.04001
vt 0.59351 0.02988
vt 0.59553 0.01974
vt 0.59755 0.00961
vt 0.63314 0.06108
vt 0.63614 0.05119
vt 0.63914 0.04131
vt 0.64214 0.03142
vt 0.64514 0.02153
vt 0.67552 0.07625
vt 0.67948 0.06670
vt 0.68343 0.05715
vt 0.68739 0.04761
vt 0.69134 0.03806
vt 0.71621 0.09549
vt 0.72109 0.08638
vt 0.72596 0.07726
vt 0.73083 0.06815
vt 0.73570 0.05904
vt 0.75482 0.11863
vt 0.76056 0.11004
vt 0.76630 0.10145
vt 0.77204 0.09286
vt 0.77779 0.08427
vt 0.79098 0.14544
vt 0.79753 0.13746
vt 0.80409 0.12947
vt 0.81064 0.12148
vt 0.81720 0.11349
vt 0.82433 0.17567
vt 0.83163 0.16837
vt 0.83894 0.16106
vt 0.84625 0.15375
vt 0.85355 0.14645
vt 0.85456 0.20902
vt 0.86254 0.20247
vt 0.87053 0.19591
vt 0.87852 0.18936
vt 0.88651 0.18280
vt 0.88137 0.24518
vt 0.88996 0.23944
vt 0.89855 0.23370
vt 0.90714 0.22796
vt 0.91573 0.22221
vt 0.90451 0.28379
vt 0.91362 0.27891
vt 0.92274 0.27404
vt 0.93185 0.26917
vt 0.94096 0.26430
vt 0.92375 0.32448
vt 0.93330 0.32052
vt 0.94285 0.31657
vt 0.95239 0.31261
vt 0.96194 0.30866
vt 0.93892 0.36686
vt 0.94881 0.36386
vt 0.95869 0.36086
vt 0.96858 0.35786
vt 0.97847 0.35486
vt 0.94986 0.41052
vt 0.95999 0.40850
vt 0.97012 0.40649
vt 0.98026 0.40447
vt 0.99039 0.40245
vt 0.95646 0.45504
vt 0.96674 0.45403
vt 0.97703 0.45302
vt 0.98731 0.45200
vt 0.99759 0.45099
vn 0.00000 -1.00000 -0.00000
vn 0.28981 -0.95708 -0.00000
vn 0.28842 -0.95708 0.02841
vn 0.28981 -0.95708 -0.00000
vn 0.55475 -0.83201 -0.00000
vn 0.55208 -0.83201 0.05438
vn 0.28842 -0.95708 0.02841
vn 0.55475 -0.83201 -0.00000
vn 0.77208 -0.63553 -0.00000
vn 0.76836 -0.63553 0.07568
vn 0.55208 -0.83201 0.05438
vn 0.77208 -0.63553 -0.00000
vn 0.92313 -0.38450 -0.00000
vn 0.91868 -0.38450 0.09048
vn 0.76836 -0.63553 0.07568
vn 0.92313 -0.38450 -0.00000
vn 0.92313 -0.38450 -0.00000
vn 0.91868 -0.38450 0.09048
vn 0.91868 -0.38450 0.09048
vn 0.92313 -0.38450 -0.00000
vn 0.98892 -0.14843 -0.00000
vn 0.98416 -0.14843 0.09693
vn 0.91868 -0.38450 0.09048
vn 0.98892 -0.14843 -0.00000
vn 0.99533 0.09655 0.00000
vn 0.99054 0.09655 0.09756
vn 0.98416 -0.14843 0.09693
vn 0.99533 0.09655 0.00000
vn 0.94196 0.33573 0.00000
vn 0.93742 0.33573 0.09233
vn 0.99054 0.09655 0.09756
vn 0.94196 0.33573 0.00000
vn 0.83201 0.55475 0.00000
vn 0.82801 0.55475 0.08155
vn 0.93742 0.33573 0.09233
vn 0.00000 -1.00000 -0.00000
vn 0.28842 -0.95708 0.02841
vn 0.28425 -0.95708 0.05654
vn 0.28842 -0.95708 0.02841
vn 0.55208 -0.83201 0.05438
vn 0.54409 -0.83201 0.10823
vn 0.28425 -0.95708 0.05654
vn 0.55208 -0.83201 0.05438
vn 0.76836 -0.63553 0.07568
vn 0.75724 -0.63553 0.15062
vn 0.54409 -0.83201 0.10823
vn 0.76836 -0.63553 0.07568
vn 0.91868 -0.38450 0.09048
vn 0.90539 -0.38450 0.18009
vn 0.75724 -0.63553 0.15062
vn 0.91868 -0.38450 0.09048
vn 0.91868 -0.38450 0.09048
vn 0.90539 -0.38450 0.18009
vn 0.90539 -0.38450 0.18009
vn 0.91868 -0.38450 0.09048
vn 0.98416 -0.14843 0.09693
vn 0.96992 -0.14843 0.19293
vn 0.90539 -0.38450 0.18009
vn 0.98416 -0.14843 0.09693
vn 0.99054 0.09655 0.09756
vn 0.97620 0.09655 0.19418
vn 0.96992 -0.14843 0.19293
vn 0.99054 0.09655 0.09756
vn 0.93742 0.33573 0.09233
vn 0.92386 0.33573 0.18377
vn 0.97620 0.09655 0.19418
vn 0.93742 0.33573 0.09233
vn 0.82801 0.55475 0.08155
vn 0.81603 0.55475 0.16232
vn 0.92386 0.33573 0.18377
vn 0.00000 -1.00000 -0.00000
vn 0.28425 -0.95708 0.05654
vn 0.27734 -0.95708 0.08413
vn 0.28425 -0.95708 0.05654
vn 0.54409 -0.83201 0.10823
vn 0.53087 -0.83201 0.16104
vn 0.27734 -0.95708 0.08413
vn 0.54409 -0.83201 0.10823
vn 0.75724 -0.63553 0.15062
vn 0.73883 -0.63553 0.22412
vn 0.53087 -0.83201 0.16104
vn 0.75724 -0.63553 0.15062
vn 0.90539 -0.38450 0.18009
vn 0.88338 -0.38450 0.26797
vn 0.73883 -0.63553 0.22412
vn 0.90539 -0.38450 0.18009
vn 0.90539 -0.38450 0.18009
vn 0.88338 -0.38450 0.26797
vn 0.88338 -0.38450 0.26797
vn 0.90539 -0.38450 0.18009
vn 0.96992 -0.14843 0.19293
vn 0.94634 -0.14843 0.28707
vn 0.88338 -0.38450 0.26797
vn 0.96992 -0.14843 0.19293
vn 0.97620 0.09655 0.19418
vn 0.95247 0.09655 0.28893
vn 0.94634 -0.14843 0.28707
vn 0.97620 0.09655 0.19418
vn 0.92386 0.33573 0.18377
vn 0.90140 0.33573 0.27344
vn 0.95247 0.09655 0.28893
vn 0.92386 0.33573 0.18377
vn 0.81603 0.55475 0.16232
vn 0.79619 0.55475 0.24152
vn 0.90140 0.33573 0.27344
vn 0.00000 -1.00000 -0.00000
vn 0.27734 -0.95708 0.08413
vn 0.26775 -0.95708 0.11091
vn 0.27734 -0.95708 0.08413
vn 0.53087 -0.83201 0.16104
vn 0.51253 -0.83201 0.21230
vn 0.26775 -0.95708 0.11091
vn 0.53087 -0.83201 0.16104
vn 0.73883 -0.63553 0.22412
vn 0.71330 -0.63553 0.29546
vn 0.51253 -0.83201 0.21230
vn 0.73883 -0.63553 0.22412
vn 0.88338 -0.38450 0.26797
vn 0.85286 -0.38450 0.35327
vn 0.71330 -0.63553 0.29546
vn 0.88338 -0.38450 0.26797
vn 0.88338 -0.38450 0.26797
vn 0.85286 -0.38450 0.35327
vn 0.85286 -0.38450 0.35327
vn 0.88338 -0.38450 0.26797
vn 0.94634 -0.14843 0.28707
vn 0.91365 -0.14843 0.37844
vn 0.85286 -0.38450 0.35327
vn 0.94634 -0.14843 0.28707
vn 0.95247 0.09655 0.28893
vn 0.91956 0.09655 0.38090
vn 0.91365 -0.14843 0.37844
vn 0.95247 0.09655 0.28893
vn 0.90140 0.33573 0.27344
vn 0.87025 0.33573 0.36047
vn 0.91956 0.09655 0.38090
vn 0.90140 0.33573 0.27344
vn 0.79619 0.55475 0.24152
vn 0.76868 0.55475 0.31840
vn 0.87025 0.33573 0.36047
vn 0.00000 -1.00000 -0.00000
vn 0.26775 -0.95708 0.11091
vn 0.25559 -0.95708 0.13662
vn 0.26775 -0.95708 0.11091
vn 0.51253 -0.83201 0.21230
vn 0.48925 -0.83201 0.26151
vn 0.25559 -0.95708 0.13662
vn 0.51253 -0.83201 0.21230
vn 0.71330 -0.63553 0.29546
vn 0.68091 -0.63553 0.36395
vn 0.48925 -0.83201 0.26151
vn 0.71330 -0.63553 0.29546
vn 0.85286 -0.38450 0.35327
vn 0.81412 -0.38450 0.43516
vn 0.68091 -0.63553 0.36395
vn 0.85286 -0.38450 0.35327
vn 0.85286 -0.38450 0.35327
vn 0.81412 -0.38450 0.43516
vn 0.81412 -0.38450 0.43516
vn 0.85286 -0.38450 0.35327
vn 0.91365 -0.14843 0.37844
vn 0.87215 -0.14843 0.46618
vn 0.81412 -0.38450 0.43516
vn 0.91365 -0.14843 0.37844
vn 0.91956 0.09655 0.38090
vn 0.87780 0.09655 0.46919
vn 0.87215 -0.14843 0.46618
vn 0.91956 0.09655 0.38090
vn 0.87025 0.33573 0.36047
vn 0.83073 0.33573 0.44404
vn 0.87780 0.09655 0.46919
vn 0.87025 0.33573 0.36047
vn 0.76868 0.55475 0.31840
vn 0.73377 0.55475 0.39221
vn 0.83073 0.33573 0.44404
vn 0.00000 -1.00000 -0.00000
vn 0.25559 -0.95708 0.13662
vn 0.24097 -0.95708 0.16101
vn 0.25559 -0.95708 0.13662
vn 0.48925 -0.83201 0.26151
vn 0.46126 -0.83201 0.30820
vn 0.24097 -0.95708 0.16101
vn 0.48925 -0.83201 0.26151
vn 0.68091 -0.63553 0.36395
vn 0.64196 -0.63553 0.42894
vn 0.46126 -0.83201 0.30820
vn 0.68091 -0.63553 0.36395
vn 0.81412 -0.38450 0.43516
vn 0.76755 -0.38450 0.51286
vn 0.64196 -0.63553 0.42894
vn 0.81412 -0.38450 0.43516
vn 0.81412 -0.38450 0.43516
vn 0.76755 -0.38450 0.51286
vn 0.76755 -0.38450 0.51286
vn 0.81412 -0.38450 0.43516
vn 0.87215 -0.14843 0.46618
vn 0.82226 -0.14843 0.54942
vn 0.76755 -0.38450 0.51286
vn 0.87215 -0.14843 0.46618
vn 0.87780 0.09655 0.46919
vn 0.82758 0.09655 0.55297
vn 0.82226 -0.14843 0.54942
vn 0.87780 0.09655 0.46919
vn 0.83073 0.33573 0.44404
vn 0.78321 0.33573 0.52332
vn 0.82758 0.09655 0.55297
vn 0.83073 0.33573 0.44404
vn 0.73377 0.55475 0.39221
vn 0.69179 0.55475 0.46224
vn 0.78321 0.33573 0.52332
vn 0.00000 -1.00000 -0.00000
vn 0.24097 -0.95708 0.16101
vn 0.22403 -0.95708 0.18386
vn 0.24097 -0.95708 0.16101
vn 0.46126 -0.83201 0.30820
vn 0.42883 -0.83201 0.35193
vn 0.22403 -0.95708 0.18386
vn 0.46126 -0.83201 0.30820
vn 0.64196 -0.63553 0.42894
vn 0.59682 -0.63553 0.48980
vn 0.42883 -0.83201 0.35193
vn 0.64196 -0.63553 0.42894
vn 0.76755 -0.38450 0.51286
vn 0.71359 -0.38450 0.58563
vn 0.59682 -0.63553 0.48980
vn 0.76755 -0.38450 0.51286
vn 0.76755 -0.38450 0.51286
vn 0.71359 -0.38450 0.58563
vn 0.71359 -0.38450 0.58563
vn 0.76755 -0.38450 0.51286
vn 0.82226 -0.14843 0.54942
vn 0.76445 -0.14843 0.62737
vn 0.71359 -0.38450 0.58563
vn 0.82226 -0.14843 0.54942
vn 0.82758 0.09655 0.55297
vn 0.76940 0.09655 0.63143
vn 0.76445 -0.14843 0.62737
vn 0.82758 0.09655 0.55297
vn 0.78321 0.33573 0.52332
vn 0.72814 0.33573 0.59757
vn 0.76940 0.09655 0.63143
vn 0.78321 0.33573 0.52332
vn 0.69179 0.55475 0.46224
vn 0.64316 0.55475 0.52782
vn 0.72814 0.33573 0.59757
vn 0.00000 -1.00000 -0.00000
vn 0.22403 -0.95708 0.18386
vn 0.20493 -0.95708 0.20493
vn 0.22403 -0.95708 0.18386
vn 0.42883 -0.83201 0.35193
vn 0.39227 -0.83201 0.39227
vn 0.20493 -0.95708 0.20493
vn 0.42883 -0.83201 0.35193
vn 0.59682 -0.63553 0.48980
vn 0.54594 -0.63553 0.54594
vn 0.39227 -0.83201 0.39227
vn 0.59682 -0.63553 0.48980
vn 0.71359 -0.38450 0.58563
vn 0.65275 -0.38450 0.65275
vn 0.54594 -0.63553 0.54594
vn 0.71359 -0.38450 0.58563
vn 0.71359 -0.38450 0.58563
vn 0.65275 -0.38450 0.65275
vn 0.65275 -0.38450 0.65275
vn 0.71359 -0.38450 0.58563
vn 0.76445 -0.14843 0.62737
vn 0.69927 -0.14843 0.69927
vn 0.65275 -0.38450 0.65275
vn 0.76445 -0.14843 0.62737
vn 0.76940 0.09655 0.63143
vn 0.70380 0.09655 0.70380
vn 0.69927 -0.14843 0.69927
vn 0.76940 0.09655 0.63143
vn 0.72814 0.33573 0.59757
vn 0.66606 0.33573 0.66606
vn 0.70380 0.09655 0.70380
vn 0.72814 0.33573 0.59757
vn 0.64316 0.55475 0.52782
vn 0.58832 0.55475 0.58832
vn 0.66606 0.33573 0.66606
vn 0.00000 -1.00000 -0.00000
vn 0.20493 -0.95708 0.20493
vn 0.18386 -0.95708 0.22403
vn 0.20493 -0.95708 0.20493
vn 0.39227 -0.83201 0.39227
vn 0.35193 -0.83201 0.42883
vn 0.18386 -0.95708 0.22403
vn 0.39227 -0.83201 0.39227
vn 0.54594 -0.63553 0.54594
vn 0.48980 -0.63553 0.59682
vn 0.35193 -0.83201 0.42883
vn 0.54594 -0.63553 0.54594
vn 0.65275 -0.38450 0.65275
vn 0.58563 -0.38450 0.71359
vn 0.48980 -0.63553 0.59682
vn 0.65275 -0.38450 0.65275
vn 0.65275 -0.38450 0.65275
vn 0.58563 -0.38450 0.71359
vn 0.58563 -0.38450 0.71359
vn 0.65275 -0.38450 0.65275
vn 0.69927 -0.14843 0.69927
vn 0.62737 -0.14843 0.76445
vn 0.58563 -0.38450 0.71359
vn 0.69927 -0.14843 0.69927
vn 0.70380 0.09655 0.70380
vn 0.63143 0.09655 0.76940
vn 0.62737 -0.14843 0.76445
vn 0.70380 0.09655 0.70380
vn 0.66606 0.33573 0.66606
vn 0.59757 0.33573 0.72814
vn 0.63143 0.09655 0.76940
vn 0.66606 0.33573 0.66606
vn 0.58832 0.55475 0.58832
vn 0.52782 0.55475 0.64316
vn 0.59757 0.33573 0.72814
vn 0.00000 -1.00000 -0.00000
vn 0.18386 -0.95708 0.22403
vn 0.16101 -0.95708 0.24097
vn 0.18386 -0.95708 0.22403
vn 0.35193 -0.83201 0.42883
vn 0.30820 -0.83201 0.46126
vn 0.16101 -0.95708 0.24097
vn 0.35193 -0.83201 0.42883
vn 0.48980 -0.63553 0.59682
vn 0.42894 -0.63553 0.64196
vn 0.30820 -0.83201 0.46126
vn 0.48980 -0.63553 0.59682
vn 0.58563 -0.38450 0.71359
vn 0.51286 -0.38450 0.76755
vn 0.42894 -0.63553 0.64196
vn 0.58563 -0.38450 0.71359
vn 0.58563 -0.38450 0.71359
vn 0.51286 -0.38450 0.76755
vn 0.51286 -0.38450 0.76755
vn 0.58563 -0.38450 0.71359
vn 0.62737 -0.14843 0.76445
vn 0.54942 -0.14843 0.82226
vn 0.51286 -0.38450 0.76755
vn 0.62737 -0.14843 0.76445
vn 0.63143 0.09655 0.76940
vn 0.55297 0.09655 0.82758
vn 0.54942 -0.14843 0.82226
vn 0.63143 0.09655 0.76940
vn 0.59757 0.33573 0.72814
vn 0.52332 0.33573 0.78321
vn 0.55297 0.09655 0.82758
vn 0.59757 0.33573 0.72814
vn 0.52782 0.55475 0.64316
vn 0.46224 0.55475 0.69179
vn 0.52332 0.33573 0.78321
vn 0.00000 -1.00000 -0.00000
vn 0.16101 -0.95708 0.24097
vn 0.13662 -0.95708 0.25559
vn 0.16101 -0.95708 0.24097
vn 0.30820 -0.83201 0.46126
vn 0.26151 -0.83201 0.48925
vn 0.13662 -0.95708 0.25559
vn 0.30820 -0.83201 0.46126
vn 0.42894 -0.63553 0.64196
vn 0.36395 -0.63553 0.68091
vn 0.26151 -0.83201 0.48925
vn 0.42894 -0.63553 0.64196
vn 0.51286 -0.38450 0.76755
vn 0.43516 -0.38450 0.81412
vn 0.36395 -0.63553 0.68091
vn 0.51286 -0.38450 0.76755
vn 0.51286 -0.38450 0.76755
vn 0.43516 -0.38450 0.81412
vn 0.43516 -0.38450 0.81412
vn 0.51286 -0.38450 0.76755
vn 0.54942 -0.14843 0.82226
vn 0.46618 -0.14843 0.87215
vn 0.43516 -0.38450 0.81412
vn 0.54942 -0.14843 0.82226
vn 0.55297 0.09655 0.82758
vn 0.46919 0.09655 0.87780
vn 0.46618 -0.14843 0.87215
vn 0.55297 0.09655 0.82758
vn 0.52332 0.33573 0.78321
vn 0.44404 0.33573 0.83073
vn 0.46919 0.09655 0.87780
vn 0.52332 0.33573 0.78321
vn 0.46224 0.55475 0.69179
vn 0.39221 0.55475 0.73377
vn 0.44404 0.33573 0.83073
vn 0.00000 -1.00000 -0.00000
vn 0.13662 -0.95708 0.25559
vn 0.11091 -0.95708 0.26775
vn 0.13662 -0.95708 0.25559
vn 0.26151 -0.83201 0.48925
vn 0.21230 -0.83201 0.51253
vn 0.11091 -0.95708 0.26775
vn 0.26151 -0.83201 0.48925
vn 0.36395 -0.63553 0.68091
vn 0.29546 -0.63553 0.71330
vn 0.21230 -0.83201 0.51253
vn 0.36395 -0.63553 0.68091
vn 0.43516 -0.38450 0.81412
vn 0.35327 -0.38450 0.85286
vn 0.29546 -0.63553 0.71330
vn 0.43516 -0.38450 0.81412
vn 0.43516 -0.38450 0.81412
vn 0.35327 -0.38450 0.85286
vn 0.35327 -0.38450 0.85286
vn 0.43516 -0.38450 0.81412
vn 0.46618 -0.14843 0.87215
vn 0.37844 -0.14843 0.91365
vn 0.35327 -0.38450 0.85286
vn 0.46618 -0.14843 0.87215
vn 0.46919 0.09655 0.87780
vn 0.38090 0.09655 0.91956
vn 0.37844 -0.14843 0.91365
vn 0.46919 0.09655 0.87780
vn 0.44404 0.33573 0.83073
vn 0.36047 0.33573 0.87025
vn 0.38090 0.09655 0.91956
vn 0.44404 0.33573 0.83073
vn 0.39221 0.55475 0.73377
vn 0.31840 0.55475 0.76868
vn 0.36047 0.33573 0.87025
vn 0.00000 -1.00000 -0.00000
vn 0.11091 -0.95708 0.26775
vn 0.08413 -0.95708 0.27734
vn 0.11091 -0.95708 0.26775
vn 0.21230 -0.83201 0.51253
vn 0.16104 -0.83201 0.53087
vn 0.08413 -0.95708 0.27734
vn 0.21230 -0.83201 0.51253
vn 0.29546 -0.63553 0.71330
vn 0.22412 -0.63553 0.73883
vn 0.16104 -0.83201 0.53087
vn 0.29546 -0.63553 0.71330
vn 0.35327 -0.38450 0.85286
vn 0.26797 -0.38450 0.88338
vn 0.22412 -0.63553 0.73883
vn 0.35327 -0.38450 0.85286
vn 0.35327 -0.38450 0.85286
vn 0.26797 -0.38450 0.88338
vn 0.26797 -0.38450 0.88338
vn 0.35327 -0.38450 0.85286
vn 0.37844 -0.14843 0.91365
vn 0.28707 -0.14843 0.94634
vn 0.26797 -0.38450 0.88338
vn 0.37844 -0.14843 0.91365
vn 0.38090 0.09655 0.91956
vn 0.28893 0.09655 0.95247
vn 0.28707 -0.14843 0.94634
vn 0.38090 0.09655 0.91956
vn 0.36047 0.33573 0.87025
vn 0.27344 0.33573 0.90140
vn 0.28893 0.09655 0.95247
vn 0.36047 0.33573 0.87025
vn 0.31840 0.55475 0.76868
vn 0.24152 0.55475 0.79619
vn 0.27344 0.33573 0.90140
vn 0.00000 -1.00000 -0.00000
vn 0.08413 -0.95708 0.27734
vn 0.05654 -0.95708 0.28425
vn 0.08413 -0.95708 0.27734
vn 0.16104 -0.83201 0.53087
vn 0.10823 -0.83201 0.54409
vn 0.05654 -0.95708 0.28425
vn 0.16104 -0.83201 0.53087
vn 0.22412 -0.63553 0.73883
vn 0.15062 -0.63553 0.75724
vn 0.10823 -0.83201 0.54409
vn 0.22412 -0.63553 0.73883
vn 0.26797 -0.38450 0.88338
vn 0.18009 -0.38450 0.90539
vn 0.15062 -0.63553 0.75724
vn 0.26797 -0.38450 0.88338
vn 0.26797 -0.38450 0.88338
vn 0.18009 -0.38450 0.90539
vn 0.18009 -0.38450 0.90539
vn 0.26797 -0.38450 0.88338
vn 0.28707 -0.14843 0.94634
vn 0.19293 -0.14843 0.96992
vn 0.18009 -0.38450 0.90539
vn 0.28707 -0.14843 0.94634
vn 0.28893 0.09655 0.95247
vn 0.19418 0.09655 0.97620
vn 0.19293 -0.14843 0.96992
vn 0.28893 0.09655 0.95247
vn 0.27344 0.33573 0.90140
vn 0.18377 0.33573 0.92386
vn 0.19418 0.09655 0.97620
vn 0.27344 0.33573 0.90140
vn 0.24152 0.55475 0.79619
vn 0.16232 0.55475 0.81603
vn 0.18377 0.33573 0.92386
vn 0.00000 -1.00000 -0.00000
vn 0.05654 -0.95708 0.28425
vn 0.02841 -0.95708 0.28842
vn 0.05654 -0.95708 0.28425
vn 0.10823 -0.83201 0.54409
vn 0.05438 -0.83201 0.55208
vn 0.02841 -0.95708 0.28842
vn 0.10823 -0.83201 0.54409
vn 0.15062 -0.63553 0.75724
vn 0.07568 -0.63553 0.76836
vn 0.05438 -0.83201 0.55208
vn 0.15062 -0.63553 0.75724
vn 0.18009 -0.38450 0.90539
vn 0.09048 -0.38450 0.91868
vn 0.07568 -0.63553 0.76836
vn 0.18009 -0.38450 0.90539
vn 0.18009 -0.38450 0.90539
vn 0.09048 -0.38450 0.91868
vn 0.09048 -0.38450 0.91868
vn 0.18009 -0.38450 0.90539
vn 0.19293 -0.14843 0.96992
vn 0.09693 -0.14843 0.98416
vn 0.09048 -0.38450 0.91868
vn 0.19293 -0.14843 0.96992
vn 0.19418 0.09655 0.97620
vn 0.09756 0.09655 0.99054
vn 0.09693 -0.14843 0.98416
vn 0.19418 0.09655 0.97620
vn 0.18377 0.33573 0.92386
vn 0.09233 0.33573 0.93742
vn 0.09756 0.09655 0.99054
vn 0.18377 0.33573 0.92386
vn 0.16232 0.55475 0.81603
vn 0.08155 0.55475 0.82801
vn 0.09233 0.33573 0.93742
vn 0.00000 -1.00000 -0.00000
vn 0.02841 -0.95708 0.28842
vn 0.00000 -0.95708 0.28981
vn 0.02841 -0.95708 0.28842
vn 0.05438 -0.83201 0.55208
vn 0.00000 -0.83201 0.55475
vn 0.00000 -0.95708 0.28981
vn 0.05438 -0.83201 0.55208
vn 0.07568 -0.63553 0.76836
vn 0.00000 -0.63553 0.77208
vn 0.00000 -0.83201 0.55475
vn 0.07568 -0.63553 0.76836
vn 0.09048 -0.38450 0.91868
vn 0.00000 -0.38450 0.92313
vn 0.00000 -0.63553 0.77208
vn 0.09048 -0.38450 0.91868
vn 0.09048 -0.38450 0.91868
vn 0.00000 -0.38450 0.92313
vn 0.00000 -0.38450 0.92313
vn 0.09048 -0.38450 0.91868
vn 0.09693 -0.14843 0.98416
vn 0.00000 -0.14843 0.98892
vn 0.00000 -0.38450 0.92313
vn 0.09693 -0.14843 0.98416
vn 0.09756 0.09655 0.99054
vn 0.00000 0.09655 0.99533
vn 0.00000 -0.14843 0.98892
vn 0.09756 0.09655 0.99054
vn 0.09233 0.33573 0.93742
vn 0.00000 0.33573 0.94196
vn 0.00000 0.09655 0.99533
vn 0.09233 0.33573 0.93742
vn 0.08155 0.55475 0.82801
vn 0.00000 0.55475 0.83201
vn 0.00000 0.33573 0.94196
vn 0.00000 -1.00000 -0.00000
vn 0.00000 -0.95708 0.28981
vn -0.02841 -0.95708 0.28842
vn 0.00000 -0.95708 0.28981
vn 0.00000 -0.83201 0.55475
vn -0.05438 -0.83201 0.55208
vn -0.02841 -0.95708 0.28842
vn 0.00000 -0.83201 0.55475
vn 0.00000 -0.63553 0.77208
vn -0.07568 -0.63553 0.76836
vn -0.05438 -0.83201 0.55208
vn 0.00000 -0.63553 0.77208
vn 0.00000 -0.38450 0.92313
vn -0.09048 -0.38450 0.91868
vn -0.07568 -0.63553 0.76836
vn 0.00000 -0.38450 0.92313
vn 0.00000 -0.38450 0.92313
vn -0.09048 -0.38450 0.91868
vn -0.09048 -0.38450 0.91868
vn 0.00000 -0.38450 0.92313
vn 0.00000 -0.14843 0.98892
vn -0.09693 -0.14843 0.98416
vn -0.09048 -0.38450 0.91868
vn 0.00000 -0.14843 0.98892
vn 0.00000 0.09655 0.99533
vn -0.09756 0.09655 0.99054
vn -0.09693 -0.14843 0.98416
vn 0.00000 0.09655 0.99533
vn 0.00000 0.33573 0.94196
vn -0.09233 0.33573 0.93742
vn -0.09756 0.09655 0.99054
vn 0.00000 0.33573 0.94196
vn 0.00000 0.55475 0.83201
vn -0.08155 0.55475 0.82801
vn -0.09233 0.33573 0.93742
vn -0.00000 -1.00000 -0.00000
vn -0.02841 -0.95708 0.28842
vn -0.05654 -0.95708 0.28425
vn -0.02841 -0.95708 0.28842
vn -0.05438 -0.83201 0.55208
vn -0.10823 -0.83201 0.54409
vn -0.05654 -0.95708 0.28425
vn -0.05438 -0.83201 0.55208
vn -0.07568 -0.63553 0.76836
vn -0.15062 -0.63553 0.75724
vn -0.10823 -0.83201 0.54409
vn -0.07568 -0.63553 0.76836
vn -0.09048 -0.38450 0.91868
vn -0.18009 -0.38450 0.90539
vn -0.15062 -0.63553 0.75724
vn -0.09048 -0.38450 0.91868
vn -0.09048 -0.38450 0.91868
vn -0.18009 -0.38450 0.90539
vn -0.18009 -0.38450 0.90539
vn -0.09048 -0.38450 0.91868
vn -0.09693 -0.14843 0.98416
vn -0.19293 -0.14843 0.96992
vn -0.18009 -0.38450 0.90539
vn -0.09693 -0.14843 0.98416
vn -0.09756 0.09655 0.99054
vn -0.19418 0.09655 0.97620
vn -0.19293 -0.14843 0.96992
vn -0.09756 0.09655 0.99054
vn -0.09233 0.33573 0.93742
vn -0.18377 0.33573 0.92386
vn -0.19418 0.09655 0.97620
vn -0.09233 0.33573 0.93742
vn -0.08155 0.55475 0.82801
vn -0.16232 0.55475 0.81603
vn -0.18377 0.33573 0.92386
vn -0.00000 -1.00000 -0.00000
vn -0.05654 -0.95708 0.28425
vn -0.08413 -0.95708 0.27734
vn -0.05654 -0.95708 0.28425
vn -0.10823 -0.83201 0.54409
vn -0.16104 -0.83201 0.53087
vn -0.08413 -0.95708 0.27734
vn -0.10823 -0.83201 0.54409
vn -0.15062 -0.63553 0.75724
vn -0.22412 -0.63553 0.73883
vn -0.16104 -0.83201 0.53087
vn -0.15062 -0.63553 0.75724
vn -0.18009 -0.38450 0.90539
vn -0.26797 -0.38450 0.88338
vn -0.22412 -0.63553 0.73883
vn -0.18009 -0.38450 0.90539
vn -0.18009 -0.38450 0.90539
vn -0.26797 -0.38450 0.88338
vn -0.26797 -0.38450 0.88338
vn -0.18009 -0.38450 0.90539
vn -0.19293 -0.14843 0.96992
vn -0.28707 -0.14843 0.94634
vn -0.26797 -0.38450 0.88338
vn -0.19293 -0.14843 0.96992
vn -0.19418 0.09655 0.97620
vn -0.28893 0.09655 0.95247
vn -0.28707 -0.14843 0.94634
vn -0.19418 0.09655 0.97620
vn -0.18377 0.33573 0.92386
vn -0.27344 0.33573 0.90140
vn -0.28893 0.09655 0.95247
vn -0.18377 0.33573 0.92386
vn -0.16232 0.55475 0.81603
vn -0.24152 0.55475 0.79619
vn -0.27344 0.33573 0.90140
vn -0.00000 -1.00000 -0.00000
vn -0.08413 -0.95708 0.27734
vn -0.11091 -0.95708 0.26775
vn -0.08413 -0.95708 0.27734
vn -0.16104 -0.83201 0.53087
vn -0.21230 -0.83201 0.51253
vn -0.11091 -0.95708 0.26775
vn -0.16104 -0.83201 0.53087
vn -0.22412 -0.63553 0.73883
vn -0.29546 -0.63553 0.71330
vn -0.21230 -0.83201 0.51253
vn -0.22412 -0.63553 0.73883
vn -0.26797 -0.38450 0.88338
vn -0.35327 -0.38450 0.85286
vn -0.29546 -0.63553 0.71330
vn -0.26797 -0.38450 0.88338
vn -0.26797 -0.38450 0.88338
vn -0.35327 -0.38450 0.85286
vn -0.35327 -0.38450 0.85286
vn -0.26797 -0.38450 0.88338
vn -0.28707 -0.14843 0.94634
vn -0.37844 -0.14843 0.91365
vn -0.35327 -0.38450 0.85286
vn -0.28707 -0.14843 0.94634
vn -0.28893 0.09655 0.95247
vn -0.38090 0.09655 0.91956
vn -0.37844 -0.14843 0.91365
vn -0.28893 0.09655 0.95247
vn -0.27344 0.33573 0.90140
vn -0.36047 0.33573 0.87025
vn -0.38090 0.09655 0.91956
vn -0.27344 0.33573 0.90140
vn -0.24152 0.55475 0.79619
vn -0.31840 0.55475 0.76868
vn -0.36047 0.33573 0.87025
vn -0.00000 -1.00000 -0.00000
vn -0.11091 -0.95708 0.26775
vn -0.13662 -0.95708 0.25559
vn -0.11091 -0.95708 0.26775
vn -0.21230 -0.83201 0.51253
vn -0.26151 -0.83201 0.48925
vn -0.13662 -0.95708 0.25559
vn -0.21230 -0.83201 0.51253
vn -0.29546 -0.63553 0.71330
vn -0.36395 -0.63553 0.68091
vn -0.26151 -0.83201 0.48925
vn -0.29546 -0.63553 0.71330
vn -0.35327 -0.38450 0.85286
vn -0.43516 -0.38450 0.81412
vn -0.36395 -0.63553 0.68091
vn -0.35327 -0.38450 0.85286
vn -0.35327 -0.38450 0.85286
vn -0.43516 -0.38450 0.81412
vn -0.43516 -0.38450 0.81412
vn -0.35327 -0.38450 0.85286
vn -0.37844 -0.14843 0.91365
vn -0.46618 -0.14843 0.87215
vn -0.43516 -0.38450 0.81412
vn -0.37844 -0.14843 0.91365
vn -0.38090 0.09655 0.91956
vn -0.46919 0.09655 0.87780
vn -0.46618 -0.14843 0.87215
vn -0.38090 0.09655 0.91956
vn -0.36047 0.33573 0.87025
vn -0.44404 0.33573 0.83073
vn -0.46919 0.09655 0.87780
vn -0.36047 0.33573 0.87025
vn -0.31840 0.55475 0.76868
vn -0.39221 0.55475 0.73377
vn -0.44404 0.33573 0.83073
vn -0.00000 -1.00000 -0.00000
vn -0.13662 -0.95708 0.25559
vn -0.16101 -0.95708 0.24097
vn -0.13662 -0.95708 0.25559
vn -0.26151 -0.83201 0.48925
vn -0.30820 -0.83201 0.46126
vn -0.16101 -0.95708 0.24097
vn -0.26151 -0.83201 0.48925
vn -0.36395 -0.63553 0.68091
vn -0.42894 -0.63553 0.64196
vn -0.30820 -0.83201 0.46126
vn -0.36395 -0.63553 0.68091
vn -0.43516 -0.38450 0.81412
vn -0.51286 -0.38450 0.76755
vn -0.42894 -0.63553 0.64196
vn -0.43516 -0.38450 0.81412
vn -0.43516 -0.38450 0.81412
vn -0.51286 -0.38450 0.76755
vn -0.51286 -0.38450 0.76755
vn -0.43516 -0.38450 0.81412
vn -0.46618 -0.14843 0.87215
vn -0.54942 -0.14843 0.82226
vn -0.51286 -0.38450 0.76755
vn -0.46618 -0.14843 0.87215
vn -0.46919 0.09655 0.87780
vn -0.55297 0.09655 0.82758
vn -0.54942 -0.14843 0.82226
vn -0.46919 0.09655 0.87780
vn -0.44404 0.33573 0.83073
vn -0.52332 0.33573 0.78321
vn -0.55297 0.09655 0.82758
vn -0.44404 0.33573 0.83073
vn -0.39221 0.55475 0.73377
vn -0.46224 0.55475 0.69179
vn -0.52332 0.33573 0.78321
vn -0.00000 -1.00000 -0.00000
vn -0.16101 -0.95708 0.24097
vn -0.18386 -0.95708 0.22403
vn -0.16101 -0.95708 0.24097
vn -0.30820 -0.83201 0.46126
vn -0.35193 -0.83201 0.42883
vn -0.18386 -0.95708 0.22403
vn -0.30820 -0.83201 0.46126
vn -0.42894 -0.63553 0.64196
vn -0.48980 -0.63553 0.59682
vn -0.35193 -0.83201 0.42883
vn -0.42894 -0.63553 0.64196
vn -0.51286 -0.38450 0.76755
vn -0.58563 -0.38450 0.71359
vn -0.48980 -0.63553 0.59682
vn -0.51286 -0.38450 0.76755
vn -0.51286 -0.38450 0.76755
vn -0.58563 -0.38450 0.71359
vn -0.58563 -0.38450 0.71359
vn -0.51286 -0.38450 0.76755
vn -0.54942 -0.14843 0.82226
vn -0.62737 -0.14843 0.76445
vn -0.58563 -0.38450 0.71359
vn -0.54942 -0.14843 0.82226
vn -0.55297 0.09655 0.82758
vn -0.63143 0.09655 0.76940
vn -0.62737 -0.14843 0.76445
vn -0.55297 0.09655 0.82758
vn -0.52332 0.33573 0.78321
vn -0.59757 0.33573 0.72814
vn -0.63143 0.09655 0.76940
vn -0.52332 0.33573 0.78321
vn -0.46224 0.55475 0.69179
vn -0.52782 0.55475 0.64316
vn -0.59757 0.33573 0.72814
vn -0.00000 -1.00000 -0.00000
vn -0.18386 -0.95708 0.22403
vn -0.20493 -0.95708 0.20493
vn -0.18386 -0.95708 0.22403
vn -0.35193 -0.83201 0.42883
vn -0.39227 -0.83201 0.39227
vn -0.20493 -0.95708 0.20493
vn -0.35193 -0.83201 0.42883
vn -0.48980 -0.63553 0.59682
vn -0.54594 -0.63553 0.54594
vn -0.39227 -0.83201 0.39227
vn -0.48980 -0.63553 0.59682
vn -0.58563 -0.38450 0.71359
vn -0.65275 -0.38450 0.65275
vn -0.54594 -0.63553 0.54594
vn -0.58563 -0.38450 0.71359
vn -0.58563 -0.38450 0.71359
vn -0.65275 -0.38450 0.65275
vn -0.65275 -0.38450 0.65275
vn -0.58563 -0.38450 0.71359
vn -0.62737 -0.14843 0.76445
vn -0.69927 -0.14843 0.69927
vn -0.65275 -0.38450 0.65275
vn -0.62737 -0.14843 0.76445
vn -0.63143 0.09655 0.76940
vn -0.70380 0.09655 0.70380
vn -0.69927 -0.14843 0.69927
vn -0.63143 0.09655 0.76940
vn -0.59757 0.33573 0.72814
vn -0.66606 0.33573 0.66606
vn -0.70380 0.09655 0.70380
vn -0.59757 0.33573 0.72814
vn -0.52782 0.55475 0.64316
vn -0.58832 0.55475 0.58832
vn -0.66606 0.33573 0.66606
vn -0.00000 -1.00000 -0.00000
vn -0.20493 -0.95708 0.20493
vn -0.22403 -0.95708 0.18386
vn -0.20493 -0.95708 0.20493
vn -0.39227 -0.83201 0.39227
vn -0.42883 -0.83201 0.35193
vn -0.22403 -0.95708 0.18386
vn -0.39227 -0.83201 0.39227
vn -0.54594 -0.63553 0.54594
vn -0.59682 -0.63553 0.48980
vn -0.42883 -0.83201 0.35193
vn -0.54594 -0.63553 0.54594
vn -0.65275 -0.38450 0.65275
vn -0.71359 -0.38450 0.58563
vn -0.59682 -0.63553 0.48980
vn -0.65275 -0.38450 0.65275
vn -0.65275 -0.38450 0.65275
vn -0.71359 -0.38450 0.58563
vn -0.71359 -0.38450 0.58563
vn -0.65275 -0.38450 0.65275
vn -0.69927 -0.14843 0.69927
vn -0.76445 -0.14843 0.62737
vn -0.71359 -0.38450 0.58563
vn -0.69927 -0.14843 0.69927
vn -0.70380 0.09655 0.70380
vn -0.76940 0.09655 0.63143
vn -0.76445 -0.14843 0.62737
vn -0.70380 0.09655 0.70380
vn -0.66606 0.33573 0.66606
vn -0.72814 0.33573 0.59757
vn -0.76940 0.09655 0.63143
vn -0.66606 0.33573 0.66606
vn -0.58832 0.55475 0.58832
vn -0.64316 0.55475 0.52782
vn -0.72814 0.33573 0.59757
vn -0.00000 -1.00000 -0.00000
vn -0.22403 -0.95708 0.18386
vn -0.24097 -0.95708 0.16101
vn -0.22403 -0.95708 0.18386
vn -0.42883 -0.83201 0.35193
vn -0.46126 -0.83201 0.30820
vn -0.24097 -0.95708 0.16101
vn -0.42883 -0.83201 0.35193
vn -0.59682 -0.63553 0.48980
vn -0.64196 -0.63553 0.42894
vn -0.46126 -0.83201 0.30820
vn -0.59682 -0.63553 0.48980
vn -0.71359 -0.38450 0.58563
vn -0.76755 -0.38450 0.51286
vn -0.64196 -0.63553 0.42894
vn -0.71359 -0.38450 0.58563
vn -0.71359 -0.38450 0.58563
vn -0.76755 -0.38450 0.51286
vn -0.76755 -0.38450 0.51286
vn -0.71359 -0.38450 0.58563
vn -0.76445 -0.14843 0.62737
vn -0.82226 -0.14843 0.54942
vn -0.76755 -0.38450 0.51286
vn -0.76445 -0.14843 0.62737
vn -0.76940 0.09655 0.63143
vn -0.82758 0.09655 0.55297
vn -0.82226 -0.14843 0.54942
vn -0.76940 0.09655 0.63143
vn -0.72814 0.33573 0.59757
vn -0.78321 0.33573 0.52332
vn -0.82758 0.09655 0.55297
vn -0.72814 0.33573 0.59757
vn -0.64316 0.55475 0.52782
vn -0.69179 0.55475 0.46224
vn -0.78321 0.33573 0.52332
vn -0.00000 -1.00000 -0.00000
vn -0.24097 -0.95708 0.16101
vn -0.25559 -0.95708 0.13662
vn -0.24097 -0.95708 0.16101
vn -0.46126 -0.83201 0.30820
vn -0.48925 -0.83201 0.26151
vn -0.25559 -0.95708 0.13662
vn -0.46126 -0.83201 0.30820
vn -0.64196 -0.63553 0.42894
vn -0.68091 -0.63553 0.36395
vn -0.48925 -0.83201 0.26151
vn -0.64196 -0.63553 0.42894
vn -0.76755 -0.38450 0.51286
vn -0.81412 -0.38450 0.43516
vn -0.68091 -0.63553 0.36395
vn -0.76755 -0.38450 0.51286
vn -0.76755 -0.38450 0.51286
vn -0.81412 -0.38450 0.43516
vn -0.81412 -0.38450 0.43516
vn -0.76755 -0.38450 0.51286
vn -0.82226 -0.14843 0.54942
vn -0.87215 -0.14843 0.46618
vn -0.81412 -0.38450 0.43516
vn -0.82226 -0.14843 0.54942
vn -0.82758 0.09655 0.55297
vn -0.87780 0.09655 0.46919
vn -0.87215 -0.14843 0.46618
vn -0.82758 0.09655 0.55297
vn -0.78321 0.33573 0.52332
vn -0.83073 0.33573 0.44404
vn -0.87780 0.09655 0.46919
vn -0.78321 0.33573 0.52332
vn -0.69179 0.55475 0.46224
vn -0.73377 0.55475 0.39221
vn -0.83073 0.33573 0.44404
vn -0.00000 -1.00000 -0.00000
vn -0.25559 -0.95708 0.13662
vn -0.26775 -0.95708 0.11091
vn -0.25559 -0.95708 0.13662
vn -0.48925 -0.83201 0.26151
vn -0.51253 -0.83201 0.21230
vn -0.26775 -0.95708 0.11091
vn -0.48925 -0.83201 0.26151
vn -0.68091 -0.63553 0.36395
vn -0.71330 -0.63553 0.29546
vn -0.51253 -0.83201 0.21230
vn -0.68091 -0.63553 0.36395
vn -0.81412 -0.38450 0.43516
vn -0.85286 -0.38450 0.35327
vn -0.71330 -0.63553 0.29546
vn -0.81412 -0.38450 0.43516
vn -0.81412 -0.38450 0.43516
vn -0.85286 -0.38450 0.35327
vn -0.85286 -0.38450 0.35327
vn -0.81412 -0.38450 0.43516
vn -0.87215 -0.14843 0.46618
vn -0.91365 -0.14843 0.37844
vn -0.85286 -0.38450 0.35327
vn -0.87215 -0.14843 0.46618
vn -0.87780 0.09655 0.46919
vn -0.91956 0.09655 0.38090
vn -0.91365 -0.14843 0.37844
vn -0.87780 0.09655 0.46919
vn -0.83073 0.33573 0.44404
vn -0.87025 0.33573 0.36047
vn -0.91956 0.09655 0.38090
vn -0.83073 0.33573 0.44404
vn -0.73377 0.55475 0.39221
vn -0.76868 0.55475 0.31840
vn -0.87025 0.33573 0.36047
vn -0.00000 -1.00000 -0.00000
vn -0.26775 -0.95708 0.11091
vn -0.27734 -0.95708 0.08413
vn -0.26775 -0.95708 0.11091
vn -0.51253 -0.83201 0.21230
vn -0.53087 -0.83201 0.16104
vn -0.27734 -0.95708 0.08413
vn -0.51253 -0.83201 0.21230
vn -0.71330 -0.63553 0.29546
vn -0.73883 -0.63553 0.22412
vn -0.53087 -0.83201 0.16104
vn -0.71330 -0.63553 0.29546
vn -0.85286 -0.38450 0.35327
vn -0.88338 -0.38450 0.26797
vn -0.73883 -0.63553 0.22412
vn -0.85286 -0.38450 0.35327
vn -0.85286 -0.38450 0.35327
vn -0.88338 -0.38450 0.26797
vn -0.88338 -0.38450 0.26797
vn -0.85286 -0.38450 0.35327
vn -0.91365 -0.14843 0.37844
vn -0.94634 -0.14843 0.28707
vn -0.88338 -0.38450 0.26797
vn -0.91365 -0.14843 0.37844
vn -0.91956 0.09655 0.38090
vn -0.95247 0.09655 0.28893
vn -0.94634 -0.14843 0.28707
vn -0.91956 0.09655 0.38090
vn -0.87025 0.33573 0.36047
vn -0.90140 0.33573 0.27344
vn -0.95247 0.09655 0.28893
vn -0.87025 0.33573 0.36047
vn -0.76868 0.55475 0.31840
vn -0.79619 0.55475 0.24152
vn -0.90140 0.33573 0.27344
vn -0.00000 -1.00000 -0.00000
vn -0.27734 -0.95708 0.08413
vn -0.28425 -0.95708 0.05654
vn -0.27734 -0.95708 0.08413
vn -0.53087 -0.83201 0.16104
vn -0.54409 -0.83201 0.10823
vn -0.28425 -0.95708 0.05654
vn -0.53087 -0.83201 0.16104
vn -0.73883 -0.63553 0.22412
vn -0.75724 -0.63553 0.15062
vn -0.54409 -0.83201 0.10823
vn -0.73883 -0.63553 0.22412
vn -0.88338 -0.38450 0.26797
vn -0.90539 -0.38450 0.18009
vn -0.75724 -0.63553 0.15062
vn -0.88338 -0.38450 0.26797
vn -0.88338 -0.38450 0.26797
vn -0.90539 -0.38450 0.18009
vn -0.90539 -0.38450 0.18009
vn -0.88338 -0.38450 0.26797
vn -0.94634 -0.14843 0.28707
vn -0.96992 -0.14843 0.19293
vn -0.90539 -0.38450 0.18009
vn -0.94634 -0.14843 0.28707
vn -0.95247 0.09655 0.28893
vn -0.97620 0.09655 0.19418
vn -0.96992 -0.14843 0.19293
vn -0.95247 0.09655 0.28893
vn -0.90140 0.33573 0.27344
vn -0.92386 0.33573 0.18377
vn -0.97620 0.09655 0.19418
vn -0.90140 0.33573 0.27344
vn -0.79619 0.55475 0.24152
vn -0.81603 0.55475 0.16232
vn -0.92386 0.33573 0.18377
vn -0.00000 -1.00000 -0.00000
vn -0.28425 -0.95708 0.05654
vn -0.28842 -0.95708 0.02841
vn -0.28425 -0.95708 0.05654
vn -0.54409 -0.83201 0.10823
vn -0.55208 -0.83201 0.05438
vn -0.28842 -0.95708 0.02841
vn -0.54409 -0.83201 0.10823
vn -0.75724 -0.63553 0.15062
vn -0.76836 -0.63553 0.07568
vn -0.55208 -0.83201 0.05438
vn -0.75724 -0.63553 0.15062
vn -0.90539 -0.38450 0.18009
vn -0.91868 -0.38450 0.09048
vn -0.76836 -0.63553 0.07568
vn -0.90539 -0.38450 0.18009
vn -0.90539 -0.38450 0.18009
vn -0.91868 -0.38450 0.09048
vn -0.91868 -0.38450 0.09048
vn -0.90539 -0.38450 0.18009
vn -0.96992 -0.14843 0.19293
vn -0.98416 -0.14843 0.09693
vn -0.91868 -0.38450 0.09048
vn -0.96992 -0.14843 0.19293
vn -0.97620 0.09655 0.19418
vn -0.99054 0.09655 0.09756
vn -0.98416 -0.14843 0.09693
vn -0.97620 0.09655 0.19418
vn -0.92386 0.33573 0.18377
vn -0.93742 0.33573 0.09233
vn -0.99054 0.09655 0.09756
vn -0.92386 0.33573 0.18377
vn -0.81603 0.55475 0.16232
vn -0.82801 0.55475 0.08155
vn -0.93742 0.33573 0.09233
vn -0.00000 -1.00000 -0.00000
vn -0.28842 -0.95708 0.02841
vn -0.28981 -0.95708 -0.00000
vn -0.28842 -0.95708 0.02841
vn -0.55208 -0.83201 0.05438
vn -0.55475 -0.83201 -0.00000
vn -0.28981 -0.95708 -0.00000
vn -0.55208 -0.83201 0.05438
vn -0.76836 -0.63553 0.07568
vn -0.77208 -0.63553 -0.00000
vn -0.55475 -0.83201 -0.00000
vn -0.76836 -0.63553 0.07568
vn -0.91868 -0.38450 0.09048
vn -0.92313 -0.38450 0.00000
vn -0.77208 -0.63553 -0.00000
vn -0.91868 -0.38450 0.09048
vn -0.91868 -0.38450 0.09048
vn -0.92313 -0.38450 0.00000
vn -0.92313 -0.38450 0.00000
vn -0.91868 -0.38450 0.09048
vn -0.98416 -0.14843 0.09693
vn -0.98892 -0.14843 0.00000
vn -0.92313 -0.38450 0.00000
vn -0.98416 -0.14843 0.09693
vn -0.99054 0.09655 0.09756
vn -0.99533 0.09655 0.00000
vn -0.98892 -0.14843 0.00000
vn -0.99054 0.09655 0.09756
vn -0.93742 0.33573 0.09233
vn -0.94196 0.33573 0.00000
vn -0.99533 0.09655 0.00000
vn -0.93742 0.33573 0.09233
vn -0.82801 0.55475 0.08155
vn -0.83201 0.55475 0.00000
vn -0.94196 0.33573 0.00000
vn -0.00000 -1.00000 -0.00000
vn -0.28981 -0.95708 -0.00000
vn -0.28842 -0.95708 -0.02841
vn -0.28981 -0.95708 -0.00000
vn -0.55475 -0.83201 -0.00000
vn -0.55208 -0.83201 -0.05438
vn -0.28842 -0.95708 -0.02841
vn -0.55475 -0.83201 -0.00000
vn -0.77208 -0.63553 -0.00000
vn -0.76836 -0.63553 -0.07568
vn -0.55208 -0.83201 -0.05438
vn -0.77208 -0.63553 -0.00000
vn -0.92313 -0.38450 0.00000
vn -0.91868 -0.38450 -0.09048
vn -0.76836 -0.63553 -0.07568
vn -0.92313 -0.38450 0.00000
vn -0.92313 -0.38450 0.00000
vn -0.91868 -0.38450 -0.09048
vn -0.91868 -0.38450 -0.09048
vn -0.92313 -0.38450 0.00000
vn -0.98892 -0.14843 0.00000
vn -0.98416 -0.14843 -0.09693
vn -0.91868 -0.38450 -0.09048
vn -0.98892 -0.14843 0.00000
vn -0.99533 0.09655 0.00000
vn -0.99054 0.09655 -0.09756
vn -0.98416 -0.14843 -0.09693
vn -0.99533 0.09655 0.00000
vn -0.94196 0.33573 0.00000
vn -0.93742 0.33573 -0.09233
vn -0.99054 0.09655 -0.09756
vn -0.94196 0.33573 0.00000
vn -0.83201 0.55475 0.00000
vn -0.82801 0.55475 -0.08155
vn -0.93742 0.33573 -0.09233
vn -0.00000 -1.00000 -0.00000
vn -0.28842 -0.95708 -0.02841
vn -0.28425 -0.95708 -0.05654
vn -0.28842 -0.95708 -0.02841
vn -0.55208 -0.83201 -0.05438
vn -0.54409 -0.83201 -0.10823
vn -0.28425 -0.95708 -0.05654
vn -0.55208 -0.83201 -0.05438
vn -0.76836 -0.63553 -0.07568
vn -0.75724 -0.63553 -0.15062
vn -0.54409 -0.83201 -0.10823
vn -0.76836 -0.63553 -0.07568
vn -0.91868 -0.38450 -0.09048
vn -0.90539 -0.38450 -0.18009
vn -0.75724 -0.63553 -0.15062
vn -0.91868 -0.38450 -0.09048
vn -0.91868 -0.38450 -0.09048
vn -0.90539 -0.38450 -0.18009
vn -0.90539 -0.38450 -0.18009
vn -0.91868 -0.38450 -0.09048
vn -0.98416 -0.14843 -0.09693
vn -0.96992 -0.14843 -0.19293
vn -0.90539 -0.38450 -0.18009
vn -0.98416 -0.14843 -0.09693
vn -0.99054 0.09655 -0.09756
vn -0.97620 0.09655 -0.19418
vn -0.96992 -0.14843 -0.19293
vn -0.99054 0.09655 -0.09756
vn -0.93742 0.33573 -0.09233
vn -0.92386 0.33573 -0.18377
vn -0.97620 0.09655 -0.19418
vn -0.93742 0.33573 -0.09233
vn -0.82801 0.55475 -0.08155
vn -0.81603 0.55475 -0.16232
vn -0.92386 0.33573 -0.18377
vn -0.00000 -1.00000 -0.00000
vn -0.28425 -0.95708 -0.05654
vn -0.27734 -0.95708 -0.08413
vn -0.28425 -0.95708 -0.05654
vn -0.54409 -0.83201 -0.10823
vn -0.53087 -0.83201 -0.16104
vn -0.27734 -0.95708 -0.08413
vn -0.54409 -0.83201 -0.10823
vn -0.75724 -0.63553 -0.15062
vn -0.73883 -0.63553 -0.22412
vn -0.53087 -0.83201 -0.16104
vn -0.75724 -0.63553 -0.15062
vn -0.90539 -0.38450 -0.18009
vn -0.88338 -0.38450 -0.26797
vn -0.73883 -0.63553 -0.22412
vn -0.90539 -0.38450 -0.18009
vn -0.90539 -0.38450 -0.18009
vn -0.88338 -0.38450 -0.26797
vn -0.88338 -0.38450 -0.26797
vn -0.90539 -0.38450 -0.18009
vn -0.96992 -0.14843 -0.19293
vn -0.94634 -0.14843 -0.28707
vn -0.88338 -0.38450 -0.26797
vn -0.96992 -0.14843 -0.19293
vn -0.97620 0.09655 -0.19418
vn -0.95247 0.09655 -0.28893
vn -0.94634 -0.14843 -0.28707
vn -0.97620 0.09655 -0.19418
vn -0.92386 0.33573 -0.18377
vn -0.90140 0.33573 -0.27344
vn -0.95247 0.09655 -0.28893
vn -0.92386 0.33573 -0.18377
vn -0.81603 0.55475 -0.16232
vn -0.79619 0.55475 -0.24152
vn -0.90140 0.33573 -0.27344
vn -0.00000 -1.00000 -0.00000
vn -0.27734 -0.95708 -0.08413
vn -0.26775 -0.95708 -0.11091
vn -0.27734 -0.95708 -0.08413
vn -0.53087 -0.83201 -0.16104
vn -0.51253 -0.83201 -0.21230
vn -0.26775 -0.95708 -0.11091
vn -0.53087 -0.83201 -0.16104
vn -0.73883 -0.63553 -0.22412
vn -0.71330 -0.63553 -0.29546
vn -0.51253 -0.83201 -0.21230
vn -0.73883 -0.63553 -0.22412
vn -0.88338 -0.38450 -0.26797
vn -0.85286 -0.38450 -0.35327
vn -0.71330 -0.63553 -0.29546
vn -0.88338 -0.38450 -0.26797
vn -0.88338 -0.38450 -0.26797
vn -0.85286 -0.38450 -0.35327
vn -0.85286 -0.38450 -0.35327
vn -0.88338 -0.38450 -0.26797
vn -0.94634 -0.14843 -0.28707
vn -0.91365 -0.14843 -0.37844
vn -0.85286 -0.38450 -0.35327
vn -0.94634 -0.14843 -0.28707
vn -0.95247 0.09655 -0.28893
vn -0.91956 0.09655 -0.38090
vn -0.91365 -0.14843 -0.37844
vn -0.95247 0.09655 -0.28893
vn -0.90140 0.33573 -0.27344
vn -0.87025 0.33573 -0.36047
vn -0.91956 0.09655 -0.38090
vn -0.90140 0.33573 -0.27344
vn -0.79619 0.55475 -0.24152
vn -0.76868 0.55475 -0.31840
vn -0.87025 0.33573 -0.36047
vn -0.00000 -1.00000 -0.00000
vn -0.26775 -0.95708 -0.11091
vn -0.25559 -0.95708 -0.13662
vn -0.26775 -0.95708 -0.11091
vn -0.51253 -0.83201 -0.21230
vn -0.48925 -0.83201 -0.26151
vn -0.25559 -0.95708 -0.13662
vn -0.51253 -0.83201 -0.21230
vn -0.71330 -0.63553 -0.29546
vn -0.68091 -0.63553 -0.36395
vn -0.48925 -0.83201 -0.26151
vn -0.71330 -0.63553 -0.29546
vn -0.85286 -0.38450 -0.35327
vn -0.81412 -0.38450 -0.43516
vn -0.68091 -0.63553 -0.36395
vn -0.85286 -0.38450 -0.35327
vn -0.85286 -0.38450 -0.35327
vn -0.81412 -0.38450 -0.43516
vn -0.81412 -0.38450 -0.43516
vn -0.85286 -0.38450 -0.35327
vn -0.91365 -0.14843 -0.37844
vn -0.87215 -0.14843 -0.46618
vn -0.81412 -0.38450 -0.43516
vn -0.91365 -0.14843 -0.37844
vn -0.91956 0.09655 -0.38090
vn -0.87780 0.09655 -0.46919
vn -0.87215 -0.14843 -0.46618
vn -0.91956 0.09655 -0.38090
vn -0.87025 0.33573 -0.36047
vn -0.83073 0.33573 -0.44404
vn -0.87780 0.09655 -0.46919
vn -0.87025 0.33573 -0.36047
vn -0.76868 0.55475 -0.31840
vn -0.73377 0.55475 -0.39221
vn -0.83073 0.33573 -0.44404
vn -0.00000 -1.00000 -0.00000
vn -0.25559 -0.95708 -0.13662
vn -0.24097 -0.95708 -0.16101
vn -0.25559 -0.95708 -0.13662
vn -0.48925 -0.83201 -0.26151
vn -0.46126 -0.83201 -0.30820
vn -0.24097 -0.95708 -0.16101
vn -0.48925 -0.83201 -0.26151
vn -0.68091 -0.63553 -0.36395
vn -0.64196 -0.63553 -0.42894
vn -0.46126 -0.83201 -0.30820
vn -0.68091 -0.63553 -0.36395
vn -0.81412 -0.38450 -0.43516
vn -0.76755 -0.38450 -0.51286
vn -0.64196 -0.63553 -0.42894
vn -0.81412 -0.38450 -0.43516
vn -0.81412 -0.38450 -0.43516
vn -0.76755 -0.38450 -0.51286
vn -0.76755 -0.38450 -0.51286
vn -0.81412 -0.38450 -0.43516
vn -0.87215 -0.14843 -0.46618
vn -0.82226 -0.14843 -0.54942
vn -0.76755 -0.38450 -0.51286
vn -0.87215 -0.14843 -0.46618
vn -0.87780 0.09655 -0.46919
vn -0.82758 0.09655 -0.55297
vn -0.82226 -0.14843 -0.54942
vn -0.87780 0.09655 -0.46919
vn -0.83073 0.33573 -0.44404
vn -0.78321 0.33573 -0.52332
vn -0.82758 0.09655 -0.55297
vn -0.83073 0.33573 -0.44404
vn -0.73377 0.55475 -0.39221
vn -0.69179 0.55475 -0.46224
vn -0.78321 0.33573 -0.52332
vn -0.00000 -1.00000 -0.00000
vn -0.24097 -0.95708 -0.16101
vn -0.22403 -0.95708 -0.18386
vn -0.24097 -0.95708 -0.16101
vn -0.46126 -0.83201 -0.30820
vn -0.42883 -0.83201 -0.35193
vn -0.22403 -0.95708 -0.18386
vn -0.46126 -0.83201 -0.30820
vn -0.64196 -0.63553 -0.42894
vn -0.59682 -0.63553 -0.48980
vn -0.42883 -0.83201 -0.35193
vn -0.64196 -0.63553 -0.42894
vn -0.76755 -0.38450 -0.51286
vn -0.71359 -0.38450 -0.58563
vn -0.59682 -0.63553 -0.48980
vn -0.76755 -0.38450 -0.51286
vn -0.76755 -0.38450 -0.51286
vn -0.71359 -0.38450 -0.58563
vn -0.71359 -0.38450 -0.58563
vn -0.76755 -0.38450 -0.51286
vn -0.82226 -0.14843 -0.54942
vn -0.76445 -0.14843 -0.62737
vn -0.71359 -0.38450 -0.58563
vn -0.82226 -0.14843 -0.54942
vn -0.82758 0.09655 -0.55297
vn -0.76940 0.09655 -0.63143
vn -0.76445 -0.14843 -0.62737
vn -0.82758 0.09655 -0.55297
vn -0.78321 0.33573 -0.52332
vn -0.72814 0.33573 -0.59757
vn -0.76940 0.09655 -0.63143
vn -0.78321 0.33573 -0.52332
vn -0.69179 0.55475 -0.46224
vn -0.64316 0.55475 -0.52782
vn -0.72814 0.33573 -0.59757
vn -0.00000 -1.00000 -0.00000
vn -0.22403 -0.95708 -0.18386
vn -0.20493 -0.95708 -0.20493
vn -0.22403 -0.95708 -0.18386
vn -0.42883 -0.83201 -0.35193
vn -0.39227 -0.83201 -0.39227
vn -0.20493 -0.95708 -0.20493
vn -0.42883 -0.83201 -0.35193
vn -0.59682 -0.63553 -0.48980
vn -0.54594 -0.63553 -0.54594
vn -0.39227 -0.83201 -0.39227
vn -0.59682 -0.63553 -0.48980
vn -0.71359 -0.38450 -0.58563
vn -0.65275 -0.38450 -0.65275
vn -0.54594 -0.63553 -0.54594
vn -0.71359 -0.38450 -0.58563
vn -0.71359 -0.38450 -0.58563
vn -0.65275 -0.38450 -0.65275
vn -0.65275 -0.38450 -0.65275
vn -0.71359 -0.38450 -0.58563
vn -0.76445 -0.14843 -0.62737
vn -0.69927 -0.14843 -0.69927
vn -0.65275 -0.38450 -0.65275
vn -0.76445 -0.14843 -0.62737
vn -0.76940 0.09655 -0.63143
vn -0.70380 0.09655 -0.70380
vn -0.69927 -0.14843 -0.69927
vn -0.76940 0.09655 -0.63143
vn -0.72814 0.33573 -0.59757
vn -0.66606 0.33573 -0.66606
vn -0.70380 0.09655 -0.70380
vn -0.72814 0.33573 -0.59757
vn -0.64316 0.55475 -0.52782
vn -0.58832 0.55475 -0.58832
vn -0.66606 0.33573 -0.66606
vn -0.00000 -1.00000 -0.00000
vn -0.20493 -0.95708 -0.20493
vn -0.18386 -0.95708 -0.22403
vn -0.20493 -0.95708 -0.20493
vn -0.39227 -0.83201 -0.39227
vn -0.35193 -0.83201 -0.42883
vn -0.18386 -0.95708 -0.22403
vn -0.39227 -0.83201 -0.39227
vn -0.54594 -0.63553 -0.54594
vn -0.48980 -0.63553 -0.59682
vn -0.35193 -0.83201 -0.42883
vn -0.54594 -0.63553 -0.54594
vn -0.65275 -0.38450 -0.65275
vn -0.58563 -0.38450 -0.71359
vn -0.48980 -0.63553 -0.59682
vn -0.65275 -0.38450 -0.65275
vn -0.65275 -0.38450 -0.65275
vn -0.58563 -0.38450 -0.71359
vn -0.58563 -0.38450 -0.71359
vn -0.65275 -0.38450 -0.65275
vn -0.69927 -0.14843 -0.69927
vn -0.62737 -0.14843 -0.76445
vn -0.58563 -0.38450 -0.71359
vn -0.69927 -0.14843 -0.69927
vn -0.70380 0.09655 -0.70380
vn -0.63143 0.09655 -0.76940
vn -0.62737 -0.14843 -0.76445
vn -0.70380 0.09655 -0.70380
vn -0.66606 0.33573 -0.66606
vn -0.59757 0.33573 -0.72814
vn -0.63143 0.09655 -0.76940
vn -0.66606 0.33573 -0.66606
vn -0.58832 0.55475 -0.58832
vn -0.52782 0.55475 -0.64316
vn -0.59757 0.33573 -0.72814
vn -0.00000 -1.00000 -0.00000
vn -0.18386 -0.95708 -0.22403
vn -0.16101 -0.95708 -0.24097
vn -0.18386 -0.95708 -0.22403
vn -0.35193 -0.83201 -0.42883
vn -0.30820 -0.83201 -0.46126
vn -0.16101 -0.95708 -0.24097
vn -0.35193 -0.83201 -0.42883
vn -0.48980 -0.63553 -0.59682
vn -0.42894 -0.63553 -0.64196
vn -0.30820 -0.83201 -0.46126
vn -0.48980 -0.63553 -0.59682
vn -0.58563 -0.38450 -0.71359
vn -0.51286 -0.38450 -0.76755
vn -0.42894 -0.63553 -0.64196
vn -0.58563 -0.38450 -0.71359
vn -0.58563 -0.38450 -0.71359
vn -0.51286 -0.38450 -0.76755
vn -0.51286 -0.38450 -0.76755
vn -0.58563 -0.38450 -0.71359
vn -0.62737 -0.14843 -0.76445
vn -0.54942 -0.14843 -0.82226
vn -0.51286 -0.38450 -0.76755
vn -0.62737 -0.14843 -0.76445
vn -0.63143 0.09655 -0.76940
vn -0.55297 0.09655 -0.82758
vn -0.54942 -0.14843 -0.82226
vn -0.63143 0.09655 -0.76940
vn -0.59757 0.33573 -0.72814
vn -0.52332 0.33573 -0.78321
vn -0.55297 0.09655 -0.82758
vn -0.59757 0.33573 -0.72814
vn -0.52782 0.55475 -0.64316
vn -0.46224 0.55475 -0.69179
vn -0.52332 0.33573 -0.78321
vn -0.00000 -1.00000 -0.00000
vn -0.16101 -0.95708 -0.24097
vn -0.13662 -0.95708 -0.25559
vn -0.16101 -0.95708 -0.24097
vn -0.30820 -0.83201 -0.46126
vn -0.26151 -0.83201 -0.48925
vn -0.13662 -0.95708 -0.25559
vn -0.30820 -0.83201 -0.46126
vn -0.42894 -0.63553 -0.64196
vn -0.36395 -0.63553 -0.68091
vn -0.26151 -0.83201 -0.48925
vn -0.42894 -0.63553 -0.64196
vn -0.51286 -0.38450 -0.76755
vn -0.43516 -0.38450 -0.81412
vn -0.36395 -0.63553 -0.68091
vn -0.51286 -0.38450 -0.76755
vn -0.51286 -0.38450 -0.76755
vn -0.43516 -0.38450 -0.81412
vn -0.43516 -0.38450 -0.81412
vn -0.51286 -0.38450 -0.76755
vn -0.54942 -0.14843 -0.82226
vn -0.46618 -0.14843 -0.87215
vn -0.43516 -0.38450 -0.81412
vn -0.54942 -0.14843 -0.82226
vn -0.55297 0.09655 -0.82758
vn -0.46919 0.09655 -0.87780
vn -0.46618 -0.14843 -0.87215
vn -0.55297 0.09655 -0.82758
vn -0.52332 0.33573 -0.78321
vn -0.44404 0.33573 -0.83073
vn -0.46919 0.09655 -0.87780
vn -0.52332 0.33573 -0.78321
vn -0.46224 0.55475 -0.69179
vn -0.39221 0.55475 -0.73377
vn -0.44404 0.33573 -0.83073
vn -0.00000 -1.00000 -0.00000
vn -0.13662 -0.95708 -0.25559
vn -0.11091 -0.95708 -0.26775
vn -0.13662 -0.95708 -0.25559
vn -0.26151 -0.83201 -0.48925
vn -0.21230 -0.83201 -0.51253
vn -0.11091 -0.95708 -0.26775
vn -0.26151 -0.83201 -0.48925
vn -0.36395 -0.63553 -0.68091
vn -0.29546 -0.63553 -0.71330
vn -0.21230 -0.83201 -0.51253
vn -0.36395 -0.63553 -0.68091
vn -0.43516 -0.38450 -0.81412
vn -0.35327 -0.38450 -0.85286
vn -0.29546 -0.63553 -0.71330
vn -0.43516 -0.38450 -0.81412
vn -0.43516 -0.38450 -0.81412
vn -0.35327 -0.38450 -0.85286
vn -0.35327 -0.38450 -0.85286
vn -0.43516 -0.38450 -0.81412
vn -0.46618 -0.14843 -0.87215
vn -0.37844 -0.14843 -0.91365
vn -0.35327 -0.38450 -0.85286
vn -0.46618 -0.14843 -0.87215
vn -0.46919 0.09655 -0.87780
vn -0.38090 0.09655 -0.91956
vn -0.37844 -0.14843 -0.91365
vn -0.46919 0.09655 -0.87780
vn -0.44404 0.33573 -0.83073
vn -0.36047 0.33573 -0.87025
vn -0.38090 0.09655 -0.91956
vn -0.44404 0.33573 -0.83073
vn -0.39221 0.55475 -0.73377
vn -0.31840 0.55475 -0.76868
vn -0.36047 0.33573 -0.87025
vn -0.00000 -1.00000 -0.00000
vn -0.11091 -0.95708 -0.26775
vn -0.08413 -0.95708 -0.27734
vn -0.11091 -0.95708 -0.26775
vn -0.21230 -0.83201 -0.51253
vn -0.16104 -0.83201 -0.53087
vn -0.08413 -0.95708 -0.27734
vn -0.21230 -0.83201 -0.51253
vn -0.29546 -0.63553 -0.71330
vn -0.22412 -0.63553 -0.73883
vn -0.16104 -0.83201 -0.53087
vn -0.29546 -0.63553 -0.71330
vn -0.35327 -0.38450 -0.85286
vn -0.26797 -0.38450 -0.88338
vn -0.22412 -0.63553 -0.73883
vn -0.35327 -0.38450 -0.85286
vn -0.35327 -0.38450 -0.85286
vn -0.26797 -0.38450 -0.88338
vn -0.26797 -0.38450 -0.88338
vn -0.35327 -0.38450 -0.85286
vn -0.37844 -0.14843 -0.91365
vn -0.28707 -0.14843 -0.94634
vn -0.26797 -0.38450 -0.88338
vn -0.37844 -0.14843 -0.91365
vn -0.38090 0.09655 -0.91956
vn -0.28893 0.09655 -0.95247
vn -0.28707 -0.14843 -0.94634
vn -0.38090 0.09655 -0.91956
vn -0.36047 0.33573 -0.87025
vn -0.27344 0.33573 -0.90140
vn -0.28893 0.09655 -0.95247
vn -0.36047 0.33573 -0.87025
vn -0.31840 0.55475 -0.76868
vn -0.24152 0.55475 -0.79619
vn -0.27344 0.33573 -0.90140
vn -0.00000 -1.00000 -0.00000
vn -0.08413 -0.95708 -0.27734
vn -0.05654 -0.95708 -0.28425
vn -0.08413 -0.95708 -0.27734
vn -0.16104 -0.83201 -0.53087
vn -0.10823 -0.83201 -0.54409
vn -0.05654 -0.95708 -0.28425
vn -0.16104 -0.83201 -0.53087
vn -0.22412 -0.63553 -0.73883
vn -0.15062 -0.63553 -0.75724
vn -0.10823 -0.83201 -0.54409
vn -0.22412 -0.63553 -0.73883
vn -0.26797 -0.38450 -0.88338
vn -0.18009 -0.38450 -0.90539
vn -0.15062 -0.63553 -0.75724
vn -0.26797 -0.38450 -0.88338
vn -0.26797 -0.38450 -0.88338
vn -0.18009 -0.38450 -0.90539
vn -0.18009 -0.38450 -0.90539
vn -0.26797 -0.38450 -0.88338
vn -0.28707 -0.14843 -0.94634
vn -0.19293 -0.14843 -0.96992
vn -0.18009 -0.38450 -0.90539
vn -0.28707 -0.14843 -0.94634
vn -0.28893 0.09655 -0.95247
vn -0.19418 0.09655 -0.97620
vn -0.19293 -0.14843 -0.96992
vn -0.28893 0.09655 -0.95247
vn -0.27344 0.33573 -0.90140
vn -0.18377 0.33573 -0.92386
vn -0.19418 0.09655 -0.97620
vn -0.27344 0.33573 -0.90140
vn -0.24152 0.55475 -0.79619
vn -0.16232 0.55475 -0.81603
vn -0.18377 0.33573 -0.92386
vn -0.00000 -1.00000 -0.00000
vn -0.05654 -0.95708 -0.28425
vn -0.02841 -0.95708 -0.28842
vn -0.05654 -0.95708 -0.28425
vn -0.10823 -0.83201 -0.54409
vn -0.05438 -0.83201 -0.55208
vn -0.02841 -0.95708 -0.28842
vn -0.10823 -0.83201 -0.54409
vn -0.15062 -0.63553 -0.75724
vn -0.07568 -0.63553 -0.76836
vn -0.05438 -0.83201 -0.55208
vn -0.15062 -0.63553 -0.75724
vn -0.18009 -0.38450 -0.90539
vn -0.09048 -0.38450 -0.91868
vn -0.07568 -0.63553 -0.76836
vn -0.18009 -0.38450 -0.90539
vn -0.18009 -0.38450 -0.90539
vn -0.09048 -0.38450 -0.91868
vn -0.09048 -0.38450 -0.91868
vn -0.18009 -0.38450 -0.90539
vn -0.19293 -0.14843 -0.96992
vn -0.09693 -0.14843 -0.98416
vn -0.09048 -0.38450 -0.91868
vn -0.19293 -0.14843 -0.96992
vn -0.19418 0.09655 -0.97620
vn -0.09756 0.09655 -0.99054
vn -0.09693 -0.14843 -0.98416
vn -0.19418 0.09655 -0.97620
vn -0.18377 0.33573 -0.92386
vn -0.09233 0.33573 -0.93742
vn -0.09756 0.09655 -0.99054
vn -0.18377 0.33573 -0.92386
vn -0.16232 0.55475 -0.81603
vn -0.08155 0.55475 -0.82801
vn -0.09233 0.33573 -0.93742
vn -0.00000 -1.00000 -0.00000
vn -0.02841 -0.95708 -0.28842
vn -0.00000 -0.95708 -0.28981
vn -0.02841 -0.95708 -0.28842
vn -0.05438 -0.83201 -0.55208
vn -0.00000 -0.83201 -0.55475
vn -0.00000 -0.95708 -0.28981
vn -0.05438 -0.83201 -0.55208
vn -0.07568 -0.63553 -0.76836
vn -0.00000 -0.63553 -0.77208
vn -0.00000 -0.83201 -0.55475
vn -0.07568 -0.63553 -0.76836
vn -0.09048 -0.38450 -0.91868
vn -0.00000 -0.38450 -0.92313
vn -0.00000 -0.63553 -0.77208
vn -0.09048 -0.38450 -0.91868
vn -0.09048 -0.38450 -0.91868
vn -0.00000 -0.38450 -0.92313
vn -0.00000 -0.38450 -0.92313
vn -0.09048 -0.38450 -0.91868
vn -0.09693 -0.14843 -0.98416
vn -0.00000 -0.14843 -0.98892
vn -0.00000 -0.38450 -0.92313
vn -0.09693 -0.14843 -0.98416
vn -0.09756 0.09655 -0.99054
vn -0.00000 0.09655 -0.99533
vn -0.00000 -0.14843 -0.98892
vn -0.09756 0.09655 -0.99054
vn -0.09233 0.33573 -0.93742
vn -0.00000 0.33573 -0.94196
vn -0.00000 0.09655 -0.99533
vn -0.09233 0.33573 -0.93742
vn -0.08155 0.55475 -0.82801
vn -0.00000 0.55475 -0.83201
vn -0.00000 0.33573 -0.94196
vn -0.00000 -1.00000 -0.00000
vn -0.00000 -0.95708 -0.28981
vn 0.02841 -0.95708 -0.28842
vn -0.00000 -0.95708 -0.28981
vn -0.00000 -0.83201 -0.55475
vn 0.05438 -0.83201 -0.55208
vn 0.02841 -0.95708 -0.28842
vn -0.00000 -0.83201 -0.55475
vn -0.00000 -0.63553 -0.77208
vn 0.07568 -0.63553 -0.76836
vn 0.05438 -0.83201 -0.55208
vn -0.00000 -0.63553 -0.77208
vn -0.00000 -0.38450 -0.92313
vn 0.09048 -0.38450 -0.91868
vn 0.07568 -0.63553 -0.76836
vn -0.00000 -0.38450 -0.92313
vn -0.00000 -0.38450 -0.92313
vn 0.09048 -0.38450 -0.91868
vn 0.09048 -0.38450 -0.91868
vn -0.00000 -0.38450 -0.92313
vn -0.00000 -0.14843 -0.98892
vn 0.09693 -0.14843 -0.98416
vn 0.09048 -0.38450 -0.91868
vn -0.00000 -0.14843 -0.98892
vn -0.00000 0.09655 -0.99533
vn 0.09756 0.09655 -0.99054
vn 0.09693 -0.14843 -0.98416
vn -0.00000 0.09655 -0.99533
vn -0.00000 0.33573 -0.94196
vn 0.09233 0.33573 -0.93742
vn 0.09756 0.09655 -0.99054
vn -0.00000 0.33573 -0.94196
vn -0.00000 0.55475 -0.83201
vn 0.08155 0.55475 -0.82801
vn 0.09233 0.33573 -0.93742
vn 0.00000 -1.00000 -0.00000
vn 0.02841 -0.95708 -0.28842
vn 0.05654 -0.95708 -0.28425
vn 0.02841 -0.95708 -0.28842
vn 0.05438 -0.83201 -0.55208
vn 0.10823 -0.83201 -0.54409
vn 0.05654 -0.95708 -0.28425
vn 0.05438 -0.83201 -0.55208
vn 0.07568 -0.63553 -0.76836
vn 0.15062 -0.63553 -0.75724
vn 0.10823 -0.83201 -0.54409
vn 0.07568 -0.63553 -0.76836
vn 0.09048 -0.38450 -0.91868
vn 0.18009 -0.38450 -0.90539
vn 0.15062 -0.63553 -0.75724
vn 0.09048 -0.38450 -0.91868
vn 0.09048 -0.38450 -0.91868
vn 0.18009 -0.38450 -0.90539
vn 0.18009 -0.38450 -0.90539
vn 0.09048 -0.38450 -0.91868
vn 0.09693 -0.14843 -0.98416
vn 0.19293 -0.14843 -0.96992
vn 0.18009 -0.38450 -0.90539
vn 0.09693 -0.14843 -0.98416
vn 0.09756 0.09655 -0.99054
vn 0.19418 0.09655 -0.97620
vn 0.19293 -0.14843 -0.96992
vn 0.09756 0.09655 -0.99054
vn 0.09233 0.33573 -0.93742
vn 0.18377 0.33573 -0.92386
vn 0.19418 0.09655 -0.97620
vn 0.09233 0.33573 -0.93742
vn 0.08155 0.55475 -0.82801
vn 0.16232 0.55475 -0.81603
vn 0.18377 0.33573 -0.92386
vn 0.00000 -1.00000 -0.00000
vn 0.05654 -0.95708 -0.28425
vn 0.08413 -0.95708 -0.27734
vn 0.05654 -0.95708 -0.28425
vn 0.10823 -0.83201 -0.54409
vn 0.16104 -0.83201 -0.53087
vn 0.08413 -0.95708 -0.27734
vn 0.10823 -0.83201 -0.54409
vn 0.15062 -0.63553 -0.75724
vn 0.22412 -0.63553 -0.73883
vn 0.16104 -0.83201 -0.53087
vn 0.15062 -0.63553 -0.75724
vn 0.18009 -0.38450 -0.90539
vn 0.26797 -0.38450 -0.88338
vn 0.22412 -0.63553 -0.73883
vn 0.18009 -0.38450 -0.90539
vn 0.18009 -0.38450 -0.90539
vn 0.26797 -0.38450 -0.88338
vn 0.26797 -0.38450 -0.88338
vn 0.18009 -0.38450 -0.90539
vn 0.19293 -0.14843 -0.96992
vn 0.28707 -0.14843 -0.94634
vn 0.26797 -0.38450 -0.88338
vn 0.19293 -0.14843 -0.96992
vn 0.19418 0.09655 -0.97620
vn 0.28893 0.09655 -0.95247
vn 0.28707 -0.14843 -0.94634
vn 0.19418 0.09655 -0.97620
vn 0.18377 0.33573 -0.92386
vn 0.27344 0.33573 -0.90140
vn 0.28893 0.09655 -0.95247
vn 0.18377 0.33573 -0.92386
vn 0.16232 0.55475 -0.81603
vn 0.24152 0.55475 -0.79619
vn 0.27344 0.33573 -0.90140
vn 0.00000 -1.00000 -0.00000
vn 0.08413 -0.95708 -0.27734
vn 0.11091 -0.95708 -0.26775
vn 0.08413 -0.95708 -0.27734
vn 0.16104 -0.83201 -0.53087
vn 0.21230 -0.83201 -0.51253
vn 0.11091 -0.95708 -0.26775
vn 0.16104 -0.83201 -0.53087
vn 0.22412 -0.63553 -0.73883
vn 0.29546 -0.63553 -0.71330
vn 0.21230 -0.83201 -0.51253
vn 0.22412 -0.63553 -0.73883
vn 0.26797 -0.38450 -0.88338
vn 0.35327 -0.38450 -0.85286
vn 0.29546 -0.63553 -0.71330
vn 0.26797 -0.38450 -0.88338
vn 0.26797 -0.38450 -0.88338
vn 0.35327 -0.38450 -0.85286
vn 0.35327 -0.38450 -0.85286
vn 0.26797 -0.38450 -0.88338
vn 0.28707 -0.14843 -0.94634
vn 0.37844 -0.14843 -0.91365
vn 0.35327 -0.38450 -0.85286
vn 0.28707 -0.14843 -0.94634
vn 0.28893 0.09655 -0.95247
vn 0.38090 0.09655 -0.91956
vn 0.37844 -0.14843 -0.91365
vn 0.28893 0.09655 -0.95247
vn 0.27344 0.33573 -0.90140
vn 0.36047 0.33573 -0.87025
vn 0.38090 0.09655 -0.91956
vn 0.27344 0.33573 -0.90140
vn 0.24152 0.55475 -0.79619
vn 0.31840 0.55475 -0.76868
vn 0.36047 0.33573 -0.87025
vn 0.00000 -1.00000 -0.00000
vn 0.11091 -0.95708 -0.26775
vn 0.13662 -0.95708 -0.25559
vn 0.11091 -0.95708 -0.26775
vn 0.21230 -0.83201 -0.51253
vn 0.26151 -0.83201 -0.48925
vn 0.13662 -0.95708 -0.25559
vn 0.21230 -0.83201 -0.51253
vn 0.29546 -0.63553 -0.71330
vn 0.36395 -0.63553 -0.68091
vn 0.26151 -0.83201 -0.48925
vn 0.29546 -0.63553 -0.71330
vn 0.35327 -0.38450 -0.85286
vn 0.43516 -0.38450 -0.81412
vn 0.36395 -0.63553 -0.68091
vn 0.35327 -0.38450 -0.85286
vn 0.35327 -0.38450 -0.85286
vn 0.43516 -0.38450 -0.81412
vn 0.43516 -0.38450 -0.81412
vn 0.35327 -0.38450 -0.85286
vn 0.37844 -0.14843 -0.91365
vn 0.46618 -0.14843 -0.87215
vn 0.43516 -0.38450 -0.81412
vn 0.37844 -0.14843 -0.91365
vn 0.38090 0.09655 -0.91956
vn 0.46919 0.09655 -0.87780
vn 0.46618 -0.14843 -0.87215
vn 0.38090 0.09655 -0.91956
vn 0.36047 0.33573 -0.87025
vn 0.44404 0.33573 -0.83073
vn 0.46919 0.09655 -0.87780
vn 0.36047 0.33573 -0.87025
vn 0.31840 0.55475 -0.76868
vn 0.39221 0.55475 -0.73377
vn 0.44404 0.33573 -0.83073
vn 0.00000 -1.00000 -0.00000
vn 0.13662 -0.95708 -0.25559
vn 0.16101 -0.95708 -0.24097
vn 0.13662 -0.95708 -0.25559
vn 0.26151 -0.83201 -0.48925
vn 0.30820 -0.83201 -0.46126
vn 0.16101 -0.95708 -0.24097
vn 0.26151 -0.83201 -0.48925
vn 0.36395 -0.63553 -0.68091
vn 0.42894 -0.63553 -0.64196
vn 0.30820 -0.83201 -0.46126
vn 0.36395 -0.63553 -0.68091
vn 0.43516 -0.38450 -0.81412
vn 0.51286 -0.38450 -0.76755
vn 0.42894 -0.63553 -0.64196
vn 0.43516 -0.38450 -0.81412
vn 0.43516 -0.38450 -0.81412
vn 0.51286 -0.38450 -0.76755
vn 0.51286 -0.38450 -0.76755
vn 0.43516 -0.38450 -0.81412
vn 0.46618 -0.14843 -0.87215
vn 0.54942 -0.14843 -0.82226
vn 0.51286 -0.38450 -0.76755
vn 0.46618 -0.14843 -0.87215
vn 0.46919 0.09655 -0.87780
vn 0.55297 0.09655 -0.82758
vn 0.54942 -0.14843 -0.82226
vn 0.46919 0.09655 -0.87780
vn 0.44404 0.33573 -0.83073
vn 0.52332 0.33573 -0.78321
vn 0.55297 0.09655 -0.82758
vn 0.44404 0.33573 -0.83073
vn 0.39221 0.55475 -0.73377
vn 0.46224 0.55475 -0.69179
vn 0.52332 0.33573 -0.78321
vn 0.00000 -1.00000 -0.00000
vn 0.16101 -0.95708 -0.24097
vn 0.18386 -0.95708 -0.22403
vn 0.16101 -0.95708 -0.24097
vn 0.30820 -0.83201 -0.46126
vn 0.35193 -0.83201 -0.42883
vn 0.18386 -0.95708 -0.22403
vn 0.30820 -0.83201 -0.46126
vn 0.42894 -0.63553 -0.64196
vn 0.48980 -0.63553 -0.59682
vn 0.35193 -0.83201 -0.42883
vn 0.42894 -0.63553 -0.64196
vn 0.51286 -0.38450 -0.76755
vn 0.58563 -0.38450 -0.71359
vn 0.48980 -0.63553 -0.59682
vn 0.51286 -0.38450 -0.76755
vn 0.51286 -0.38450 -0.76755
vn 0.58563 -0.38450 -0.71359
vn 0.58563 -0.38450 -0.71359
vn 0.51286 -0.38450 -0.76755
vn 0.54942 -0.14843 -0.82226
vn 0.62737 -0.14843 -0.76445
vn 0.58563 -0.38450 -0.71359
vn 0.54942 -0.14843 -0.82226
vn 0.55297 0.09655 -0.82758
vn 0.63143 0.09655 -0.76940
vn 0.62737 -0.14843 -0.76445
vn 0.55297 0.09655 -0.82758
vn 0.52332 0.33573 -0.78321
vn 0.59757 0.33573 -0.72814
vn 0.63143 0.09655 -0.76940
vn 0.52332 0.33573 -0.78321
vn 0.46224 0.55475 -0.69179
vn 0.52782 0.55475 -0.64316
vn 0.59757 0.33573 -0.72814
vn 0.00000 -1.00000 -0.00000
vn 0.18386 -0.95708 -0.22403
vn 0.20493 -0.95708 -0.20493
vn 0.18386 -0.95708 -0.22403
vn 0.35193 -0.83201 -0.42883
vn 0.39227 -0.83201 -0.39227
vn 0.20493 -0.95708 -0.20493
vn 0.35193 -0.83201 -0.42883
vn 0.48980 -0.63553 -0.59682
vn 0.54594 -0.63553 -0.54594
vn 0.39227 -0.83201 -0.39227
vn 0.48980 -0.63553 -0.59682
vn 0.58563 -0.38450 -0.71359
vn 0.65275 -0.38450 -0.65275
vn 0.54594 -0.63553 -0.54594
vn 0.58563 -0.38450 -0.71359
vn 0.58563 -0.38450 -0.71359
vn 0.65275 -0.38450 -0.65275
vn 0.65275 -0.38450 -0.65275
vn 0.58563 -0.38450 -0.71359
vn 0.62737 -0.14843 -0.76445
vn 0.69927 -0.14843 -0.69927
vn 0.65275 -0.38450 -0.65275
vn 0.62737 -0.14843 -0.76445
vn 0.63143 0.09655 -0.76940
vn 0.70380 0.09655 -0.70380
vn 0.69927 -0.14843 -0.69927
vn 0.63143 0.09655 -0.76940
vn 0.59757 0.33573 -0.72814
vn 0.66606 0.33573 -0.66606
vn 0.70380 0.09655 -0.70380
vn 0.59757 0.33573 -0.72814
vn 0.52782 0.55475 -0.64316
vn 0.58832 0.55475 -0.58832
vn 0.66606 0.33573 -0.66606
vn 0.00000 -1.00000 -0.00000
vn 0.20493 -0.95708 -0.20493
vn 0.22403 -0.95708 -0.18386
vn 0.20493 -0.95708 -0.20493
vn 0.39227 -0.83201 -0.39227
vn 0.42883 -0.83201 -0.35193
vn 0.22403 -0.95708 -0.18386
vn 0.39227 -0.83201 -0.39227
vn 0.54594 -0.63553 -0.54594
vn 0.59682 -0.63553 -0.48980
vn 0.42883 -0.83201 -0.35193
vn 0.54594 -0.63553 -0.54594
vn 0.65275 -0.38450 -0.65275
vn 0.71359 -0.38450 -0.58563
vn 0.59682 -0.63553 -0.48980
vn 0.65275 -0.38450 -0.65275
vn 0.65275 -0.38450 -0.65275
vn 0.71359 -0.38450 -0.58563
vn 0.71359 -0.38450 -0.58563
vn 0.65275 -0.38450 -0.65275
vn 0.69927 -0.14843 -0.69927
vn 0.76445 -0.14843 -0.62737
vn 0.71359 -0.38450 -0.58563
vn 0.69927 -0.14843 -0.69927
vn 0.70380 0.09655 -0.70380
vn 0.76940 0.09655 -0.63143
vn 0.76445 -0.14843 -0.62737
vn 0.70380 0.09655 -0.70380
vn 0.66606 0.33573 -0.66606
vn 0.72814 0.33573 -0.59757
vn 0.76940 0.09655 -0.63143
vn 0.66606 0.33573 -0.66606
vn 0.58832 0.55475 -0.58832
vn 0.64316 0.55475 -0.52782
vn 0.72814 0.33573 -0.59757
vn 0.00000 -1.00000 -0.00000
vn 0.22403 -0.95708 -0.18386
vn 0.24097 -0.95708 -0.16101
vn 0.22403 -0.95708 -0.18386
vn 0.42883 -0.83201 -0.35193
vn 0.46126 -0.83201 -0.30820
vn 0.24097 -0.95708 -0.16101
vn 0.42883 -0.83201 -0.35193
vn 0.59682 -0.63553 -0.48980
vn 0.64196 -0.63553 -0.42894
vn 0.46126 -0.83201 -0.30820
vn 0.59682 -0.63553 -0.48980
vn 0.71359 -0.38450 -0.58563
vn 0.76755 -0.38450 -0.51286
vn 0.64196 -0.63553 -0.42894
vn 0.71359 -0.38450 -0.58563
vn 0.71359 -0.38450 -0.58563
vn 0.76755 -0.38450 -0.51286
vn 0.76755 -0.38450 -0.51286
vn 0.71359 -0.38450 -0.58563
vn 0.76445 -0.14843 -0.62737
vn 0.82226 -0.14843 -0.54942
vn 0.76755 -0.38450 -0.51286
vn 0.76445 -0.14843 -0.62737
vn 0.76940 0.09655 -0.63143
vn 0.82758 0.09655 -0.55297
vn 0.82226 -0.14843 -0.54942
vn 0.76940 0.09655 -0.63143
vn 0.72814 0.33573 -0.59757
vn 0.78321 0.33573 -0.52332
vn 0.82758 0.09655 -0.55297
vn 0.72814 0.33573 -0.59757
vn 0.64316 0.55475 -0.52782
vn 0.69179 0.55475 -0.46224
vn 0.78321 0.33573 -0.52332
vn 0.00000 -1.00000 -0.00000
vn 0.24097 -0.95708 -0.16101
vn 0.25559 -0.95708 -0.13662
vn 0.24097 -0.95708 -0.16101
vn 0.46126 -0.83201 -0.30820
vn 0.48925 -0.83201 -0.26151
vn 0.25559 -0.95708 -0.13662
vn 0.46126 -0.83201 -0.30820
vn 0.64196 -0.63553 -0.42894
vn 0.68091 -0.63553 -0.36395
vn 0.48925 -0.83201 -0.26151
vn 0.64196 -0.63553 -0.42894
vn 0.76755 -0.38450 -0.51286
vn 0.81412 -0.38450 -0.43516
vn 0.68091 -0.63553 -0.36395
vn 0.76755 -0.38450 -0.51286
vn 0.76755 -0.38450 -0.51286
vn 0.81412 -0.38450 -0.43516
vn 0.81412 -0.38450 -0.43516
vn 0.76755 -0.38450 -0.51286
vn 0.82226 -0.14843 -0.54942
vn 0.87215 -0.14843 -0.46618
vn 0.81412 -0.38450 -0.43516
vn 0.82226 -0.14843 -0.54942
vn 0.82758 0.09655 -0.55297
vn 0.87780 0.09655 -0.46919
vn 0.87215 -0.14843 -0.46618
vn 0.82758 0.09655 -0.55297
vn 0.78321 0.33573 -0.52332
vn 0.83073 0.33573 -0.44404
vn 0.87780 0.09655 -0.46919
vn 0.78321 0.33573 -0.52332
vn 0.69179 0.55475 -0.46224
vn 0.73377 0.55475 -0.39221
vn 0.83073 0.33573 -0.44404
vn 0.00000 -1.00000 -0.00000
vn 0.25559 -0.95708 -0.13662
vn 0.26775 -0.95708 -0.11091
vn 0.25559 -0.95708 -0.13662
vn 0.48925 -0.83201 -0.26151
vn 0.51253 -0.83201 -0.21230
vn 0.26775 -0.95708 -0.11091
vn 0.48925 -0.83201 -0.26151
vn 0.68091 -0.63553 -0.36395
vn 0.71330 -0.63553 -0.29546
vn 0.51253 -0.83201 -0.21230
vn 0.68091 -0.63553 -0.36395
vn 0.81412 -0.38450 -0.43516
vn 0.85286 -0.38450 -0.35327
vn 0.71330 -0.63553 -0.29546
vn 0.81412 -0.38450 -0.43516
vn 0.81412 -0.38450 -0.43516
vn 0.85286 -0.38450 -0.35327
vn 0.85286 -0.38450 -0.35327
vn 0.81412 -0.38450 -0.43516
vn 0.87215 -0.14843 -0.46618
vn 0.91365 -0.14843 -0.37844
vn 0.85286 -0.38450 -0.35327
vn 0.87215 -0.14843 -0.46618
vn 0.87780 0.09655 -0.46919
vn 0.91956 0.09655 -0.38090
vn 0.91365 -0.14843 -0.37844
vn 0.87780 0.09655 -0.46919
vn 0.83073 0.33573 -0.44404
vn 0.87025 0.33573 -0.36047
vn 0.91956 0.09655 -0.38090
vn 0.83073 0.33573 -0.44404
vn 0.73377 0.55475 -0.39221
vn 0.76868 0.55475 -0.31840
vn 0.87025 0.33573 -0.36047
vn 0.00000 -1.00000 -0.00000
vn 0.26775 -0.95708 -0.11091
vn 0.27734 -0.95708 -0.08413
vn 0.26775 -0.95708 -0.11091
vn 0.51253 -0.83201 -0.21230
vn 0.53087 -0.83201 -0.16104
vn 0.27734 -0.95708 -0.08413
vn 0.51253 -0.83201 -0.21230
vn 0.71330 -0.63553 -0.29546
vn 0.73883 -0.63553 -0.22412
vn 0.53087 -0.83201 -0.16104
vn 0.71330 -0.63553 -0.29546
vn 0.85286 -0.38450 -0.35327
vn 0.88338 -0.38450 -0.26797
vn 0.73883 -0.63553 -0.22412
vn 0.85286 -0.38450 -0.35327
vn 0.85286 -0.38450 -0.35327
vn 0.88338 -0.38450 -0.26797
vn 0.88338 -0.38450 -0.26797
vn 0.85286 -0.38450 -0.35327
vn 0.91365 -0.14843 -0.37844
vn 0.94634 -0.14843 -0.28707
vn 0.88338 -0.38450 -0.26797
vn 0.91365 -0.14843 -0.37844
vn 0.91956 0.09655 -0.38090
vn 0.95247 0.09655 -0.28893
vn 0.94634 -0.14843 -0.28707
vn 0.91956 0.09655 -0.38090
vn 0.87025 0.33573 -0.36047
vn 0.90140 0.33573 -0.27344
vn 0.95247 0.09655 -0.28893
vn 0.87025 0.33573 -0.36047
vn 0.76868 0.55475 -0.31840
vn 0.79619 0.55475 -0.24152
vn 0.90140 0.33573 -0.27344
vn 0.00000 -1.00000 -0.00000
vn 0.27734 -0.95708 -0.08413
vn 0.28425 -0.95708 -0.05654
vn 0.27734 -0.95708 -0.08413
vn 0.53087 -0.83201 -0.16104
vn 0.54409 -0.83201 -0.10823
vn 0.28425 -0.95708 -0.05654
vn 0.53087 -0.83201 -0.16104
vn 0.73883 -0.63553 -0.22412
vn 0.75724 -0.63553 -0.15062
vn 0.54409 -0.83201 -0.10823
vn 0.73883 -0.63553 -0.22412
vn 0.88338 -0.38450 -0.26797
vn 0.90539 -0.38450 -0.18009
vn 0.75724 -0.63553 -0.15062
vn 0.88338 -0.38450 -0.26797
vn 0.88338 -0.38450 -0.26797
vn 0.90539 -0.38450 -0.18009
vn 0.90539 -0.38450 -0.18009
vn 0.88338 -0.38450 -0.26797
vn 0.94634 -0.14843 -0.28707
vn 0.96992 -0.14843 -0.19293
vn 0.90539 -0.38450 -0.18009
vn 0.94634 -0.14843 -0.28707
vn 0.95247 0.09655 -0.28893
vn 0.97620 0.09655 -0.19418
vn 0.96992 -0.14843 -0.19293
vn 0.95247 0.09655 -0.28893
vn 0.90140 0.33573 -0.27344
vn 0.92386 0.33573 -0.18377
vn 0.97620 0.09655 -0.19418
vn 0.90140 0.33573 -0.27344
vn 0.79619 0.55475 -0.24152
vn 0.81603 0.55475 -0.16232
vn 0.92386 0.33573 -0.18377
vn 0.00000 -1.00000 -0.00000
vn 0.28425 -0.95708 -0.05654
vn 0.28842 -0.95708 -0.02841
vn 0.28425 -0.95708 -0.05654
vn 0.54409 -0.83201 -0.10823
vn 0.55208 -0.83201 -0.05438
vn 0.28842 -0.95708 -0.02841
vn 0.54409 -0.83201 -0.10823
vn 0.75724 -0.63553 -0.15062
vn 0.76836 -0.63553 -0.07568
vn 0.55208 -0.83201 -0.05438
vn 0.75724 -0.63553 -0.15062
vn 0.90539 -0.38450 -0.18009
vn 0.91868 -0.38450 -0.09048
vn 0.76836 -0.63553 -0.07568
vn 0.90539 -0.38450 -0.18009
vn 0.90539 -0.38450 -0.18009
vn 0.91868 -0.38450 -0.09048
vn 0.91868 -0.38450 -0.09048
vn 0.90539 -0.38450 -0.18009
vn 0.96992 -0.14843 -0.19293
vn 0.98416 -0.14843 -0.09693
vn 0.91868 -0.38450 -0.09048
vn 0.96992 -0.14843 -0.19293
vn 0.97620 0.09655 -0.19418
vn 0.99054 0.09655 -0.09756
vn 0.98416 -0.14843 -0.09693
vn 0.97620 0.09655 -0.19418
vn 0.92386 0.33573 -0.18377
vn 0.93742 0.33573 -0.09233
vn 0.99054 0.09655 -0.09756
vn 0.92386 0.33573 -0.18377
vn 0.81603 0.55475 -0.16232
vn 0.82801 0.55475 -0.08155
vn 0.93742 0.33573 -0.09233
vn 0.00000 -1.00000 -0.00000
vn 0.28842 -0.95708 -0.02841
vn 0.28981 -0.95708 -0.00000
vn 0.28842 -0.95708 -0.02841
vn 0.55208 -0.83201 -0.05438
vn 0.55475 -0.83201 -0.00000
vn 0.28981 -0.95708 -0.00000
vn 0.55208 -0.83201 -0.05438
vn 0.76836 -0.63553 -0.07568
vn 0.77208 -0.63553 -0.00000
vn 0.55475 -0.83201 -0.00000
vn 0.76836 -0.63553 -0.07568
vn 0.91868 -0.38450 -0.09048
vn 0.92313 -0.38450 -0.00000
vn 0.77208 -0.63553 -0.00000
vn 0.91868 -0.38450 -0.09048
vn 0.91868 -0.38450 -0.09048
vn 0.92313 -0.38450 -0.00000
vn 0.92313 -0.38450 -0.00000
vn 0.91868 -0.38450 -0.09048
vn 0.98416 -0.14843 -0.09693
vn 0.98892 -0.14843 -0.00000
vn 0.92313 -0.38450 -0.00000
vn 0.98416 -0.14843 -0.09693
vn 0.99054 0.09655 -0.09756
vn 0.99533 0.09655 0.00000
vn 0.98892 -0.14843 -0.00000
vn 0.99054 0.09655 -0.09756
vn 0.93742 0.33573 -0.09233
vn 0.94196 0.33573 0.00000
vn 0.99533 0.09655 0.00000
vn 0.93742 0.33573 -0.09233
vn 0.82801 0.55475 -0.08155
vn 0.83201 0.55475 0.00000
vn 0.94196 0.33573 0.00000
vn 0.00000 1.00000 0.00000
vn 0.00000 1.00000 0.00000
vn 0.00000 1.00000 0.00000
vn 0.00000 1.00000 0.00000
vn 0.00000 1.00000 0.00000
vn 0.24205 0.96997 0.02384
vn 0.24322 0.96997 0.00000
vn 0.24322 0.96997 0.00000
vn 0.24205 0.96997 0.02384
vn 0.46956 0.88169 0.04625
vn 0.47183 0.88169 0.00000
vn 0.47183 0.88169 0.00000
vn 0.46956 0.88169 0.04625
vn 0.66887 0.74046 0.06588
vn 0.67210 0.74046 0.00000
vn 0.67210 0.74046 0.00000
vn 0.66887 0.74046 0.06588
vn 0.82801 0.55475 0.08155
vn 0.83201 0.55475 0.00000
vn 0.00000 1.00000 0.00000
vn 0.00000 1.00000 0.00000
vn 0.00000 1.00000 0.00000
vn 0.00000 1.00000 0.00000
vn 0.00000 1.00000 0.00000
vn 0.23854 0.96997 0.04745
vn 0.24205 0.96997 0.02384
vn 0.24205 0.96997 0.02384
vn 0.23854 0.96997 0.04745
vn 0.46276 0.88169 0.09205
vn 0.46956 0.88169 0.04625
vn 0.46956 0.88169 0.04625
vn 0.46276 0.88169 0.09205
vn 0.65919 0.74046 0.13112
vn 0.66887 0.74046 0.06588
vn 0.66887 0.74046 0.06588
vn 0.65919 0.74046 0.13112
vn 0.81603 0.55475 0.16232
vn 0.82801 0.55475 0.08155
vn 0.00000 1.00000 0.00000
vn 0.00000 1.00000 0.00000
vn 0.00000 1.00000 0.00000
vn 0.00000 1.00000 0.00000
vn 0.00000 1.00000 0.00000
vn 0.23275 0.96997 0.07060
vn 0.23854 0.96997 0.04745
vn 0.23854 0.96997 0.04745
vn 0.23275 0.96997 0.07060
vn 0.45151 0.88169 0.13696
vn 0.46276 0.88169 0.09205
vn 0.46276 0.88169 0.09205
vn 0.45151 0.88169 0.13696
vn 0.64316 0.74046 0.19510
vn 0.65919 0.74046 0.13112
vn 0.65919 0.74046 0.13112
vn 0.64316 0.74046 0.19510
vn 0.79619 0.55475 0.24152
vn 0.81603 0.55475 0.16232
vn 0.00000 1.00000 0.00000
vn 0.00000 1.00000 0.00000
vn 0.00000 1.00000 0.00000
vn 0.00000 1.00000 0.00000
vn 0.00000 1.00000 0.00000
vn 0.22470 0.96997 0.09308
vn 0.23275 0.96997 0.07060
vn 0.23275 0.96997 0.07060
vn 0.22470 0.96997 0.09308
vn 0.43591 0.88169 0.18056
vn 0.45151 0.88169 0.13696
vn 0.45151 0.88169 0.13696
vn 0.43591 0.88169 0.18056
vn 0.62094 0.74046 0.25720
vn 0.64316 0.74046 0.19510
vn 0.64316 0.74046 0.19510
vn 0.62094 0.74046 0.25720
vn 0.76868 0.55475 0.31840
vn 0.79619 0.55475 0.24152
vn 0.00000 1.00000 0.00000
vn 0.00000 1.00000 0.00000
vn 0.00000 1.00000 0.00000
vn 0.00000 1.00000 0.00000
vn 0.00000 1.00000 0.00000
vn 0.21450 0.96997 0.11465
vn 0.22470 0.96997 0.09308
vn 0.22470 0.96997 0.09308
vn 0.21450 0.96997 0.11465
vn 0.41612 0.88169 0.22242
vn 0.43591 0.88169 0.18056
vn 0.43591 0.88169 0.18056
vn 0.41612 0.88169 0.22242
vn 0.59274 0.74046 0.31683
vn 0.62094 0.74046 0.25720
vn 0.62094 0.74046 0.25720
vn 0.59274 0.74046 0.31683
vn 0.73377 0.55475 0.39221
vn 0.76868 0.55475 0.31840
vn 0.00000 1.00000 0.00000
vn 0.00000 1.00000 0.00000
vn 0.00000 1.00000 0.00000
vn 0.00000 1.00000 0.00000
vn 0.00000 1.00000 0.00000
vn 0.20223 0.96997 0.13512
vn 0.21450 0.96997 0.11465
vn 0.21450 0.96997 0.11465
vn 0.20223 0.96997 0.13512
vn 0.39231 0.88169 0.26213
vn 0.41612 0.88169 0.22242
vn 0.41612 0.88169 0.22242
vn 0.39231 0.88169 0.26213
vn 0.55883 0.74046 0.37340
vn 0.59274 0.74046 0.31683
vn 0.59274 0.74046 0.31683
vn 0.55883 0.74046 0.37340
vn 0.69179 0.55475 0.46224
vn 0.73377 0.55475 0.39221
vn 0.00000 1.00000 0.00000
vn 0.00000 1.00000 0.00000
vn 0.00000 1.00000 0.00000
vn 0.00000 1.00000 0.00000
vn 0.00000 1.00000 0.00000
vn 0.18801 0.96997 0.15430
vn 0.20223 0.96997 0.13512
vn 0.20223 0.96997 0.13512
vn 0.18801 0.96997 0.15430
vn 0.36473 0.88169 0.29933
vn 0.39231 0.88169 0.26213
vn 0.39231 0.88169 0.26213
vn 0.36473 0.88169 0.29933
vn 0.51954 0.74046 0.42638
vn 0.55883 0.74046 0.37340
vn 0.55883 0.74046 0.37340
vn 0.51954 0.74046 0.42638
vn 0.64316 0.55475 0.52782
vn 0.69179 0.55475 0.46224
vn 0.00000 1.00000 0.00000
vn 0.00000 1.00000 0.00000
vn 0.00000 1.00000 0.00000
vn 0.00000 1.00000 0.00000
vn 0.00000 1.00000 0.00000
vn 0.17198 0.96997 0.17198
vn 0.18801 0.96997 0.15430
vn 0.18801 0.96997 0.15430
vn 0.17198 0.96997 0.17198
vn 0.33363 0.88169 0.33363
vn 0.36473 0.88169 0.29933
vn 0.36473 0.88169 0.29933
vn 0.33363 0.88169 0.33363
vn 0.47525 0.74046 0.47525
vn 0.51954 0.74046 0.42638
vn 0.51954 0.74046 0.42638
vn 0.47525 0.74046 0.47525
vn 0.58832 0.55475 0.58832
vn 0.64316 0.55475 0.52782
vn 0.00000 1.00000 0.00000
vn 0.00000 1.00000 0.00000
vn 0.00000 1.00000 0.00000
vn 0.00000 1.00000 0.00000
vn 0.00000 1.00000 0.00000
vn 0.15430 0.96997 0.18801
vn 0.17198 0.96997 0.17198
vn 0.17198 0.96997 0.17198
vn 0.15430 0.96997 0.18801
vn 0.29933 0.88169 0.36473
vn 0.33363 0.88169 0.33363
vn 0.33363 0.88169 0.33363
vn 0.29933 0.88169 0.36473
vn 0.42638 0.74046 0.51954
vn 0.47525 0.74046 0.47525
vn 0.47525 0.74046 0.47525
vn 0.42638 0.74046 0.51954
vn 0.52782 0.55475 0.64316
vn 0.58832 0.55475 0.58832
vn 0.00000 1.00000 0.00000
vn 0.00000 1.00000 0.00000
vn 0.00000 1.00000 0.00000
vn 0.00000 1.00000 0.00000
vn 0.00000 1.00000 0.00000
vn 0.13512 0.96997 0.20223
vn 0.15430 0.96997 0.18801
vn 0.15430 0.96997 0.18801
vn 0.13512 0.96997 0.20223
vn 0.26213 0.88169 0.39231
vn 0.29933 0.88169 0.36473
vn 0.29933 0.88169 0.36473
vn 0.26213 0.88169 0.39231
vn 0.37340 0.74046 0.55883
vn 0.42638 0.74046 0.51954
vn 0.42638 0.74046 0.51954
vn 0.37340 0.74046 0.55883
vn 0.46224 0.55475 0.69179
vn 0.52782 0.55475 0.64316
vn 0.00000 1.00000 0.00000
vn 0.00000 1.00000 0.00000
vn 0.00000 1.00000 0.00000
vn 0.00000 1.00000 0.00000
vn 0.00000 1.00000 0.00000
vn 0.11465 0.96997 0.21450
vn 0.13512 0.96997 0.20223
vn 0.13512 0.96997 0.20223
vn 0.11465 0.96997 0.21450
vn 0.22242 0.88169 0.41612
vn 0.26213 0.88169 0.39231
vn 0.26213 0.88169 0.39231
vn 0.22242 0.88169 0.41612
vn 0.31683 0.74046 0.59274
vn 0.37340 0.74046 0.55883
vn 0.37340 0.74046 0.55883
vn 0.31683 0.74046 0.59274
vn 0.39221 0.55475 0.73377
vn 0.46224 0.55475 0.69179
vn 0.00000 1.00000 0.00000
vn 0.00000 1.00000 0.00000
vn 0.00000 1.00000 0.00000
vn 0.00000 1.00000 0.00000
vn 0.00000 1.00000 0.00000
vn 0.09308 0.96997 0.22470
vn 0.11465 0.96997 0.21450
vn 0.11465 0.96997 0.21450
vn 0.09308 0.96997 0.22470
vn 0.18056 0.88169 0.43591
vn 0.22242 0.88169 0.41612
vn 0.22242 0.88169 0.41612
vn 0.18056 0.88169 0.43591
vn 0.25720 0.74046 0.62094
vn 0.31683 0.74046 0.59274
vn 0.31683 0.74046 0.59274
vn 0.25720 0.74046 0.62094
vn 0.31840 0.55475 0.76868
vn 0.39221 0.55475 0.73377
vn 0.00000 1.00000 0.00000
vn 0.00000 1.00000 0.00000
vn 0.00000 1.00000 0.00000
vn 0.00000 1.00000 0.00000
vn 0.00000 1.00000 0.00000
vn 0.07060 0.96997 0.23275
vn 0.09308 0.96997 0.22470
vn 0.09308 0.96997 0.22470
vn 0.07060 0.96997 0.23275
vn 0.13696 0.88169 0.45151
vn 0.18056 0.88169 0.43591
vn 0.18056 0.88169 0.43591
vn 0.13696 0.88169 0.45151
vn 0.19510 0.74046 0.64316
vn 0.25720 0.74046 0.62094
vn 0.25720 0.74046 0.62094
vn 0.19510 0.74046 0.64316
vn 0.24152 0.55475 0.79619
vn 0.31840 0.55475 0.76868
vn 0.00000 1.00000 0.00000
vn 0.00000 1.00000 0.00000
vn 0.00000 1.00000 0.00000
vn 0.00000 1.00000 0.00000
vn 0.00000 1.00000 0.00000
vn 0.04745 0.96997 0.23854
vn 0.07060 0.96997 0.23275
vn 0.07060 0.96997 0.23275
vn 0.04745 0.96997 0.23854
vn 0.09205 0.88169 0.46276
vn 0.13696 0.88169 0.45151
vn 0.13696 0.88169 0.45151
vn 0.09205 0.88169 0.46276
vn 0.13112 0.74046 0.65919
vn 0.19510 0.74046 0.64316
vn 0.19510 0.74046 0.64316
vn 0.13112 0.74046 0.65919
vn 0.16232 0.55475 0.81603
vn 0.24152 0.55475 0.79619
vn 0.00000 1.00000 0.00000
vn 0.00000 1.00000 0.00000
vn 0.00000 1.00000 0.00000
vn 0.00000 1.00000 0.00000
vn 0.00000 1.00000 0.00000
vn 0.02384 0.96997 0.24205
vn 0.04745 0.96997 0.23854
vn 0.04745 0.96997 0.23854
vn 0.02384 0.96997 0.24205
vn 0.04625 0.88169 0.46956
vn 0.09205 0.88169 0.46276
vn 0.09205 0.88169 0.46276
vn 0.04625 0.88169 0.46956
vn 0.06588 0.74046 0.66887
vn 0.13112 0.74046 0.65919
vn 0.13112 0.74046 0.65919
vn 0.06588 0.74046 0.66887
vn 0.08155 0.55475 0.82801
vn 0.16232 0.55475 0.81603
vn 0.00000 1.00000 0.00000
vn 0.00000 1.00000 0.00000
vn 0.00000 1.00000 0.00000
vn 0.00000 1.00000 0.00000
vn 0.00000 1.00000 0.00000
vn 0.00000 0.96997 0.24322
vn 0.02384 0.96997 0.24205
vn 0.02384 0.96997 0.24205
vn 0.00000 0.96997 0.24322
vn 0.00000 0.88169 0.47183
vn 0.04625 0.88169 0.46956
vn 0.04625 0.88169 0.46956
vn 0.00000 0.88169 0.47183
vn 0.00000 0.74046 0.67210
vn 0.06588 0.74046 0.66887
vn 0.06588 0.74046 0.66887
vn 0.00000 0.74046 0.67210
vn 0.00000 0.55475 0.83201
vn 0.08155 0.55475 0.82801
vn 0.00000 1.00000 0.00000
vn -0.00000 1.00000 0.00000
vn 0.00000 1.00000 0.00000
vn 0.00000 1.00000 0.00000
vn -0.00000 1.00000 0.00000
vn -0.02384 0.96997 0.24205
vn 0.00000 0.96997 0.24322
vn 0.00000 0.96997 0.24322
vn -0.02384 0.96997 0.24205
vn -0.04625 0.88169 0.46956
vn 0.00000 0.88169 0.47183
vn 0.00000 0.88169 0.47183
vn -0.04625 0.88169 0.46956
vn -0.06588 0.74046 0.66887
vn 0.00000 0.74046 0.67210
vn 0.00000 0.74046 0.67210
vn -0.06588 0.74046 0.66887
vn -0.08155 0.55475 0.82801
vn 0.00000 0.55475 0.83201
vn 0.00000 1.00000 0.00000
vn -0.00000 1.00000 0.00000
vn -0.00000 1.00000 0.00000
vn -0.00000 1.00000 0.00000
vn -0.00000 1.00000 0.00000
vn -0.04745 0.96997 0.23854
vn -0.02384 0.96997 0.24205
vn -0.02384 0.96997 0.24205
vn -0.04745 0.96997 0.23854
vn -0.09205 0.88169 0.46276
vn -0.04625 0.88169 0.46956
vn -0.04625 0.88169 0.46956
vn -0.09205 0.88169 0.46276
vn -0.13112 0.74046 0.65919
vn -0.06588 0.74046 0.66887
vn -0.06588 0.74046 0.66887
vn -0.13112 0.74046 0.65919
vn -0.16232 0.55475 0.81603
vn -0.08155 0.55475 0.82801
vn 0.00000 1.00000 0.00000
vn -0.00000 1.00000 0.00000
vn -0.00000 1.00000 0.00000
vn -0.00000 1.00000 0.00000
vn -0.00000 1.00000 0.00000
vn -0.07060 0.96997 0.23275
vn -0.04745 0.96997 0.23854
vn -0.04745 0.96997 0.23854
vn -0.07060 0.96997 0.23275
vn -0.13696 0.88169 0.45151
vn -0.09205 0.88169 0.46276
vn -0.09205 0.88169 0.46276
vn -0.13696 0.88169 0.45151
vn -0.19510 0.74046 0.64316
vn -0.13112 0.74046 0.65919
vn -0.13112 0.74046 0.65919
vn -0.19510 0.74046 0.64316
vn -0.24152 0.55475 0.79619
vn -0.16232 0.55475 0.81603
vn 0.00000 1.00000 0.00000
vn -0.00000 1.00000 0.00000
vn -0.00000 1.00000 0.00000
vn -0.00000 1.00000 0.00000
vn -0.00000 1.00000 0.00000
vn -0.09308 0.96997 0.22470
vn -0.07060 0.96997 0.23275
vn -0.07060 0.96997 0.23275
vn -0.09308 0.96997 0.22470
vn -0.18056 0.88169 0.43591
vn -0.13696 0.88169 0.45151
vn -0.13696 0.88169 0.45151
vn -0.18056 0.88169 0.43591
vn -0.25720 0.74046 0.62094
vn -0.19510 0.74046 0.64316
vn -0.19510 0.74046 0.64316
vn -0.25720 0.74046 0.62094
vn -0.31840 0.55475 0.76868
vn -0.24152 0.55475 0.79619
vn 0.00000 1.00000 0.00000
vn -0.00000 1.00000 0.00000
vn -0.00000 1.00000 0.00000
vn -0.00000 1.00000 0.00000
vn -0.00000 1.00000 0.00000
vn -0.11465 0.96997 0.21450
vn -0.09308 0.96997 0.22470
vn -0.09308 0.96997 0.22470
vn -0.11465 0.96997 0.21450
vn -0.22242 0.88169 0.41612
vn -0.18056 0.88169 0.43591
vn -0.18056 0.88169 0.43591
vn -0.22242 0.88169 0.41612
vn -0.31683 0.74046 0.59274
vn -0.25720 0.74046 0.62094
vn -0.25720 0.74046 0.62094
vn -0.31683 0.74046 0.59274
vn -0.39221 0.55475 0.73377
vn -0.31840 0.55475 0.76868
vn 0.00000 1.00000 0.00000
vn -0.00000 1.00000 0.00000
vn -0.00000 1.00000 0.00000
vn -0.00000 1.00000 0.00000
vn -0.00000 1.00000 0.00000
vn -0.13512 0.96997 0.20223
vn -0.11465 0.96997 0.21450
vn -0.11465 0.96997 0.21450
vn -0.13512 0.96997 0.20223
vn -0.26213 0.88169 0.39231
vn -0.22242 0.88169 0.41612
vn -0.22242 0.88169 0.41612
vn -0.26213 0.88169 0.39231
vn -0.37340 0.74046 0.55883
vn -0.31683 0.74046 0.59274
vn -0.31683 0.74046 0.59274
vn -0.37340 0.74046 0.55883
vn -0.46224 0.55475 0.69179
vn -0.39221 0.55475 0.73377
vn 0.00000 1.00000 0.00000
vn -0.00000 1.00000 0.00000
vn -0.00000 1.00000 0.00000
vn -0.00000 1.00000 0.00000
vn -0.00000 1.00000 0.00000
vn -0.15430 0.96997 0.18801
vn -0.13512 0.96997 0.20223
vn -0.13512 0.96997 0.20223
vn -0.15430 0.96997 0.18801
vn -0.29933 0.88169 0.36473
vn -0.26213 0.88169 0.39231
vn -0.26213 0.88169 0.39231
vn -0.29933 0.88169 0.36473
vn -0.42638 0.74046 0.51954
vn -0.37340 0.74046 0.55883
vn -0.37340 0.74046 0.55883
vn -0.42638 0.74046 0.51954
vn -0.52782 0.55475 0.64316
vn -0.46224 0.55475 0.69179
vn 0.00000 1.00000 0.00000
vn -0.00000 1.00000 0.00000
vn -0.00000 1.00000 0.00000
vn -0.00000 1.00000 0.00000
vn -0.00000 1.00000 0.00000
vn -0.17198 0.96997 0.17198
vn -0.15430 0.96997 0.18801
vn -0.15430 0.96997 0.18801
vn -0.17198 0.96997 0.17198
vn -0.33363 0.88169 0.33363
vn -0.29933 0.88169 0.36473
vn -0.29933 0.88169 0.36473
vn -0.33363 0.88169 0.33363
vn -0.47525 0.74046 0.47525
vn -0.42638 0.74046 0.51954
vn -0.42638 0.74046 0.51954
vn -0.47525 0.74046 0.47525
vn -0.58832 0.55475 0.58832
vn -0.52782 0.55475 0.64316
vn 0.00000 1.00000 0.00000
vn -0.00000 1.00000 0.00000
vn -0.00000 1.00000 0.00000
vn -0.00000 1.00000 0.00000
vn -0.00000 1.00000 0.00000
vn -0.18801 0.96997 0.15430
vn -0.17198 0.96997 0.17198
vn -0.17198 0.96997 0.17198
vn -0.18801 0.96997 0.15430
vn -0.36473 0.88169 0.29933
vn -0.33363 0.88169 0.33363
vn -0.33363 0.88169 0.33363
vn -0.36473 0.88169 0.29933
vn -0.51954 0.74046 0.42638
vn -0.47525 0.74046 0.47525
vn -0.47525 0.74046 0.47525
vn -0.51954 0.74046 0.42638
vn -0.64316 0.55475 0.52782
vn -0.58832 0.55475 0.58832
vn 0.00000 1.00000 0.00000
vn -0.00000 1.00000 0.00000
vn -0.00000 1.00000 0.00000
vn -0.00000 1.00000 0.00000
vn -0.00000 1.00000 0.00000
vn -0.20223 0.96997 0.13512
vn -0.18801 0.96997 0.15430
vn -0.18801 0.96997 0.15430
vn -0.20223 0.96997 0.13512
vn -0.39231 0.88169 0.26213
vn -0.36473 0.88169 0.29933
vn -0.36473 0.88169 0.29933
vn -0.39231 0.88169 0.26213
vn -0.55883 0.74046 0.37340
vn -0.51954 0.74046 0.42638
vn -0.51954 0.74046 0.42638
vn -0.55883 0.74046 0.37340
vn -0.69179 0.55475 0.46224
vn -0.64316 0.55475 0.52782
vn 0.00000 1.00000 0.00000
vn -0.00000 1.00000 0.00000
vn -0.00000 1.00000 0.00000
vn -0.00000 1.00000 0.00000
vn -0.00000 1.00000 0.00000
vn -0.21450 0.96997 0.11465
vn -0.20223 0.96997 0.13512
vn -0.20223 0.96997 0.13512
vn -0.21450 0.96997 0.11465
vn -0.41612 0.88169 0.22242
vn -0.39231 0.88169 0.26213
vn -0.39231 0.88169 0.26213
vn -0.41612 0.88169 0.22242
vn -0.59274 0.74046 0.31683
vn -0.55883 0.74046 0.37340
vn -0.55883 0.74046 0.37340
vn -0.59274 0.74046 0.31683
vn -0.73377 0.55475 0.39221
vn -0.69179 0.55475 0.46224
vn 0.00000 1.00000 0.00000
vn -0.00000 1.00000 0.00000
vn -0.00000 1.00000 0.00000
vn -0.00000 1.00000 0.00000
vn -0.00000 1.00000 0.00000
vn -0.22470 0.96997 0.09308
vn -0.21450 0.96997 0.11465
vn -0.21450 0.96997 0.11465
vn -0.22470 0.96997 0.09308
vn -0.43591 0.88169 0.18056
vn -0.41612 0.88169 0.22242
vn -0.41612 0.88169 0.22242
vn -0.43591 0.88169 0.18056
vn -0.62094 0.74046 0.25720
vn -0.59274 0.74046 0.31683
vn -0.59274 0.74046 0.31683
vn -0.62094 0.74046 0.25720
vn -0.76868 0.55475 0.31840
vn -0.73377 0.55475 0.39221
vn 0.00000 1.00000 0.00000
vn -0.00000 1.00000 0.00000
vn -0.00000 1.00000 0.00000
vn -0.00000 1.00000 0.00000
vn -0.00000 1.00000 0.00000
vn -0.23275 0.96997 0.07060
vn -0.22470 0.96997 0.09308
vn -0.22470 0.96997 0.09308
vn -0.23275 0.96997 0.07060
vn -0.45151 0.88169 0.13696
vn -0.43591 0.88169 0.18056
vn -0.43591 0.88169 0.18056
vn -0.45151 0.88169 0.13696
vn -0.64316 0.74046 0.19510
vn -0.62094 0.74046 0.25720
vn -0.62094 0.74046 0.25720
vn -0.64316 0.74046 0.19510
vn -0.79619 0.55475 0.24152
vn -0.76868 0.55475 0.31840
vn 0.00000 1.00000 0.00000
vn -0.00000 1.00000 0.00000
vn -0.00000 1.00000 0.00000
vn -0.00000 1.00000 0.00000
vn -0.00000 1.00000 0.00000
vn -0.23854 0.96997 0.04745
vn -0.23275 0.96997 0.07060
vn -0.23275 0.96997 0.07060
vn -0.23854 0.96997 0.04745
vn -0.46276 0.88169 0.09205
vn -0.45151 0.88169 0.13696
vn -0.45151 0.88169 0.13696
vn -0.46276 0.88169 0.09205
vn -0.65919 0.74046 0.13112
vn -0.64316 0.74046 0.19510
vn -0.64316 0.74046 0.19510
vn -0.65919 0.74046 0.13112
vn -0.81603 0.55475 0.16232
vn -0.79619 0.55475 0.24152
vn 0.00000 1.00000 0.00000
vn -0.00000 1.00000 0.00000
vn -0.00000 1.00000 0.00000
vn -0.00000 1.00000 0.00000
vn -0.00000 1.00000 0.00000
vn -0.24205 0.96997 0.02384
vn -0.23854 0.96997 0.04745
vn -0.23854 0.96997 0.04745
vn -0.24205 0.96997 0.02384
vn -0.46956 0.88169 0.04625
vn -0.46276 0.88169 0.09205
vn -0.46276 0.88169 0.09205
vn -0.46956 0.88169 0.04625
vn -0.66887 0.74046 0.06588
vn -0.65919 0.74046 0.13112
vn -0.65919 0.74046 0.13112
vn -0.66887 0.74046 0.06588
vn -0.82801 0.55475 0.08155
vn -0.81603 0.55475 0.16232
vn 0.00000 1.00000 0.00000
vn -0.00000 1.00000 0.00000
vn -0.00000 1.00000 0.00000
vn -0.00000 1.00000 0.00000
vn -0.00000 1.00000 0.00000
vn -0.24322 0.96997 0.00000
vn -0.24205 0.96997 0.02384
vn -0.24205 0.96997 0.02384
vn -0.24322 0.96997 0.00000
vn -0.47183 0.88169 0.00000
vn -0.46956 0.88169 0.04625
vn -0.46956 0.88169 0.04625
vn -0.47183 0.88169 0.00000
vn -0.67210 0.74046 0.00000
vn -0.66887 0.74046 0.06588
vn -0.66887 0.74046 0.06588
vn -0.67210 0.74046 0.00000
vn -0.83201 0.55475 0.00000
vn -0.82801 0.55475 0.08155
vn 0.00000 1.00000 0.00000
vn -0.00000 1.00000 0.00000
vn -0.00000 1.00000 0.00000
vn -0.00000 1.00000 0.00000
vn -0.00000 1.00000 0.00000
vn -0.24205 0.96997 -0.02384
vn -0.24322 0.96997 0.00000
vn -0.24322 0.96997 0.00000
vn -0.24205 0.96997 -0.02384
vn -0.46956 0.88169 -0.04625
vn -0.47183 0.88169 0.00000
vn -0.47183 0.88169 0.00000
vn -0.46956 0.88169 -0.04625
vn -0.66887 0.74046 -0.06588
vn -0.67210 0.74046 0.00000
vn -0.67210 0.74046 0.00000
vn -0.66887 0.74046 -0.06588
vn -0.82801 0.55475 -0.08155
vn -0.83201 0.55475 0.00000
vn 0.00000 1.00000 0.00000
vn -0.00000 1.00000 0.00000
vn -0.00000 1.00000 0.00000
vn -0.00000 1.00000 0.00000
vn -0.00000 1.00000 0.00000
vn -0.23854 0.96997 -0.04745
vn -0.24205 0.96997 -0.02384
vn -0.24205 0.96997 -0.02384
vn -0.23854 0.96997 -0.04745
vn -0.46276 0.88169 -0.09205
vn -0.46956 0.88169 -0.04625
vn -0.46956 0.88169 -0.04625
vn -0.46276 0.88169 -0.09205
vn -0.65919 0.74046 -0.13112
vn -0.66887 0.74046 -0.06588
vn -0.66887 0.74046 -0.06588
vn -0.65919 0.74046 -0.13112
vn -0.81603 0.55475 -0.16232
vn -0.82801 0.55475 -0.08155
vn 0.00000 1.00000 0.00000
vn -0.00000 1.00000 0.00000
vn -0.00000 1.00000 0.00000
vn -0.00000 1.00000 0.00000
vn -0.00000 1.00000 0.00000
vn -0.23275 0.96997 -0.07060
vn -0.23854 0.96997 -0.04745
vn -0.23854 0.96997 -0.04745
vn -0.23275 0.96997 -0.07060
vn -0.45151 0.88169 -0.13696
vn -0.46276 0.88169 -0.09205
vn -0.46276 0.88169 -0.09205
vn -0.45151 0.88169 -0.13696
vn -0.64316 0.74046 -0.19510
vn -0.65919 0.74046 -0.13112
vn -0.65919 0.74046 -0.13112
vn -0.64316 0.74046 -0.19510
vn -0.79619 0.55475 -0.24152
vn -0.81603 0.55475 -0.16232
vn 0.00000 1.00000 0.00000
vn -0.00000 1.00000 0.00000
vn -0.00000 1.00000 0.00000
vn -0.00000 1.00000 0.00000
vn -0.00000 1.00000 0.00000
vn -0.22470 0.96997 -0.09308
vn -0.23275 0.96997 -0.07060
vn -0.23275 0.96997 -0.07060
vn -0.22470 0.96997 -0.09308
vn -0.43591 0.88169 -0.18056
vn -0.45151 0.88169 -0.13696
vn -0.45151 0.88169 -0.13696
vn -0.43591 0.88169 -0.18056
vn -0.62094 0.74046 -0.25720
vn -0.64316 0.74046 -0.19510
vn -0.64316 0.74046 -0.19510
vn -0.62094 0.74046 -0.25720
vn -0.76868 0.55475 -0.31840
vn -0.79619 0.55475 -0.24152
vn 0.00000 1.00000 0.00000
vn -0.00000 1.00000 0.00000
vn -0.00000 1.00000 0.00000
vn -0.00000 1.00000 0.00000
vn -0.00000 1.00000 0.00000
vn -0.21450 0.96997 -0.11465
vn -0.22470 0.96997 -0.09308
vn -0.22470 0.96997 -0.09308
vn -0.21450 0.96997 -0.11465
vn -0.41612 0.88169 -0.22242
vn -0.43591 0.88169 -0.18056
vn -0.43591 0.88169 -0.18056
vn -0.41612 0.88169 -0.22242
vn -0.59274 0.74046 -0.31683
vn -0.62094 0.74046 -0.25720
vn -0.62094 0.74046 -0.25720
vn -0.59274 0.74046 -0.31683
vn -0.73377 0.55475 -0.39221
vn -0.76868 0.55475 -0.31840
vn 0.00000 1.00000 0.00000
vn -0.00000 1.00000 0.00000
vn -0.00000 1.00000 0.00000
vn -0.00000 1.00000 0.00000
vn -0.00000 1.00000 0.00000
vn -0.20223 0.96997 -0.13512
vn -0.21450 0.96997 -0.11465
vn -0.21450 0.96997 -0.11465
vn -0.20223 0.96997 -0.13512
vn -0.39231 0.88169 -0.26213
vn -0.41612 0.88169 -0.22242
vn -0.41612 0.88169 -0.22242
vn -0.39231 0.88169 -0.26213
vn -0.55883 0.74046 -0.37340
vn -0.59274 0.74046 -0.31683
vn -0.59274 0.74046 -0.31683
vn -0.55883 0.74046 -0.37340
vn -0.69179 0.55475 -0.46224
vn -0.73377 0.55475 -0.39221
vn 0.00000 1.00000 0.00000
vn -0.00000 1.00000 0.00000
vn -0.00000 1.00000 0.00000
vn -0.00000 1.00000 0.00000
vn -0.00000 1.00000 0.00000
vn -0.18801 0.96997 -0.15430
vn -0.20223 0.96997 -0.13512
vn -0.20223 0.96997 -0.13512
vn -0.18801 0.96997 -0.15430
vn -0.36473 0.88169 -0.29933
vn -0.39231 0.88169 -0.26213
vn -0.39231 0.88169 -0.26213
vn -0.36473 0.88169 -0.29933
vn -0.51954 0.74046 -0.42638
vn -0.55883 0.74046 -0.37340
vn -0.55883 0.74046 -0.37340
vn -0.51954 0.74046 -0.42638
vn -0.64316 0.55475 -0.52782
vn -0.69179 0.55475 -0.46224
vn 0.00000 1.00000 0.00000
vn -0.00000 1.00000 0.00000
vn -0.00000 1.00000 0.00000
vn -0.00000 1.00000 0.00000
vn -0.00000 1.00000 0.00000
vn -0.17198 0.96997 -0.17198
vn -0.18801 0.96997 -0.15430
vn -0.18801 0.96997 -0.15430
vn -0.17198 0.96997 -0.17198
vn -0.33363 0.88169 -0.33363
vn -0.36473 0.88169 -0.29933
vn -0.36473 0.88169 -0.29933
vn -0.33363 0.88169 -0.33363
vn -0.47525 0.74046 -0.47525
vn -0.51954 0.74046 -0.42638
vn -0.51954 0.74046 -0.42638
vn -0.47525 0.74046 -0.47525
vn -0.58832 0.55475 -0.58832
vn -0.64316 0.55475 -0.52782
vn 0.00000 1.00000 0.00000
vn -0.00000 1.00000 0.00000
vn -0.00000 1.00000 0.00000
vn -0.00000 1.00000 0.00000
vn -0.00000 1.00000 0.00000
vn -0.15430 0.96997 -0.18801
vn -0.17198 0.96997 -0.17198
vn -0.17198 0.96997 -0.17198
vn -0.15430 0.96997 -0.18801
vn -0.29933 0.88169 -0.36473
vn -0.33363 0.88169 -0.33363
vn -0.33363 0.88169 -0.33363
vn -0.29933 0.88169 -0.36473
vn -0.42638 0.74046 -0.51954
vn -0.47525 0.74046 -0.47525
vn -0.47525 0.74046 -0.47525
vn -0.42638 0.74046 -0.51954
vn -0.52782 0.55475 -0.64316
vn -0.58832 0.55475 -0.58832
vn 0.00000 1.00000 0.00000
vn -0.00000 1.00000 0.00000
vn -0.00000 1.00000 0.00000
vn -0.00000 1.00000 0.00000
vn -0.00000 1.00000 0.00000
vn -0.13512 0.96997 -0.20223
vn -0.15430 0.96997 -0.18801
vn -0.15430 0.96997 -0.18801
vn -0.13512 0.96997 -0.20223
vn -0.26213 0.88169 -0.39231
vn -0.29933 0.88169 -0.36473
vn -0.29933 0.88169 -0.36473
vn -0.26213 0.88169 -0.39231
vn -0.37340 0.74046 -0.55883
vn -0.42638 0.74046 -0.51954
vn -0.42638 0.74046 -0.51954
vn -0.37340 0.74046 -0.55883
vn -0.46224 0.55475 -0.69179
vn -0.52782 0.55475 -0.64316
vn 0.00000 1.00000 0.00000
vn -0.00000 1.00000 0.00000
vn -0.00000 1.00000 0.00000
vn -0.00000 1.00000 0.00000
vn -0.00000 1.00000 0.00000
vn -0.11465 0.96997 -0.21450
vn -0.13512 0.96997 -0.20223
vn -0.13512 0.96997 -0.20223
vn -0.11465 0.96997 -0.21450
vn -0.22242 0.88169 -0.41612
vn -0.26213 0.88169 -0.39231
vn -0.26213 0.88169 -0.39231
vn -0.22242 0.88169 -0.41612
vn -0.31683 0.74046 -0.59274
vn -0.37340 0.74046 -0.55883
vn -0.37340 0.74046 -0.55883
vn -0.31683 0.74046 -0.59274
vn -0.39221 0.55475 -0.73377
vn -0.46224 0.55475 -0.69179
vn 0.00000 1.00000 0.00000
vn -0.00000 1.00000 0.00000
vn -0.00000 1.00000 0.00000
vn -0.00000 1.00000 0.00000
vn -0.00000 1.00000 0.00000
vn -0.09308 0.96997 -0.22470
vn -0.11465 0.96997 -0.21450
vn -0.11465 0.96997 -0.21450
vn -0.09308 0.96997 -0.22470
vn -0.18056 0.88169 -0.43591
vn -0.22242 0.88169 -0.41612
vn -0.22242 0.88169 -0.41612
vn -0.18056 0.88169 -0.43591
vn -0.25720 0.74046 -0.62094
vn -0.31683 0.74046 -0.59274
vn -0.31683 0.74046 -0.59274
vn -0.25720 0.74046 -0.62094
vn -0.31840 0.55475 -0.76868
vn -0.39221 0.55475 -0.73377
vn 0.00000 1.00000 0.00000
vn -0.00000 1.00000 0.00000
vn -0.00000 1.00000 0.00000
vn -0.00000 1.00000 0.00000
vn -0.00000 1.00000 0.00000
vn -0.07060 0.96997 -0.23275
vn -0.09308 0.96997 -0.22470
vn -0.09308 0.96997 -0.22470
vn -0.07060 0.96997 -0.23275
vn -0.13696 0.88169 -0.45151
vn -0.18056 0.88169 -0.43591
vn -0.18056 0.88169 -0.43591
vn -0.13696 0.88169 -0.45151
vn -0.19510 0.74046 -0.64316
vn -0.25720 0.74046 -0.62094
vn -0.25720 0.74046 -0.62094
vn -0.19510 0.74046 -0.64316
vn -0.24152 0.55475 -0.79619
vn -0.31840 0.55475 -0.76868
vn 0.00000 1.00000 0.00000
vn -0.00000 1.00000 0.00000
vn -0.00000 1.00000 0.00000
vn -0.00000 1.00000 0.00000
vn -0.00000 1.00000 0.00000
vn -0.04745 0.96997 -0.23854
vn -0.07060 0.96997 -0.23275
vn -0.07060 0.96997 -0.23275
vn -0.04745 0.96997 -0.23854
vn -0.09205 0.88169 -0.46276
vn -0.13696 0.88169 -0.45151
vn -0.13696 0.88169 -0.45151
vn -0.09205 0.88169 -0.46276
vn -0.13112 0.74046 -0.65919
vn -0.19510 0.74046 -0.64316
vn -0.19510 0.74046 -0.64316
vn -0.13112 0.74046 -0.65919
vn -0.16232 0.55475 -0.81603
vn -0.24152 0.55475 -0.79619
vn 0.00000 1.00000 0.00000
vn -0.00000 1.00000 0.00000
vn -0.00000 1.00000 0.00000
vn -0.00000 1.00000 0.00000
vn -0.00000 1.00000 0.00000
vn -0.02384 0.96997 -0.24205
vn -0.04745 0.96997 -0.23854
vn -0.04745 0.96997 -0.23854
vn -0.02384 0.96997 -0.24205
vn -0.04625 0.88169 -0.46956
vn -0.09205 0.88169 -0.46276
vn -0.09205 0.88169 -0.46276
vn -0.04625 0.88169 -0.46956
vn -0.06588 0.74046 -0.66887
vn -0.13112 0.74046 -0.65919
vn -0.13112 0.74046 -0.65919
vn -0.06588 0.74046 -0.66887
vn -0.08155 0.55475 -0.82801
vn -0.16232 0.55475 -0.81603
vn 0.00000 1.00000 0.00000
vn -0.00000 1.00000 0.00000
vn -0.00000 1.00000 0.00000
vn -0.00000 1.00000 0.00000
vn -0.00000 1.00000 0.00000
vn -0.00000 0.96997 -0.24322
vn -0.02384 0.96997 -0.24205
vn -0.02384 0.96997 -0.24205
vn -0.00000 0.96997 -0.24322
vn -0.00000 0.88169 -0.47183
vn -0.04625 0.88169 -0.46956
vn -0.04625 0.88169 -0.46956
vn -0.00000 0.88169 -0.47183
vn -0.00000 0.74046 -0.67210
vn -0.06588 0.74046 -0.66887
vn -0.06588 0.74046 -0.66887
vn -0.00000 0.74046 -0.67210
vn -0.00000 0.55475 -0.83201
vn -0.08155 0.55475 -0.82801
vn 0.00000 1.00000 0.00000
vn 0.00000 1.00000 0.00000
vn -0.00000 1.00000 0.00000
vn -0.00000 1.00000 0.00000
vn 0.00000 1.00000 0.00000
vn 0.02384 0.96997 -0.24205
vn -0.00000 0.96997 -0.24322
vn -0.00000 0.96997 -0.24322
vn 0.02384 0.96997 -0.24205
vn 0.04625 0.88169 -0.46956
vn -0.00000 0.88169 -0.47183
vn -0.00000 0.88169 -0.47183
vn 0.04625 0.88169 -0.46956
vn 0.06588 0.74046 -0.66887
vn -0.00000 0.74046 -0.67210
vn -0.00000 0.74046 -0.67210
vn 0.06588 0.74046 -0.66887
vn 0.08155 0.55475 -0.82801
vn -0.00000 0.55475 -0.83201
vn 0.00000 1.00000 0.00000
vn 0.00000 1.00000 0.00000
vn 0.00000 1.00000 0.00000
vn 0.00000 1.00000 0.00000
vn 0.00000 1.00000 0.00000
vn 0.04745 0.96997 -0.23854
vn 0.02384 0.96997 -0.24205
vn 0.02384 0.96997 -0.24205
vn 0.04745 0.96997 -0.23854
vn 0.09205 0.88169 -0.46276
vn 0.04625 0.88169 -0.46956
vn 0.04625 0.88169 -0.46956
vn 0.09205 0.88169 -0.46276
vn 0.13112 0.74046 -0.65919
vn 0.06588 0.74046 -0.66887
vn 0.06588 0.74046 -0.66887
vn 0.13112 0.74046 -0.65919
vn 0.16232 0.55475 -0.81603
vn 0.08155 0.55475 -0.82801
vn 0.00000 1.00000 0.00000
vn 0.00000 1.00000 0.00000
vn 0.00000 1.00000 0.00000
vn 0.00000 1.00000 0.00000
vn 0.00000 1.00000 0.00000
vn 0.07060 0.96997 -0.23275
vn 0.04745 0.96997 -0.23854
vn 0.04745 0.96997 -0.23854
vn 0.07060 0.96997 -0.23275
vn 0.13696 0.88169 -0.45151
vn 0.09205 0.88169 -0.46276
vn 0.09205 0.88169 -0.46276
vn 0.13696 0.88169 -0.45151
vn 0.19510 0.74046 -0.64316
vn 0.13112 0.74046 -0.65919
vn 0.13112 0.74046 -0.65919
vn 0.19510 0.74046 -0.64316
vn 0.24152 0.55475 -0.79619
vn 0.16232 0.55475 -0.81603
vn 0.00000 1.00000 0.00000
vn 0.00000 1.00000 0.00000
vn 0.00000 1.00000 0.00000
vn 0.00000 1.00000 0.00000
vn 0.00000 1.00000 0.00000
vn 0.09308 0.96997 -0.22470
vn 0.07060 0.96997 -0.23275
vn 0.07060 0.96997 -0.23275
vn 0.09308 0.96997 -0.22470
vn 0.18056 0.88169 -0.43591
vn 0.13696 0.88169 -0.45151
vn 0.13696 0.88169 -0.45151
vn 0.18056 0.88169 -0.43591
vn 0.25720 0.74046 -0.62094
vn 0.19510 0.74046 -0.64316
vn 0.19510 0.74046 -0.64316
vn 0.25720 0.74046 -0.62094
vn 0.31840 0.55475 -0.76868
vn 0.24152 0.55475 -0.79619
vn 0.00000 1.00000 0.00000
vn 0.00000 1.00000 0.00000
vn 0.00000 1.00000 0.00000
vn 0.00000 1.00000 0.00000
vn 0.00000 1.00000 0.00000
vn 0.11465 0.96997 -0.21450
vn 0.09308 0.96997 -0.22470
vn 0.09308 0.96997 -0.22470
vn 0.11465 0.96997 -0.21450
vn 0.22242 0.88169 -0.41612
vn 0.18056 0.88169 -0.43591
vn 0.18056 0.88169 -0.43591
vn 0.22242 0.88169 -0.41612
vn 0.31683 0.74046 -0.59274
vn 0.25720 0.74046 -0.62094
vn 0.25720 0.74046 -0.62094
vn 0.31683 0.74046 -0.59274
vn 0.39221 0.55475 -0.73377
vn 0.31840 0.55475 -0.76868
vn 0.00000 1.00000 0.00000
vn 0.00000 1.00000 0.00000
vn 0.00000 1.00000 0.00000
vn 0.00000 1.00000 0.00000
vn 0.00000 1.00000 0.00000
vn 0.13512 0.96997 -0.20223
vn 0.11465 0.96997 -0.21450
vn 0.11465 0.96997 -0.21450
vn 0.13512 0.96997 -0.20223
vn 0.26213 0.88169 -0.39231
vn 0.22242 0.88169 -0.41612
vn 0.22242 0.88169 -0.41612
vn 0.26213 0.88169 -0.39231
vn 0.37340 0.74046 -0.55883
vn 0.31683 0.74046 -0.59274
vn 0.31683 0.74046 -0.59274
vn 0.37340 0.74046 -0.55883
vn 0.46224 0.55475 -0.69179
vn 0.39221 0.55475 -0.73377
vn 0.00000 1.00000 0.00000
vn 0.00000 1.00000 0.00000
vn 0.00000 1.00000 0.00000
vn 0.00000 1.00000 0.00000
vn 0.00000 1.00000 0.00000
vn 0.15430 0.96997 -0.18801
vn 0.13512 0.96997 -0.20223
vn 0.13512 0.96997 -0.20223
vn 0.15430 0.96997 -0.18801
vn 0.29933 0.88169 -0.36473
vn 0.26213 0.88169 -0.39231
vn 0.26213 0.88169 -0.39231
vn 0.29933 0.88169 -0.36473
vn 0.42638 0.74046 -0.51954
vn 0.37340 0.74046 -0.55883
vn 0.37340 0.74046 -0.55883
vn 0.42638 0.74046 -0.51954
vn 0.52782 0.55475 -0.64316
vn 0.46224 0.55475 -0.69179
vn 0.00000 1.00000 0.00000
vn 0.00000 1.00000 0.00000
vn 0.00000 1.00000 0.00000
vn 0.00000 1.00000 0.00000
vn 0.00000 1.00000 0.00000
vn 0.17198 0.96997 -0.17198
vn 0.15430 0.96997 -0.18801
vn 0.15430 0.96997 -0.18801
vn 0.17198 0.96997 -0.17198
vn 0.33363 0.88169 -0.33363
vn 0.29933 0.88169 -0.36473
vn 0.29933 0.88169 -0.36473
vn 0.33363 0.88169 -0.33363
vn 0.47525 0.74046 -0.47525
vn 0.42638 0.74046 -0.51954
vn 0.42638 0.74046 -0.51954
vn 0.47525 0.74046 -0.47525
vn 0.58832 0.55475 -0.58832
vn 0.52782 0.55475 -0.64316
vn 0.00000 1.00000 0.00000
vn 0.00000 1.00000 0.00000
vn 0.00000 1.00000 0.00000
vn 0.00000 1.00000 0.00000
vn 0.00000 1.00000 0.00000
vn 0.18801 0.96997 -0.15430
vn 0.17198 0.96997 -0.17198
vn 0.17198 0.96997 -0.17198
vn 0.18801 0.96997 -0.15430
vn 0.36473 0.88169 -0.29933
vn 0.33363 0.88169 -0.33363
vn 0.33363 0.88169 -0.33363
vn 0.36473 0.88169 -0.29933
vn 0.51954 0.74046 -0.42638
vn 0.47525 0.74046 -0.47525
vn 0.47525 0.74046 -0.47525
vn 0.51954 0.74046 -0.42638
vn 0.64316 0.55475 -0.52782
vn 0.58832 0.55475 -0.58832
vn 0.00000 1.00000 0.00000
vn 0.00000 1.00000 0.00000
vn 0.00000 1.00000 0.00000
vn 0.00000 1.00000 0.00000
vn 0.00000 1.00000 0.00000
vn 0.20223 0.96997 -0.13512
vn 0.18801 0.96997 -0.15430
vn 0.18801 0.96997 -0.15430
vn 0.20223 0.96997 -0.13512
vn 0.39231 0.88169 -0.26213
vn 0.36473 0.88169 -0.29933
vn 0.36473 0.88169 -0.29933
vn 0.39231 0.88169 -0.26213
vn 0.55883 0.74046 -0.37340
vn 0.51954 0.74046 -0.42638
vn 0.51954 0.74046 -0.42638
vn 0.55883 0.74046 -0.37340
vn 0.69179 0.55475 -0.46224
vn 0.64316 0.55475 -0.52782
vn 0.00000 1.00000 0.00000
vn 0.00000 1.00000 0.00000
vn 0.00000 1.00000 0.00000
vn 0.00000 1.00000 0.00000
vn 0.00000 1.00000 0.00000
vn 0.21450 0.96997 -0.11465
vn 0.20223 0.96997 -0.13512
vn 0.20223 0.96997 -0.13512
vn 0.21450 0.96997 -0.11465
vn 0.41612 0.88169 -0.22242
vn 0.39231 0.88169 -0.26213
vn 0.39231 0.88169 -0.26213
vn 0.41612 0.88169 -0.22242
vn 0.59274 0.74046 -0.31683
vn 0.55883 0.74046 -0.37340
vn 0.55883 0.74046 -0.37340
vn 0.59274 0.74046 -0.31683
vn 0.73377 0.55475 -0.39221
vn 0.69179 0.55475 -0.46224
vn 0.00000 1.00000 0.00000
vn 0.00000 1.00000 0.00000
vn 0.00000 1.00000 0.00000
vn 0.00000 1.00000 0.00000
vn 0.00000 1.00000 0.00000
vn 0.22470 0.96997 -0.09308
vn 0.21450 0.96997 -0.11465
vn 0.21450 0.96997 -0.11465
vn 0.22470 0.96997 -0.09308
vn 0.43591 0.88169 -0.18056
vn 0.41612 0.88169 -0.22242
vn 0.41612 0.88169 -0.22242
vn 0.43591 0.88169 -0.18056
vn 0.62094 0.74046 -0.25720
vn 0.59274 0.74046 -0.31683
vn 0.59274 0.74046 -0.31683
vn 0.62094 0.74046 -0.25720
vn 0.76868 0.55475 -0.31840
vn 0.73377 0.55475 -0.39221
vn 0.00000 1.00000 0.00000
vn 0.00000 1.00000 0.00000
vn 0.00000 1.00000 0.00000
vn 0.00000 1.00000 0.00000
vn 0.00000 1.00000 0.00000
vn 0.23275 0.96997 -0.07060
vn 0.22470 0.96997 -0.09308
vn 0.22470 0.96997 -0.09308
vn 0.23275 0.96997 -0.07060
vn 0.45151 0.88169 -0.13696
vn 0.43591 0.88169 -0.18056
vn 0.43591 0.88169 -0.18056
vn 0.45151 0.88169 -0.13696
vn 0.64316 0.74046 -0.19510
vn 0.62094 0.74046 -0.25720
vn 0.62094 0.74046 -0.25720
vn 0.64316 0.74046 -0.19510
vn 0.79619 0.55475 -0.24152
vn 0.76868 0.55475 -0.31840
vn 0.00000 1.00000 0.00000
vn 0.00000 1.00000 0.00000
vn 0.00000 1.00000 0.00000
vn 0.00000 1.00000 0.00000
vn 0.00000 1.00000 0.00000
vn 0.23854 0.96997 -0.04745
vn 0.23275 0.96997 -0.07060
vn 0.23275 0.96997 -0.07060
vn 0.23854 0.96997 -0.04745
vn 0.46276 0.88169 -0.09205
vn 0.45151 0.88169 -0.13696
vn 0.45151 0.88169 -0.13696
vn 0.46276 0.88169 -0.09205
vn 0.65919 0.74046 -0.13112
vn 0.64316 0.74046 -0.19510
vn 0.64316 0.74046 -0.19510
vn 0.65919 0.74046 -0.13112
vn 0.81603 0.55475 -0.16232
vn 0.79619 0.55475 -0.24152
vn 0.00000 1.00000 0.00000
vn 0.00000 1.00000 0.00000
vn 0.00000 1.00000 0.00000
vn 0.00000 1.00000 0.00000
vn 0.00000 1.00000 0.00000
vn 0.24205 0.96997 -0.02384
vn 0.23854 0.96997 -0.04745
vn 0.23854 0.96997 -0.04745
vn 0.24205 0.96997 -0.02384
vn 0.46956 0.88169 -0.04625
vn 0.46276 0.88169 -0.09205
vn 0.46276 0.88169 -0.09205
vn 0.46956 0.88169 -0.04625
vn 0.66887 0.74046 -0.06588
vn 0.65919 0.74046 -0.13112
vn 0.65919 0.74046 -0.13112
vn 0.66887 0.74046 -0.06588
vn 0.82801 0.55475 -0.08155
vn 0.81603 0.55475 -0.16232
vn 0.00000 1.00000 0.00000
vn 0.00000 1.00000 0.00000
vn 0.00000 1.00000 0.00000
vn 0.00000 1.00000 0.00000
vn 0.00000 1.00000 0.00000
vn 0.24322 0.96997 0.00000
vn 0.24205 0.96997 -0.02384
vn 0.24205 0.96997 -0.02384
vn 0.24322 0.96997 0.00000
vn 0.47183 0.88169 0.00000
vn 0.46956 0.88169 -0.04625
vn 0.46956 0.88169 -0.04625
vn 0.47183 0.88169 0.00000
vn 0.67210 0.74046 0.00000
vn 0.66887 0.74046 -0.06588
vn 0.66887 0.74046 -0.06588
vn 0.67210 0.74046 0.00000
vn 0.83201 0.55475 0.00000
vn 0.82801 0.55475 -0.08155
f 529/1161/2153 530/1162/2154 531/1163/2155 
f 530/1162/2156 532/1164/2157 533/1165/2158 531/1163/2159 
f 532/1164/2160 534/1166/2161 535/1167/2162 533/1165/2163 
f 534/1166/2164 536/1168/2165 537/1169/2166 535/1167/2167 
f 536/1168/2168 538/1170/2169 539/1171/2170 537/1169/2171 
f 538/1170/2172 540/1172/2173 541/1173/2174 539/1171/2175 
f 540/1172/2176 542/1174/2177 543/1175/2178 541/1173/2179 
f 542/1174/2180 544/1176/2181 545/1177/2182 543/1175/2183 
f 544/1176/2184 546/1178/2185 547/1179/2186 545/1177/2187 
f 529/1161/2188 531/1163/2189 548/1180/2190 
f 531/1163/2191 533/1165/2192 549/1181/2193 548/1180/2194 
f 533/1165/2195 535/1167/2196 550/1182/2197 549/1181/2198 
f 535/1167/2199 537/1169/2200 551/1183/2201 550/1182/2202 
f 537/1169/2203 539/1171/2204 552/1184/2205 551/1183/2206 
f 539/1171/2207 541/1173/2208 553/1185/2209 552/1184/2210 
f 541/1173/2211 543/1175/2212 554/1186/2213 553/1185/2214 
f 543/1175/2215 545/1177/2216 555/1187/2217 554/1186/2218 
f 545/1177/2219 547/1179/2220 556/1188/2221 555/1187/2222 
f 529/1161/2223 548/1180/2224 557/1189/2225 
f 548/1180/2226 549/1181/2227 558/1190/2228 557/1189/2229 
f 549/1181/2230 550/1182/2231 559/1191/2232 558/1190/2233 
f 550/1182/2234 551/1183/2235 560/1192/2236 559/1191/2237 
f 551/1183/2238 552/1184/2239 561/1193/2240 560/1192/2241 
f 552/1184/2242 553/1185/2243 562/1194/2244 561/1193/2245 
f 553/1185/2246 554/1186/2247 563/1195/2248 562/1194/2249 
f 554/1186/2250 555/1187/2251 564/1196/2252 563/1195/2253 
f 555/1187/2254 556/1188/2255 565/1197/2256 564/1196/2257 
f 529/1161/2258 557/1189/2259 566/1198/2260 
f 557/1189/2261 558/1190/2262 567/1199/2263 566/1198/2264 
f 558/1190/2265 559/1191/2266 568/1200/2267 567/1199/2268 
f 559/1191/2269 560/1192/2270 569/1201/2271 568/1200/2272 
f 560/1192/2273 561/1193/2274 570/1202/2275 569/1201/2276 
f 561/1193/2277 562/1194/2278 571/1203/2279 570/1202/2280 
f 562/1194/2281 563/1195/2282 572/1204/2283 571/1203/2284 
f 563/1195/2285 564/1196/2286 573/1205/2287 572/1204/2288 
f 564/1196/2289 565/1197/2290 574/1206/2291 573/1205/2292 
f 529/1161/2293 566/1198/2294 575/1207/2295 
f 566/1198/2296 567/1199/2297 576/1208/2298 575/1207/2299 
f 567/1199/2300 568/1200/2301 577/1209/2302 576/1208/2303 
f 568/1200/2304 569/1201/2305 578/1210/2306 577/1209/2307 
f 569/1201/2308 570/1202/2309 579/1211/2310 578/1210/2311 
f 570/1202/2312 571/1203/2313 580/1212/2314 579/1211/2315 
f 571/1203/2316 572/1204/2317 581/1213/2318 580/1212/2319 
f 572/1204/2320 573/1205/2321 582/1214/2322 581/1213/2323 
f 573/1205/2324 574/1206/2325 583/1215/2326 582/1214/2327 
f 529/1161/2328 575/1207/2329 584/1216/2330 
f 575/1207/2331 576/1208/2332 585/1217/2333 584/1216/2334 
f 576/1208/2335 577/1209/2336 586/1218/2337 585/1217/2338 
f 577/1209/2339 578/1210/2340 587/1219/2341 586/1218/2342 
f 578/1210/2343 579/1211/2344 588/1220/2345 587/1219/2346 
f 579/1211/2347 580/1212/2348 589/1221/2349 588/1220/2350 
f 580/1212/2351 581/1213/2352 590/1222/2353 589/1221/2354 
f 581/1213/2355 582/1214/2356 591/1223/2357 590/1222/2358 
f 582/1214/2359 583/1215/2360 592/1224/2361 591/1223/2362 
f 529/1161/2363 584/1216/2364 593/1225/2365 
f 584/1216/2366 585/1217/2367 594/1226/2368 593/1225/2369 
f 585/1217/2370 586/1218/2371 595/1227/2372 594/1226/2373 
f 586/1218/2374 587/1219/2375 596/1228/2376 595/1227/2377 
f 587/1219/2378 588/1220/2379 597/1229/2380 596/1228/2381 
f 588/1220/2382 589/1221/2383 598/1230/2384 597/1229/2385 
f 589/1221/2386 590/1222/2387 599/1231/2388 598/1230/2389 
f 590/1222/2390 591/1223/2391 600/1232/2392 599/1231/2393 
f 591/1223/2394 592/1224/2395 601/1233/2396 600/1232/2397 
f 529/1161/2398 593/1225/2399 602/1234/2400 
f 593/1225/2401 594/1226/2402 603/1235/2403 602/1234/2404 
f 594/1226/2405 595/1227/2406 604/1236/2407 603/1235/2408 
f 595/1227/2409 596/1228/2410 605/1237/2411 604/1236/2412 
f 596/1228/2413 597/1229/2414 606/1238/2415 605/1237/2416 
f 597/1229/2417 598/1230/2418 607/1239/2419 606/1238/2420 
f 598/1230/2421 599/1231/2422 608/1240/2423 607/1239/2424 
f 599/1231/2425 600/1232/2426 609/1241/2427 608/1240/2428 
f 600/1232/2429 601/1233/2430 610/1242/2431 609/1241/2432 
f 529/1161/2433 602/1234/2434 611/1243/2435 
f 602/1234/2436 603/1235/2437 612/1244/2438 611/1243/2439 
f 603/1235/2440 604/1236/2441 613/1245/2442 612/1244/2443 
f 604/1236/2444 605/1237/2445 614/1246/2446 613/1245/2447 
f 605/1237/2448 606/1238/2449 615/1247/2450 614/1246/2451 
f 606/1238/2452 607/1239/2453 616/1248/2454 615/1247/2455 
f 607/1239/2456 608/1240/2457 617/1249/2458 616/1248/2459 
f 608/1240/2460 609/1241/2461 618/1250/2462 617/1249/2463 
f 609/1241/2464 610/1242/2465 619/1251/2466 618/1250/2467 
f 529/1161/2468 611/1243/2469 620/1252/2470 
f 611/1243/2471 612/1244/2472 621/1253/2473 620/1252/2474 
f 612/1244/2475 613/1245/2476 622/1254/2477 621/1253/2478 
f 613/1245/2479 614/1246/2480 623/1255/2481 622/1254/2482 
f 614/1246/2483 615/1247/2484 624/1256/2485 623/1255/2486 
f 615/1247/2487 616/1248/2488 625/1257/2489 624/1256/2490 
f 616/1248/2491 617/1249/2492 626/1258/2493 625/1257/2494 
f 617/1249/2495 618/1250/2496 627/1259/2497 626/1258/2498 
f 618/1250/2499 619/1251/2500 628/1260/2501 627/1259/2502 
f 529/1161/2503 620/1252/2504 629/1261/2505 
f 620/1252/2506 621/1253/2507 630/1262/2508 629/1261/2509 
f 621/1253/2510 622/1254/2511 631/1263/2512 630/1262/2513 
f 622/1254/2514 623/1255/2515 632/1264/2516 631/1263/2517 
f 623/1255/2518 624/1256/2519 633/1265/2520 632/1264/2521 
f 624/1256/2522 625/1257/2523 634/1266/2524 633/1265/2525 
f 625/1257/2526 626/1258/2527 635/1267/2528 634/1266/2529 
f 626/1258/2530 627/1259/2531 636/1268/2532 635/1267/2533 
f 627/1259/2534 628/1260/2535 637/1269/2536 636/1268/2537 
f 529/1161/2538 629/1261/2539 638/1270/2540 
f 629/1261/2541 630/1262/2542 639/1271/2543 638/1270/2544 
f 630/1262/2545 631/1263/2546 640/1272/2547 639/1271/2548 
f 631/1263/2549 632/1264/2550 641/1273/2551 640/1272/2552 
f 632/1264/2553 633/1265/2554 642/1274/2555 641/1273/2556 
f 633/1265/2557 634/1266/2558 643/1275/2559 642/1274/2560 
f 634/1266/2561 635/1267/2562 644/1276/2563 643/1275/2564 
f 635/1267/2565 636/1268/2566 645/1277/2567 644/1276/2568 
f 636/1268/2569 637/1269/2570 646/1278/2571 645/1277/2572 
f 529/1161/2573 638/1270/2574 647/1279/2575 
f 638/1270/2576 639/1271/2577 648/1280/2578 647/1279/2579 
f 639/1271/2580 640/1272/2581 649/1281/2582 648/1280/2583 
f 640/1272/2584 641/1273/2585 650/1282/2586 649/1281/2587 
f 641/1273/2588 642/1274/2589 651/1283/2590 650/1282/2591 
f 642/1274/2592 643/1275/2593 652/1284/2594 651/1283/2595 
f 643/1275/2596 644/1276/2597 653/1285/2598 652/1284/2599 
f 644/1276/2600 645/1277/2601 654/1286/2602 653/1285/2603 
f 645/1277/2604 646/1278/2605 655/1287/2606 654/1286/2607 
f 529/1161/2608 647/1279/2609 656/1288/2610 
f 647/1279/2611 648/1280/2612 657/1289/2613 656/1288/2614 
f 648/1280/2615 649/1281/2616 658/1290/2617 657/1289/2618 
f 649/1281/2619 650/1282/2620 659/1291/2621 658/1290/2622 
f 650/1282/2623 651/1283/2624 660/1292/2625 659/1291/2626 
f 651/1283/2627 652/1284/2628 661/1293/2629 660/1292/2630 
f 652/1284/2631 653/1285/2632 662/1294/2633 661/1293/2634 
f 653/1285/2635 654/1286/2636 663/1295/2637 662/1294/2638 
f 654/1286/2639 655/1287/2640 664/1296/2641 663/1295/2642 
f 529/1161/2643 656/1288/2644 665/1297/2645 
f 656/1288/2646 657/1289/2647 666/1298/2648 665/1297/2649 
f 657/1289/2650 658/1290/2651 667/1299/2652 666/1298/2653 
f 658/1290/2654 659/1291/2655 668/1300/2656 667/1299/2657 
f 659/1291/2658 660/1292/2659 669/1301/2660 668/1300/2661 
f 660/1292/2662 661/1293/2663 670/1302/2664 669/1301/2665 
f 661/1293/2666 662/1294/2667 671/1303/2668 670/1302/2669 
f 662/1294/2670 663/1295/2671 672/1304/2672 671/1303/2673 
f 663/1295/2674 664/1296/2675 673/1305/2676 672/1304/2677 
f 529/1161/2678 665/1297/2679 674/1306/2680 
f 665/1297/2681 666/1298/2682 675/1307/2683 674/1306/2684 
f 666/1298/2685 667/1299/2686 676/1308/2687 675/1307/2688 
f 667/1299/2689 668/1300/2690 677/1309/2691 676/1308/2692 
f 668/1300/2693 669/1301/2694 678/1310/2695 677/1309/2696 
f 669/1301/2697 670/1302/2698 679/1311/2699 678/1310/2700 
f 670/1302/2701 671/1303/2702 680/1312/2703 679/1311/2704 
f 671/1303/2705 672/1304/2706 681/1313/2707 680/1312/2708 
f 672/1304/2709 673/1305/2710 682/1314/2711 681/1313/2712 
f 529/1161/2713 674/1306/2714 683/1315/2715 
f 674/1306/2716 675/1307/2717 684/1316/2718 683/1315/2719 
f 675/1307/2720 676/1308/2721 685/1317/2722 684/1316/2723 
f 676/1308/2724 677/1309/2725 686/1318/2726 685/1317/2727 
f 677/1309/2728 678/1310/2729 687/1319/2730 686/1318/2731 
f 678/1310/2732 679/1311/2733 688/1320/2734 687/1319/2735 
f 679/1311/2736 680/1312/2737 689/1321/2738 688/1320/2739 
f 680/1312/2740 681/1313/2741 690/1322/2742 689/1321/2743 
f 681/1313/2744 682/1314/2745 691/1323/2746 690/1322/2747 
f 529/1161/2748 683/1315/2749 692/1324/2750 
f 683/1315/2751 684/1316/2752 693/1325/2753 692/1324/2754 
f 684/1316/2755 685/1317/2756 694/1326/2757 693/1325/2758 
f 685/1317/2759 686/1318/2760 695/1327/2761 694/1326/2762 
f 686/1318/2763 687/1319/2764 696/1328/2765 695/1327/2766 
f 687/1319/2767 688/1320/2768 697/1329/2769 696/1328/2770 
f 688/1320/2771 689/1321/2772 698/1330/2773 697/1329/2774 
f 689/1321/2775 690/1322/2776 699/1331/2777 698/1330/2778 
f 690/1322/2779 691/1323/2780 700/1332/2781 699/1331/2782 
f 529/1161/2783 692/1324/2784 701/1333/2785 
f 692/1324/2786 693/1325/2787 702/1334/2788 701/1333/2789 
f 693/1325/2790 694/1326/2791 703/1335/2792 702/1334/2793 
f 694/1326/2794 695/1327/2795 704/1336/2796 703/1335/2797 
f 695/1327/2798 696/1328/2799 705/1337/2800 704/1336/2801 
f 696/1328/2802 697/1329/2803 706/1338/2804 705/1337/2805 
f 697/1329/2806 698/1330/2807 707/1339/2808 706/1338/2809 
f 698/1330/2810 699/1331/2811 708/1340/2812 707/1339/2813 
f 699/1331/2814 700/1332/2815 709/1341/2816 708/1340/2817 
f 529/1161/2818 701/1333/2819 710/1342/2820 
f 701/1333/2821 702/1334/2822 711/1343/2823 710/1342/2824 
f 702/1334/2825 703/1335/2826 712/1344/2827 711/1343/2828 
f 703/1335/2829 704/1336/2830 713/1345/2831 712/1344/2832 
f 704/1336/2833 705/1337/2834 714/1346/2835 713/1345/2836 
f 705/1337/2837 706/1338/2838 715/1347/2839 714/1346/2840 
f 706/1338/2841 707/1339/2842 716/1348/2843 715/1347/2844 
f 707/1339/2845 708/1340/2846 717/1349/2847 716/1348/2848 
f 708/1340/2849 709/1341/2850 718/1350/2851 717/1349/2852 
f 529/1161/2853 710/1342/2854 719/1351/2855 
f 710/1342/2856 711/1343/2857 720/1352/2858 719/1351/2859 
f 711/1343/2860 712/1344/2861 721/1353/2862 720/1352/2863 
f 712/1344/2864 713/1345/2865 722/1354/2866 721/1353/2867 
f 713/1345/2868 714/1346/2869 723/1355/2870 722/1354/2871 
f 714/1346/2872 715/1347/2873 724/1356/2874 723/1355/2875 
f 715/1347/2876 716/1348/2877 725/1357/2878 724/1356/2879 
f 716/1348/2880 717/1349/2881 726/1358/2882 725/1357/2883 
f 717/1349/2884 718/1350/2885 727/1359/2886 726/1358/2887 
f 529/1161/2888 719/1351/2889 728/1360/2890 
f 719/1351/2891 720/1352/2892 729/1361/2893 728/1360/2894 
f 720/1352/2895 721/1353/2896 730/1362/2897 729/1361/2898 
f 721/1353/2899 722/1354/2900 731/1363/2901 730/1362/2902 
f 722/1354/2903 723/1355/2904 732/1364/2905 731/1363/2906 
f 723/1355/2907 724/1356/2908 733/1365/2909 732/1364/2910 
f 724/1356/2911 725/1357/2912 734/1366/2913 733/1365/2914 
f 725/1357/2915 726/1358/2916 735/1367/2917 734/1366/2918 
f 726/1358/2919 727/1359/2920 736/1368/2921 735/1367/2922 
f 529/1161/2923 728/1360/2924 737/1369/2925 
f 728/1360/2926 729/1361/2927 738/1370/2928 737/1369/2929 
f 729/1361/2930 730/1362/2931 739/1371/2932 738/1370/2933 
f 730/1362/2934 731/1363/2935 740/1372/2936 739/1371/2937 
f 731/1363/2938 732/1364/2939 741/1373/2940 740/1372/2941 
f 732/1364/2942 733/1365/2943 742/1374/2944 741/1373/2945 
f 733/1365/2946 734/1366/2947 743/1375/2948 742/1374/2949 
f 734/1366/2950 735/1367/2951 744/1376/2952 743/1375/2953 
f 735/1367/2954 736/1368/2955 745/1377/2956 744/1376/2957 
f 529/1161/2958 737/1369/2959 746/1378/2960 
f 737/1369/2961 738/1370/2962 747/1379/2963 746/1378/2964 
f 738/1370/2965 739/1371/2966 748/1380/2967 747/1379/2968 
f 739/1371/2969 740/1372/2970 749/1381/2971 748/1380/2972 
f 740/1372/2973 741/1373/2974 750/1382/2975 749/1381/2976 
f 741/1373/2977 742/1374/2978 751/1383/2979 750/1382/2980 
f 742/1374/2981 743/1375/2982 752/1384/2983 751/1383/2984 
f 743/1375/2985 744/1376/2986 753/1385/2987 752/1384/2988 
f 744/1376/2989 745/1377/2990 754/1386/2991 753/1385/2992 
f 529/1161/2993 746/1378/2994 755/1387/2995 
f 746/1378/2996 747/1379/2997 756/1388/2998 755/1387/2999 
f 747/1379/3000 748/1380/3001 757/1389/3002 756/1388/3003 
f 748/1380/3004 749/1381/3005 758/1390/3006 757/1389/3007 
f 749/1381/3008 750/1382/3009 759/1391/3010 758/1390/3011 
f 750/1382/3012 751/1383/3013 760/1392/3014 759/1391/3015 
f 751/1383/3016 752/1384/3017 761/1393/3018 760/1392/3019 
f 752/1384/3020 753/1385/3021 762/1394/3022 761/1393/3023 
f 753/1385/3024 754/1386/3025 763/1395/3026 762/1394/3027 
f 529/1161/3028 755/1387/3029 764/1396/3030 
f 755/1387/3031 756/1388/3032 765/1397/3033 764/1396/3034 
f 756/1388/3035 757/1389/3036 766/1398/3037 765/1397/3038 
f 757/1389/3039 758/1390/3040 767/1399/3041 766/1398/3042 
f 758/1390/3043 759/1391/3044 768/1400/3045 767/1399/3046 
f 759/1391/3047 760/1392/3048 769/1401/3049 768/1400/3050 
f 760/1392/3051 761/1393/3052 770/1402/3053 769/1401/3054 
f 761/1393/3055 762/1394/3056 771/1403/3057 770/1402/3058 
f 762/1394/3059 763/1395/3060 772/1404/3061 771/1403/3062 
f 529/1161/3063 764/1396/3064 773/1405/3065 
f 764/1396/3066 765/1397/3067 774/1406/3068 773/1405/3069 
f 765/1397/3070 766/1398/3071 775/1407/3072 774/1406/3073 
f 766/1398/3074 767/1399/3075 776/1408/3076 775/1407/3077 
f 767/1399/3078 768/1400/3079 777/1409/3080 776/1408/3081 
f 768/1400/3082 769/1401/3083 778/1410/3084 777/1409/3085 
f 769/1401/3086 770/1402/3087 779/1411/3088 778/1410/3089 
f 770/1402/3090 771/1403/3091 780/1412/3092 779/1411/3093 
f 771/1403/3094 772/1404/3095 781/1413/3096 780/1412/3097 
f 529/1161/3098 773/1405/3099 782/1414/3100 
f 773/1405/3101 774/1406/3102 783/1415/3103 782/1414/3104 
f 774/1406/3105 775/1407/3106 784/1416/3107 783/1415/3108 
f 775/1407/3109 776/1408/3110 785/1417/3111 784/1416/3112 
f 776/1408/3113 777/1409/3114 786/1418/3115 785/1417/3116 
f 777/1409/3117 778/1410/3118 787/1419/3119 786/1418/3120 
f 778/1410/3121 779/1411/3122 788/1420/3123 787/1419/3124 
f 779/1411/3125 780/1412/3126 789/1421/3127 788/1420/3128 
f 780/1412/3129 781/1413/3130 790/1422/3131 789/1421/3132 
f 529/1161/3133 782/1414/3134 791/1423/3135 
f 782/1414/3136 783/1415/3137 792/1424/3138 791/1423/3139 
f 783/1415/3140 784/1416/3141 793/1425/3142 792/1424/3143 
f 784/1416/3144 785/1417/3145 794/1426/3146 793/1425/3147 
f 785/1417/3148 786/1418/3149 795/1427/3150 794/1426/3151 
f 786/1418/3152 787/1419/3153 796/1428/3154 795/1427/3155 
f 787/1419/3156 788/1420/3157 797/1429/3158 796/1428/3159 
f 788/1420/3160 789/1421/3161 798/1430/3162 797/1429/3163 
f 789/1421/3164 790/1422/3165 799/1431/3166 798/1430/3167 
f 529/1161/3168 791/1423/3169 800/1432/3170 
f 791/1423/3171 792/1424/3172 801/1433/3173 800/1432/3174 
f 792/1424/3175 793/1425/3176 802/1434/3177 801/1433/3178 
f 793/1425/3179 794/1426/3180 803/1435/3181 802/1434/3182 
f 794/1426/3183 795/1427/3184 804/1436/3185 803/1435/3186 
f 795/1427/3187 796/1428/3188 805/1437/3189 804/1436/3190 
f 796/1428/3191 797/1429/3192 806/1438/3193 805/1437/3194 
f 797/1429/3195 798/1430/3196 807/1439/3197 806/1438/3198 
f 798/1430/3199 799/1431/3200 808/1440/3201 807/1439/3202 
f 529/1161/3203 800/1432/3204 809/1441/3205 
f 800/1432/3206 801/1433/3207 810/1442/3208 809/1441/3209 
f 801/1433/3210 802/1434/3211 811/1443/3212 810/1442/3213 
f 802/1434/3214 803/1435/3215 812/1444/3216 811/1443/3217 
f 803/1435/3218 804/1436/3219 813/1445/3220 812/1444/3221 
f 804/1436/3222 805/1437/3223 814/1446/3224 813/1445/3225 
f 805/1437/3226 806/1438/3227 815/1447/3228 814/1446/3229 
f 806/1438/3230 807/1439/3231 816/1448/3232 815/1447/3233 
f 807/1439/3234 808/1440/3235 817/1449/3236 816/1448/3237 
f 529/1161/3238 809/1441/3239 818/1450/3240 
f 809/1441/3241 810/1442/3242 819/1451/3243 818/1450/3244 
f 810/1442/3245 811/1443/3246 820/1452/3247 819/1451/3248 
f 811/1443/3249 812/1444/3250 821/1453/3251 820/1452/3252 
f 812/1444/3253 813/1445/3254 822/1454/3255 821/1453/3256 
f 813/1445/3257 814/1446/3258 823/1455/3259 822/1454/3260 
f 814/1446/3261 815/1447/3262 824/1456/3263 823/1455/3264 
f 815/1447/3265 816/1448/3266 825/1457/3267 824/1456/3268 
f 816/1448/3269 817/1449/3270 826/1458/3271 825/1457/3272 
f 529/1161/3273 818/1450/3274 827/1459/3275 
f 818/1450/3276 819/1451/3277 828/1460/3278 827/1459/3279 
f 819/1451/3280 820/1452/3281 829/1461/3282 828/1460/3283 
f 820/1452/3284 821/1453/3285 830/1462/3286 829/1461/3287 
f 821/1453/3288 822/1454/3289 831/1463/3290 830/1462/3291 
f 822/1454/3292 823/1455/3293 832/1464/3294 831/1463/3295 
f 823/1455/3296 824/1456/3297 833/1465/3298 832/1464/3299 
f 824/1456/3300 825/1457/3301 834/1466/3302 833/1465/3303 
f 825/1457/3304 826/1458/3305 835/1467/3306 834/1466/3307 
f 529/1161/3308 827/1459/3309 836/1468/3310 
f 827/1459/3311 828/1460/3312 837/1469/3313 836/1468/3314 
f 828/1460/3315 829/1461/3316 838/1470/3317 837/1469/3318 
f 829/1461/3319 830/1462/3320 839/1471/3321 838/1470/3322 
f 830/1462/3323 831/1463/3324 840/1472/3325 839/1471/3326 
f 831/1463/3327 832/1464/3328 841/1473/3329 840/1472/3330 
f 832/1464/3331 833/1465/3332 842/1474/3333 841/1473/3334 
f 833/1465/3335 834/1466/3336 843/1475/3337 842/1474/3338 
f 834/1466/3339 835/1467/3340 844/1476/3341 843/1475/3342 
f 529/1161/3343 836/1468/3344 845/1477/3345 
f 836/1468/3346 837/1469/3347 846/1478/3348 845/1477/3349 
f 837/1469/3350 838/1470/3351 847/1479/3352 846/1478/3353 
f 838/1470/3354 839/1471/3355 848/1480/3356 847/1479/3357 
f 839/1471/3358 840/1472/3359 849/1481/3360 848/1480/3361 
f 840/1472/3362 841/1473/3363 850/1482/3364 849/1481/3365 
f 841/1473/3366 842/1474/3367 851/1483/3368 850/1482/3369 
f 842/1474/3370 843/1475/3371 852/1484/3372 851/1483/3373 
f 843/1475/3374 844/1476/3375 853/1485/3376 852/1484/3377 
f 529/1161/3378 845/1477/3379 854/1486/3380 
f 845/1477/3381 846/1478/3382 855/1487/3383 854/1486/3384 
f 846/1478/3385 847/1479/3386 856/1488/3387 855/1487/3388 
f 847/1479/3389 848/1480/3390 857/1489/3391 856/1488/3392 
f 848/1480/3393 849/1481/3394 858/1490/3395 857/1489/3396 
f 849/1481/3397 850/1482/3398 859/1491/3399 858/1490/3400 
f 850/1482/3401 851/1483/3402 860/1492/3403 859/1491/3404 
f 851/1483/3405 852/1484/3406 861/1493/3407 860/1492/3408 
f 852/1484/3409 853/1485/3410 862/1494/3411 861/1493/3412 
f 529/1161/3413 854/1486/3414 863/1495/3415 
f 854/1486/3416 855/1487/3417 864/1496/3418 863/1495/3419 
f 855/1487/3420 856/1488/3421 865/1497/3422 864/1496/3423 
f 856/1488/3424 857/1489/3425 866/1498/3426 865/1497/3427 
f 857/1489/3428 858/1490/3429 867/1499/3430 866/1498/3431 
f 858/1490/3432 859/1491/3433 868/1500/3434 867/1499/3435 
f 859/1491/3436 860/1492/3437 869/1501/3438 868/1500/3439 
f 860/1492/3440 861/1493/3441 870/1502/3442 869/1501/3443 
f 861/1493/3444 862/1494/3445 871/1503/3446 870/1502/3447 
f 529/1161/3448 863/1495/3449 872/1504/3450 
f 863/1495/3451 864/1496/3452 873/1505/3453 872/1504/3454 
f 864/1496/3455 865/1497/3456 874/1506/3457 873/1505/3458 
f 865/1497/3459 866/1498/3460 875/1507/3461 874/1506/3462 
f 866/1498/3463 867/1499/3464 876/1508/3465 875/1507/3466 
f 867/1499/3467 868/1500/3468 877/1509/3469 876/1508/3470 
f 868/1500/3471 869/1501/3472 878/1510/3473 877/1509/3474 
f 869/1501/3475 870/1502/3476 879/1511/3477 878/1510/3478 
f 870/1502/3479 871/1503/3480 880/1512/3481 879/1511/3482 
f 529/1161/3483 872/1504/3484 881/1513/3485 
f 872/1504/3486 873/1505/3487 882/1514/3488 881/1513/3489 
f 873/1505/3490 874/1506/3491 883/1515/3492 882/1514/3493 
f 874/1506/3494 875/1507/3495 884/1516/3496 883/1515/3497 
f 875/1507/3498 876/1508/3499 885/1517/3500 884/1516/3501 
f 876/1508/3502 877/1509/3503 886/1518/3504 885/1517/3505 
f 877/1509/3506 878/1510/3507 887/1519/3508 886/1518/3509 
f 878/1510/3510 879/1511/3511 888/1520/3512 887/1519/3513 
f 879/1511/3514 880/1512/3515 889/1521/3516 888/1520/3517 
f 529/1161/3518 881/1513/3519 890/1522/3520 
f 881/1513/3521 882/1514/3522 891/1523/3523 890/1522/3524 
f 882/1514/3525 883/1515/3526 892/1524/3527 891/1523/3528 
f 883/1515/3529 884/1516/3530 893/1525/3531 892/1524/3532 
f 884/1516/3533 885/1517/3534 894/1526/3535 893/1525/3536 
f 885/1517/3537 886/1518/3538 895/1527/3539 894/1526/3540 
f 886/1518/3541 887/1519/3542 896/1528/3543 895/1527/3544 
f 887/1519/3545 888/1520/3546 897/1529/3547 896/1528/3548 
f 888/1520/3549 889/1521/3550 898/1530/3551 897/1529/3552 
f 529/1161/3553 890/1522/3554 899/1531/3555 
f 890/1522/3556 891/1523/3557 900/1532/3558 899/1531/3559 
f 891/1523/3560 892/1524/3561 901/1533/3562 900/1532/3563 
f 892/1524/3564 893/1525/3565 902/1534/3566 901/1533/3567 
f 893/1525/3568 894/1526/3569 903/1535/3570 902/1534/3571 
f 894/1526/3572 895/1527/3573 904/1536/3574 903/1535/3575 
f 895/1527/3576 896/1528/3577 905/1537/3578 904/1536/3579 
f 896/1528/3580 897/1529/3581 906/1538/3582 905/1537/3583 
f 897/1529/3584 898/1530/3585 907/1539/3586 906/1538/3587 
f 529/1161/3588 899/1531/3589 908/1540/3590 
f 899/1531/3591 900/1532/3592 909/1541/3593 908/1540/3594 
f 900/1532/3595 901/1533/3596 910/1542/3597 909/1541/3598 
f 901/1533/3599 902/1534/3600 911/1543/3601 910/1542/3602 
f 902/1534/3603 903/1535/3604 912/1544/3605 911/1543/3606 
f 903/1535/3607 904/1536/3608 913/1545/3609 912/1544/3610 
f 904/1536/3611 905/1537/3612 914/1546/3613 913/1545/3614 
f 905/1537/3615 906/1538/3616 915/1547/3617 914/1546/3618 
f 906/1538/3619 907/1539/3620 916/1548/3621 915/1547/3622 
f 529/1161/3623 908/1540/3624 917/1549/3625 
f 908/1540/3626 909/1541/3627 918/1550/3628 917/1549/3629 
f 909/1541/3630 910/1542/3631 919/1551/3632 918/1550/3633 
f 910/1542/3634 911/1543/3635 920/1552/3636 919/1551/3637 
f 911/1543/3638 912/1544/3639 921/1553/3640 920/1552/3641 
f 912/1544/3642 913/1545/3643 922/1554/3644 921/1553/3645 
f 913/1545/3646 914/1546/3647 923/1555/3648 922/1554/3649 
f 914/1546/3650 915/1547/3651 924/1556/3652 923/1555/3653 
f 915/1547/3654 916/1548/3655 925/1557/3656 924/1556/3657 
f 529/1161/3658 917/1549/3659 926/1558/3660 
f 917/1549/3661 918/1550/3662 927/1559/3663 926/1558/3664 
f 918/1550/3665 919/1551/3666 928/1560/3667 927/1559/3668 
f 919/1551/3669 920/1552/3670 929/1561/3671 928/1560/3672 
f 920/1552/3673 921/1553/3674 930/1562/3675 929/1561/3676 
f 921/1553/3677 922/1554/3678 931/1563/3679 930/1562/3680 
f 922/1554/3681 923/1555/3682 932/1564/3683 931/1563/3684 
f 923/1555/3685 924/1556/3686 933/1565/3687 932/1564/3688 
f 924/1556/3689 925/1557/3690 934/1566/3691 933/1565/3692 
f 529/1161/3693 926/1558/3694 935/1567/3695 
f 926/1558/3696 927/1559/3697 936/1568/3698 935/1567/3699 
f 927/1559/3700 928/1560/3701 937/1569/3702 936/1568/3703 
f 928/1560/3704 929/1561/3705 938/1570/3706 937/1569/3707 
f 929/1561/3708 930/1562/3709 939/1571/3710 938/1570/3711 
f 930/1562/3712 931/1563/3713 940/1572/3714 939/1571/3715 
f 931/1563/3716 932/1564/3717 941/1573/3718 940/1572/3719 
f 932/1564/3720 933/1565/3721 942/1574/3722 941/1573/3723 
f 933/1565/3724 934/1566/3725 943/1575/3726 942/1574/3727 
f 529/1161/3728 935/1567/3729 944/1576/3730 
f 935/1567/3731 936/1568/3732 945/1577/3733 944/1576/3734 
f 936/1568/3735 937/1569/3736 946/1578/3737 945/1577/3738 
f 937/1569/3739 938/1570/3740 947/1579/3741 946/1578/3742 
f 938/1570/3743 939/1571/3744 948/1580/3745 947/1579/3746 
f 939/1571/3747 940/1572/3748 949/1581/3749 948/1580/3750 
f 940/1572/3751 941/1573/3752 950/1582/3753 949/1581/3754 
f 941/1573/3755 942/1574/3756 951/1583/3757 950/1582/3758 
f 942/1574/3759 943/1575/3760 952/1584/3761 951/1583/3762 
f 529/1161/3763 944/1576/3764 953/1585/3765 
f 944/1576/3766 945/1577/3767 954/1586/3768 953/1585/3769 
f 945/1577/3770 946/1578/3771 955/1587/3772 954/1586/3773 
f 946/1578/3774 947/1579/3775 956/1588/3776 955/1587/3777 
f 947/1579/3778 948/1580/3779 957/1589/3780 956/1588/3781 
f 948/1580/3782 949/1581/3783 958/1590/3784 957/1589/3785 
f 949/1581/3786 950/1582/3787 959/1591/3788 958/1590/3789 
f 950/1582/3790 951/1583/3791 960/1592/3792 959/1591/3793 
f 951/1583/3794 952/1584/3795 961/1593/3796 960/1592/3797 
f 529/1161/3798 953/1585/3799 962/1594/3800 
f 953/1585/3801 954/1586/3802 963/1595/3803 962/1594/3804 
f 954/1586/3805 955/1587/3806 964/1596/3807 963/1595/3808 
f 955/1587/3809 956/1588/3810 965/1597/3811 964/1596/3812 
f 956/1588/3813 957/1589/3814 966/1598/3815 965/1597/3816 
f 957/1589/3817 958/1590/3818 967/1599/3819 966/1598/3820 
f 958/1590/3821 959/1591/3822 968/1600/3823 967/1599/3824 
f 959/1591/3825 960/1592/3826 969/1601/3827 968/1600/3828 
f 960/1592/3829 961/1593/3830 970/1602/3831 969/1601/3832 
f 529/1161/3833 962/1594/3834 971/1603/3835 
f 962/1594/3836 963/1595/3837 972/1604/3838 971/1603/3839 
f 963/1595/3840 964/1596/3841 973/1605/3842 972/1604/3843 
f 964/1596/3844 965/1597/3845 974/1606/3846 973/1605/3847 
f 965/1597/3848 966/1598/3849 975/1607/3850 974/1606/3851 
f 966/1598/3852 967/1599/3853 976/1608/3854 975/1607/3855 
f 967/1599/3856 968/1600/3857 977/1609/3858 976/1608/3859 
f 968/1600/3860 969/1601/3861 978/1610/3862 977/1609/3863 
f 969/1601/3864 970/1602/3865 979/1611/3866 978/1610/3867 
f 529/1161/3868 971/1603/3869 980/1612/3870 
f 971/1603/3871 972/1604/3872 981/1613/3873 980/1612/3874 
f 972/1604/3875 973/1605/3876 982/1614/3877 981/1613/3878 
f 973/1605/3879 974/1606/3880 983/1615/3881 982/1614/3882 
f 974/1606/3883 975/1607/3884 984/1616/3885 983/1615/3886 
f 975/1607/3887 976/1608/3888 985/1617/3889 984/1616/3890 
f 976/1608/3891 977/1609/3892 986/1618/3893 985/1617/3894 
f 977/1609/3895 978/1610/3896 987/1619/3897 986/1618/3898 
f 978/1610/3899 979/1611/3900 988/1620/3901 987/1619/3902 
f 529/1161/3903 980/1612/3904 989/1621/3905 
f 980/1612/3906 981/1613/3907 990/1622/3908 989/1621/3909 
f 981/1613/3910 982/1614/3911 991/1623/3912 990/1622/3913 
f 982/1614/3914 983/1615/3915 992/1624/3916 991/1623/3917 
f 983/1615/3918 984/1616/3919 993/1625/3920 992/1624/3921 
f 984/1616/3922 985/1617/3923 994/1626/3924 993/1625/3925 
f 985/1617/3926 986/1618/3927 995/1627/3928 994/1626/3929 
f 986/1618/3930 987/1619/3931 996/1628/3932 995/1627/3933 
f 987/1619/3934 988/1620/3935 997/1629/3936 996/1628/3937 
f 529/1161/3938 989/1621/3939 998/1630/3940 
f 989/1621/3941 990/1622/3942 999/1631/3943 998/1630/3944 
f 990/1622/3945 991/1623/3946 1000/1632/3947 999/1631/3948 
f 991/1623/3949 992/1624/3950 1001/1633/3951 1000/1632/3952 
f 992/1624/3953 993/1625/3954 1002/1634/3955 1001/1633/3956 
f 993/1625/3957 994/1626/3958 1003/1635/3959 1002/1634/3960 
f 994/1626/3961 995/1627/3962 1004/1636/3963 1003/1635/3964 
f 995/1627/3965 996/1628/3966 1005/1637/3967 1004/1636/3968 
f 996/1628/3969 997/1629/3970 1006/1638/3971 1005/1637/3972 
f 529/1161/3973 998/1630/3974 1007/1639/3975 
f 998/1630/3976 999/1631/3977 1008/1640/3978 1007/1639/3979 
f 999/1631/3980 1000/1632/3981 1009/1641/3982 1008/1640/3983 
f 1000/1632/3984 1001/1633/3985 1010/1642/3986 1009/1641/3987 
f 1001/1633/3988 1002/1634/3989 1011/1643/3990 1010/1642/3991 
f 1002/1634/3992 1003/1635/3993 1012/1644/3994 1011/1643/3995 
f 1003/1635/3996 1004/1636/3997 1013/1645/3998 1012/1644/3999 
f 1004/1636/4000 1005/1637/4001 1014/1646/4002 1013/1645/4003 
f 1005/1637/4004 1006/1638/4005 1015/1647/4006 1014/1646/4007 
f 529/1161/4008 1007/1639/4009 1016/1648/4010 
f 1007/1639/4011 1008/1640/4012 1017/1649/4013 1016/1648/4014 
f 1008/1640/4015 1009/1641/4016 1018/1650/4017 1017/1649/4018 
f 1009/1641/4019 1010/1642/4020 1019/1651/4021 1018/1650/4022 
f 1010/1642/4023 1011/1643/4024 1020/1652/4025 1019/1651/4026 
f 1011/1643/4027 1012/1644/4028 1021/1653/4029 1020/1652/4030 
f 1012/1644/4031 1013/1645/4032 1022/1654/4033 1021/1653/4034 
f 1013/1645/4035 1014/1646/4036 1023/1655/4037 1022/1654/4038 
f 1014/1646/4039 1015/1647/4040 1024/1656/4041 1023/1655/4042 
f 529/1161/4043 1016/1648/4044 1025/1657/4045 
f 1016/1648/4046 1017/1649/4047 1026/1658/4048 1025/1657/4049 
f 1017/1649/4050 1018/1650/4051 1027/1659/4052 1026/1658/4053 
f 1018/1650/4054 1019/1651/4055 1028/1660/4056 1027/1659/4057 
f 1019/1651/4058 1020/1652/4059 1029/1661/4060 1028/1660/4061 
f 1020/1652/4062 1021/1653/4063 1030/1662/4064 1029/1661/4065 
f 1021/1653/4066 1022/1654/4067 1031/1663/4068 1030/1662/4069 
f 1022/1654/4070 1023/1655/4071 1032/1664/4072 1031/1663/4073 
f 1023/1655/4074 1024/1656/4075 1033/1665/4076 1032/1664/4077 
f 529/1161/4078 1025/1657/4079 1034/1666/4080 
f 1025/1657/4081 1026/1658/4082 1035/1667/4083 1034/1666/4084 
f 1026/1658/4085 1027/1659/4086 1036/1668/4087 1035/1667/4088 
f 1027/1659/4089 1028/1660/4090 1037/1669/4091 1036/1668/4092 
f 1028/1660/4093 1029/1661/4094 1038/1670/4095 1037/1669/4096 
f 1029/1661/4097 1030/1662/4098 1039/1671/4099 1038/1670/4100 
f 1030/1662/4101 1031/1663/4102 1040/1672/4103 1039/1671/4104 
f 1031/1663/4105 1032/1664/4106 1041/1673/4107 1040/1672/4108 
f 1032/1664/4109 1033/1665/4110 1042/1674/4111 1041/1673/4112 
f 529/1161/4113 1034/1666/4114 1043/1675/4115 
f 1034/1666/4116 1035/1667/4117 1044/1676/4118 1043/1675/4119 
f 1035/1667/4120 1036/1668/4121 1045/1677/4122 1044/1676/4123 
f 1036/1668/4124 1037/1669/4125 1046/1678/4126 1045/1677/4127 
f 1037/1669/4128 1038/1670/4129 1047/1679/4130 1046/1678/4131 
f 1038/1670/4132 1039/1671/4133 1048/1680/4134 1047/1679/4135 
f 1039/1671/4136 1040/1672/4137 1049/1681/4138 1048/1680/4139 
f 1040/1672/4140 1041/1673/4141 1050/1682/4142 1049/1681/4143 
f 1041/1673/4144 1042/1674/4145 1051/1683/4146 1050/1682/4147 
f 529/1161/4148 1043/1675/4149 1052/1684/4150 
f 1043/1675/4151 1044/1676/4152 1053/1685/4153 1052/1684/4154 
f 1044/1676/4155 1045/1677/4156 1054/1686/4157 1053/1685/4158 
f 1045/1677/4159 1046/1678/4160 1055/1687/4161 1054/1686/4162 
f 1046/1678/4163 1047/1679/4164 1056/1688/4165 1055/1687/4166 
f 1047/1679/4167 1048/1680/4168 1057/1689/4169 1056/1688/4170 
f 1048/1680/4171 1049/1681/4172 1058/1690/4173 1057/1689/4174 
f 1049/1681/4175 1050/1682/4176 1059/1691/4177 1058/1690/4178 
f 1050/1682/4179 1051/1683/4180 1060/1692/4181 1059/1691/4182 
f 529/1161/4183 1052/1684/4184 1061/1693/4185 
f 1052/1684/4186 1053/1685/4187 1062/1694/4188 1061/1693/4189 
f 1053/1685/4190 1054/1686/4191 1063/1695/4192 1062/1694/4193 
f 1054/1686/4194 1055/1687/4195 1064/1696/4196 1063/1695/4197 
f 1055/1687/4198 1056/1688/4199 1065/1697/4200 1064/1696/4201 
f 1056/1688/4202 1057/1689/4203 1066/1698/4204 1065/1697/4205 
f 1057/1689/4206 1058/1690/4207 1067/1699/4208 1066/1698/4209 
f 1058/1690/4210 1059/1691/4211 1068/1700/4212 1067/1699/4213 
f 1059/1691/4214 1060/1692/4215 1069/1701/4216 1068/1700/4217 
f 529/1161/4218 1061/1693/4219 1070/1702/4220 
f 1061/1693/4221 1062/1694/4222 1071/1703/4223 1070/1702/4224 
f 1062/1694/4225 1063/1695/4226 1072/1704/4227 1071/1703/4228 
f 1063/1695/4229 1064/1696/4230 1073/1705/4231 1072/1704/4232 
f 1064/1696/4233 1065/1697/4234 1074/1706/4235 1073/1705/4236 
f 1065/1697/4237 1066/1698/4238 1075/1707/4239 1074/1706/4240 
f 1066/1698/4241 1067/1699/4242 1076/1708/4243 1075/1707/4244 
f 1067/1699/4245 1068/1700/4246 1077/1709/4247 1076/1708/4248 
f 1068/1700/4249 1069/1701/4250 1078/1710/4251 1077/1709/4252 
f 529/1161/4253 1070/1702/4254 1079/1711/4255 
f 1070/1702/4256 1071/1703/4257 1080/1712/4258 1079/1711/4259 
f 1071/1703/4260 1072/1704/4261 1081/1713/4262 1080/1712/4263 
f 1072/1704/4264 1073/1705/4265 1082/1714/4266 1081/1713/4267 
f 1073/1705/4268 1074/1706/4269 1083/1715/4270 1082/1714/4271 
f 1074/1706/4272 1075/1707/4273 1084/1716/4274 1083/1715/4275 
f 1075/1707/4276 1076/1708/4277 1085/1717/4278 1084/1716/4279 
f 1076/1708/4280 1077/1709/4281 1086/1718/4282 1085/1717/4283 
f 1077/1709/4284 1078/1710/4285 1087/1719/4286 1086/1718/4287 
f 529/1161/4288 1079/1711/4289 1088/1720/4290 
f 1079/1711/4291 1080/1712/4292 1089/1721/4293 1088/1720/4294 
f 1080/1712/4295 1081/1713/4296 1090/1722/4297 1089/1721/4298 
f 1081/1713/4299 1082/1714/4300 1091/1723/4301 1090/1722/4302 
f 1082/1714/4303 1083/1715/4304 1092/1724/4305 1091/1723/4306 
f 1083/1715/4307 1084/1716/4308 1093/1725/4309 1092/1724/4310 
f 1084/1716/4311 1085/1717/4312 1094/1726/4313 1093/1725/4314 
f 1085/1717/4315 1086/1718/4316 1095/1727/4317 1094/1726/4318 
f 1086/1718/4319 1087/1719/4320 1096/1728/4321 1095/1727/4322 
f 529/1161/4323 1088/1720/4324 1097/1729/4325 
f 1088/1720/4326 1089/1721/4327 1098/1730/4328 1097/1729/4329 
f 1089/1721/4330 1090/1722/4331 1099/1731/4332 1098/1730/4333 
f 1090/1722/4334 1091/1723/4335 1100/1732/4336 1099/1731/4337 
f 1091/1723/4338 1092/1724/4339 1101/1733/4340 1100/1732/4341 
f 1092/1724/4342 1093/1725/4343 1102/1734/4344 1101/1733/4345 
f 1093/1725/4346 1094/1726/4347 1103/1735/4348 1102/1734/4349 
f 1094/1726/4350 1095/1727/4351 1104/1736/4352 1103/1735/4353 
f 1095/1727/4354 1096/1728/4355 1105/1737/4356 1104/1736/4357 
f 529/1161/4358 1097/1729/4359 530/1162/4360 
f 1097/1729/4361 1098/1730/4362 532/1164/4363 530/1162/4364 
f 1098/1730/4365 1099/1731/4366 534/1166/4367 532/1164/4368 
f 1099/1731/4369 1100/1732/4370 536/1168/4371 534/1166/4372 
f 1100/1732/4373 1101/1733/4374 538/1170/4375 536/1168/4376 
f 1101/1733/4377 1102/1734/4378 540/1172/4379 538/1170/4380 
f 1102/1734/4381 1103/1735/4382 542/1174/4383 540/1172/4384 
f 1103/1735/4385 1104/1736/4386 544/1176/4387 542/1174/4388 
f 1104/1736/4389 1105/1737/4390 546/1178/4391 544/1176/4392 
f 1106/1738/4393 1107/1739/4394 1108/1740/4395 
f 1108/1740/4396 1107/1739/4397 1109/1741/4398 1110/1742/4399 
f 1110/1742/4400 1109/1741/4401 1111/1743/4402 1112/1744/4403 
f 1112/1744/4404 1111/1743/4405 1113/1745/4406 1114/1746/4407 
f 1114/1746/4408 1113/1745/4409 547/1747/4410 546/1748/4411 
f 1106/1738/4412 1115/1749/4413 1107/1739/4414 
f 1107/1739/4415 1115/1749/4416 1116/1750/4417 1109/1741/4418 
f 1109/1741/4419 1116/1750/4420 1117/1751/4421 1111/1743/4422 
f 1111/1743/4423 1117/1751/4424 1118/1752/4425 1113/1745/4426 
f 1113/1745/4427 1118/1752/4428 556/1753/4429 547/1747/4430 
f 1106/1738/4431 1119/1754/4432 1115/1749/4433 
f 1115/1749/4434 1119/1754/4435 1120/1755/4436 1116/1750/4437 
f 1116/1750/4438 1120/1755/4439 1121/1756/4440 1117/1751/4441 
f 1117/1751/4442 1121/1756/4443 1122/1757/4444 1118/1752/4445 
f 1118/1752/4446 1122/1757/4447 565/1758/4448 556/1753/4449 
f 1106/1738/4450 1123/1759/4451 1119/1754/4452 
f 1119/1754/4453 1123/1759/4454 1124/1760/4455 1120/1755/4456 
f 1120/1755/4457 1124/1760/4458 1125/1761/4459 1121/1756/4460 
f 1121/1756/4461 1125/1761/4462 1126/1762/4463 1122/1757/4464 
f 1122/1757/4465 1126/1762/4466 574/1763/4467 565/1758/4468 
f 1106/1738/4469 1127/1764/4470 1123/1759/4471 
f 1123/1759/4472 1127/1764/4473 1128/1765/4474 1124/1760/4475 
f 1124/1760/4476 1128/1765/4477 1129/1766/4478 1125/1761/4479 
f 1125/1761/4480 1129/1766/4481 1130/1767/4482 1126/1762/4483 
f 1126/1762/4484 1130/1767/4485 583/1768/4486 574/1763/4487 
f 1106/1738/4488 1131/1769/4489 1127/1764/4490 
f 1127/1764/4491 1131/1769/4492 1132/1770/4493 1128/1765/4494 
f 1128/1765/4495 1132/1770/4496 1133/1771/4497 1129/1766/4498 
f 1129/1766/4499 1133/1771/4500 1134/1772/4501 1130/1767/4502 
f 1130/1767/4503 1134/1772/4504 592/1773/4505 583/1768/4506 
f 1106/1738/4507 1135/1774/4508 1131/1769/4509 
f 1131/1769/4510 1135/1774/4511 1136/1775/4512 1132/1770/4513 
f 1132/1770/4514 1136/1775/4515 1137/1776/4516 1133/1771/4517 
f 1133/1771/4518 1137/1776/4519 1138/1777/4520 1134/1772/4521 
f 1134/1772/4522 1138/1777/4523 601/1778/4524 592/1773/4525 
f 1106/1738/4526 1139/1779/4527 1135/1774/4528 
f 1135/1774/4529 1139/1779/4530 1140/1780/4531 1136/1775/4532 
f 1136/1775/4533 1140/1780/4534 1141/1781/4535 1137/1776/4536 
f 1137/1776/4537 1141/1781/4538 1142/1782/4539 1138/1777/4540 
f 1138/1777/4541 1142/1782/4542 610/1783/4543 601/1778/4544 
f 1106/1738/4545 1143/1784/4546 1139/1779/4547 
f 1139/1779/4548 1143/1784/4549 1144/1785/4550 1140/1780/4551 
f 1140/1780/4552 1144/1785/4553 1145/1786/4554 1141/1781/4555 
f 1141/1781/4556 1145/1786/4557 1146/1787/4558 1142/1782/4559 
f 1142/1782/4560 1146/1787/4561 619/1788/4562 610/1783/4563 
f 1106/1738/4564 1147/1789/4565 1143/1784/4566 
f 1143/1784/4567 1147/1789/4568 1148/1790/4569 1144/1785/4570 
f 1144/1785/4571 1148/1790/4572 1149/1791/4573 1145/1786/4574 
f 1145/1786/4575 1149/1791/4576 1150/1792/4577 1146/1787/4578 
f 1146/1787/4579 1150/1792/4580 628/1793/4581 619/1788/4582 
f 1106/1738/4583 1151/1794/4584 1147/1789/4585 
f 1147/1789/4586 1151/1794/4587 1152/1795/4588 1148/1790/4589 
f 1148/1790/4590 1152/1795/4591 1153/1796/4592 1149/1791/4593 
f 1149/1791/4594 1153/1796/4595 1154/1797/4596 1150/1792/4597 
f 1150/1792/4598 1154/1797/4599 637/1798/4600 628/1793/4601 
f 1106/1738/4602 1155/1799/4603 1151/1794/4604 
f 1151/1794/4605 1155/1799/4606 1156/1800/4607 1152/1795/4608 
f 1152/1795/4609 1156/1800/4610 1157/1801/4611 1153/1796/4612 
f 1153/1796/4613 1157/1801/4614 1158/1802/4615 1154/1797/4616 
f 1154/1797/4617 1158/1802/4618 646/1803/4619 637/1798/4620 
f 1106/1738/4621 1159/1804/4622 1155/1799/4623 
f 1155/1799/4624 1159/1804/4625 1160/1805/4626 1156/1800/4627 
f 1156/1800/4628 1160/1805/4629 1161/1806/4630 1157/1801/4631 
f 1157/1801/4632 1161/1806/4633 1162/1807/4634 1158/1802/4635 
f 1158/1802/4636 1162/1807/4637 655/1808/4638 646/1803/4639 
f 1106/1738/4640 1163/1809/4641 1159/1804/4642 
f 1159/1804/4643 1163/1809/4644 1164/1810/4645 1160/1805/4646 
f 1160/1805/4647 1164/1810/4648 1165/1811/4649 1161/1806/4650 
f 1161/1806/4651 1165/1811/4652 1166/1812/4653 1162/1807/4654 
f 1162/1807/4655 1166/1812/4656 664/1813/4657 655/1808/4658 
f 1106/1738/4659 1167/1814/4660 1163/1809/4661 
f 1163/1809/4662 1167/1814/4663 1168/1815/4664 1164/1810/4665 
f 1164/1810/4666 1168/1815/4667 1169/1816/4668 1165/1811/4669 
f 1165/1811/4670 1169/1816/4671 1170/1817/4672 1166/1812/4673 
f 1166/1812/4674 1170/1817/4675 673/1818/4676 664/1813/4677 
f 1106/1738/4678 1171/1819/4679 1167/1814/4680 
f 1167/1814/4681 1171/1819/4682 1172/1820/4683 1168/1815/4684 
f 1168/1815/4685 1172/1820/4686 1173/1821/4687 1169/1816/4688 
f 1169/1816/4689 1173/1821/4690 1174/1822/4691 1170/1817/4692 
f 1170/1817/4693 1174/1822/4694 682/1823/4695 673/1818/4696 
f 1106/1738/4697 1175/1824/4698 1171/1819/4699 
f 1171/1819/4700 1175/1824/4701 1176/1825/4702 1172/1820/4703 
f 1172/1820/4704 1176/1825/4705 1177/1826/4706 1173/1821/4707 
f 1173/1821/4708 1177/1826/4709 1178/1827/4710 1174/1822/4711 
f 1174/1822/4712 1178/1827/4713 691/1828/4714 682/1823/4715 
f 1106/1738/4716 1179/1829/4717 1175/1824/4718 
f 1175/1824/4719 1179/1829/4720 1180/1830/4721 1176/1825/4722 
f 1176/1825/4723 1180/1830/4724 1181/1831/4725 1177/1826/4726 
f 1177/1826/4727 1181/1831/4728 1182/1832/4729 1178/1827/4730 
f 1178/1827/4731 1182/1832/4732 700/1833/4733 691/1828/4734 
f 1106/1738/4735 1183/1834/4736 1179/1829/4737 
f 1179/1829/4738 1183/1834/4739 1184/1835/4740 1180/1830/4741 
f 1180/1830/4742 1184/1835/4743 1185/1836/4744 1181/1831/4745 
f 1181/1831/4746 1185/1836/4747 1186/1837/4748 1182/1832/4749 
f 1182/1832/4750 1186/1837/4751 709/1838/4752 700/1833/4753 
f 1106/1738/4754 1187/1839/4755 1183/1834/4756 
f 1183/1834/4757 1187/1839/4758 1188/1840/4759 1184/1835/4760 
f 1184/1835/4761 1188/1840/4762 1189/1841/4763 1185/1836/4764 
f 1185/1836/4765 1189/1841/4766 1190/1842/4767 1186/1837/4768 
f 1186/1837/4769 1190/1842/4770 718/1843/4771 709/1838/4772 
f 1106/1738/4773 1191/1844/4774 1187/1839/4775 
f 1187/1839/4776 1191/1844/4777 1192/1845/4778 1188/1840/4779 
f 1188/1840/4780 1192/1845/4781 1193/1846/4782 1189/1841/4783 
f 1189/1841/4784 1193/1846/4785 1194/1847/4786 1190/1842/4787 
f 1190/1842/4788 1194/1847/4789 727/1848/4790 718/1843/4791 
f 1106/1738/4792 1195/1849/4793 1191/1844/4794 
f 1191/1844/4795 1195/1849/4796 1196/1850/4797 1192/1845/4798 
f 1192/1845/4799 1196/1850/4800 1197/1851/4801 1193/1846/4802 
f 1193/1846/4803 1197/1851/4804 1198/1852/4805 1194/1847/4806 
f 1194/1847/4807 1198/1852/4808 736/1853/4809 727/1848/4810 
f 1106/1738/4811 1199/1854/4812 1195/1849/4813 
f 1195/1849/4814 1199/1854/4815 1200/1855/4816 1196/1850/4817 
f 1196/1850/4818 1200/1855/4819 1201/1856/4820 1197/1851/4821 
f 1197/1851/4822 1201/1856/4823 1202/1857/4824 1198/1852/4825 
f 1198/1852/4826 1202/1857/4827 745/1858/4828 736/1853/4829 
f 1106/1738/4830 1203/1859/4831 1199/1854/4832 
f 1199/1854/4833 1203/1859/4834 1204/1860/4835 1200/1855/4836 
f 1200/1855/4837 1204/1860/4838 1205/1861/4839 1201/1856/4840 
f 1201/1856/4841 1205/1861/4842 1206/1862/4843 1202/1857/4844 
f 1202/1857/4845 1206/1862/4846 754/1863/4847 745/1858/4848 
f 1106/1738/4849 1207/1864/4850 1203/1859/4851 
f 1203/1859/4852 1207/1864/4853 1208/1865/4854 1204/1860/4855 
f 1204/1860/4856 1208/1865/4857 1209/1866/4858 1205/1861/4859 
f 1205/1861/4860 1209/1866/4861 1210/1867/4862 1206/1862/4863 
f 1206/1862/4864 1210/1867/4865 763/1868/4866 754/1863/4867 
f 1106/1738/4868 1211/1869/4869 1207/1864/4870 
f 1207/1864/4871 1211/1869/4872 1212/1870/4873 1208/1865/4874 
f 1208/1865/4875 1212/1870/4876 1213/1871/4877 1209/1866/4878 
f 1209/1866/4879 1213/1871/4880 1214/1872/4881 1210/1867/4882 
f 1210/1867/4883 1214/1872/4884 772/1873/4885 763/1868/4886 
f 1106/1738/4887 1215/1874/4888 1211/1869/4889 
f 1211/1869/4890 1215/1874/4891 1216/1875/4892 1212/1870/4893 
f 1212/1870/4894 1216/1875/4895 1217/1876/4896 1213/1871/4897 
f 1213/1871/4898 1217/1876/4899 1218/1877/4900 1214/1872/4901 
f 1214/1872/4902 1218/1877/4903 781/1878/4904 772/1873/4905 
f 1106/1738/4906 1219/1879/4907 1215/1874/4908 
f 1215/1874/4909 1219/1879/4910 1220/1880/4911 1216/1875/4912 
f 1216/1875/4913 1220/1880/4914 1221/1881/4915 1217/1876/4916 
f 1217/1876/4917 1221/1881/4918 1222/1882/4919 1218/1877/4920 
f 1218/1877/4921 1222/1882/4922 790/1883/4923 781/1878/4924 
f 1106/1738/4925 1223/1884/4926 1219/1879/4927 
f 1219/1879/4928 1223/1884/4929 1224/1885/4930 1220/1880/4931 
f 1220/1880/4932 1224/1885/4933 1225/1886/4934 1221/1881/4935 
f 1221/1881/4936 1225/1886/4937 1226/1887/4938 1222/1882/4939 
f 1222/1882/4940 1226/1887/4941 799/1888/4942 790/1883/4943 
f 1106/1738/4944 1227/1889/4945 1223/1884/4946 
f 1223/1884/4947 1227/1889/4948 1228/1890/4949 1224/1885/4950 
f 1224/1885/4951 1228/1890/4952 1229/1891/4953 1225/1886/4954 
f 1225/1886/4955 1229/1891/4956 1230/1892/4957 1226/1887/4958 
f 1226/1887/4959 1230/1892/4960 808/1893/4961 799/1888/4962 
f 1106/1738/4963 1231/1894/4964 1227/1889/4965 
f 1227/1889/4966 1231/1894/4967 1232/1895/4968 1228/1890/4969 
f 1228/1890/4970 1232/1895/4971 1233/1896/4972 1229/1891/4973 
f 1229/1891/4974 1233/1896/4975 1234/1897/4976 1230/1892/4977 
f 1230/1892/4978 1234/1897/4979 817/1898/4980 808/1893/4981 
f 1106/1738/4982 1235/1899/4983 1231/1894/4984 
f 1231/1894/4985 1235/1899/4986 1236/1900/4987 1232/1895/4988 
f 1232/1895/4989 1236/1900/4990 1237/1901/4991 1233/1896/4992 
f 1233/1896/4993 1237/1901/4994 1238/1902/4995 1234/1897/4996 
f 1234/1897/4997 1238/1902/4998 826/1903/4999 817/1898/5000 
f 1106/1738/5001 1239/1904/5002 1235/1899/5003 
f 1235/1899/5004 1239/1904/5005 1240/1905/5006 1236/1900/5007 
f 1236/1900/5008 1240/1905/5009 1241/1906/5010 1237/1901/5011 
f 1237/1901/5012 1241/1906/5013 1242/1907/5014 1238/1902/5015 
f 1238/1902/5016 1242/1907/5017 835/1908/5018 826/1903/5019 
f 1106/1738/5020 1243/1909/5021 1239/1904/5022 
f 1239/1904/5023 1243/1909/5024 1244/1910/5025 1240/1905/5026 
f 1240/1905/5027 1244/1910/5028 1245/1911/5029 1241/1906/5030 
f 1241/1906/5031 1245/1911/5032 1246/1912/5033 1242/1907/5034 
f 1242/1907/5035 1246/1912/5036 844/1913/5037 835/1908/5038 
f 1106/1738/5039 1247/1914/5040 1243/1909/5041 
f 1243/1909/5042 1247/1914/5043 1248/1915/5044 1244/1910/5045 
f 1244/1910/5046 1248/1915/5047 1249/1916/5048 1245/1911/5049 
f 1245/1911/5050 1249/1916/5051 1250/1917/5052 1246/1912/5053 
f 1246/1912/5054 1250/1917/5055 853/1918/5056 844/1913/5057 
f 1106/1738/5058 1251/1919/5059 1247/1914/5060 
f 1247/1914/5061 1251/1919/5062 1252/1920/5063 1248/1915/5064 
f 1248/1915/5065 1252/1920/5066 1253/1921/5067 1249/1916/5068 
f 1249/1916/5069 1253/1921/5070 1254/1922/5071 1250/1917/5072 
f 1250/1917/5073 1254/1922/5074 862/1923/5075 853/1918/5076 
f 1106/1738/5077 1255/1924/5078 1251/1919/5079 
f 1251/1919/5080 1255/1924/5081 1256/1925/5082 1252/1920/5083 
f 1252/1920/5084 1256/1925/5085 1257/1926/5086 1253/1921/5087 
f 1253/1921/5088 1257/1926/5089 1258/1927/5090 1254/1922/5091 
f 1254/1922/5092 1258/1927/5093 871/1928/5094 862/1923/5095 
f 1106/1738/5096 1259/1929/5097 1255/1924/5098 
f 1255/1924/5099 1259/1929/5100 1260/1930/5101 1256/1925/5102 
f 1256/1925/5103 1260/1930/5104 1261/1931/5105 1257/1926/5106 
f 1257/1926/5107 1261/1931/5108 1262/1932/5109 1258/1927/5110 
f 1258/1927/5111 1262/1932/5112 880/1933/5113 871/1928/5114 
f 1106/1738/5115 1263/1934/5116 1259/1929/5117 
f 1259/1929/5118 1263/1934/5119 1264/1935/5120 1260/1930/5121 
f 1260/1930/5122 1264/1935/5123 1265/1936/5124 1261/1931/5125 
f 1261/1931/5126 1265/1936/5127 1266/1937/5128 1262/1932/5129 
f 1262/1932/5130 1266/1937/5131 889/1938/5132 880/1933/5133 
f 1106/1738/5134 1267/1939/5135 1263/1934/5136 
f 1263/1934/5137 1267/1939/5138 1268/1940/5139 1264/1935/5140 
f 1264/1935/5141 1268/1940/5142 1269/1941/5143 1265/1936/5144 
f 1265/1936/5145 1269/1941/5146 1270/1942/5147 1266/1937/5148 
f 1266/1937/5149 1270/1942/5150 898/1943/5151 889/1938/5152 
f 1106/1738/5153 1271/1944/5154 1267/1939/5155 
f 1267/1939/5156 1271/1944/5157 1272/1945/5158 1268/1940/5159 
f 1268/1940/5160 1272/1945/5161 1273/1946/5162 1269/1941/5163 
f 1269/1941/5164 1273/1946/5165 1274/1947/5166 1270/1942/5167 
f 1270/1942/5168 1274/1947/5169 907/1948/5170 898/1943/5171 
f 1106/1738/5172 1275/1949/5173 1271/1944/5174 
f 1271/1944/5175 1275/1949/5176 1276/1950/5177 1272/1945/5178 
f 1272/1945/5179 1276/1950/5180 1277/1951/5181 1273/1946/5182 
f 1273/1946/5183 1277/1951/5184 1278/1952/5185 1274/1947/5186 
f 1274/1947/5187 1278/1952/5188 916/1953/5189 907/1948/5190 
f 1106/1738/5191 1279/1954/5192 1275/1949/5193 
f 1275/1949/5194 1279/1954/5195 1280/1955/5196 1276/1950/5197 
f 1276/1950/5198 1280/1955/5199 1281/1956/5200 1277/1951/5201 
f 1277/1951/5202 1281/1956/5203 1282/1957/5204 1278/1952/5205 
f 1278/1952/5206 1282/1957/5207 925/1958/5208 916/1953/5209 
f 1106/1738/5210 1283/1959/5211 1279/1954/5212 
f 1279/1954/5213 1283/1959/5214 1284/1960/5215 1280/1955/5216 
f 1280/1955/5217 1284/1960/5218 1285/1961/5219 1281/1956/5220 
f 1281/1956/5221 1285/1961/5222 1286/1962/5223 1282/1957/5224 
f 1282/1957/5225 1286/1962/5226 934/1963/5227 925/1958/5228 
f 1106/1738/5229 1287/1964/5230 1283/1959/5231 
f 1283/1959/5232 1287/1964/5233 1288/1965/5234 1284/1960/5235 
f 1284/1960/5236 1288/1965/5237 1289/1966/5238 1285/1961/5239 
f 1285/1961/5240 1289/1966/5241 1290/1967/5242 1286/1962/5243 
f 1286/1962/5244 1290/1967/5245 943/1968/5246 934/1963/5247 
f 1106/1738/5248 1291/1969/5249 1287/1964/5250 
f 1287/1964/5251 1291/1969/5252 1292/1970/5253 1288/1965/5254 
f 1288/1965/5255 1292/1970/5256 1293/1971/5257 1289/1966/5258 
f 1289/1966/5259 1293/1971/5260 1294/1972/5261 1290/1967/5262 
f 1290/1967/5263 1294/1972/5264 952/1973/5265 943/1968/5266 
f 1106/1738/5267 1295/1974/5268 1291/1969/5269 
f 1291/1969/5270 1295/1974/5271 1296/1975/5272 1292/1970/5273 
f 1292/1970/5274 1296/1975/5275 1297/1976/5276 1293/1971/5277 
f 1293/1971/5278 1297/1976/5279 1298/1977/5280 1294/1972/5281 
f 1294/1972/5282 1298/1977/5283 961/1978/5284 952/1973/5285 
f 1106/1738/5286 1299/1979/5287 1295/1974/5288 
f 1295/1974/5289 1299/1979/5290 1300/1980/5291 1296/1975/5292 
f 1296/1975/5293 1300/1980/5294 1301/1981/5295 1297/1976/5296 
f 1297/1976/5297 1301/1981/5298 1302/1982/5299 1298/1977/5300 
f 1298/1977/5301 1302/1982/5302 970/1983/5303 961/1978/5304 
f 1106/1738/5305 1303/1984/5306 1299/1979/5307 
f 1299/1979/5308 1303/1984/5309 1304/1985/5310 1300/1980/5311 
f 1300/1980/5312 1304/1985/5313 1305/1986/5314 1301/1981/5315 
f 1301/1981/5316 1305/1986/5317 1306/1987/5318 1302/1982/5319 
f 1302/1982/5320 1306/1987/5321 979/1988/5322 970/1983/5323 
f 1106/1738/5324 1307/1989/5325 1303/1984/5326 
f 1303/1984/5327 1307/1989/5328 1308/1990/5329 1304/1985/5330 
f 1304/1985/5331 1308/1990/5332 1309/1991/5333 1305/1986/5334 
f 1305/1986/5335 1309/1991/5336 1310/1992/5337 1306/1987/5338 
f 1306/1987/5339 1310/1992/5340 988/1993/5341 979/1988/5342 
f 1106/1738/5343 1311/1994/5344 1307/1989/5345 
f 1307/1989/5346 1311/1994/5347 1312/1995/5348 1308/1990/5349 
f 1308/1990/5350 1312/1995/5351 1313/1996/5352 1309/1991/5353 
f 1309/1991/5354 1313/1996/5355 1314/1997/5356 1310/1992/5357 
f 1310/1992/5358 1314/1997/5359 997/1998/5360 988/1993/5361 
f 1106/1738/5362 1315/1999/5363 1311/1994/5364 
f 1311/1994/5365 1315/1999/5366 1316/2000/5367 1312/1995/5368 
f 1312/1995/5369 1316/2000/5370 1317/2001/5371 1313/1996/5372 
f 1313/1996/5373 1317/2001/5374 1318/2002/5375 1314/1997/5376 
f 1314/1997/5377 1318/2002/5378 1006/2003/5379 997/1998/5380 
f 1106/1738/5381 1319/2004/5382 1315/1999/5383 
f 1315/1999/5384 1319/2004/5385 1320/2005/5386 1316/2000/5387 
f 1316/2000/5388 1320/2005/5389 1321/2006/5390 1317/2001/5391 
f 1317/2001/5392 1321/2006/5393 1322/2007/5394 1318/2002/5395 
f 1318/2002/5396 1322/2007/5397 1015/2008/5398 1006/2003/5399 
f 1106/1738/5400 1323/2009/5401 1319/2004/5402 
f 1319/2004/5403 1323/2009/5404 1324/2010/5405 1320/2005/5406 
f 1320/2005/5407 1324/2010/5408 1325/2011/5409 1321/2006/5410 
f 1321/2006/5411 1325/2011/5412 1326/2012/5413 1322/2007/5414 
f 1322/2007/5415 1326/2012/5416 1024/2013/5417 1015/2008/5418 
f 1106/1738/5419 1327/2014/5420 1323/2009/5421 
f 1323/2009/5422 1327/2014/5423 1328/2015/5424 1324/2010/5425 
f 1324/2010/5426 1328/2015/5427 1329/2016/5428 1325/2011/5429 
f 1325/2011/5430 1329/2016/5431 1330/2017/5432 1326/2012/5433 
f 1326/2012/5434 1330/2017/5435 1033/2018/5436 1024/2013/5437 
f 1106/1738/5438 1331/2019/5439 1327/2014/5440 
f 1327/2014/5441 1331/2019/5442 1332/2020/5443 1328/2015/5444 
f 1328/2015/5445 1332/2020/5446 1333/2021/5447 1329/2016/5448 
f 1329/2016/5449 1333/2021/5450 1334/2022/5451 1330/2017/5452 
f 1330/2017/5453 1334/2022/5454 1042/2023/5455 1033/2018/5456 
f 1106/1738/5457 1335/2024/5458 1331/2019/5459 
f 1331/2019/5460 1335/2024/5461 1336/2025/5462 1332/2020/5463 
f 1332/2020/5464 1336/2025/5465 1337/2026/5466 1333/2021/5467 
f 1333/2021/5468 1337/2026/5469 1338/2027/5470 1334/2022/5471 
f 1334/2022/5472 1338/2027/5473 1051/2028/5474 1042/2023/5475 
f 1106/1738/5476 1339/2029/5477 1335/2024/5478 
f 1335/2024/5479 1339/2029/5480 1340/2030/5481 1336/2025/5482 
f 1336/2025/5483 1340/2030/5484 1341/2031/5485 1337/2026/5486 
f 1337/2026/5487 1341/2031/5488 1342/2032/5489 1338/2027/5490 
f 1338/2027/5491 1342/2032/5492 1060/2033/5493 1051/2028/5494 
f 1106/1738/5495 1343/2034/5496 1339/2029/5497 
f 1339/2029/5498 1343/2034/5499 1344/2035/5500 1340/2030/5501 
f 1340/2030/5502 1344/2035/5503 1345/2036/5504 1341/2031/5505 
f 1341/2031/5506 1345/2036/5507 1346/2037/5508 1342/2032/5509 
f 1342/2032/5510 1346/2037/5511 1069/2038/5512 1060/2033/5513 
f 1106/1738/5514 1347/2039/5515 1343/2034/5516 
f 1343/2034/5517 1347/2039/5518 1348/2040/5519 1344/2035/5520 
f 1344/2035/5521 1348/2040/5522 1349/2041/5523 1345/2036/5524 
f 1345/2036/5525 1349/2041/5526 1350/2042/5527 1346/2037/5528 
f 1346/2037/5529 1350/2042/5530 1078/2043/5531 1069/2038/5532 
f 1106/1738/5533 1351/2044/5534 1347/2039/5535 
f 1347/2039/5536 1351/2044/5537 1352/2045/5538 1348/2040/5539 
f 1348/2040/5540 1352/2045/5541 1353/2046/5542 1349/2041/5543 
f 1349/2041/5544 1353/2046/5545 1354/2047/5546 1350/2042/5547 
f 1350/2042/5548 1354/2047/5549 1087/2048/5550 1078/2043/5551 
f 1106/1738/5552 1355/2049/5553 1351/2044/5554 
f 1351/2044/5555 1355/2049/5556 1356/2050/5557 1352/2045/5558 
f 1352/2045/5559 1356/2050/5560 1357/2051/5561 1353/2046/5562 
f 1353/2046/5563 1357/2051/5564 1358/2052/5565 1354/2047/5566 
f 1354/2047/5567 1358/2052/5568 1096/2053/5569 1087/2048/5570 
f 1106/1738/5571 1359/2054/5572 1355/2049/5573 
f 1355/2049/5574 1359/2054/5575 1360/2055/5576 1356/2050/5577 
f 1356/2050/5578 1360/2055/5579 1361/2056/5580 1357/2051/5581 
f 1357/2051/5582 1361/2056/5583 1362/2057/5584 1358/2052/5585 
f 1358/2052/5586 1362/2057/5587 1105/2058/5588 1096/2053/5589 
f 1106/1738/5590 1108/1740/5591 1359/2054/5592 
f 1359/2054/5593 1108/1740/5594 1110/1742/5595 1360/2055/5596 
f 1360/2055/5597 1110/1742/5598 1112/1744/5599 1361/2056/5600 
f 1361/2056/5601 1112/1744/5602 1114/1746/5603 1362/2057/5604 
f 1362/2057/5605 1114/1746/5606 546/1748/5607 1105/2058/5608 
o 005_Placeholder
g Placeholder
usemtl Bermuda 1
v -245.124 0.027 -242.241
v -247.866 0.027 -242.266
v -248.269 0.027 -196.688
v -245.527 0.027 -196.664
v -237.864 0.027 -249.374
v -192.286 0.027 -248.971
v -192.262 0.027 -251.712
v -237.840 0.027 -252.116
v -240.142 0.027 -249.027
v -240.985 0.027 -251.637
v -241.475 0.027 -251.464
v -240.496 0.027 -248.902
v -247.331 0.027 -245.402
v -244.737 0.027 -244.513
v -244.606 0.027 -244.865
v -247.150 0.027 -245.888
v -242.702 0.027 -247.563
v -244.521 0.027 -249.614
v -244.893 0.027 -249.267
v -242.971 0.027 -247.311
v -245.246 0.027 -248.901
v -243.227 0.027 -247.047
v -247.487 0.027 -244.904
v -244.850 0.027 -244.152
v -239.779 0.027 -249.134
v -240.485 0.027 -251.784
v -241.952 0.027 -251.267
v -240.842 0.027 -248.760
v -244.457 0.027 -245.208
v -246.945 0.027 -246.362
v -242.420 0.027 -247.800
v -244.132 0.027 -249.942
v -245.581 0.027 -248.518
v -243.470 0.027 -246.769
v -245.110 0.027 -242.636
v -247.846 0.027 -242.811
v -238.385 0.027 -252.106
v -238.259 0.027 -249.367
v -242.126 0.027 -248.023
v -243.726 0.027 -250.250
v -245.896 0.027 -248.118
v -243.698 0.027 -246.479
v -242.416 0.027 -251.047
v -241.178 0.027 -248.600
v -244.291 0.027 -245.541
v -246.716 0.027 -246.823
v -247.617 0.027 -244.396
v -244.944 0.027 -243.784
v -239.409 0.027 -249.222
v -239.974 0.027 -251.905
v -241.821 0.027 -248.231
v -243.304 0.027 -250.537
v -246.191 0.027 -247.701
v -243.911 0.027 -246.178
v -242.867 0.027 -250.803
v -241.505 0.027 -248.424
v -244.109 0.027 -245.865
v -246.464 0.027 -247.269
v -247.721 0.027 -243.876
v -245.020 0.027 -243.408
v -239.032 0.027 -249.290
v -239.453 0.027 -252.000
v -245.075 0.027 -243.025
v -247.798 0.027 -243.348
v -238.923 0.027 -252.067
v -238.648 0.027 -249.339
v -196.664 0.029 245.527
v -242.241 0.029 245.124
v -242.266 0.029 247.866
v -196.688 0.029 248.269
v -249.374 0.029 237.864
v -248.971 0.029 192.286
v -251.712 0.029 192.262
v -252.116 0.029 237.840
v -245.402 0.029 247.331
v -244.513 0.029 244.737
v -244.865 0.029 244.606
v -245.888 0.029 247.150
v -251.464 0.029 241.475
v -248.902 0.029 240.496
v -249.027 0.029 240.142
v -251.637 0.029 240.986
v -247.563 0.029 242.702
v -249.614 0.029 244.521
v -249.267 0.029 244.893
v -247.311 0.029 242.971
v -248.901 0.029 245.247
v -247.047 0.029 243.228
v -251.267 0.029 241.952
v -248.760 0.029 240.842
v -245.208 0.029 244.457
v -246.362 0.029 246.945
v -247.800 0.029 242.420
v -249.942 0.029 244.132
v -244.904 0.029 247.487
v -244.152 0.029 244.850
v -248.518 0.029 245.581
v -246.769 0.029 243.470
v -249.134 0.029 239.779
v -251.784 0.029 240.485
v -242.636 0.029 245.110
v -242.811 0.029 247.846
v -252.106 0.029 238.385
v -249.367 0.029 238.259
v -251.047 0.029 242.417
v -248.600 0.029 241.178
v -248.023 0.029 242.127
v -250.250 0.029 243.726
v -245.541 0.029 244.292
v -246.823 0.029 246.716
v -248.118 0.029 245.896
v -246.479 0.029 243.698
v -250.803 0.029 242.868
v -248.424 0.029 241.505
v -248.231 0.029 241.821
v -250.537 0.029 243.305
v -244.396 0.029 247.617
v -243.784 0.029 244.944
v -247.701 0.029 246.191
v -246.178 0.029 243.911
v -245.865 0.029 244.109
v -247.269 0.029 246.465
v -249.222 0.029 239.409
v -251.905 0.029 239.974
v -243.025 0.029 245.075
v -243.348 0.029 247.798
v -243.876 0.029 247.721
v -243.408 0.029 245.020
v -252.067 0.029 238.923
v -249.339 0.029 238.649
v -249.290 0.029 239.032
v -252.000 0.029 239.453
v 245.124 0.030 242.241
v 247.866 0.030 242.266
v 248.269 0.030 196.688
v 245.527 0.030 196.664
v 237.864 0.030 249.374
v 192.286 0.030 248.971
v 192.262 0.030 251.712
v 237.840 0.030 252.116
v 240.142 0.030 249.027
v 240.986 0.030 251.637
v 241.475 0.030 251.464
v 240.496 0.030 248.903
v 247.331 0.030 245.403
v 244.737 0.030 244.513
v 244.606 0.030 244.865
v 247.150 0.030 245.889
v 244.893 0.030 249.268
v 242.971 0.030 247.312
v 242.702 0.030 247.563
v 244.521 0.030 249.615
v 245.247 0.030 248.902
v 243.228 0.030 247.047
v 244.457 0.030 245.208
v 246.945 0.030 246.363
v 241.952 0.030 251.268
v 240.842 0.030 248.760
v 245.581 0.030 248.519
v 243.470 0.030 246.769
v 242.420 0.030 247.800
v 244.132 0.030 249.943
v 239.779 0.030 249.134
v 240.485 0.030 251.784
v 247.487 0.030 244.905
v 244.850 0.030 244.152
v 238.385 0.030 252.106
v 238.259 0.030 249.367
v 245.110 0.030 242.636
v 247.846 0.030 242.811
v 244.292 0.030 245.542
v 246.716 0.030 246.823
v 242.417 0.030 251.047
v 241.178 0.030 248.600
v 245.896 0.030 248.118
v 243.698 0.030 246.479
v 242.127 0.030 248.023
v 243.726 0.030 250.250
v 242.868 0.030 250.803
v 241.505 0.030 248.424
v 244.109 0.030 245.865
v 246.465 0.030 247.270
v 246.191 0.030 247.702
v 243.911 0.030 246.178
v 241.821 0.030 248.231
v 243.305 0.030 250.538
v 247.617 0.030 244.396
v 244.944 0.030 243.784
v 239.409 0.030 249.222
v 239.974 0.030 251.905
v 245.075 0.030 243.025
v 247.798 0.030 243.348
v 238.923 0.030 252.067
v 238.649 0.030 249.339
v 239.032 0.030 249.290
v 239.453 0.030 252.000
v 247.721 0.030 243.877
v 245.020 0.030 243.408
v 252.116 0.031 -237.840
v 249.374 0.031 -237.864
v 248.971 0.031 -192.286
v 251.712 0.031 -192.262
v 242.241 0.031 -245.124
v 242.266 0.031 -247.866
v 196.688 0.031 -248.269
v 196.664 0.031 -245.527
v 251.464 0.031 -241.475
v 248.903 0.031 -240.496
v 249.027 0.031 -240.142
v 251.637 0.031 -240.985
v 245.403 0.031 -247.331
v 244.513 0.031 -244.737
v 244.865 0.031 -244.606
v 245.889 0.031 -247.150
v 247.312 0.031 -242.971
v 249.268 0.031 -244.893
v 248.902 0.031 -245.246
v 247.047 0.031 -243.227
v 247.563 0.031 -242.702
v 249.615 0.031 -244.521
v 245.208 0.031 -244.457
v 246.363 0.031 -246.945
v 251.268 0.031 -241.952
v 248.760 0.031 -240.842
v 248.519 0.031 -245.581
v 246.769 0.031 -243.470
v 249.134 0.031 -239.779
v 251.784 0.031 -240.485
v 247.800 0.031 -242.420
v 249.943 0.031 -244.132
v 244.905 0.031 -247.487
v 244.152 0.031 -244.850
v 252.106 0.031 -238.385
v 249.367 0.031 -238.259
v 242.636 0.031 -245.110
v 242.811 0.031 -247.846
v 245.542 0.031 -244.291
v 246.823 0.031 -246.716
v 248.118 0.031 -245.896
v 246.479 0.031 -243.698
v 251.047 0.031 -242.416
v 248.600 0.031 -241.178
v 248.023 0.031 -242.126
v 250.250 0.031 -243.726
v 245.865 0.031 -244.109
v 247.270 0.031 -246.464
v 247.702 0.031 -246.191
v 246.178 0.031 -243.911
v 249.222 0.031 -239.409
v 251.905 0.031 -239.974
v 248.231 0.031 -241.821
v 250.538 0.031 -243.304
v 250.803 0.031 -242.867
v 248.424 0.031 -241.505
v 244.396 0.031 -247.617
v 243.784 0.031 -244.944
v 252.067 0.031 -238.923
v 249.339 0.031 -238.648
v 243.025 0.031 -245.075
v 243.348 0.031 -247.798
v 249.290 0.031 -239.032
v 252.000 0.031 -239.453
v 243.877 0.031 -247.721
v 243.408 0.031 -245.020
vt 0.00548 0.98012
vt 0.00000 0.98012
vt 0.00000 0.88897
vt 0.00548 0.88897
vt 0.01988 0.99452
vt 0.11103 0.99452
vt 0.11103 1.00000
vt 0.01988 1.00000
vt 0.01533 0.99378
vt 0.01359 0.99899
vt 0.01262 0.99863
vt 0.01462 0.99353
vt 0.00101 0.98641
vt 0.00622 0.98467
vt 0.00647 0.98538
vt 0.00137 0.98738
vt 0.01023 0.99081
vt 0.00656 0.99488
vt 0.00582 0.99418
vt 0.00970 0.99030
vt 0.00512 0.99344
vt 0.00919 0.98977
vt 0.00071 0.98541
vt 0.00600 0.98395
vt 0.01605 0.99400
vt 0.01459 0.99929
vt 0.01167 0.99823
vt 0.01393 0.99324
vt 0.00676 0.98607
vt 0.00177 0.98833
vt 0.01079 0.99129
vt 0.00733 0.99554
vt 0.00446 0.99267
vt 0.00871 0.98921
vt 0.00550 0.98091
vt 0.00003 0.98121
vt 0.01879 0.99997
vt 0.01909 0.99450
vt 0.01138 0.99174
vt 0.00814 0.99616
vt 0.00384 0.99186
vt 0.00826 0.98862
vt 0.01074 0.99778
vt 0.01326 0.99291
vt 0.00709 0.98674
vt 0.00222 0.98926
vt 0.00046 0.98439
vt 0.00582 0.98321
vt 0.01679 0.99418
vt 0.01561 0.99954
vt 0.01198 0.99216
vt 0.00898 0.99675
vt 0.00325 0.99102
vt 0.00784 0.98802
vt 0.00984 0.99729
vt 0.01261 0.99255
vt 0.00745 0.98739
vt 0.00271 0.99016
vt 0.00026 0.98335
vt 0.00567 0.98246
vt 0.01754 0.99433
vt 0.01665 0.99974
vt 0.00557 0.98169
vt 0.00012 0.98229
vt 0.01771 0.99988
vt 0.01831 0.99443
vt 0.11103 0.00548
vt 0.01988 0.00548
vt 0.01988 0.00000
vt 0.11103 0.00000
vt 0.00548 0.01988
vt 0.00548 0.11103
vt 0.00000 0.11103
vt 0.00000 0.01988
vt 0.01359 0.00101
vt 0.01533 0.00622
vt 0.01462 0.00647
vt 0.01262 0.00137
vt 0.00137 0.01262
vt 0.00647 0.01462
vt 0.00622 0.01533
vt 0.00101 0.01359
vt 0.00919 0.01023
vt 0.00512 0.00656
vt 0.00582 0.00582
vt 0.00970 0.00970
vt 0.00656 0.00512
vt 0.01023 0.00919
vt 0.00177 0.01167
vt 0.00676 0.01393
vt 0.01393 0.00676
vt 0.01167 0.00177
vt 0.00871 0.01079
vt 0.00446 0.00733
vt 0.01459 0.00071
vt 0.01605 0.00600
vt 0.00733 0.00446
vt 0.01079 0.00871
vt 0.00600 0.01605
vt 0.00071 0.01459
vt 0.01909 0.00550
vt 0.01879 0.00003
vt 0.00003 0.01879
vt 0.00550 0.01909
vt 0.00222 0.01074
vt 0.00709 0.01326
vt 0.00826 0.01138
vt 0.00384 0.00814
vt 0.01326 0.00709
vt 0.01074 0.00222
vt 0.00814 0.00383
vt 0.01138 0.00826
vt 0.00271 0.00984
vt 0.00745 0.01261
vt 0.00784 0.01198
vt 0.00325 0.00897
vt 0.01561 0.00046
vt 0.01679 0.00582
vt 0.00898 0.00325
vt 0.01198 0.00784
vt 0.01261 0.00745
vt 0.00984 0.00271
vt 0.00582 0.01679
vt 0.00046 0.01561
vt 0.01831 0.00557
vt 0.01771 0.00012
vt 0.01665 0.00026
vt 0.01754 0.00567
vt 0.00012 0.01771
vt 0.00557 0.01831
vt 0.00567 0.01754
vt 0.00026 0.01665
vt 0.99452 0.01988
vt 1.00000 0.01988
vt 1.00000 0.11103
vt 0.99452 0.11103
vt 0.98012 0.00548
vt 0.88897 0.00548
vt 0.88897 0.00000
vt 0.98012 0.00000
vt 0.98467 0.00622
vt 0.98641 0.00101
vt 0.98738 0.00137
vt 0.98538 0.00647
vt 0.99899 0.01359
vt 0.99378 0.01533
vt 0.99353 0.01462
vt 0.99863 0.01262
vt 0.99418 0.00582
vt 0.99030 0.00970
vt 0.98977 0.00919
vt 0.99344 0.00512
vt 0.99488 0.00656
vt 0.99081 0.01023
vt 0.99324 0.01393
vt 0.99823 0.01167
vt 0.98833 0.00177
vt 0.98607 0.00676
vt 0.99554 0.00733
vt 0.99129 0.01079
vt 0.98921 0.00871
vt 0.99267 0.00446
vt 0.98395 0.00600
vt 0.98541 0.00071
vt 0.99929 0.01459
vt 0.99400 0.01605
vt 0.98121 0.00003
vt 0.98091 0.00550
vt 0.99450 0.01909
vt 0.99997 0.01879
vt 0.99291 0.01326
vt 0.99778 0.01074
vt 0.98926 0.00222
vt 0.98674 0.00709
vt 0.99617 0.00814
vt 0.99174 0.01138
vt 0.98862 0.00826
vt 0.99186 0.00383
vt 0.99016 0.00271
vt 0.98739 0.00745
vt 0.99255 0.01261
vt 0.99729 0.00984
vt 0.99675 0.00897
vt 0.99216 0.01198
vt 0.98802 0.00784
vt 0.99103 0.00325
vt 0.99954 0.01561
vt 0.99418 0.01679
vt 0.98321 0.00582
vt 0.98439 0.00046
vt 0.99443 0.01831
vt 0.99988 0.01771
vt 0.98229 0.00012
vt 0.98169 0.00557
vt 0.98246 0.00567
vt 0.98335 0.00026
vt 0.99974 0.01665
vt 0.99433 0.01754
vt 1.00000 0.98012
vt 0.99452 0.98012
vt 0.99452 0.88897
vt 1.00000 0.88897
vt 0.98012 0.99452
vt 0.98012 1.00000
vt 0.88897 1.00000
vt 0.88897 0.99452
vt 0.99863 0.98738
vt 0.99353 0.98538
vt 0.99378 0.98467
vt 0.99899 0.98641
vt 0.98641 0.99899
vt 0.98467 0.99378
vt 0.98538 0.99353
vt 0.98738 0.99863
vt 0.99030 0.99030
vt 0.99418 0.99418
vt 0.99344 0.99488
vt 0.98977 0.99081
vt 0.99081 0.98977
vt 0.99488 0.99344
vt 0.98607 0.99324
vt 0.98833 0.99823
vt 0.99823 0.98833
vt 0.99324 0.98607
vt 0.99267 0.99554
vt 0.98921 0.99129
vt 0.99400 0.98395
vt 0.99929 0.98541
vt 0.99129 0.98921
vt 0.99554 0.99267
vt 0.98541 0.99929
vt 0.98395 0.99400
vt 0.99997 0.98121
vt 0.99450 0.98091
vt 0.98091 0.99450
vt 0.98121 0.99997
vt 0.98674 0.99291
vt 0.98926 0.99778
vt 0.99186 0.99616
vt 0.98862 0.99174
vt 0.99778 0.98926
vt 0.99291 0.98674
vt 0.99174 0.98862
vt 0.99617 0.99186
vt 0.98739 0.99255
vt 0.99016 0.99729
vt 0.99103 0.99675
vt 0.98802 0.99216
vt 0.99418 0.98321
vt 0.99954 0.98439
vt 0.99216 0.98802
vt 0.99675 0.99102
vt 0.99729 0.99016
vt 0.99255 0.98739
vt 0.98439 0.99954
vt 0.98321 0.99418
vt 0.99988 0.98229
vt 0.99443 0.98169
vt 0.98169 0.99443
vt 0.98229 0.99988
vt 0.99433 0.98246
vt 0.99974 0.98335
vt 0.98335 0.99974
vt 0.98246 0.99433
vn 0.00000 1.00000 0.00000
vn 0.00000 1.00000 0.00000
vn 0.00000 1.00000 0.00000
vn 0.00000 1.00000 0.00000
vn 0.00000 1.00000 0.00000
vn 0.00000 1.00000 0.00000
vn 0.00000 1.00000 0.00000
vn 0.00000 1.00000 0.00000
vn 0.00000 1.00000 0.00000
vn 0.00000 1.00000 0.00000
vn 0.00000 1.00000 0.00000
vn 0.00000 1.00000 0.00000
vn 0.00000 1.00000 0.00000
vn 0.00000 1.00000 0.00000
vn 0.00000 1.00000 0.00000
vn 0.00000 1.00000 0.00000
vn 0.00000 1.00000 0.00000
vn 0.00000 1.00000 0.00000
vn 0.00000 1.00000 0.00000
vn 0.00000 1.00000 0.00000
vn 0.00000 1.00000 0.00000
vn 0.00000 1.00000 0.00000
vn 0.00000 1.00000 0.00000
vn 0.00000 1.00000 0.00000
vn 0.00000 1.00000 0.00000
vn 0.00000 1.00000 0.00000
vn 0.00000 1.00000 0.00000
vn 0.00000 1.00000 0.00000
vn 0.00000 1.00000 0.00000
vn 0.00000 1.00000 0.00000
vn 0.00000 1.00000 0.00000
vn 0.00000 1.00000 0.00000
vn 0.00000 1.00000 0.00000
vn 0.00000 1.00000 0.00000
vn 0.00000 1.00000 0.00000
vn 0.00000 1.00000 0.00000
vn 0.00000 1.00000 0.00000
vn 0.00000 1.00000 0.00000
vn 0.00000 1.00000 0.00000
vn 0.00000 1.00000 0.00000
vn 0.00000 1.00000 0.00000
vn 0.00000 1.00000 0.00000
vn 0.00000 1.00000 0.00000
vn 0.00000 1.00000 0.00000
vn 0.00000 1.00000 0.00000
vn 0.00000 1.00000 0.00000
vn 0.00000 1.00000 0.00000
vn 0.00000 1.00000 0.00000
vn 0.00000 1.00000 0.00000
vn 0.00000 1.00000 0.00000
vn 0.00000 1.00000 0.00000
vn 0.00000 1.00000 0.00000
vn 0.00000 1.00000 0.00000
vn 0.00000 1.00000 0.00000
vn 0.00000 1.00000 0.00000
vn 0.00000 1.00000 0.00000
vn 0.00000 1.00000 0.00000
vn 0.00000 1.00000 0.00000
vn 0.00000 1.00000 0.00000
vn 0.00000 1.00000 0.00000
vn 0.00000 1.00000 0.00000
vn 0.00000 1.00000 0.00000
vn 0.00000 1.00000 0.00000
vn 0.00000 1.00000 0.00000
vn 0.00000 1.00000 0.00000
vn 0.00000 1.00000 0.00000
vn 0.00000 1.00000 0.00000
vn 0.00000 1.00000 0.00000
vn 0.00000 1.00000 0.00000
vn 0.00000 1.00000 0.00000
vn 0.00000 1.00000 0.00000
vn 0.00000 1.00000 0.00000
vn 0.00000 1.00000 0.00000
vn 0.00000 1.00000 0.00000
vn 0.00000 1.00000 0.00000
vn 0.00000 1.00000 0.00000
vn 0.00000 1.00000 0.00000
vn 0.00000 1.00000 0.00000
vn 0.00000 1.00000 0.00000
vn 0.00000 1.00000 0.00000
vn 0.00000 1.00000 0.00000
vn 0.00000 1.00000 0.00000
vn 0.00000 1.00000 0.00000
vn 0.00000 1.00000 0.00000
vn 0.00000 1.00000 0.00000
vn 0.00000 1.00000 0.00000
vn 0.00000 1.00000 0.00000
vn 0.00000 1.00000 0.00000
vn 0.00000 1.00000 0.00000
vn 0.00000 1.00000 0.00000
vn 0.00000 1.00000 0.00000
vn 0.00000 1.00000 0.00000
vn 0.00000 1.00000 0.00000
vn 0.00000 1.00000 0.00000
vn 0.00000 1.00000 0.00000
vn 0.00000 1.00000 0.00000
vn 0.00000 1.00000 0.00000
vn 0.00000 1.00000 0.00000
vn 0.00000 1.00000 0.00000
vn 0.00000 1.00000 0.00000
vn 0.00000 1.00000 0.00000
vn 0.00000 1.00000 0.00000
vn 0.00000 1.00000 0.00000
vn 0.00000 1.00000 0.00000
vn 0.00000 1.00000 0.00000
vn 0.00000 1.00000 0.00000
vn 0.00000 1.00000 0.00000
vn 0.00000 1.00000 0.00000
vn 0.00000 1.00000 0.00000
vn 0.00000 1.00000 0.00000
vn 0.00000 1.00000 0.00000
vn 0.00000 1.00000 0.00000
vn 0.00000 1.00000 0.00000
vn 0.00000 1.00000 0.00000
vn 0.00000 1.00000 0.00000
vn 0.00000 1.00000 0.00000
vn 0.00000 1.00000 0.00000
vn 0.00000 1.00000 0.00000
vn 0.00000 1.00000 0.00000
vn 0.00000 1.00000 0.00000
vn 0.00000 1.00000 0.00000
vn 0.00000 1.00000 0.00000
vn 0.00000 1.00000 0.00000
vn 0.00000 1.00000 0.00000
vn 0.00000 1.00000 0.00000
vn 0.00000 1.00000 0.00000
vn 0.00000 1.00000 0.00000
vn 0.00000 1.00000 0.00000
vn 0.00000 1.00000 0.00000
vn 0.00000 1.00000 0.00000
vn 0.00000 1.00000 0.00000
vn 0.00000 1.00000 0.00000
vn 0.00000 1.00000 0.00000
vn 0.00000 1.00000 0.00000
vn 0.00000 1.00000 0.00000
vn 0.00000 1.00000 0.00000
vn 0.00000 1.00000 0.00000
vn 0.00000 1.00000 0.00000
vn 0.00000 1.00000 0.00000
vn 0.00000 1.00000 0.00000
vn 0.00000 1.00000 0.00000
vn 0.00000 1.00000 0.00000
vn 0.00000 1.00000 0.00000
vn 0.00000 1.00000 0.00000
vn 0.00000 1.00000 0.00000
vn 0.00000 1.00000 0.00000
vn 0.00000 1.00000 0.00000
vn 0.00000 1.00000 0.00000
vn 0.00000 1.00000 0.00000
vn 0.00000 1.00000 0.00000
vn 0.00000 1.00000 0.00000
vn 0.00000 1.00000 0.00000
vn 0.00000 1.00000 0.00000
vn 0.00000 1.00000 0.00000
vn 0.00000 1.00000 0.00000
vn 0.00000 1.00000 0.00000
vn 0.00000 1.00000 0.00000
vn 0.00000 1.00000 0.00000
vn 0.00000 1.00000 0.00000
vn 0.00000 1.00000 0.00000
vn 0.00000 1.00000 0.00000
vn 0.00000 1.00000 0.00000
vn 0.00000 1.00000 0.00000
vn 0.00000 1.00000 0.00000
vn 0.00000 1.00000 0.00000
vn 0.00000 1.00000 0.00000
vn 0.00000 1.00000 0.00000
vn 0.00000 1.00000 0.00000
vn 0.00000 1.00000 0.00000
vn 0.00000 1.00000 0.00000
vn 0.00000 1.00000 0.00000
vn 0.00000 1.00000 0.00000
vn 0.00000 1.00000 0.00000
vn 0.00000 1.00000 0.00000
vn 0.00000 1.00000 0.00000
vn 0.00000 1.00000 0.00000
vn 0.00000 1.00000 0.00000
vn 0.00000 1.00000 0.00000
vn 0.00000 1.00000 0.00000
vn 0.00000 1.00000 0.00000
vn 0.00000 1.00000 0.00000
vn 0.00000 1.00000 0.00000
vn 0.00000 1.00000 0.00000
vn 0.00000 1.00000 0.00000
vn 0.00000 1.00000 0.00000
vn 0.00000 1.00000 0.00000
vn 0.00000 1.00000 0.00000
vn 0.00000 1.00000 0.00000
vn 0.00000 1.00000 0.00000
vn 0.00000 1.00000 0.00000
vn 0.00000 1.00000 0.00000
vn 0.00000 1.00000 0.00000
vn 0.00000 1.00000 0.00000
vn 0.00000 1.00000 0.00000
vn 0.00000 1.00000 0.00000
vn 0.00000 1.00000 0.00000
vn 0.00000 1.00000 0.00000
vn 0.00000 1.00000 0.00000
vn 0.00000 1.00000 0.00000
vn 0.00000 1.00000 0.00000
vn 0.00000 1.00000 0.00000
vn 0.00000 1.00000 0.00000
vn 0.00000 1.00000 0.00000
vn 0.00000 1.00000 0.00000
vn 0.00000 1.00000 0.00000
vn 0.00000 1.00000 0.00000
vn 0.00000 1.00000 0.00000
vn 0.00000 1.00000 0.00000
vn 0.00000 1.00000 0.00000
vn 0.00000 1.00000 0.00000
vn 0.00000 1.00000 0.00000
vn 0.00000 1.00000 0.00000
vn 0.00000 1.00000 0.00000
vn 0.00000 1.00000 0.00000
vn 0.00000 1.00000 0.00000
vn 0.00000 1.00000 0.00000
vn 0.00000 1.00000 0.00000
vn 0.00000 1.00000 0.00000
vn 0.00000 1.00000 0.00000
vn 0.00000 1.00000 0.00000
vn 0.00000 1.00000 0.00000
vn 0.00000 1.00000 0.00000
vn 0.00000 1.00000 0.00000
vn 0.00000 1.00000 0.00000
vn 0.00000 1.00000 0.00000
vn 0.00000 1.00000 0.00000
vn 0.00000 1.00000 0.00000
vn 0.00000 1.00000 0.00000
vn 0.00000 1.00000 0.00000
vn 0.00000 1.00000 0.00000
vn 0.00000 1.00000 0.00000
vn 0.00000 1.00000 0.00000
vn 0.00000 1.00000 0.00000
vn 0.00000 1.00000 0.00000
vn 0.00000 1.00000 0.00000
vn 0.00000 1.00000 0.00000
vn 0.00000 1.00000 0.00000
vn 0.00000 1.00000 0.00000
vn 0.00000 1.00000 0.00000
vn 0.00000 1.00000 0.00000
vn 0.00000 1.00000 0.00000
vn 0.00000 1.00000 0.00000
vn 0.00000 1.00000 0.00000
vn 0.00000 1.00000 0.00000
vn 0.00000 1.00000 0.00000
vn 0.00000 1.00000 0.00000
vn 0.00000 1.00000 0.00000
vn 0.00000 1.00000 0.00000
vn 0.00000 1.00000 0.00000
vn 0.00000 1.00000 0.00000
vn 0.00000 1.00000 0.00000
vn 0.00000 1.00000 0.00000
vn 0.00000 1.00000 0.00000
vn 0.00000 1.00000 0.00000
vn 0.00000 1.00000 0.00000
vn 0.00000 1.00000 0.00000
vn 0.00000 1.00000 0.00000
vn 0.00000 1.00000 0.00000
vn 0.00000 1.00000 0.00000
vn 0.00000 1.00000 0.00000
vn 0.00000 1.00000 0.00000
vn 0.00000 1.00000 0.00000
vn 0.00000 1.00000 0.00000
vn 0.00000 1.00000 0.00000
vn 0.00000 1.00000 0.00000
vn 0.00000 1.00000 0.00000
vn 0.00000 1.00000 0.00000
vn 0.00000 1.00000 0.00000
vn 0.00000 1.00000 0.00000
vn 0.00000 1.00000 0.00000
vn 0.00000 1.00000 0.00000
vn 0.00000 1.00000 0.00000
vn 0.00000 1.00000 0.00000
vn 0.00000 1.00000 0.00000
vn 0.00000 1.00000 0.00000
vn 0.00000 1.00000 0.00000
vn 0.00000 1.00000 0.00000
vn 0.00000 1.00000 0.00000
vn 0.00000 1.00000 0.00000
vn 0.00000 1.00000 0.00000
vn 0.00000 1.00000 0.00000
vn 0.00000 1.00000 0.00000
vn 0.00000 1.00000 0.00000
vn 0.00000 1.00000 0.00000
vn 0.00000 1.00000 0.00000
vn 0.00000 1.00000 0.00000
vn 0.00000 1.00000 0.00000
vn 0.00000 1.00000 0.00000
vn 0.00000 1.00000 0.00000
vn 0.00000 1.00000 0.00000
vn 0.00000 1.00000 0.00000
vn 0.00000 1.00000 0.00000
vn 0.00000 1.00000 0.00000
vn 0.00000 1.00000 0.00000
vn 0.00000 1.00000 0.00000
vn 0.00000 1.00000 0.00000
vn 0.00000 1.00000 0.00000
vn 0.00000 1.00000 0.00000
vn 0.00000 1.00000 0.00000
vn 0.00000 1.00000 0.00000
vn 0.00000 1.00000 0.00000
vn 0.00000 1.00000 0.00000
vn 0.00000 1.00000 0.00000
vn 0.00000 1.00000 0.00000
vn 0.00000 1.00000 0.00000
vn 0.00000 1.00000 0.00000
vn 0.00000 1.00000 0.00000
vn 0.00000 1.00000 0.00000
vn 0.00000 1.00000 0.00000
vn 0.00000 1.00000 0.00000
vn 0.00000 1.00000 0.00000
vn 0.00000 1.00000 0.00000
vn 0.00000 1.00000 0.00000
vn 0.00000 1.00000 0.00000
vn 0.00000 1.00000 0.00000
vn 0.00000 1.00000 0.00000
vn 0.00000 1.00000 0.00000
vn 0.00000 1.00000 0.00000
vn 0.00000 1.00000 0.00000
vn 0.00000 1.00000 0.00000
vn 0.00000 1.00000 0.00000
vn 0.00000 1.00000 0.00000
vn 0.00000 1.00000 0.00000
vn 0.00000 1.00000 0.00000
vn 0.00000 1.00000 0.00000
vn 0.00000 1.00000 0.00000
vn 0.00000 1.00000 0.00000
vn 0.00000 1.00000 0.00000
vn 0.00000 1.00000 0.00000
vn 0.00000 1.00000 0.00000
vn 0.00000 1.00000 0.00000
vn 0.00000 1.00000 0.00000
vn 0.00000 1.00000 0.00000
vn 0.00000 1.00000 0.00000
vn 0.00000 1.00000 0.00000
vn 0.00000 1.00000 0.00000
vn 0.00000 1.00000 0.00000
vn 0.00000 1.00000 0.00000
vn 0.00000 1.00000 0.00000
vn 0.00000 1.00000 0.00000
vn 0.00000 1.00000 0.00000
vn 0.00000 1.00000 0.00000
vn 0.00000 1.00000 0.00000
vn 0.00000 1.00000 0.00000
vn 0.00000 1.00000 0.00000
vn 0.00000 1.00000 0.00000
vn 0.00000 1.00000 0.00000
vn 0.00000 1.00000 0.00000
vn 0.00000 1.00000 0.00000
vn 0.00000 1.00000 0.00000
vn 0.00000 1.00000 0.00000
vn 0.00000 1.00000 0.00000
vn 0.00000 1.00000 0.00000
vn 0.00000 1.00000 0.00000
vn 0.00000 1.00000 0.00000
vn 0.00000 1.00000 0.00000
vn 0.00000 1.00000 0.00000
vn 0.00000 1.00000 0.00000
vn 0.00000 1.00000 0.00000
vn 0.00000 1.00000 0.00000
vn 0.00000 1.00000 0.00000
vn 0.00000 1.00000 0.00000
vn 0.00000 1.00000 0.00000
vn 0.00000 1.00000 0.00000
vn 0.00000 1.00000 0.00000
vn 0.00000 1.00000 0.00000
vn 0.00000 1.00000 0.00000
vn 0.00000 1.00000 0.00000
vn 0.00000 1.00000 0.00000
vn 0.00000 1.00000 0.00000
vn 0.00000 1.00000 0.00000
vn 0.00000 1.00000 0.00000
vn 0.00000 1.00000 0.00000
vn 0.00000 1.00000 0.00000
vn 0.00000 1.00000 0.00000
vn 0.00000 1.00000 0.00000
vn 0.00000 1.00000 0.00000
vn 0.00000 1.00000 0.00000
vn 0.00000 1.00000 0.00000
vn 0.00000 1.00000 0.00000
vn 0.00000 1.00000 0.00000
vn 0.00000 1.00000 0.00000
vn 0.00000 1.00000 0.00000
vn 0.00000 1.00000 0.00000
vn 0.00000 1.00000 0.00000
vn 0.00000 1.00000 0.00000
vn 0.00000 1.00000 0.00000
vn 0.00000 1.00000 0.00000
vn 0.00000 1.00000 0.00000
vn 0.00000 1.00000 0.00000
vn 0.00000 1.00000 0.00000
vn 0.00000 1.00000 0.00000
vn 0.00000 1.00000 0.00000
vn 0.00000 1.00000 0.00000
vn 0.00000 1.00000 0.00000
vn 0.00000 1.00000 0.00000
vn 0.00000 1.00000 0.00000
vn 0.00000 1.00000 0.00000
vn 0.00000 1.00000 0.00000
vn 0.00000 1.00000 0.00000
vn 0.00000 1.00000 0.00000
vn 0.00000 1.00000 0.00000
vn 0.00000 1.00000 0.00000
vn 0.00000 1.00000 0.00000
vn 0.00000 1.00000 0.00000
vn 0.00000 1.00000 0.00000
vn 0.00000 1.00000 0.00000
vn 0.00000 1.00000 0.00000
vn 0.00000 1.00000 0.00000
vn 0.00000 1.00000 0.00000
vn 0.00000 1.00000 0.00000
vn 0.00000 1.00000 0.00000
vn 0.00000 1.00000 0.00000
vn 0.00000 1.00000 0.00000
vn 0.00000 1.00000 0.00000
vn 0.00000 1.00000 0.00000
vn 0.00000 1.00000 0.00000
vn 0.00000 1.00000 0.00000
vn 0.00000 1.00000 0.00000
vn 0.00000 1.00000 0.00000
vn 0.00000 1.00000 0.00000
vn 0.00000 1.00000 0.00000
vn 0.00000 1.00000 0.00000
vn 0.00000 1.00000 0.00000
vn 0.00000 1.00000 0.00000
vn 0.00000 1.00000 0.00000
vn 0.00000 1.00000 0.00000
vn 0.00000 1.00000 0.00000
vn 0.00000 1.00000 0.00000
vn 0.00000 1.00000 0.00000
vn 0.00000 1.00000 0.00000
vn 0.00000 1.00000 0.00000
vn 0.00000 1.00000 0.00000
vn 0.00000 1.00000 0.00000
vn 0.00000 1.00000 0.00000
vn 0.00000 1.00000 0.00000
vn 0.00000 1.00000 0.00000
vn 0.00000 1.00000 0.00000
vn 0.00000 1.00000 0.00000
vn 0.00000 1.00000 0.00000
vn 0.00000 1.00000 0.00000
vn 0.00000 1.00000 0.00000
vn 0.00000 1.00000 0.00000
vn 0.00000 1.00000 0.00000
vn 0.00000 1.00000 0.00000
vn 0.00000 1.00000 0.00000
vn 0.00000 1.00000 0.00000
vn 0.00000 1.00000 0.00000
vn 0.00000 1.00000 0.00000
vn 0.00000 1.00000 0.00000
vn 0.00000 1.00000 0.00000
vn 0.00000 1.00000 0.00000
vn 0.00000 1.00000 0.00000
vn 0.00000 1.00000 0.00000
vn 0.00000 1.00000 0.00000
vn 0.00000 1.00000 0.00000
vn 0.00000 1.00000 0.00000
vn 0.00000 1.00000 0.00000
vn 0.00000 1.00000 0.00000
vn 0.00000 1.00000 0.00000
vn 0.00000 1.00000 0.00000
vn 0.00000 1.00000 0.00000
vn 0.00000 1.00000 0.00000
vn 0.00000 1.00000 0.00000
vn 0.00000 1.00000 0.00000
vn 0.00000 1.00000 0.00000
vn 0.00000 1.00000 0.00000
vn 0.00000 1.00000 0.00000
vn 0.00000 1.00000 0.00000
vn 0.00000 1.00000 0.00000
vn 0.00000 1.00000 0.00000
vn 0.00000 1.00000 0.00000
vn 0.00000 1.00000 0.00000
vn 0.00000 1.00000 0.00000
vn 0.00000 1.00000 0.00000
vn 0.00000 1.00000 0.00000
vn 0.00000 1.00000 0.00000
vn 0.00000 1.00000 0.00000
vn 0.00000 1.00000 0.00000
vn 0.00000 1.00000 0.00000
vn 0.00000 1.00000 0.00000
vn 0.00000 1.00000 0.00000
vn 0.00000 1.00000 0.00000
vn 0.00000 1.00000 0.00000
vn 0.00000 1.00000 0.00000
vn 0.00000 1.00000 0.00000
vn 0.00000 1.00000 0.00000
vn 0.00000 1.00000 0.00000
vn 0.00000 1.00000 0.00000
vn 0.00000 1.00000 0.00000
vn 0.00000 1.00000 0.00000
vn 0.00000 1.00000 0.00000
vn 0.00000 1.00000 0.00000
vn 0.00000 1.00000 0.00000
vn 0.00000 1.00000 0.00000
vn 0.00000 1.00000 0.00000
vn 0.00000 1.00000 0.00000
vn 0.00000 1.00000 0.00000
vn 0.00000 1.00000 0.00000
vn 0.00000 1.00000 0.00000
vn 0.00000 1.00000 0.00000
vn 0.00000 1.00000 0.00000
vn 0.00000 1.00000 0.00000
vn 0.00000 1.00000 0.00000
vn 0.00000 1.00000 0.00000
vn 0.00000 1.00000 0.00000
vn 0.00000 1.00000 0.00000
vn 0.00000 1.00000 0.00000
vn 0.00000 1.00000 0.00000
vn 0.00000 1.00000 0.00000
vn 0.00000 1.00000 0.00000
vn 0.00000 1.00000 0.00000
f 1363/2059/5609 1364/2060/5610 1365/2061/5611 1366/2062/5612 
f 1367/2063/5613 1368/2064/5614 1369/2065/5615 1370/2066/5616 
f 1371/2067/5617 1372/2068/5618 1373/2069/5619 1374/2070/5620 
f 1375/2071/5621 1376/2072/5622 1377/2073/5623 1378/2074/5624 
f 1379/2075/5625 1380/2076/5626 1381/2077/5627 1382/2078/5628 
f 1383/2079/5629 1384/2080/5630 1382/2078/5631 1381/2077/5632 
f 1376/2072/5633 1375/2071/5634 1385/2081/5635 1386/2082/5636 
f 1372/2068/5637 1371/2067/5638 1387/2083/5639 1388/2084/5640 
f 1374/2070/5641 1373/2069/5642 1389/2085/5643 1390/2086/5644 
f 1378/2074/5645 1377/2073/5646 1391/2087/5647 1392/2088/5648 
f 1393/2089/5649 1394/2090/5650 1380/2076/5651 1379/2075/5652 
f 1395/2091/5653 1396/2092/5654 1384/2080/5655 1383/2079/5656 
f 1397/2093/5657 1398/2094/5658 1364/2060/5659 1363/2059/5660 
f 1399/2095/5661 1400/2096/5662 1367/2063/5663 1370/2066/5664 
f 1401/2097/5665 1402/2098/5666 1394/2090/5667 1393/2089/5668 
f 1403/2099/5669 1404/2100/5670 1396/2092/5671 1395/2091/5672 
f 1390/2086/5673 1389/2085/5674 1405/2101/5675 1406/2102/5676 
f 1392/2088/5677 1391/2087/5678 1407/2103/5679 1408/2104/5680 
f 1386/2082/5681 1385/2081/5682 1409/2105/5683 1410/2106/5684 
f 1388/2084/5685 1387/2083/5686 1411/2107/5687 1412/2108/5688 
f 1413/2109/5689 1414/2110/5690 1402/2098/5691 1401/2097/5692 
f 1415/2111/5693 1416/2112/5694 1404/2100/5695 1403/2099/5696 
f 1406/2102/5697 1405/2101/5698 1417/2113/5699 1418/2114/5700 
f 1408/2104/5701 1407/2103/5702 1419/2115/5703 1420/2116/5704 
f 1418/2114/5705 1417/2113/5706 1414/2110/5707 1413/2109/5708 
f 1420/2116/5709 1419/2115/5710 1416/2112/5711 1415/2111/5712 
f 1410/2106/5713 1409/2105/5714 1421/2117/5715 1422/2118/5716 
f 1412/2108/5717 1411/2107/5718 1423/2119/5719 1424/2120/5720 
f 1425/2121/5721 1426/2122/5722 1398/2094/5723 1397/2093/5724 
f 1427/2123/5725 1428/2124/5726 1400/2096/5727 1399/2095/5728 
f 1422/2118/5729 1421/2117/5730 1426/2122/5731 1425/2121/5732 
f 1424/2120/5733 1423/2119/5734 1428/2124/5735 1427/2123/5736 
f 1429/2125/5737 1430/2126/5738 1431/2127/5739 1432/2128/5740 
f 1433/2129/5741 1434/2130/5742 1435/2131/5743 1436/2132/5744 
f 1437/2133/5745 1438/2134/5746 1439/2135/5747 1440/2136/5748 
f 1441/2137/5749 1442/2138/5750 1443/2139/5751 1444/2140/5752 
f 1445/2141/5753 1446/2142/5754 1447/2143/5755 1448/2144/5756 
f 1449/2145/5757 1450/2146/5758 1448/2144/5759 1447/2143/5760 
f 1442/2138/5761 1441/2137/5762 1451/2147/5763 1452/2148/5764 
f 1440/2136/5765 1439/2135/5766 1453/2149/5767 1454/2150/5768 
f 1455/2151/5769 1456/2152/5770 1446/2142/5771 1445/2141/5772 
f 1438/2134/5773 1437/2133/5774 1457/2153/5775 1458/2154/5776 
f 1459/2155/5777 1460/2156/5778 1450/2146/5779 1449/2145/5780 
f 1444/2140/5781 1443/2139/5782 1461/2157/5783 1462/2158/5784 
f 1463/2159/5785 1464/2160/5786 1431/2127/5787 1430/2126/5788 
f 1465/2161/5789 1466/2162/5790 1433/2129/5791 1436/2132/5792 
f 1452/2148/5793 1451/2147/5794 1467/2163/5795 1468/2164/5796 
f 1469/2165/5797 1470/2166/5798 1456/2152/5799 1455/2151/5800 
f 1454/2150/5801 1453/2149/5802 1471/2167/5803 1472/2168/5804 
f 1473/2169/5805 1474/2170/5806 1460/2156/5807 1459/2155/5808 
f 1468/2164/5809 1467/2163/5810 1475/2171/5811 1476/2172/5812 
f 1477/2173/5813 1478/2174/5814 1470/2166/5815 1469/2165/5816 
f 1458/2154/5817 1457/2153/5818 1479/2175/5819 1480/2176/5820 
f 1476/2172/5821 1475/2171/5822 1478/2174/5823 1477/2173/5824 
f 1481/2177/5825 1482/2178/5826 1474/2170/5827 1473/2169/5828 
f 1472/2168/5829 1471/2167/5830 1483/2179/5831 1484/2180/5832 
f 1462/2158/5833 1461/2157/5834 1485/2181/5835 1486/2182/5836 
f 1484/2180/5837 1483/2179/5838 1482/2178/5839 1481/2177/5840 
f 1487/2183/5841 1488/2184/5842 1464/2160/5843 1463/2159/5844 
f 1480/2176/5845 1479/2175/5846 1489/2185/5847 1490/2186/5848 
f 1491/2187/5849 1492/2188/5850 1466/2162/5851 1465/2161/5852 
f 1486/2182/5853 1485/2181/5854 1493/2189/5855 1494/2190/5856 
f 1490/2186/5857 1489/2185/5858 1488/2184/5859 1487/2183/5860 
f 1494/2190/5861 1493/2189/5862 1492/2188/5863 1491/2187/5864 
f 1495/2191/5865 1496/2192/5866 1497/2193/5867 1498/2194/5868 
f 1499/2195/5869 1500/2196/5870 1501/2197/5871 1502/2198/5872 
f 1503/2199/5873 1504/2200/5874 1505/2201/5875 1506/2202/5876 
f 1507/2203/5877 1508/2204/5878 1509/2205/5879 1510/2206/5880 
f 1511/2207/5881 1512/2208/5882 1513/2209/5883 1514/2210/5884 
f 1512/2208/5885 1511/2207/5886 1515/2211/5887 1516/2212/5888 
f 1517/2213/5889 1518/2214/5890 1510/2206/5891 1509/2205/5892 
f 1519/2215/5893 1520/2216/5894 1506/2202/5895 1505/2201/5896 
f 1516/2212/5897 1515/2211/5898 1521/2217/5899 1522/2218/5900 
f 1514/2210/5901 1513/2209/5902 1523/2219/5903 1524/2220/5904 
f 1525/2221/5905 1526/2222/5906 1504/2200/5907 1503/2199/5908 
f 1527/2223/5909 1528/2224/5910 1508/2204/5911 1507/2203/5912 
f 1529/2225/5913 1530/2226/5914 1499/2195/5915 1502/2198/5916 
f 1496/2192/5917 1495/2191/5918 1531/2227/5919 1532/2228/5920 
f 1533/2229/5921 1534/2230/5922 1518/2214/5923 1517/2213/5924 
f 1535/2231/5925 1536/2232/5926 1520/2216/5927 1519/2215/5928 
f 1522/2218/5929 1521/2217/5930 1537/2233/5931 1538/2234/5932 
f 1524/2220/5933 1523/2219/5934 1539/2235/5935 1540/2236/5936 
f 1541/2237/5937 1542/2238/5938 1536/2232/5939 1535/2231/5940 
f 1543/2239/5941 1544/2240/5942 1534/2230/5943 1533/2229/5944 
f 1538/2234/5945 1537/2233/5946 1545/2241/5947 1546/2242/5948 
f 1540/2236/5949 1539/2235/5950 1547/2243/5951 1548/2244/5952 
f 1548/2244/5953 1547/2243/5954 1542/2238/5955 1541/2237/5956 
f 1546/2242/5957 1545/2241/5958 1544/2240/5959 1543/2239/5960 
f 1549/2245/5961 1550/2246/5962 1528/2224/5963 1527/2223/5964 
f 1551/2247/5965 1552/2248/5966 1526/2222/5967 1525/2221/5968 
f 1532/2228/5969 1531/2227/5970 1553/2249/5971 1554/2250/5972 
f 1530/2226/5973 1529/2225/5974 1555/2251/5975 1556/2252/5976 
f 1557/2253/5977 1558/2254/5978 1552/2248/5979 1551/2247/5980 
f 1559/2255/5981 1560/2256/5982 1550/2246/5983 1549/2245/5984 
f 1556/2252/5985 1555/2251/5986 1558/2254/5987 1557/2253/5988 
f 1554/2250/5989 1553/2249/5990 1560/2256/5991 1559/2255/5992 
f 1561/2257/5993 1562/2258/5994 1563/2259/5995 1564/2260/5996 
f 1565/2261/5997 1566/2262/5998 1567/2263/5999 1568/2264/6000 
f 1569/2265/6001 1570/2266/6002 1571/2267/6003 1572/2268/6004 
f 1573/2269/6005 1574/2270/6006 1575/2271/6007 1576/2272/6008 
f 1577/2273/6009 1578/2274/6010 1579/2275/6011 1580/2276/6012 
f 1578/2274/6013 1577/2273/6014 1581/2277/6015 1582/2278/6016 
f 1583/2279/6017 1584/2280/6018 1576/2272/6019 1575/2271/6020 
f 1585/2281/6021 1586/2282/6022 1570/2266/6023 1569/2265/6024 
f 1580/2276/6025 1579/2275/6026 1587/2283/6027 1588/2284/6028 
f 1589/2285/6029 1590/2286/6030 1572/2268/6031 1571/2267/6032 
f 1582/2278/6033 1581/2277/6034 1591/2287/6035 1592/2288/6036 
f 1593/2289/6037 1594/2290/6038 1574/2270/6039 1573/2269/6040 
f 1562/2258/6041 1561/2257/6042 1595/2291/6043 1596/2292/6044 
f 1566/2262/6045 1565/2261/6046 1597/2293/6047 1598/2294/6048 
f 1599/2295/6049 1600/2296/6050 1584/2280/6051 1583/2279/6052 
f 1588/2284/6053 1587/2283/6054 1601/2297/6055 1602/2298/6056 
f 1603/2299/6057 1604/2300/6058 1586/2282/6059 1585/2281/6060 
f 1592/2288/6061 1591/2287/6062 1605/2301/6063 1606/2302/6064 
f 1607/2303/6065 1608/2304/6066 1600/2296/6067 1599/2295/6068 
f 1602/2298/6069 1601/2297/6070 1609/2305/6071 1610/2306/6072 
f 1611/2307/6073 1612/2308/6074 1590/2286/6075 1589/2285/6076 
f 1606/2302/6077 1605/2301/6078 1613/2309/6079 1614/2310/6080 
f 1610/2306/6081 1609/2305/6082 1608/2304/6083 1607/2303/6084 
f 1615/2311/6085 1616/2312/6086 1604/2300/6087 1603/2299/6088 
f 1617/2313/6089 1618/2314/6090 1594/2290/6091 1593/2289/6092 
f 1614/2310/6093 1613/2309/6094 1616/2312/6095 1615/2311/6096 
f 1596/2292/6097 1595/2291/6098 1619/2315/6099 1620/2316/6100 
f 1598/2294/6101 1597/2293/6102 1621/2317/6103 1622/2318/6104 
f 1623/2319/6105 1624/2320/6106 1612/2308/6107 1611/2307/6108 
f 1625/2321/6109 1626/2322/6110 1618/2314/6111 1617/2313/6112 
f 1620/2316/6113 1619/2315/6114 1624/2320/6115 1623/2319/6116 
f 1622/2318/6117 1621/2317/6118 1626/2322/6119 1625/2321/6120 
